{"type":"FeatureCollection","metadata":{"region":"Île-de-France","source":"OpenStreetMap (tronçons bruts) + OpenTopoData (ASTER30m)","displayMin":0.36,"segments":2855,"exportedAt":"2026-06-02T09:36:04.011Z"},"features":[{"type":"Feature","properties":{"relief":0.9,"sinuosity":0,"highway":"motorway"},"geometry":{"type":"LineString","coordinates":[[2.1387938,48.9147854],[2.1383138,48.9148255],[2.1369942,48.9149516],[2.1362412,48.9150449],[2.1351907,48.9152035],[2.1344134,48.9153306]]}},{"type":"Feature","properties":{"relief":0.75,"sinuosity":0,"highway":"motorway","name":"Autoroute de Normandie"},"geometry":{"type":"LineString","coordinates":[[1.9588071,48.9374856],[1.9571407,48.9384145],[1.9567444,48.9386393],[1.9558857,48.9391723]]}},{"type":"Feature","properties":{"relief":0.873,"sinuosity":0,"highway":"primary","name":"Boulevard Morland"},"geometry":{"type":"LineString","coordinates":[[2.3655296,48.8474723],[2.3653966,48.8475483],[2.3653582,48.8475691],[2.3652148,48.8476649],[2.3651058,48.8477756],[2.3649723,48.8481118],[2.3649623,48.8481369],[2.3649113,48.8482577],[2.3645831,48.8488152],[2.3645688,48.8488396],[2.3645107,48.8489353],[2.3644893,48.8489685],[2.3640389,48.8495089],[2.3640178,48.8495342],[2.363907,48.8496314],[2.3633774,48.8500607]]}},{"type":"Feature","properties":{"relief":0.867,"sinuosity":0,"highway":"secondary","name":"Boulevard de Vaugirard"},"geometry":{"type":"LineString","coordinates":[[2.3150844,48.8404347],[2.3151431,48.8404569],[2.3152276,48.8404889],[2.3153072,48.8405121],[2.3156461,48.840617],[2.3160044,48.8407218],[2.3162422,48.8407902],[2.318114,48.8413297],[2.3188602,48.8415482]]}},{"type":"Feature","properties":{"relief":0.867,"sinuosity":0,"highway":"tertiary","name":"Boulevard Romain Rolland"},"geometry":{"type":"LineString","coordinates":[[2.3146735,48.8222268],[2.315176,48.8221172],[2.3166683,48.8217783],[2.3168614,48.8217345],[2.3169161,48.8217224],[2.3170227,48.8216988],[2.318383,48.8213978]]}},{"type":"Feature","properties":{"relief":0.873,"sinuosity":0,"highway":"motorway_link"},"geometry":{"type":"LineString","coordinates":[[2.091698,48.8428373],[2.0922087,48.8423771],[2.09241,48.8421766],[2.0925166,48.8420544],[2.0926035,48.8419447],[2.0926756,48.8418355],[2.0927393,48.8417291],[2.0927956,48.8416073],[2.0928476,48.8414823],[2.0928935,48.8413262],[2.0929305,48.8411291],[2.0929465,48.8409639],[2.0929423,48.8408053],[2.0929284,48.8406854],[2.0929043,48.8405777],[2.0928734,48.8404669]]}},{"type":"Feature","properties":{"relief":0.593,"sinuosity":0,"highway":"motorway","name":"Autoroute de l’Est"},"geometry":{"type":"LineString","coordinates":[[3.217582,49.0403797],[3.216674,49.0404569],[3.2155936,49.0405427],[3.2143823,49.0406184],[3.2133966,49.0406741]]}},{"type":"Feature","properties":{"relief":0.71,"sinuosity":0,"highway":"motorway","name":"Autoroute de l’Est"},"geometry":{"type":"LineString","coordinates":[[3.3527587,49.0749736],[3.3516566,49.0746195],[3.3508267,49.0743321],[3.3498133,49.0739676],[3.3485827,49.0734984]]}},{"type":"Feature","properties":{"relief":0.756,"sinuosity":0,"highway":"motorway","name":"Autoroute de l’Est"},"geometry":{"type":"LineString","coordinates":[[3.3485827,49.0734984],[3.3475277,49.0730587],[3.3463024,49.0725174],[3.3453674,49.0720755]]}},{"type":"Feature","properties":{"relief":0.9,"sinuosity":0,"highway":"motorway","name":"Autoroute de l’Est"},"geometry":{"type":"LineString","coordinates":[[3.2618483,49.0453701],[3.2628966,49.0456002],[3.2642245,49.0458475],[3.2652927,49.0460295],[3.2662235,49.0461554]]}},{"type":"Feature","properties":{"relief":0.75,"sinuosity":0,"highway":"motorway","name":"Autoroute de l’Est"},"geometry":{"type":"LineString","coordinates":[[3.3043988,49.0497098],[3.30649,49.0501091],[3.3075845,49.050342],[3.308679,49.0505913]]}},{"type":"Feature","properties":{"relief":0.61,"sinuosity":0,"highway":"motorway","name":"Autoroute de l’Est"},"geometry":{"type":"LineString","coordinates":[[3.3455158,49.0720022],[3.3463593,49.0724051],[3.3474993,49.072921],[3.3486081,49.0733794],[3.3499076,49.0738802]]}},{"type":"Feature","properties":{"relief":0.86,"sinuosity":0,"highway":"motorway","name":"Autoroute de l’Est"},"geometry":{"type":"LineString","coordinates":[[3.3499076,49.0738802],[3.3509472,49.0742617],[3.3517068,49.0745269],[3.3528089,49.0748809],[3.3540245,49.0752437]]}},{"type":"Feature","properties":{"relief":0.9,"sinuosity":0,"highway":"motorway","name":"Autoroute de l’Est"},"geometry":{"type":"LineString","coordinates":[[2.9895744,48.9189149],[2.9908075,48.9192715],[2.9939146,48.9201541]]}},{"type":"Feature","properties":{"relief":0.75,"sinuosity":0,"highway":"motorway","name":"Autoroute de l’Est"},"geometry":{"type":"LineString","coordinates":[[3.0297039,48.9374957],[3.0301781,48.9380889],[3.0308505,48.9388372],[3.0316701,48.9396585]]}},{"type":"Feature","properties":{"relief":0.75,"sinuosity":0,"highway":"motorway","name":"Autoroute de l’Est"},"geometry":{"type":"LineString","coordinates":[[3.0846011,48.984968],[3.0836447,48.9845657],[3.0827274,48.9841659],[3.0820451,48.9838528],[3.0811661,48.9834278]]}},{"type":"Feature","properties":{"relief":0.86,"sinuosity":0,"highway":"tertiary","name":"Cours la Reine"},"geometry":{"type":"LineString","coordinates":[[2.3136679,48.8646741],[2.3138896,48.8646805],[2.3140146,48.864684],[2.3144575,48.8646928],[2.317587,48.8647547]]}},{"type":"Feature","properties":{"relief":0.767,"sinuosity":0,"highway":"motorway","name":"L'Aquitaine"},"geometry":{"type":"LineString","coordinates":[[2.0490564,48.5952618],[2.0476936,48.5946099],[2.0463136,48.5939659],[2.0450306,48.5933786]]}},{"type":"Feature","properties":{"relief":0.75,"sinuosity":0,"highway":"tertiary","name":"Route de la Porte des Sablons à la Porte Maillot"},"geometry":{"type":"LineString","coordinates":[[2.2713231,48.8769787],[2.2714776,48.8769298],[2.2717274,48.8768585],[2.2719938,48.8767976],[2.272277,48.8767459],[2.2725062,48.876716],[2.2727711,48.8766891],[2.2729873,48.8766819],[2.2731047,48.8766875],[2.2735643,48.8767096],[2.2748451,48.8768175],[2.2749206,48.8768262]]}},{"type":"Feature","properties":{"relief":0.9,"sinuosity":0,"highway":"secondary","name":"Route de Milon"},"geometry":{"type":"LineString","coordinates":[[2.0633369,48.7108078],[2.0633373,48.7108263],[2.063355,48.7113555],[2.0633586,48.7115343],[2.0633635,48.711752],[2.0633646,48.7118708],[2.0633748,48.7120821],[2.0633812,48.712321],[2.0633898,48.7126458],[2.0633581,48.7128224],[2.063323,48.7129903],[2.0629539,48.7138096]]}},{"type":"Feature","properties":{"relief":0.45,"sinuosity":0,"highway":"tertiary","name":"Rue de Port-Royal"},"geometry":{"type":"LineString","coordinates":[[2.0695406,48.7119645],[2.0694671,48.7121777],[2.0694258,48.7122628],[2.069327,48.7123712],[2.0693175,48.7123816],[2.0692002,48.7125307],[2.0691305,48.7126493],[2.0690869,48.7127413],[2.0690574,48.7128334],[2.0690295,48.7130284],[2.069016,48.7132611],[2.0690256,48.7136543],[2.0690286,48.7140431],[2.0689884,48.7143828],[2.0689506,48.7146903]]}},{"type":"Feature","properties":{"relief":0.641,"sinuosity":0,"highway":"motorway_link"},"geometry":{"type":"LineString","coordinates":[[2.3407553,48.7569681],[2.3406849,48.7571061],[2.3403095,48.7574453],[2.339983,48.757751],[2.3394864,48.7581855],[2.3391132,48.7584949],[2.3386822,48.7588245],[2.3385135,48.7589845],[2.3384551,48.7590604]]}},{"type":"Feature","properties":{"relief":0.669,"sinuosity":0,"highway":"motorway","name":"L'Aquitaine"},"geometry":{"type":"LineString","coordinates":[[2.3188964,48.7400269],[2.3180591,48.7394479],[2.3178323,48.7392696],[2.3176222,48.7390872],[2.3174262,48.7389012],[2.3172328,48.7387],[2.3170563,48.7384982],[2.3168195,48.7381825],[2.3166119,48.7378669]]}},{"type":"Feature","properties":{"relief":0.478,"sinuosity":0,"highway":"motorway_link"},"geometry":{"type":"LineString","coordinates":[[2.3407553,48.7569681],[2.3398841,48.7576958],[2.3391543,48.7583064],[2.3390246,48.7584028],[2.3388916,48.758491],[2.3387636,48.7585651],[2.3386583,48.7586174],[2.338547,48.75867],[2.3383,48.7587556],[2.3381386,48.7588005]]}},{"type":"Feature","properties":{"relief":0.429,"sinuosity":0,"highway":"motorway","name":"Autoroute du Soleil"},"geometry":{"type":"LineString","coordinates":[[2.3173019,48.7368721],[2.3174487,48.7371832],[2.3175984,48.7374684],[2.3177491,48.7377192],[2.3179013,48.7379528],[2.3181742,48.7383454],[2.3184294,48.7386634],[2.3186982,48.7389701],[2.31955,48.7399056]]}},{"type":"Feature","properties":{"relief":0.711,"sinuosity":0,"highway":"motorway"},"geometry":{"type":"LineString","coordinates":[[2.3182901,48.7403811],[2.3179905,48.7400665],[2.3177003,48.7397353],[2.317434,48.7394067],[2.3171998,48.7390989],[2.316974,48.7387708],[2.3167752,48.7384509],[2.3166548,48.7382463],[2.3165338,48.7380236]]}},{"type":"Feature","properties":{"relief":0.753,"sinuosity":0,"highway":"motorway","name":"Autoroute de l’Est"},"geometry":{"type":"LineString","coordinates":[[2.4070391,48.8189661],[2.410119,48.8182338],[2.410932,48.8180408]]}},{"type":"Feature","properties":{"relief":0.457,"sinuosity":0,"highway":"trunk"},"geometry":{"type":"LineString","coordinates":[[2.1368601,48.7882871],[2.1378493,48.7882411],[2.1385798,48.7882084],[2.1396518,48.788151],[2.1408132,48.7880962]]}},{"type":"Feature","properties":{"relief":0.499,"sinuosity":0,"highway":"motorway","name":"Autoroute du Soleil"},"geometry":{"type":"LineString","coordinates":[[2.814137,48.1930332],[2.8128849,48.1937675],[2.8116318,48.1945189],[2.8087726,48.1963209]]}},{"type":"Feature","properties":{"relief":0.7,"sinuosity":0,"highway":"motorway","name":"Tunnel de Fresnes"},"geometry":{"type":"LineString","coordinates":[[2.3297292,48.7571798],[2.3286397,48.7575257],[2.328057,48.7577199],[2.3240843,48.759044]]}},{"type":"Feature","properties":{"relief":0.75,"sinuosity":0,"highway":"tertiary"},"geometry":{"type":"LineString","coordinates":[[1.8230255,49.1304406],[1.8227007,49.1301539],[1.8219619,49.1296014],[1.8215292,49.1293181],[1.8206744,49.1288446],[1.8202973,49.1286237]]}},{"type":"Feature","properties":{"relief":0.636,"sinuosity":0,"highway":"motorway"},"geometry":{"type":"LineString","coordinates":[[2.1865822,48.7800891],[2.1857241,48.7801494],[2.1841845,48.7802538],[2.1824062,48.7803863]]}},{"type":"Feature","properties":{"relief":0.601,"sinuosity":0,"highway":"tertiary","name":"Route de Jouy"},"geometry":{"type":"LineString","coordinates":[[2.1410411,48.7716768],[2.1410188,48.7716975],[2.1409825,48.7717312],[2.1403146,48.7723514],[2.1399843,48.7725327],[2.138773,48.7730177],[2.1381881,48.7732491],[2.1373315,48.7734396]]}},{"type":"Feature","properties":{"relief":0.565,"sinuosity":0,"highway":"motorway"},"geometry":{"type":"LineString","coordinates":[[2.288054,48.712239],[2.2876805,48.7122902],[2.2875066,48.7123061],[2.2858441,48.7125207],[2.2839789,48.7127614]]}},{"type":"Feature","properties":{"relief":0.74,"sinuosity":0,"highway":"secondary","name":"Rue de Massoury"},"geometry":{"type":"LineString","coordinates":[[2.7527109,48.4868266],[2.7527259,48.486857],[2.7527431,48.4869012],[2.7527479,48.4869375],[2.7527471,48.4869758],[2.7527411,48.4870121],[2.7527129,48.4871052],[2.7526864,48.4871717],[2.7526331,48.4872634],[2.7525439,48.4873612],[2.7525277,48.4873713],[2.7524178,48.4874451],[2.7521121,48.4875678],[2.7520046,48.4875897],[2.7519469,48.4875992],[2.7516755,48.4876216],[2.751461,48.4876474],[2.7512196,48.4876958],[2.7508957,48.4877785],[2.7506898,48.4878442],[2.7503821,48.4879549],[2.7501708,48.488006],[2.7498551,48.4880696],[2.7496706,48.4881233]]}},{"type":"Feature","properties":{"relief":0.747,"sinuosity":0,"highway":"secondary","name":"Route de Bordeaux"},"geometry":{"type":"LineString","coordinates":[[2.122429,48.7576768],[2.1222694,48.7574512],[2.1215362,48.7564477],[2.1212551,48.7560621],[2.1209803,48.7556567],[2.1209059,48.755529],[2.1208152,48.7553525]]}},{"type":"Feature","properties":{"relief":0.577,"sinuosity":0,"highway":"trunk"},"geometry":{"type":"LineString","coordinates":[[2.3625719,48.7536393],[2.3612351,48.75361],[2.3603105,48.7536032],[2.3578798,48.7536506]]}},{"type":"Feature","properties":{"relief":0.88,"sinuosity":0.785,"highway":"motorway_link"},"geometry":{"type":"LineString","coordinates":[[2.1822225,48.9930481],[2.1822765,48.9931384],[2.1823634,48.9932191],[2.1824313,48.9932632],[2.182505,48.9933073],[2.1826579,48.9933768],[2.1828367,48.9934293],[2.1835297,48.9936433],[2.1839445,48.9936999],[2.1843567,48.993694],[2.1847107,48.9936099],[2.1859659,48.9931031]]}},{"type":"Feature","properties":{"relief":0.45,"sinuosity":0,"highway":"tertiary","name":"Rue de Paris"},"geometry":{"type":"LineString","coordinates":[[2.2208288,48.7597824],[2.2207428,48.7597062],[2.2207113,48.7596782],[2.2204833,48.7594378],[2.2203151,48.7592603],[2.2199492,48.7588146],[2.2198962,48.7587511],[2.219604,48.7583877],[2.2194799,48.7582445],[2.2194278,48.7581786],[2.2192333,48.7579323],[2.219206,48.7578978],[2.2190738,48.7577422],[2.2189525,48.7575996],[2.2187925,48.7574113]]}},{"type":"Feature","properties":{"relief":0.362,"sinuosity":0,"highway":"trunk","name":"Boulevard Périphérique Extérieur"},"geometry":{"type":"LineString","coordinates":[[2.4079181,48.8792199],[2.4075084,48.8795965],[2.4070475,48.879935],[2.4067366,48.8801194],[2.4064436,48.8802642],[2.4063463,48.8803099],[2.4059485,48.880483],[2.4055137,48.8806318],[2.404182,48.8810092]]}},{"type":"Feature","properties":{"relief":0.708,"sinuosity":0,"highway":"motorway_link"},"geometry":{"type":"LineString","coordinates":[[2.6335511,48.5970251],[2.6333135,48.5968767],[2.6329301,48.596657],[2.6325384,48.5964402],[2.6322824,48.5962809],[2.6320401,48.5961093],[2.6318318,48.5959368],[2.6316406,48.5957396],[2.6315193,48.5955838],[2.631416,48.595417],[2.6313164,48.5952056],[2.6312618,48.5950596]]}},{"type":"Feature","properties":{"relief":0.75,"sinuosity":0,"highway":"motorway"},"geometry":{"type":"LineString","coordinates":[[3.2903624,48.2629708],[3.2900767,48.2625922],[3.2899004,48.2623805],[3.2896529,48.2620833],[3.289205,48.2615762],[3.2888308,48.2611798],[3.2883761,48.2607307]]}},{"type":"Feature","properties":{"relief":0.723,"sinuosity":0,"highway":"tertiary"},"geometry":{"type":"LineString","coordinates":[[2.8549412,48.352033],[2.8541772,48.3529879],[2.8536706,48.3533227],[2.8534432,48.3534885],[2.8532185,48.3537003],[2.8522628,48.3544168]]}},{"type":"Feature","properties":{"relief":0.9,"sinuosity":0,"highway":"motorway"},"geometry":{"type":"LineString","coordinates":[[2.3182467,48.7609766],[2.3175666,48.7612088],[2.3145861,48.7620222]]}},{"type":"Feature","properties":{"relief":0.516,"sinuosity":0,"highway":"primary"},"geometry":{"type":"LineString","coordinates":[[2.7638674,48.3861469],[2.7654967,48.385408],[2.7685856,48.3840017]]}},{"type":"Feature","properties":{"relief":0.873,"sinuosity":0,"highway":"secondary"},"geometry":{"type":"LineString","coordinates":[[2.8305539,48.3538143],[2.8308021,48.3529089],[2.831073,48.3518866],[2.8313559,48.3507788]]}},{"type":"Feature","properties":{"relief":0.75,"sinuosity":0,"highway":"primary"},"geometry":{"type":"LineString","coordinates":[[2.809628,48.364656],[2.809974,48.3646169],[2.8103515,48.3645843],[2.8107752,48.3645564],[2.8117704,48.3645451],[2.8127575,48.3646039],[2.8137016,48.3647286]]}},{"type":"Feature","properties":{"relief":0.635,"sinuosity":0,"highway":"primary","name":"Route de Saint-Cyr"},"geometry":{"type":"LineString","coordinates":[[2.1154258,48.8021248],[2.1148991,48.8022737],[2.114467,48.8023599],[2.1143138,48.8023876],[2.114108,48.8024222],[2.1138241,48.8024648],[2.1133421,48.8025278],[2.1126406,48.8026121],[2.1113507,48.8027644]]}},{"type":"Feature","properties":{"relief":0.39,"sinuosity":0,"highway":"tertiary"},"geometry":{"type":"LineString","coordinates":[[2.7641153,48.4046717],[2.7662783,48.4045763],[2.7729897,48.404343]]}},{"type":"Feature","properties":{"relief":0.9,"sinuosity":0,"highway":"tertiary"},"geometry":{"type":"LineString","coordinates":[[2.3158559,49.0817708],[2.3164935,49.0809833],[2.3166029,49.0808497],[2.3178175,49.0793997]]}},{"type":"Feature","properties":{"relief":0.75,"sinuosity":0,"highway":"tertiary","name":"Rue Gallieni"},"geometry":{"type":"LineString","coordinates":[[2.2259735,48.8346152],[2.2260791,48.8346466],[2.2261956,48.8346775],[2.2262396,48.8346871],[2.2278255,48.8350292],[2.2278464,48.8350337],[2.2278938,48.8350438],[2.2280364,48.8350733],[2.2281816,48.8350973],[2.2282024,48.8351008],[2.2282164,48.8351031],[2.2282989,48.8351135],[2.2293546,48.8352463],[2.2294175,48.8352542],[2.229458,48.8352593],[2.2295796,48.8352745]]}},{"type":"Feature","properties":{"relief":0.882,"sinuosity":0,"highway":"tertiary"},"geometry":{"type":"LineString","coordinates":[[2.8587993,48.3541337],[2.8583428,48.3539918],[2.8574567,48.3537392],[2.8571655,48.3536237],[2.8568663,48.3534739],[2.8564567,48.3531633],[2.8549412,48.352033]]}},{"type":"Feature","properties":{"relief":0.75,"sinuosity":0,"highway":"tertiary","name":"Rue de la Ferme"},"geometry":{"type":"LineString","coordinates":[[2.1798014,48.684899],[2.1799405,48.6849179],[2.1802934,48.685],[2.1805881,48.6850482],[2.18087,48.6850697],[2.1811286,48.6850715],[2.1815832,48.6850588],[2.1820369,48.6850172],[2.1820919,48.685011],[2.182303,48.6849869],[2.1834797,48.6848292],[2.1836103,48.6848082]]}},{"type":"Feature","properties":{"relief":0.76,"sinuosity":0,"highway":"motorway_link"},"geometry":{"type":"LineString","coordinates":[[2.5006378,48.9820978],[2.5008818,48.9821699],[2.5016727,48.9826403],[2.5027073,48.9832571],[2.5032148,48.9835213],[2.5036566,48.9837048]]}},{"type":"Feature","properties":{"relief":0.603,"sinuosity":0,"highway":"motorway"},"geometry":{"type":"LineString","coordinates":[[2.2411304,48.9811295],[2.2411942,48.9818908],[2.2412979,48.9826746],[2.2414249,48.9834203],[2.2415151,48.9838344]]}},{"type":"Feature","properties":{"relief":0.594,"sinuosity":0,"highway":"motorway_link"},"geometry":{"type":"LineString","coordinates":[[2.1813873,49.0505303],[2.1813769,49.0503726],[2.1813775,49.0501804],[2.181421,49.0499102],[2.1814699,49.0497528],[2.181535,49.0495928],[2.1816342,49.0493985],[2.1816892,49.0493001],[2.1817804,49.0491638],[2.1818877,49.0490258],[2.1820298,49.0488764],[2.1822136,49.0487059],[2.1825475,49.0484176],[2.1834895,49.0476308]]}},{"type":"Feature","properties":{"relief":0.9,"sinuosity":0,"highway":"motorway","name":"Autoroute de Normandie"},"geometry":{"type":"LineString","coordinates":[[2.0027569,48.9221784],[2.0026317,48.922309],[2.0020983,48.9228195],[2.0012974,48.9234829],[2.0005922,48.9239829],[1.9999163,48.9244069]]}},{"type":"Feature","properties":{"relief":0.75,"sinuosity":0,"highway":"motorway"},"geometry":{"type":"LineString","coordinates":[[2.000315,48.9237162],[2.0011653,48.9230393],[2.0015515,48.9227291],[2.0019292,48.9224302],[2.0022811,48.922199],[2.0030021,48.9218267]]}},{"type":"Feature","properties":{"relief":0.698,"sinuosity":0,"highway":"motorway"},"geometry":{"type":"LineString","coordinates":[[2.5020633,48.9822293],[2.5022653,48.98228],[2.502454,48.9823606],[2.5033118,48.982715],[2.5040011,48.9830394],[2.5045558,48.9833311],[2.5050338,48.9836081],[2.5056937,48.9840259]]}},{"type":"Feature","properties":{"relief":0.599,"sinuosity":0,"highway":"secondary"},"geometry":{"type":"LineString","coordinates":[[2.533635,49.0273332],[2.5336799,49.0274417],[2.5336822,49.0275261],[2.5336448,49.0276325],[2.5335658,49.0277273],[2.533468,49.0277956],[2.5332932,49.027863],[2.5330943,49.0278888],[2.5329426,49.0278791],[2.5327566,49.027829],[2.532609,49.0277444],[2.5325296,49.0276631],[2.5324784,49.0275574],[2.5324704,49.0274743],[2.5325008,49.0273652],[2.532576,49.0272658],[2.5326683,49.0271963],[2.5328245,49.0271286],[2.5330046,49.0270954],[2.5331452,49.027095],[2.5333258,49.0271274],[2.5334765,49.0271907],[2.5335563,49.027246],[2.533635,49.0273332]]}},{"type":"Feature","properties":{"relief":0.671,"sinuosity":0.837,"highway":"secondary","name":"Route de l'Arpenteur"},"geometry":{"type":"LineString","coordinates":[[2.5363184,49.0263055],[2.5363707,49.0264308],[2.5364095,49.0265469],[2.5364399,49.0267058],[2.5364349,49.0269131],[2.5363646,49.0271065],[2.5362952,49.0272259],[2.5361861,49.0273409],[2.5360616,49.0274444],[2.5359106,49.0275348],[2.5357324,49.0276261],[2.535519,49.0276935],[2.5353385,49.0277331],[2.5351381,49.027764],[2.5347358,49.0278074],[2.5343149,49.0278051]]}},{"type":"Feature","properties":{"relief":0.75,"sinuosity":0,"highway":"trunk","name":"La Francilienne"},"geometry":{"type":"LineString","coordinates":[[2.2429019,49.0723796],[2.2421377,49.0726124],[2.2415492,49.0727601],[2.2410506,49.0728665],[2.2403742,49.0729854],[2.240059,49.0730317],[2.2397017,49.0730718],[2.2393272,49.0731143],[2.2388514,49.0731494]]}},{"type":"Feature","properties":{"relief":0.624,"sinuosity":0,"highway":"trunk","name":"La Francilienne"},"geometry":{"type":"LineString","coordinates":[[2.2682331,49.0635599],[2.2700477,49.0633452],[2.2730441,49.0629918]]}},{"type":"Feature","properties":{"relief":0.833,"sinuosity":0.72,"highway":"trunk_link"},"geometry":{"type":"LineString","coordinates":[[2.4052898,49.0644834],[2.406474,49.0649555],[2.4068893,49.065114],[2.4072637,49.0651697],[2.4076671,49.0651717],[2.4079482,49.0651277],[2.4085312,49.0649488],[2.4087073,49.0649197]]}},{"type":"Feature","properties":{"relief":0.639,"sinuosity":0.7,"highway":"trunk_link"},"geometry":{"type":"LineString","coordinates":[[2.4090493,49.065199],[2.4090299,49.065231],[2.4085637,49.0653712],[2.4083289,49.065465],[2.4081229,49.065573],[2.4079598,49.0657192],[2.4077796,49.0659442],[2.406741,49.0675806]]}},{"type":"Feature","properties":{"relief":0.9,"sinuosity":0,"highway":"motorway","name":"Autoroute de Normandie"},"geometry":{"type":"LineString","coordinates":[[2.2276785,48.8486103],[2.227464,48.8485872],[2.2272915,48.8485662],[2.2269459,48.8485095],[2.2265089,48.848417],[2.2261739,48.8483209],[2.2258979,48.8482349],[2.2256215,48.8481355],[2.2253695,48.8480216],[2.2251868,48.8479295],[2.2249843,48.8478151],[2.2248046,48.8477069],[2.224628,48.8475871],[2.2245033,48.8474942],[2.2243694,48.8473918]]}},{"type":"Feature","properties":{"relief":0.86,"sinuosity":0,"highway":"trunk","name":"Tunnel de Chennevières"},"geometry":{"type":"LineString","coordinates":[[1.9082465,48.7967357],[1.9113038,48.7975304],[1.9140285,48.7982718]]}},{"type":"Feature","properties":{"relief":0.587,"sinuosity":0,"highway":"motorway"},"geometry":{"type":"LineString","coordinates":[[2.4123637,48.9378416],[2.4121992,48.9378565],[2.4106619,48.9375494],[2.4103236,48.9374786],[2.4095971,48.9373137],[2.4070276,48.9367122]]}},{"type":"Feature","properties":{"relief":0.399,"sinuosity":0,"highway":"motorway_link"},"geometry":{"type":"LineString","coordinates":[[2.2949561,48.9370283],[2.2951268,48.9370349],[2.2952878,48.9370538],[2.2953034,48.9370566],[2.2954936,48.9370907],[2.2957195,48.9371525],[2.2961016,48.9372789],[2.2965427,48.937429],[2.2969127,48.937541],[2.2972637,48.9376457],[2.2975268,48.9377052],[2.2989256,48.9380315]]}},{"type":"Feature","properties":{"relief":0.75,"sinuosity":0,"highway":"motorway","name":"Tunnel de la Défense"},"geometry":{"type":"LineString","coordinates":[[2.2395047,48.891693],[2.2372158,48.8924488],[2.2368886,48.8925388],[2.2365848,48.8926124],[2.2359498,48.8927557]]}},{"type":"Feature","properties":{"relief":0.66,"sinuosity":0,"highway":"motorway","name":"Autoroute du Soleil"},"geometry":{"type":"LineString","coordinates":[[2.8114621,48.1943903],[2.8126918,48.1936459],[2.8139189,48.1929253],[2.8152493,48.1921574]]}},{"type":"Feature","properties":{"relief":0.9,"sinuosity":0,"highway":"tertiary","name":"Rue du Doyen Joseph Pérès"},"geometry":{"type":"LineString","coordinates":[[2.1836418,48.7051828],[2.1835777,48.7051263],[2.1835142,48.7050837],[2.1834288,48.7050531],[2.1826347,48.7049035],[2.1825291,48.704893],[2.1824023,48.7048944],[2.1809399,48.7050451],[2.1807623,48.7050402],[2.1800493,48.7049679],[2.1797757,48.7048903]]}},{"type":"Feature","properties":{"relief":0.833,"sinuosity":0,"highway":"tertiary","name":"Rue Victorien Sardou"},"geometry":{"type":"LineString","coordinates":[[2.0632932,48.8030592],[2.0633791,48.8029487],[2.0635831,48.8027192],[2.0637094,48.802512],[2.0637659,48.8023461],[2.0637981,48.8022491],[2.0638226,48.8021742],[2.0638901,48.8019718],[2.063922,48.8017631],[2.0639317,48.8011653],[2.0639313,48.8011181],[2.0639387,48.8009747],[2.063939,48.800933],[2.063941,48.8006797],[2.0639412,48.8006601],[2.0639074,48.8004923]]}},{"type":"Feature","properties":{"relief":0.398,"sinuosity":0,"highway":"primary"},"geometry":{"type":"LineString","coordinates":[[1.4635251,48.4162051],[1.4632666,48.4162192],[1.4630223,48.416219],[1.4627369,48.416195],[1.4624794,48.4161676],[1.4620681,48.4161414],[1.4618008,48.4161264],[1.4614859,48.4161209],[1.4603776,48.4161142],[1.4586555,48.4160988]]}},{"type":"Feature","properties":{"relief":0.8,"sinuosity":0,"highway":"primary"},"geometry":{"type":"LineString","coordinates":[[1.6745918,48.4866723],[1.6769064,48.48755],[1.6791138,48.4883442]]}},{"type":"Feature","properties":{"relief":0.638,"sinuosity":0,"highway":"primary"},"geometry":{"type":"LineString","coordinates":[[1.6768011,48.4876446],[1.6745153,48.4867523],[1.6718094,48.4857445]]}},{"type":"Feature","properties":{"relief":0.88,"sinuosity":1,"highway":"motorway_link"},"geometry":{"type":"LineString","coordinates":[[2.1821261,48.995987],[2.1822231,48.9961521],[2.1823395,48.9963032],[2.1824994,48.9964383],[2.1825802,48.9964789],[2.182694,48.9965195],[2.1828925,48.9965546],[2.1829649,48.9965556],[2.183079,48.9965548],[2.1831881,48.9965439],[2.1834565,48.9964628],[2.1835966,48.9964],[2.1837669,48.996307],[2.1839186,48.9962031],[2.1840517,48.9960735],[2.1840875,48.9960137],[2.184122,48.9959548],[2.1841509,48.9958486],[2.1841438,48.9957102],[2.1841178,48.9956418],[2.1840732,48.9955801],[2.1840285,48.9955281],[2.1838729,48.9954201],[2.1837703,48.9953799]]}},{"type":"Feature","properties":{"relief":0.73,"sinuosity":1,"highway":"motorway_link"},"geometry":{"type":"LineString","coordinates":[[2.1831962,48.9945949],[2.1834964,48.9943669],[2.1835676,48.9942946],[2.1836129,48.9942167],[2.1836369,48.9941228],[2.1836388,48.9940749],[2.1836321,48.9940279],[2.1836104,48.9939492],[2.1835687,48.9938875],[2.1835118,48.9938233],[2.1834147,48.9937516],[2.1833047,48.9936972],[2.1830075,48.9936424],[2.1828534,48.9936476],[2.1827493,48.9936652],[2.1826006,48.99371],[2.1825025,48.9937571],[2.1824088,48.9938164],[2.182347,48.9938653],[2.1822715,48.993952],[2.1822176,48.9940538],[2.1821771,48.9942022],[2.1821509,48.9944223],[2.1820845,48.9946348]]}},{"type":"Feature","properties":{"relief":0.9,"sinuosity":0,"highway":"tertiary","name":"Rue Pouchet"},"geometry":{"type":"LineString","coordinates":[[2.3206152,48.8942304],[2.3205746,48.8941831],[2.3204262,48.8939962],[2.3198511,48.8932748],[2.3192654,48.8925358],[2.3185569,48.891647]]}},{"type":"Feature","properties":{"relief":0.74,"sinuosity":0,"highway":"secondary","name":"Rue de la Porte de Buc"},"geometry":{"type":"LineString","coordinates":[[2.1381819,48.794816],[2.1380523,48.7946728],[2.1379919,48.7946061],[2.1379659,48.7945765],[2.137914,48.7945147],[2.1378818,48.7944725],[2.1378658,48.7944496],[2.1378303,48.7944038],[2.1377997,48.7943659],[2.1377147,48.7942606],[2.1375933,48.7941206],[2.1375538,48.7940737],[2.1375392,48.794056],[2.1375181,48.7940306],[2.1374918,48.7939866],[2.1374222,48.793882],[2.1373533,48.7937904],[2.1371791,48.7935665],[2.1370687,48.7934139],[2.1364633,48.7926212],[2.1360507,48.7918916]]}},{"type":"Feature","properties":{"relief":0.391,"sinuosity":0,"highway":"motorway"},"geometry":{"type":"LineString","coordinates":[[2.1844308,48.9113867],[2.1833328,48.9116533],[2.1830269,48.911736],[2.1827644,48.9117945],[2.1816107,48.9120519],[2.1805413,48.9122462]]}},{"type":"Feature","properties":{"relief":0.482,"sinuosity":0,"highway":"motorway"},"geometry":{"type":"LineString","coordinates":[[2.1805065,48.9121367],[2.1815849,48.9119278],[2.1817979,48.9118792],[2.1822839,48.9117682],[2.1830183,48.9116006],[2.1843624,48.9112896]]}},{"type":"Feature","properties":{"relief":0.697,"sinuosity":0,"highway":"tertiary","name":"Rue Rieussec"},"geometry":{"type":"LineString","coordinates":[[2.1696079,48.8041175],[2.1697408,48.8040414],[2.1698062,48.8040099],[2.1698708,48.8039802],[2.1699033,48.8039642],[2.1699233,48.8039544],[2.169948,48.8039445],[2.1701056,48.8038815],[2.1702656,48.8037834],[2.1703083,48.8037411],[2.1704201,48.8036086],[2.1704441,48.8035801],[2.170515,48.8034563],[2.1706112,48.8031996],[2.1706328,48.8031369],[2.1706554,48.8030406],[2.1706917,48.8028953],[2.1707084,48.8028286],[2.1707485,48.8025831],[2.1707849,48.8023269],[2.1708182,48.8021043],[2.1708343,48.801985],[2.170837,48.8019196],[2.1708483,48.8018299]]}},{"type":"Feature","properties":{"relief":0.75,"sinuosity":0,"highway":"secondary","name":"Rue Léo Lagrange"},"geometry":{"type":"LineString","coordinates":[[2.946367,48.3795996],[2.9465259,48.3795693],[2.9466013,48.3795563],[2.94675,48.3795306],[2.9489009,48.3791586],[2.9489968,48.3791412],[2.949218,48.379098],[2.9494316,48.3790643],[2.9502333,48.3789187]]}},{"type":"Feature","properties":{"relief":0.747,"sinuosity":0,"highway":"secondary","name":"Avenue du Maréchal Leclerc"},"geometry":{"type":"LineString","coordinates":[[2.3248293,48.9352282],[2.3247229,48.9355813],[2.3246466,48.9359356],[2.324612,48.936096],[2.3245322,48.9364912],[2.3245185,48.9365707],[2.3244997,48.9366795],[2.3244737,48.9368297],[2.3244678,48.9368636],[2.3244427,48.9370087],[2.3243956,48.9372172],[2.3243526,48.9374075],[2.3243162,48.9375748],[2.3242727,48.9377955]]}},{"type":"Feature","properties":{"relief":0.9,"sinuosity":0,"highway":"secondary","name":"Route de Jouy"},"geometry":{"type":"LineString","coordinates":[[2.1909688,48.7577319],[2.1911502,48.757644],[2.1912937,48.7575715],[2.1914653,48.7574734],[2.1918221,48.7572391],[2.1921679,48.7570117],[2.1926915,48.7567627],[2.1947963,48.7559998]]}},{"type":"Feature","properties":{"relief":0.847,"sinuosity":0,"highway":"primary","name":"Avenue du Général Leclerc"},"geometry":{"type":"LineString","coordinates":[[2.1636398,48.8016838],[2.1642709,48.8020422],[2.1643988,48.8021227],[2.1646857,48.8022927],[2.164868,48.8024014],[2.165837,48.8029705],[2.1659224,48.8030214],[2.1659978,48.8030662],[2.1667062,48.8034796]]}},{"type":"Feature","properties":{"relief":0.479,"sinuosity":0,"highway":"primary","name":"Route de Saint-Cyr"},"geometry":{"type":"LineString","coordinates":[[2.0946429,48.8024767],[2.0950265,48.8025106],[2.0973091,48.8027191],[2.1000874,48.8029707]]}},{"type":"Feature","properties":{"relief":0.407,"sinuosity":0,"highway":"motorway"},"geometry":{"type":"LineString","coordinates":[[2.2892522,48.713557],[2.2891032,48.7132128],[2.2887287,48.7123734],[2.2883627,48.7114473],[2.2880942,48.7107576]]}},{"type":"Feature","properties":{"relief":0.697,"sinuosity":0,"highway":"motorway","name":"Duplex A86"},"geometry":{"type":"LineString","coordinates":[[2.1636709,48.8038049],[2.1637309,48.8036305],[2.1637954,48.803443],[2.1638827,48.8031538],[2.1639601,48.8028381],[2.1640466,48.8024722],[2.164096,48.8021883],[2.1641406,48.8018861],[2.1641863,48.8014357],[2.1642049,48.8010217]]}},{"type":"Feature","properties":{"relief":0.398,"sinuosity":0.683,"highway":"trunk_link"},"geometry":{"type":"LineString","coordinates":[[2.2572914,48.8478635],[2.2571225,48.8476969],[2.2568277,48.8474569],[2.2567271,48.8473629],[2.2566274,48.8472539],[2.2564291,48.8470068],[2.256395,48.8469805],[2.2563557,48.8469553],[2.2562738,48.8469218],[2.2562374,48.8469113],[2.2561791,48.846898],[2.2560865,48.8468914],[2.2560395,48.8468922],[2.2559102,48.8469133],[2.2558322,48.8469325],[2.2556034,48.8469997],[2.2548632,48.8471974],[2.2548112,48.847207],[2.2547697,48.8472108],[2.2546399,48.8472073],[2.2545645,48.8471992],[2.2545015,48.8471887],[2.2543956,48.8471573],[2.2543411,48.8471335]]}},{"type":"Feature","properties":{"relief":0.557,"sinuosity":0,"highway":"tertiary","name":"Chemin de Milly à Villiers"},"geometry":{"type":"LineString","coordinates":[[2.5905159,48.4863797],[2.5905606,48.4863986],[2.5929453,48.4880723],[2.5933614,48.4883727]]}},{"type":"Feature","properties":{"relief":0.75,"sinuosity":0,"highway":"primary"},"geometry":{"type":"LineString","coordinates":[[2.4958451,48.4480404],[2.4966138,48.4479501],[2.4973429,48.447879],[2.498021,48.4478545],[2.4986275,48.4478406],[2.499466,48.4478311],[2.499837,48.4478381]]}},{"type":"Feature","properties":{"relief":0.86,"sinuosity":0,"highway":"tertiary","name":"Rue de Varenne"},"geometry":{"type":"LineString","coordinates":[[2.3150233,48.856168],[2.3152769,48.8561058],[2.3154983,48.8560506],[2.3166512,48.8557658],[2.3166988,48.855754],[2.3168859,48.8557078],[2.3169406,48.8556943],[2.3169674,48.8556877],[2.316994,48.8556811],[2.3179937,48.8554341],[2.3180552,48.8554189],[2.3181798,48.8553881],[2.3191153,48.855157]]}},{"type":"Feature","properties":{"relief":0.538,"sinuosity":0,"highway":"tertiary","name":"Rue Pierre Brossolette"},"geometry":{"type":"LineString","coordinates":[[2.5431289,48.847237],[2.5435777,48.8471761],[2.5436868,48.8471613],[2.5437214,48.8471608],[2.5438456,48.8471591],[2.5438995,48.8471583],[2.5440081,48.8471601],[2.5440856,48.8471711],[2.5443811,48.8472409],[2.5444748,48.8472623],[2.5449425,48.8473692],[2.5453212,48.8474557],[2.5461488,48.847657],[2.5463402,48.8476998],[2.5465561,48.8477432],[2.5469137,48.8478056]]}},{"type":"Feature","properties":{"relief":0.9,"sinuosity":0,"highway":"motorway_link"},"geometry":{"type":"LineString","coordinates":[[2.5409124,48.8357328],[2.5416285,48.8358181],[2.541933,48.8358459],[2.5426449,48.8358981],[2.5443589,48.8359206],[2.5453012,48.8359264]]}},{"type":"Feature","properties":{"relief":0.75,"sinuosity":0,"highway":"secondary","name":"Boulevard du Mont d'Est"},"geometry":{"type":"LineString","coordinates":[[2.5436555,48.8430825],[2.5435813,48.8429435],[2.5434662,48.8427989],[2.5430856,48.8423548],[2.5430471,48.8423099],[2.5430266,48.8422859],[2.5429148,48.8421584],[2.5428232,48.842051],[2.5423861,48.8415385],[2.5422303,48.8413491],[2.5421585,48.8412619],[2.5420584,48.8411402],[2.5419524,48.8410025]]}},{"type":"Feature","properties":{"relief":1,"sinuosity":0.7,"highway":"secondary","name":"Rue du Calvaire"},"geometry":{"type":"LineString","coordinates":[[2.2182409,48.8491261],[2.2182883,48.848978],[2.2183348,48.8489066],[2.2184126,48.8487019],[2.2184241,48.8485336],[2.2184729,48.8484548],[2.2184743,48.8484526],[2.2186048,48.8479685],[2.2186005,48.8478112],[2.2185533,48.8473749],[2.2185708,48.8472961],[2.2185435,48.8470556],[2.2186044,48.846576]]}},{"type":"Feature","properties":{"relief":0.637,"sinuosity":0,"highway":"motorway"},"geometry":{"type":"LineString","coordinates":[[2.0946435,49.0363934],[2.0936888,49.0366586],[2.0927031,49.0369325],[2.0909347,49.0374363]]}},{"type":"Feature","properties":{"relief":0.9,"sinuosity":0,"highway":"primary","name":"Quai Alphonse Le Gallo"},"geometry":{"type":"LineString","coordinates":[[2.2275765,48.8324051],[2.2275602,48.8324579],[2.2275412,48.8325083],[2.2274645,48.8327025],[2.2273826,48.8329116],[2.2272792,48.8331083],[2.2271688,48.8333211],[2.2269895,48.833537],[2.2267568,48.8338171],[2.2263814,48.834269],[2.2261679,48.8345261],[2.2261446,48.8345572],[2.2260791,48.8346466],[2.2258703,48.8349012]]}},{"type":"Feature","properties":{"relief":0.747,"sinuosity":0,"highway":"primary","name":"Route des Deux Plateaux"},"geometry":{"type":"LineString","coordinates":[[1.9572615,48.8339525],[1.9572674,48.8337096],[1.9572957,48.8334411],[1.9573852,48.8330353],[1.9576496,48.8322684],[1.957738,48.8319002],[1.9577765,48.8315857],[1.9577806,48.8306908]]}},{"type":"Feature","properties":{"relief":0.75,"sinuosity":0,"highway":"tertiary","name":"Boulevard Bernard Grégory"},"geometry":{"type":"LineString","coordinates":[[1.9580651,48.7749668],[1.957238,48.7736338],[1.9571359,48.7734625],[1.9568224,48.7729538],[1.9563456,48.7722329]]}},{"type":"Feature","properties":{"relief":0.75,"sinuosity":0,"highway":"primary","name":"Rue de Maule"},"geometry":{"type":"LineString","coordinates":[[1.8662532,48.8877364],[1.8662927,48.8875892],[1.8663524,48.8873673],[1.8666298,48.8868111],[1.8670905,48.886017],[1.8671806,48.8858571],[1.8676474,48.885018]]}},{"type":"Feature","properties":{"relief":0.9,"sinuosity":0,"highway":"primary","name":"Route du Pontel"},"geometry":{"type":"LineString","coordinates":[[1.8790188,48.8478225],[1.8792683,48.8477731],[1.8794929,48.8477129],[1.8797135,48.8476248],[1.8799074,48.847538],[1.8800998,48.8474289],[1.8802749,48.8473108],[1.8804324,48.8471747],[1.8805465,48.8470408],[1.8806748,48.8468306],[1.8808299,48.8465274],[1.8810371,48.8460422],[1.8811513,48.845686]]}},{"type":"Feature","properties":{"relief":0.75,"sinuosity":0,"highway":"primary"},"geometry":{"type":"LineString","coordinates":[[1.9605904,48.8701034],[1.9595082,48.8705954],[1.9578348,48.8713662],[1.9560412,48.8722059]]}},{"type":"Feature","properties":{"relief":0.498,"sinuosity":0,"highway":"secondary","name":"Route de Marly"},"geometry":{"type":"LineString","coordinates":[[2.0865084,48.8453104],[2.0864217,48.8454214],[2.0855066,48.8465838],[2.0851461,48.8470018],[2.0846312,48.8475214]]}},{"type":"Feature","properties":{"relief":0.75,"sinuosity":0,"highway":"tertiary","name":"Boulevard Jean Monnet"},"geometry":{"type":"LineString","coordinates":[[2.5426043,48.8354759],[2.5424807,48.8354195],[2.54127,48.835394],[2.5407928,48.8353606],[2.5403359,48.8352957],[2.539921,48.8351973],[2.5395149,48.835077],[2.5387388,48.8347429]]}},{"type":"Feature","properties":{"relief":0.9,"sinuosity":0,"highway":"primary"},"geometry":{"type":"LineString","coordinates":[[2.0037455,48.901333],[2.0036095,48.9012805],[2.0034291,48.9011995],[2.0032607,48.9011065],[2.0030143,48.9009705],[2.0027071,48.9007256],[2.001986,48.9001146],[2.0017708,48.8999199],[2.0015888,48.8998159],[1.9983349,48.8979113]]}},{"type":"Feature","properties":{"relief":0.573,"sinuosity":0,"highway":"primary","name":"Avenue de l'Europe"},"geometry":{"type":"LineString","coordinates":[[2.0730981,48.7589061],[2.0730586,48.758781],[2.0729761,48.7585604],[2.0728876,48.7583823],[2.072785,48.758224],[2.0724718,48.7578076],[2.0721506,48.7573947],[2.0716356,48.7567299],[2.0713631,48.7563963]]}},{"type":"Feature","properties":{"relief":0.443,"sinuosity":0,"highway":"primary","name":"Avenue de l'Europe"},"geometry":{"type":"LineString","coordinates":[[2.0715366,48.7562235],[2.0715943,48.75633],[2.0725642,48.7576425],[2.0730981,48.7583266],[2.0732108,48.7584875]]}},{"type":"Feature","properties":{"relief":0.9,"sinuosity":0,"highway":"secondary","name":"Avenue d'Armorique"},"geometry":{"type":"LineString","coordinates":[[1.951117,48.7965602],[1.9512157,48.7966212],[1.9512476,48.7966391],[1.9512782,48.7966534],[1.9513272,48.7966684],[1.9514076,48.7966874],[1.9516653,48.7967476],[1.9531745,48.7971398],[1.9539005,48.7973285],[1.9583058,48.7984732]]}},{"type":"Feature","properties":{"relief":0.373,"sinuosity":0,"highway":"trunk"},"geometry":{"type":"LineString","coordinates":[[1.8722731,48.7952301],[1.8701905,48.7957077],[1.8687161,48.7960735],[1.8655116,48.7969413]]}},{"type":"Feature","properties":{"relief":0.9,"sinuosity":0,"highway":"secondary","name":"Route de Cormeilles"},"geometry":{"type":"LineString","coordinates":[[2.1806486,48.948946],[2.1807031,48.9490097],[2.1809149,48.9492704],[2.181129,48.9495466],[2.1815338,48.9500764],[2.1825153,48.9514413]]}},{"type":"Feature","properties":{"relief":0.75,"sinuosity":0,"highway":"tertiary","name":"Route de Gironville"},"geometry":{"type":"LineString","coordinates":[[2.4546004,48.3964089],[2.4547224,48.3965051],[2.4548793,48.3966308],[2.4548945,48.3966472],[2.4552782,48.3969771],[2.4554607,48.3971376],[2.4556107,48.3972729],[2.4557155,48.3973622],[2.4557836,48.3974239],[2.4558108,48.3974491],[2.4558453,48.3974776],[2.4558891,48.3975169],[2.45594,48.3975626],[2.4561057,48.3977079],[2.4563272,48.3979011],[2.4565116,48.3980628],[2.4566816,48.3982168],[2.4567134,48.3982456],[2.4568487,48.3983992],[2.4568659,48.398414],[2.4569094,48.3984523]]}},{"type":"Feature","properties":{"relief":0.76,"sinuosity":0,"highway":"motorway"},"geometry":{"type":"LineString","coordinates":[[2.229504,48.7208619],[2.2278429,48.7204445],[2.2268762,48.7202272],[2.2265169,48.7201541],[2.2260036,48.7200606],[2.2253373,48.7199665]]}},{"type":"Feature","properties":{"relief":0.61,"sinuosity":0,"highway":"motorway"},"geometry":{"type":"LineString","coordinates":[[2.2250706,48.7198664],[2.2252535,48.7198916],[2.2261106,48.7200184],[2.2268977,48.7201731],[2.227898,48.7203901],[2.2290319,48.7206851]]}},{"type":"Feature","properties":{"relief":0.583,"sinuosity":0,"highway":"secondary","name":"Avenue de Valenton"},"geometry":{"type":"LineString","coordinates":[[2.4996046,48.7427841],[2.4985823,48.7426277],[2.4971991,48.742424],[2.4969555,48.7423881],[2.4967171,48.7423666],[2.4964021,48.7423509],[2.496112,48.7423571],[2.4958139,48.7423916]]}},{"type":"Feature","properties":{"relief":0.73,"sinuosity":0,"highway":"tertiary","name":"Rue Cazeaux"},"geometry":{"type":"LineString","coordinates":[[2.5422068,48.6998956],[2.542309,48.6999473],[2.5427259,48.7001723],[2.5433525,48.7004961],[2.5434922,48.7005671],[2.5436153,48.7006357],[2.5437467,48.700718],[2.5439865,48.7008912],[2.5443393,48.7011926],[2.5444669,48.701296],[2.5445101,48.7013282],[2.5447401,48.7015108],[2.5447914,48.7015516],[2.545069,48.7017722]]}},{"type":"Feature","properties":{"relief":0.723,"sinuosity":0,"highway":"motorway","name":"Autoroute de Normandie"},"geometry":{"type":"LineString","coordinates":[[2.0950948,48.8421768],[2.0947208,48.8422746],[2.0943603,48.8423806],[2.0938153,48.8425548],[2.0933509,48.8427289],[2.0929446,48.8428906],[2.0923483,48.843149],[2.0907398,48.8438804]]}},{"type":"Feature","properties":{"relief":0.542,"sinuosity":0,"highway":"primary","name":"Quai Boissy d'Anglas"},"geometry":{"type":"LineString","coordinates":[[2.1382498,48.8675177],[2.1381478,48.8675183],[2.13803,48.8675198],[2.1375038,48.8675364],[2.1370057,48.8675806],[2.136967,48.8675841],[2.1368587,48.8675962],[2.1360357,48.8676743],[2.1355282,48.8677249],[2.1351171,48.8677834],[2.134638,48.8678801],[2.1341919,48.8679744]]}},{"type":"Feature","properties":{"relief":0.603,"sinuosity":0,"highway":"secondary","name":"Avenue de Saint-Mandé"},"geometry":{"type":"LineString","coordinates":[[2.4101757,48.8442884],[2.4100398,48.8442984],[2.4100039,48.8443012],[2.4090028,48.8443869],[2.4060289,48.8446412]]}},{"type":"Feature","properties":{"relief":0.44,"sinuosity":0,"highway":"primary","name":"Route de Goussainville"},"geometry":{"type":"LineString","coordinates":[[2.4962112,49.0090329],[2.497551,49.0085696],[2.4986467,49.0081922],[2.499831,49.0077766]]}},{"type":"Feature","properties":{"relief":0.843,"sinuosity":0.7,"highway":"motorway_link"},"geometry":{"type":"LineString","coordinates":[[2.6301438,48.9361963],[2.6299587,48.9363251],[2.6298385,48.9364759],[2.6297605,48.9366485],[2.629671,48.9368179],[2.6295289,48.9369476],[2.6291856,48.9372126],[2.6288766,48.9374832],[2.6286535,48.9376806],[2.6284648,48.9380085],[2.6283891,48.9385014]]}},{"type":"Feature","properties":{"relief":0.468,"sinuosity":0,"highway":"tertiary","name":"Route de Bièvres"},"geometry":{"type":"LineString","coordinates":[[2.1790451,48.7613886],[2.180033,48.761491],[2.1803042,48.7615177],[2.1803747,48.7615246],[2.180458,48.7615301],[2.1806649,48.7615298],[2.1810713,48.7614942],[2.1814773,48.7614594],[2.181876,48.7614059],[2.1821894,48.7613491],[2.1825664,48.7612566],[2.1830033,48.761136]]}},{"type":"Feature","properties":{"relief":0.578,"sinuosity":0,"highway":"secondary"},"geometry":{"type":"LineString","coordinates":[[2.1810427,48.7617173],[2.181341,48.7616888],[2.1816602,48.7616588],[2.1823397,48.7615443],[2.1827892,48.7614414],[2.1833944,48.7612555],[2.1838665,48.7610744],[2.1843659,48.760865],[2.1850096,48.7604632]]}},{"type":"Feature","properties":{"relief":0.86,"sinuosity":0,"highway":"tertiary","name":"Rue Paul Algis"},"geometry":{"type":"LineString","coordinates":[[2.6346744,48.8710687],[2.6345394,48.8710479],[2.6331455,48.8708335],[2.6322727,48.8706993],[2.6321358,48.8706782],[2.6320054,48.8706582],[2.6318613,48.870636],[2.6300513,48.8703576]]}},{"type":"Feature","properties":{"relief":0.713,"sinuosity":0,"highway":"tertiary","name":"Avenue de l'Abbaye"},"geometry":{"type":"LineString","coordinates":[[2.4988076,48.7099271],[2.4987884,48.7099494],[2.4985821,48.7101536],[2.498306,48.7104246],[2.4979761,48.710746],[2.4978462,48.7108797],[2.4978,48.7109213],[2.4977345,48.7109618],[2.497685,48.7110004],[2.4975291,48.7111577],[2.4973433,48.7113399],[2.4971764,48.711509],[2.4970583,48.7116487],[2.4969875,48.7117203],[2.4968323,48.7118712],[2.4966017,48.712079]]}},{"type":"Feature","properties":{"relief":0.75,"sinuosity":0,"highway":"tertiary","name":"Avenue de l'Abbaye"},"geometry":{"type":"LineString","coordinates":[[2.4966017,48.712079],[2.4964378,48.7122351],[2.4964101,48.7122634],[2.49625,48.7124249],[2.4961807,48.7125025],[2.4961481,48.7125459],[2.4960777,48.7126399],[2.4959642,48.7127527],[2.495875,48.7128252],[2.4957916,48.7128786],[2.4955048,48.7130384],[2.4954315,48.7130809],[2.4951112,48.7132668],[2.4949344,48.7133694],[2.494687,48.7135316],[2.4941576,48.7139965]]}},{"type":"Feature","properties":{"relief":0.472,"sinuosity":0,"highway":"tertiary","name":"Avenue de la Grange"},"geometry":{"type":"LineString","coordinates":[[2.4971861,48.7204199],[2.4972367,48.7205049],[2.4976563,48.7212102],[2.4978401,48.7215177],[2.4981859,48.7220962],[2.4983251,48.722344],[2.4983995,48.7224765],[2.4984703,48.7225732],[2.4985162,48.72262],[2.4985741,48.7226494],[2.4989173,48.7228108]]}},{"type":"Feature","properties":{"relief":0.428,"sinuosity":0,"highway":"motorway","name":"Autoroute du Soleil"},"geometry":{"type":"LineString","coordinates":[[2.7749285,48.2164744],[2.7742718,48.2168793],[2.7736077,48.2173059],[2.7729388,48.2177443],[2.7722605,48.2182042],[2.7710527,48.2190561]]}},{"type":"Feature","properties":{"relief":0.486,"sinuosity":0,"highway":"motorway","name":"Autoroute du Soleil"},"geometry":{"type":"LineString","coordinates":[[2.768287,48.2211918],[2.7677621,48.2216277],[2.7675582,48.2218007],[2.76725,48.2220622],[2.7665699,48.2226641],[2.7659173,48.2232606]]}},{"type":"Feature","properties":{"relief":0.442,"sinuosity":0,"highway":"tertiary","name":"Rue de Bretagne"},"geometry":{"type":"LineString","coordinates":[[2.3610928,48.8637204],[2.3611715,48.8636603],[2.3615336,48.8633841],[2.3616028,48.8633419],[2.3616709,48.8633016],[2.3619143,48.8631793],[2.3619926,48.8631395],[2.3620693,48.8631],[2.3624055,48.8629346],[2.3624786,48.8629026],[2.3625519,48.8628675],[2.3626262,48.8628283],[2.3628393,48.8627282],[2.3632528,48.8625251],[2.3633319,48.8624858],[2.3636418,48.8623313],[2.363711,48.8622952],[2.3643603,48.8619672]]}},{"type":"Feature","properties":{"relief":0.433,"sinuosity":0,"highway":"primary"},"geometry":{"type":"LineString","coordinates":[[1.8659805,48.0877015],[1.8660248,48.0875887],[1.866159,48.0873827],[1.8663092,48.0871858],[1.8664602,48.0869956],[1.8666158,48.0868301],[1.8667495,48.0867018],[1.8671407,48.0863762],[1.867609,48.0860079],[1.8679936,48.0856998],[1.8681519,48.0855431]]}},{"type":"Feature","properties":{"relief":0.394,"sinuosity":0,"highway":"tertiary","name":"Rue des Brandons"},"geometry":{"type":"LineString","coordinates":[[2.589905,48.4297296],[2.5896348,48.4298257],[2.5874218,48.4307277],[2.5864703,48.4311155]]}},{"type":"Feature","properties":{"relief":0.84,"sinuosity":0,"highway":"secondary","name":"Rue de la Mairie"},"geometry":{"type":"LineString","coordinates":[[2.2738868,48.7085949],[2.2738236,48.7086107],[2.273666,48.7086505],[2.2732541,48.7087552],[2.2730365,48.7088115],[2.2725271,48.7089468],[2.2715956,48.7091956],[2.2712599,48.7092435],[2.2709011,48.7092631],[2.2701291,48.7093053]]}},{"type":"Feature","properties":{"relief":0.86,"sinuosity":0,"highway":"tertiary","name":"Route aux Loups"},"geometry":{"type":"LineString","coordinates":[[2.6358079,48.8650647],[2.6353119,48.8650606],[2.6351295,48.8650553],[2.6349116,48.8650452],[2.6346876,48.8650288],[2.6342779,48.8649838],[2.634066,48.8649556],[2.6332232,48.8648224],[2.6330059,48.864792],[2.6328973,48.8647825],[2.6327615,48.8647763],[2.632622,48.8647754],[2.6324289,48.8647798],[2.6322743,48.8647871],[2.6320725,48.8648028],[2.6317996,48.8648387]]}},{"type":"Feature","properties":{"relief":0.69,"sinuosity":0,"highway":"secondary","name":"Route de Versailles"},"geometry":{"type":"LineString","coordinates":[[2.2721837,48.7074772],[2.2723591,48.7072446],[2.2725587,48.7070813],[2.272842,48.7069077],[2.2731145,48.7067878],[2.2732448,48.7067458],[2.2733438,48.7067179],[2.274558,48.706389],[2.2765348,48.705836]]}},{"type":"Feature","properties":{"relief":0.833,"sinuosity":0,"highway":"primary"},"geometry":{"type":"LineString","coordinates":[[2.2984377,48.5782869],[2.2982792,48.5781704],[2.2981235,48.5781024],[2.2977358,48.5779691],[2.2966682,48.5777018],[2.2955154,48.577474],[2.2945932,48.5773688]]}},{"type":"Feature","properties":{"relief":0.75,"sinuosity":0,"highway":"tertiary","name":"Avenue de Versailles"},"geometry":{"type":"LineString","coordinates":[[2.5447114,48.8774196],[2.5445758,48.8774334],[2.5440943,48.8774871],[2.5430455,48.8776041],[2.5428898,48.8776211],[2.5419204,48.8777231],[2.5417145,48.8777537],[2.5415878,48.8777677],[2.5414234,48.8777851],[2.5412883,48.8777995],[2.5411838,48.8778114],[2.5409769,48.8778196],[2.540172,48.8779022]]}},{"type":"Feature","properties":{"relief":0.446,"sinuosity":0,"highway":"tertiary","name":"Rue du Loricard"},"geometry":{"type":"LineString","coordinates":[[2.540797,48.4560011],[2.5412766,48.4553993],[2.5438716,48.4522361]]}},{"type":"Feature","properties":{"relief":0.867,"sinuosity":0,"highway":"secondary","name":"Boulevard des Coquibus"},"geometry":{"type":"LineString","coordinates":[[2.4483231,48.6225607],[2.448214,48.6225044],[2.4480042,48.6223671],[2.4478694,48.6222982],[2.446763,48.6218023],[2.4455177,48.6212623],[2.445359,48.6212158],[2.445197,48.6211825],[2.4450116,48.6211743]]}},{"type":"Feature","properties":{"relief":0.717,"sinuosity":0,"highway":"secondary","name":"Boulevard des Coquibus"},"geometry":{"type":"LineString","coordinates":[[2.4450116,48.6211743],[2.4448777,48.6211789],[2.4446454,48.6211991],[2.4444604,48.6212355],[2.4442876,48.6212871],[2.4441481,48.6213549],[2.4438515,48.6215426],[2.4431292,48.6221951],[2.4430691,48.6222487],[2.4429495,48.6223554],[2.4423791,48.6228154],[2.4417328,48.6233647]]}},{"type":"Feature","properties":{"relief":0.758,"sinuosity":0,"highway":"tertiary","name":"Rue de Rivière"},"geometry":{"type":"LineString","coordinates":[[2.4006693,48.3991332],[2.4002101,48.3989009],[2.4001366,48.3988637],[2.4000665,48.3988277],[2.3997142,48.3986469],[2.3993743,48.3984752],[2.3989891,48.3981771],[2.3984624,48.3977251],[2.3982285,48.3975107],[2.3981776,48.3974641],[2.3981539,48.397439],[2.3981044,48.3973867],[2.3980587,48.3973384],[2.3977491,48.3970115]]}},{"type":"Feature","properties":{"relief":0.767,"sinuosity":0,"highway":"primary"},"geometry":{"type":"LineString","coordinates":[[1.6741476,48.8923976],[1.6732259,48.8939926],[1.672783,48.8947834]]}},{"type":"Feature","properties":{"relief":0.68,"sinuosity":0,"highway":"primary"},"geometry":{"type":"LineString","coordinates":[[1.7104392,48.8922465],[1.7095132,48.8924478],[1.7091213,48.8925216],[1.708675,48.8925716],[1.7083075,48.8925516],[1.704183,48.8922895]]}},{"type":"Feature","properties":{"relief":0.75,"sinuosity":0,"highway":"tertiary"},"geometry":{"type":"LineString","coordinates":[[1.9139484,48.8598598],[1.9135265,48.8593867],[1.9132509,48.8591397],[1.9129635,48.8589338],[1.9122847,48.8584666],[1.9116986,48.8579151],[1.9112278,48.857515]]}},{"type":"Feature","properties":{"relief":0.75,"sinuosity":0,"highway":"tertiary"},"geometry":{"type":"LineString","coordinates":[[1.9133513,48.8672195],[1.913267,48.867158],[1.9131231,48.8670584],[1.9129065,48.8669148],[1.9124579,48.8666164],[1.9119691,48.8662878],[1.9104905,48.865301]]}},{"type":"Feature","properties":{"relief":0.9,"sinuosity":0,"highway":"tertiary"},"geometry":{"type":"LineString","coordinates":[[1.910453,48.8628682],[1.9105194,48.8628003],[1.9106106,48.8627306],[1.9107145,48.86266],[1.9108419,48.8625819],[1.910968,48.8625149],[1.9112141,48.862383],[1.9113281,48.8623234],[1.9114581,48.8622789],[1.9115728,48.8622546],[1.9117056,48.8622378],[1.9118316,48.8622334],[1.912012,48.8622347],[1.9123124,48.8622334],[1.9124539,48.8622255],[1.9125686,48.8622158],[1.912704,48.8622003],[1.9128274,48.862177],[1.9129354,48.8621523],[1.91305,48.8621223],[1.9132813,48.8620244],[1.913491,48.861879],[1.9139905,48.861392]]}},{"type":"Feature","properties":{"relief":0.84,"sinuosity":0,"highway":"primary"},"geometry":{"type":"LineString","coordinates":[[2.2292564,48.4485493],[2.2280932,48.448039],[2.2261998,48.4472111],[2.2257372,48.4469475]]}},{"type":"Feature","properties":{"relief":0.737,"sinuosity":0,"highway":"primary"},"geometry":{"type":"LineString","coordinates":[[2.2164314,48.4427761],[2.2160227,48.4427575],[2.2157352,48.4427296],[2.2154083,48.4426711],[2.2146491,48.4424946],[2.2137596,48.4422834],[2.212188,48.4419028]]}},{"type":"Feature","properties":{"relief":0.75,"sinuosity":0,"highway":"primary","name":"Avenue de la République"},"geometry":{"type":"LineString","coordinates":[[2.4067107,48.7623354],[2.4068394,48.7621616],[2.4071573,48.7616773],[2.4072467,48.7615412],[2.4072987,48.7614642],[2.4073624,48.7613987],[2.4074392,48.7612799],[2.4077815,48.7607591],[2.4078491,48.7606016],[2.4079011,48.7605272],[2.4079638,48.7604351],[2.4080255,48.7603529],[2.4080799,48.7602985],[2.4083263,48.7599227]]}},{"type":"Feature","properties":{"relief":0.646,"sinuosity":0,"highway":"secondary","name":"Avenue du Général Leclerc"},"geometry":{"type":"LineString","coordinates":[[2.0990549,48.8893587],[2.0991252,48.8893837],[2.0992523,48.8894264],[2.0993892,48.8894861],[2.0994805,48.8895317],[2.0996674,48.8896276],[2.0998253,48.8897518],[2.1000101,48.8899067],[2.1001043,48.8900189],[2.1002179,48.8901871],[2.100243,48.8902603],[2.1003027,48.890423],[2.1003255,48.8905566],[2.1003295,48.8906024],[2.1003312,48.8906478],[2.1003156,48.8908033],[2.1002953,48.890913],[2.1002374,48.8910943],[2.0992524,48.8931002]]}},{"type":"Feature","properties":{"relief":0.9,"sinuosity":0,"highway":"tertiary","name":"Route de la Ferté-Alais"},"geometry":{"type":"LineString","coordinates":[[2.397108,48.4875212],[2.3990833,48.4868761],[2.4001893,48.4865349],[2.4002079,48.4865291],[2.4005303,48.4864557],[2.4009509,48.4863714]]}},{"type":"Feature","properties":{"relief":0.74,"sinuosity":0,"highway":"tertiary","name":"Rue de la Garenne"},"geometry":{"type":"LineString","coordinates":[[2.1385439,48.7653597],[2.1384371,48.7653126],[2.1378465,48.7647852],[2.1377605,48.7647155],[2.1374431,48.7644299],[2.1373925,48.7643899],[2.1371327,48.7641535],[2.137054,48.7640861],[2.1368328,48.7638952],[2.1366736,48.7637603],[2.1365889,48.7636877],[2.1360462,48.7632145]]}},{"type":"Feature","properties":{"relief":0.893,"sinuosity":0,"highway":"tertiary"},"geometry":{"type":"LineString","coordinates":[[2.5007577,48.356891],[2.5002607,48.3569301],[2.4985036,48.3572331],[2.4982349,48.3572252],[2.4979267,48.3571607],[2.4965621,48.3568127]]}},{"type":"Feature","properties":{"relief":0.506,"sinuosity":0,"highway":"secondary","name":"Rue du Montoir"},"geometry":{"type":"LineString","coordinates":[[2.5858993,48.431218],[2.5861981,48.4314619],[2.5865398,48.4317819],[2.5869125,48.4322636],[2.5869624,48.4323237],[2.5875737,48.4331358],[2.5881866,48.4338886]]}},{"type":"Feature","properties":{"relief":0.557,"sinuosity":0,"highway":"primary","name":"Boulevard de l'Ouest"},"geometry":{"type":"LineString","coordinates":[[1.8198696,48.957677],[1.8205423,48.9574609],[1.8212489,48.9572454],[1.8218072,48.9570935],[1.8223776,48.9569577],[1.8228604,48.9568722],[1.8234545,48.9567914]]}},{"type":"Feature","properties":{"relief":0.63,"sinuosity":0,"highway":"tertiary","name":"Rue de Guercheville"},"geometry":{"type":"LineString","coordinates":[[2.5847403,48.2781143],[2.5847757,48.2781391],[2.5871369,48.2797047],[2.5885127,48.2806414]]}},{"type":"Feature","properties":{"relief":0.392,"sinuosity":0,"highway":"secondary","name":"Avenue du Général Leclerc"},"geometry":{"type":"LineString","coordinates":[[2.4092983,48.2937399],[2.409248,48.2937648],[2.4090952,48.2938298],[2.4089047,48.2938638],[2.4087802,48.2938703],[2.4073652,48.2939399],[2.4066932,48.2939754],[2.4054787,48.2940395]]}},{"type":"Feature","properties":{"relief":0.577,"sinuosity":0,"highway":"secondary","name":"Avenue du Général Leclerc"},"geometry":{"type":"LineString","coordinates":[[2.4912935,48.6239605],[2.4912192,48.6238374],[2.4910666,48.6236555],[2.4908348,48.623298],[2.490611,48.6229447],[2.4904301,48.622674],[2.4903039,48.622438],[2.4902403,48.622253],[2.4902299,48.6221759],[2.490208,48.6220227],[2.4902018,48.6218599],[2.4902121,48.6217077],[2.4902379,48.6215422]]}},{"type":"Feature","properties":{"relief":0.693,"sinuosity":0,"highway":"secondary"},"geometry":{"type":"LineString","coordinates":[[2.9010834,49.0327316],[2.9018346,49.0327059],[2.9029048,49.0326922],[2.9037583,49.0327027],[2.9046185,49.0327293],[2.9053875,49.0327689]]}},{"type":"Feature","properties":{"relief":0.65,"sinuosity":0,"highway":"tertiary","name":"Chemin de Bellebats"},"geometry":{"type":"LineString","coordinates":[[2.2947374,48.665494],[2.2954062,48.6663914],[2.2955451,48.6665905],[2.2961135,48.6674867],[2.296171,48.6676186],[2.2962605,48.6678445]]}},{"type":"Feature","properties":{"relief":0.9,"sinuosity":0,"highway":"secondary","name":"Rue du Moulin"},"geometry":{"type":"LineString","coordinates":[[2.499285,48.4694456],[2.4982677,48.4706171],[2.4978986,48.4710268],[2.4974952,48.4714365],[2.4973276,48.4715529],[2.4958483,48.4724553]]}},{"type":"Feature","properties":{"relief":0.657,"sinuosity":0,"highway":"secondary","name":"Côte de Moignunville"},"geometry":{"type":"LineString","coordinates":[[2.409414,48.3692827],[2.4056425,48.3691753],[2.405246,48.3691733]]}},{"type":"Feature","properties":{"relief":0.633,"sinuosity":0,"highway":"tertiary","name":"Boulevard de l'Ouest"},"geometry":{"type":"LineString","coordinates":[[2.5092902,48.8934794],[2.5094962,48.8931578],[2.5097278,48.8928977],[2.509835,48.8927772],[2.5100215,48.8925838],[2.5101194,48.8924827],[2.5101788,48.8924215],[2.5102424,48.8923558],[2.5104628,48.8921158],[2.5107866,48.8917621],[2.5108777,48.8916625],[2.5112557,48.8912447]]}},{"type":"Feature","properties":{"relief":0.853,"sinuosity":0,"highway":"secondary","name":"Rue de la Ferté-Alais"},"geometry":{"type":"LineString","coordinates":[[2.3759698,48.3976084],[2.375993,48.397429],[2.3760015,48.397239],[2.3759983,48.3968733],[2.3759696,48.3966108],[2.3759409,48.3961227],[2.3759399,48.3961046],[2.3759068,48.3957721],[2.3759044,48.395725],[2.3758773,48.3954219],[2.3758637,48.3951182],[2.3758578,48.3950362]]}},{"type":"Feature","properties":{"relief":0.626,"sinuosity":0.832,"highway":"tertiary"},"geometry":{"type":"LineString","coordinates":[[2.7209573,48.1426171],[2.7217947,48.14279],[2.7228189,48.1428556],[2.723002,48.1428556],[2.7231508,48.1428432],[2.7232892,48.1428257],[2.7234019,48.1427996],[2.7235162,48.1427621],[2.7237024,48.1426667],[2.7237544,48.1425293],[2.7238231,48.1423403],[2.7239518,48.1420941],[2.7241492,48.1419566]]}},{"type":"Feature","properties":{"relief":0.593,"sinuosity":0,"highway":"primary","name":"Route Nationale 7"},"geometry":{"type":"LineString","coordinates":[[2.76791,48.0732311],[2.7678536,48.0734569],[2.7677861,48.0736964],[2.7677186,48.073914],[2.7673929,48.075134],[2.767293,48.0755257],[2.7670208,48.0765699]]}},{"type":"Feature","properties":{"relief":0.516,"sinuosity":0,"highway":"tertiary"},"geometry":{"type":"LineString","coordinates":[[2.9900971,49.0012403],[2.9914801,49.0013276],[2.9918557,49.0013521],[2.992457,49.0013914],[2.9928947,49.00142],[2.9931365,49.0014687],[2.9936076,49.0015625],[2.9937371,49.0015884],[2.9940291,49.0015845]]}},{"type":"Feature","properties":{"relief":0.993,"sinuosity":0.7,"highway":"tertiary"},"geometry":{"type":"LineString","coordinates":[[3.0182647,49.027172],[3.0182126,49.0271556],[3.0181505,49.027157],[3.0179557,49.0271988],[3.0172034,49.0274263],[3.0163729,49.0276774],[3.0158921,49.027817],[3.0154567,49.0279434],[3.0151427,49.0280157],[3.0147975,49.028038],[3.01441,49.0280157]]}},{"type":"Feature","properties":{"relief":0.843,"sinuosity":0.7,"highway":"tertiary"},"geometry":{"type":"LineString","coordinates":[[3.01441,49.0280157],[3.014079,49.0279563],[3.0134594,49.0276892],[3.0131199,49.0275056],[3.0124297,49.0273312],[3.0116064,49.0269825],[3.0108709,49.0265744]]}},{"type":"Feature","properties":{"relief":0.642,"sinuosity":0,"highway":"tertiary"},"geometry":{"type":"LineString","coordinates":[[2.9935102,49.0135199],[2.9927402,49.0130331],[2.9922822,49.0126863],[2.9919369,49.0124314],[2.9915616,49.0122079],[2.9910701,49.0120364],[2.9906551,49.01194],[2.9899917,49.0117772]]}},{"type":"Feature","properties":{"relief":0.63,"sinuosity":0,"highway":"secondary","name":"Rue de Champmotteux"},"geometry":{"type":"LineString","coordinates":[[2.3621205,48.3662982],[2.3625203,48.3664691],[2.3627928,48.3665561],[2.3632304,48.3666583],[2.3705861,48.3681503]]}},{"type":"Feature","properties":{"relief":0.573,"sinuosity":0,"highway":"primary"},"geometry":{"type":"LineString","coordinates":[[1.7729564,48.175954],[1.7714743,48.1753454],[1.7643274,48.172342]]}},{"type":"Feature","properties":{"relief":0.632,"sinuosity":0,"highway":"tertiary"},"geometry":{"type":"LineString","coordinates":[[1.734105,48.1968967],[1.7339585,48.1969785],[1.7337083,48.1971183],[1.7332583,48.1973233],[1.73203,48.19783],[1.73153,48.1980567],[1.7301694,48.1987913]]}},{"type":"Feature","properties":{"relief":0.601,"sinuosity":0,"highway":"primary"},"geometry":{"type":"LineString","coordinates":[[1.6399018,48.6249561],[1.6399369,48.6249433],[1.6402719,48.6248214],[1.6413153,48.6244091],[1.6413373,48.6243998],[1.645478,48.6226944]]}},{"type":"Feature","properties":{"relief":0.793,"sinuosity":0,"highway":"primary","name":"Rue d'Epernon"},"geometry":{"type":"LineString","coordinates":[[1.5509122,48.6501629],[1.5513114,48.6500312],[1.5516073,48.6499651],[1.5519164,48.6499307],[1.552201,48.6499307],[1.5526532,48.6499653],[1.5544266,48.650148],[1.5552791,48.6502327]]}},{"type":"Feature","properties":{"relief":0.556,"sinuosity":0,"highway":"primary","name":"Route Nationale"},"geometry":{"type":"LineString","coordinates":[[1.5038405,48.6570941],[1.506341,48.6559945],[1.5089625,48.6548416]]}},{"type":"Feature","properties":{"relief":0.455,"sinuosity":0,"highway":"primary"},"geometry":{"type":"LineString","coordinates":[[1.4182041,48.7144487],[1.4182882,48.7143683],[1.4183557,48.714293],[1.4185226,48.7140838],[1.4186859,48.7138625],[1.4190579,48.7133417],[1.4197829,48.7123245]]}},{"type":"Feature","properties":{"relief":0.67,"sinuosity":0,"highway":"secondary"},"geometry":{"type":"LineString","coordinates":[[2.497629,48.2383816],[2.4975538,48.2378709],[2.4971409,48.2361518],[2.4970029,48.2355954]]}},{"type":"Feature","properties":{"relief":0.397,"sinuosity":0,"highway":"tertiary","name":"Rue de Beauregard"},"geometry":{"type":"LineString","coordinates":[[1.8489092,48.7580318],[1.8486956,48.7580966],[1.8485095,48.7581594],[1.8482796,48.7582341],[1.8481825,48.7582584],[1.8481045,48.7582779],[1.847853,48.75831],[1.8476469,48.7583174],[1.8474211,48.7582817],[1.8471771,48.7582127],[1.8470517,48.7581495],[1.8469148,48.7580521],[1.8467163,48.7579036],[1.8464832,48.7577854],[1.8462445,48.7576934],[1.845869,48.7575661],[1.8455469,48.7574953]]}},{"type":"Feature","properties":{"relief":0.43,"sinuosity":0,"highway":"primary"},"geometry":{"type":"LineString","coordinates":[[1.8375948,48.1695293],[1.8369779,48.1710617],[1.8363725,48.1725998]]}},{"type":"Feature","properties":{"relief":0.574,"sinuosity":0,"highway":"tertiary","name":"Boulevard de la République"},"geometry":{"type":"LineString","coordinates":[[2.4668719,48.8923342],[2.4660043,48.8928753],[2.4650716,48.8934479],[2.464771,48.8936236],[2.4647143,48.8936567],[2.4646049,48.893723],[2.4645487,48.893758],[2.4643028,48.8939114],[2.4636501,48.8943261]]}},{"type":"Feature","properties":{"relief":0.526,"sinuosity":0,"highway":"secondary"},"geometry":{"type":"LineString","coordinates":[[1.4955574,48.3522652],[1.4956858,48.3528935],[1.4963523,48.3563865]]}},{"type":"Feature","properties":{"relief":0.42,"sinuosity":0,"highway":"motorway","name":"L’Océane"},"geometry":{"type":"LineString","coordinates":[[1.4966875,48.3967737],[1.4976043,48.3987717],[1.4988202,48.4014189]]}},{"type":"Feature","properties":{"relief":0.8,"sinuosity":0,"highway":"motorway","name":"L’Océane"},"geometry":{"type":"LineString","coordinates":[[1.6623249,48.4874797],[1.6636393,48.4879109],[1.6649429,48.488348],[1.6667952,48.4889968]]}},{"type":"Feature","properties":{"relief":0.636,"sinuosity":0,"highway":"motorway","name":"L’Océane"},"geometry":{"type":"LineString","coordinates":[[1.6853918,48.4966257],[1.6884868,48.4979535],[1.690672,48.4988659]]}},{"type":"Feature","properties":{"relief":0.9,"sinuosity":0,"highway":"primary","name":"Boulevard du Grand Fossé"},"geometry":{"type":"LineString","coordinates":[[2.7660347,48.8698497],[2.7662799,48.8703051],[2.7665168,48.8707037],[2.7668582,48.8712204],[2.7670185,48.87144],[2.7671801,48.8716583],[2.7673356,48.8718577],[2.7675569,48.8721325],[2.7679091,48.8725293]]}},{"type":"Feature","properties":{"relief":0.471,"sinuosity":0,"highway":"secondary"},"geometry":{"type":"LineString","coordinates":[[1.8646431,48.7798569],[1.8648581,48.7797919],[1.8649124,48.7797841],[1.866269,48.7795903],[1.8668532,48.7794986],[1.8671621,48.7794349],[1.8675025,48.779344],[1.8677813,48.7792505],[1.8683722,48.7790226]]}},{"type":"Feature","properties":{"relief":0.637,"sinuosity":0,"highway":"primary","name":"Avenue Roger Salengro"},"geometry":{"type":"LineString","coordinates":[[2.3879796,48.9385611],[2.3880369,48.9381973],[2.3881147,48.937734],[2.3881579,48.9374978],[2.3881931,48.9372541],[2.3881996,48.9370331],[2.3881583,48.9368335],[2.3880675,48.9365963],[2.3877822,48.9361813],[2.3877547,48.9361368],[2.3877359,48.9361067],[2.3876208,48.9359724]]}},{"type":"Feature","properties":{"relief":0.394,"sinuosity":0,"highway":"tertiary"},"geometry":{"type":"LineString","coordinates":[[1.5935362,48.2455029],[1.5941356,48.245181],[1.5948603,48.2447588],[1.5952989,48.2444673],[1.5978003,48.2425245]]}},{"type":"Feature","properties":{"relief":0.623,"sinuosity":0,"highway":"tertiary"},"geometry":{"type":"LineString","coordinates":[[1.7643274,48.172342],[1.7642882,48.1723857],[1.7641886,48.1724847],[1.7636237,48.1730463],[1.7616618,48.1750099]]}},{"type":"Feature","properties":{"relief":0.727,"sinuosity":0,"highway":"primary","name":"Boulevard de l'Ouest"},"geometry":{"type":"LineString","coordinates":[[1.8253914,48.9568027],[1.8252194,48.956822],[1.8251519,48.9568264],[1.8250941,48.956824],[1.8249593,48.9567936],[1.8248846,48.9567841],[1.8244453,48.9567839],[1.8240933,48.9567969],[1.8237257,48.9568216],[1.8234628,48.9568491],[1.8231916,48.956879],[1.8224588,48.9569957],[1.8218766,48.9571275],[1.8213014,48.9572912]]}},{"type":"Feature","properties":{"relief":0.727,"sinuosity":0,"highway":"tertiary","name":"Rue Nationale"},"geometry":{"type":"LineString","coordinates":[[2.0335188,49.0289681],[2.0335999,49.0286662],[2.0336422,49.0285231],[2.0336663,49.0284471],[2.0337409,49.0283119],[2.0337613,49.0282908],[2.033834,49.0282156],[2.0338526,49.0281963],[2.0339856,49.0281017],[2.0340191,49.0280826],[2.0341431,49.0280117],[2.0343997,49.027934],[2.0346596,49.0278945],[2.0347376,49.0278694],[2.0349389,49.0277809],[2.0357159,49.027295],[2.0358275,49.0272059],[2.0361643,49.0268819]]}},{"type":"Feature","properties":{"relief":0.9,"sinuosity":0,"highway":"primary"},"geometry":{"type":"LineString","coordinates":[[1.956553,49.0505115],[1.9566205,49.0506943],[1.9566836,49.0508613],[1.9567305,49.0509765],[1.9567814,49.0510942],[1.9568864,49.0513193],[1.9569437,49.0514247],[1.9570054,49.0515311],[1.9570751,49.0516462],[1.9571435,49.0517508],[1.9572179,49.051862],[1.9572911,49.0519653],[1.9573675,49.0520707],[1.9574533,49.0521806],[1.9575405,49.0522887],[1.9576156,49.0523836],[1.9577099,49.0524883],[1.9578047,49.0525902],[1.9579875,49.052781],[1.9580837,49.052875]]}},{"type":"Feature","properties":{"relief":0.642,"sinuosity":0,"highway":"secondary","name":"Route de Fontainebleau"},"geometry":{"type":"LineString","coordinates":[[2.9828062,48.5330589],[2.9812316,48.5315068],[2.9801712,48.5304614]]}},{"type":"Feature","properties":{"relief":1,"sinuosity":0.7,"highway":"primary","name":"Rue du Général de Gaulle"},"geometry":{"type":"LineString","coordinates":[[1.9566799,49.0086729],[1.9571321,49.0085048],[1.9574739,49.0083687],[1.9575369,49.0083434],[1.9576178,49.0083104],[1.9580967,49.0081154],[1.9582597,49.0080028],[1.9583095,49.0079443],[1.9583916,49.0078478],[1.9584894,49.0077329],[1.9586539,49.0076298],[1.9588509,49.0075522],[1.9594092,49.0073771],[1.9596808,49.0072817],[1.9597294,49.0072639],[1.9598677,49.0072141]]}},{"type":"Feature","properties":{"relief":0.9,"sinuosity":0,"highway":"primary"},"geometry":{"type":"LineString","coordinates":[[1.9374822,48.9395529],[1.9377705,48.9392657],[1.9381745,48.9389208],[1.9383667,48.9387651],[1.9385057,48.9386584],[1.9385961,48.9385995],[1.9386993,48.9385396],[1.9388248,48.9384761],[1.9389313,48.938426],[1.9390581,48.9383735],[1.9391988,48.9383251],[1.9394302,48.9382634],[1.9397819,48.9381775],[1.940045,48.9381209],[1.9429162,48.9374782]]}},{"type":"Feature","properties":{"relief":0.413,"sinuosity":0.658,"highway":"primary"},"geometry":{"type":"LineString","coordinates":[[1.868655,48.085381],[1.868522,48.0854096],[1.8683905,48.0854619],[1.868197,48.0855961],[1.8678357,48.0858807],[1.8676392,48.0860478],[1.8672024,48.086396],[1.8668413,48.0867119],[1.8668164,48.0867337],[1.8666791,48.0868656],[1.8663329,48.0872417],[1.8660647,48.0876237]]}},{"type":"Feature","properties":{"relief":0.583,"sinuosity":0,"highway":"secondary"},"geometry":{"type":"LineString","coordinates":[[1.5886416,48.2630283],[1.5881355,48.2629332],[1.5876529,48.2628165],[1.5872616,48.2627109],[1.5868619,48.2625868],[1.5864081,48.2624246],[1.5862102,48.2623471],[1.5858933,48.2622174],[1.5855611,48.2620666],[1.5852471,48.2619088]]}},{"type":"Feature","properties":{"relief":0.75,"sinuosity":0,"highway":"tertiary","name":"Rue Blaise Pascal"},"geometry":{"type":"LineString","coordinates":[[1.9309349,48.7567449],[1.9309485,48.7568271],[1.9310694,48.756931],[1.9320908,48.7578151],[1.9331926,48.7587725]]}},{"type":"Feature","properties":{"relief":0.9,"sinuosity":0,"highway":"tertiary","name":"Avenue du Pressoir"},"geometry":{"type":"LineString","coordinates":[[1.9570214,48.8043472],[1.9571208,48.8042833],[1.957279,48.8041648],[1.9574313,48.8040383],[1.957452,48.8040211],[1.9575049,48.803953],[1.9575727,48.8038656],[1.9576758,48.8035336],[1.9576799,48.803005],[1.9576903,48.8026993],[1.9576995,48.8024866],[1.9577092,48.8024213],[1.9577277,48.8023571],[1.9577635,48.802296],[1.9578028,48.8022513],[1.9579028,48.8021656],[1.9580267,48.8021015],[1.9581857,48.8020552]]}},{"type":"Feature","properties":{"relief":0.537,"sinuosity":0,"highway":"secondary"},"geometry":{"type":"LineString","coordinates":[[1.9244898,48.8951525],[1.9246464,48.8948164],[1.9246304,48.894328],[1.9245626,48.8937594],[1.9245558,48.893623],[1.9245391,48.8934647],[1.9245126,48.8931884],[1.9244505,48.8924604]]}},{"type":"Feature","properties":{"relief":0.613,"sinuosity":0,"highway":"tertiary"},"geometry":{"type":"LineString","coordinates":[[3.0410166,49.0086117],[3.0407549,49.0086513],[3.0404047,49.0086645],[3.0399297,49.0086883],[3.039652,49.0087252],[3.0394829,49.008749],[3.0392897,49.0087992],[3.038851,49.0089681],[3.0380499,49.0093087],[3.03743,49.0095781]]}},{"type":"Feature","properties":{"relief":0.522,"sinuosity":0.71,"highway":"trunk_link"},"geometry":{"type":"LineString","coordinates":[[2.8999977,48.6963143],[2.9000869,48.6962643],[2.9003411,48.6961685],[2.9005764,48.696079],[2.9008721,48.6960475],[2.9011503,48.6960969],[2.9014379,48.6961852],[2.9017588,48.6962953],[2.902016,48.6963385],[2.9022603,48.6963318],[2.9024615,48.6963127],[2.9027684,48.6962338],[2.9034153,48.696005],[2.9038679,48.6959078]]}},{"type":"Feature","properties":{"relief":0.463,"sinuosity":0,"highway":"trunk"},"geometry":{"type":"LineString","coordinates":[[2.8792918,48.9420892],[2.8793585,48.9420142],[2.8793853,48.9419384],[2.8794363,48.9413588],[2.8795618,48.9397242],[2.8801278,48.9328214]]}},{"type":"Feature","properties":{"relief":0.9,"sinuosity":0,"highway":"primary","name":"Boulevard Exelmans"},"geometry":{"type":"LineString","coordinates":[[2.2586805,48.8453291],[2.2586667,48.8454456],[2.2586626,48.8456805],[2.2587271,48.846028],[2.2588355,48.8463312],[2.2589939,48.8466876],[2.259062,48.8468358],[2.2591647,48.8470164],[2.2592901,48.8472243],[2.2596882,48.8477572]]}},{"type":"Feature","properties":{"relief":0.568,"sinuosity":0,"highway":"secondary"},"geometry":{"type":"LineString","coordinates":[[2.9487366,49.017836],[2.9478587,49.0172156],[2.9460926,49.0159706]]}},{"type":"Feature","properties":{"relief":0.75,"sinuosity":0,"highway":"tertiary","name":"Boulevard Jules Sandeau"},"geometry":{"type":"LineString","coordinates":[[2.2719723,48.8638535],[2.2719829,48.8637745],[2.2720494,48.8634363],[2.2721655,48.8630303],[2.2721854,48.8629739],[2.2722087,48.8629073],[2.2723097,48.8626555],[2.2723613,48.8625421],[2.2725338,48.8622184],[2.2725974,48.8621406],[2.2726525,48.862074],[2.2727916,48.8619098],[2.2730544,48.8616748],[2.2732815,48.8614248]]}},{"type":"Feature","properties":{"relief":0.459,"sinuosity":0,"highway":"primary"},"geometry":{"type":"LineString","coordinates":[[2.8579153,48.968278],[2.8575011,48.9689112],[2.8572328,48.9693767],[2.8571031,48.9696791],[2.8569998,48.9699432],[2.8569156,48.970249],[2.8568479,48.9705556],[2.8568048,48.970824]]}},{"type":"Feature","properties":{"relief":0.428,"sinuosity":0,"highway":"primary"},"geometry":{"type":"LineString","coordinates":[[2.8572698,48.9733188],[2.8574774,48.9736793],[2.8577279,48.9740574],[2.8579735,48.9743745],[2.8582275,48.9746548],[2.8585347,48.9749521],[2.8587433,48.9751423],[2.8590767,48.9754124],[2.8593075,48.9755844]]}},{"type":"Feature","properties":{"relief":0.543,"sinuosity":0,"highway":"trunk"},"geometry":{"type":"LineString","coordinates":[[2.8566046,48.9491565],[2.8566268,48.9492602],[2.8566978,48.9494023],[2.8568384,48.9496401],[2.8569885,48.949907],[2.857157,48.9502666],[2.8573333,48.9506455],[2.8574616,48.9509929],[2.8575978,48.9515509],[2.8577181,48.9523299]]}},{"type":"Feature","properties":{"relief":0.75,"sinuosity":0,"highway":"tertiary"},"geometry":{"type":"LineString","coordinates":[[2.3329581,49.1166719],[2.332946,49.1167459],[2.3329449,49.116885],[2.3329544,49.117],[2.3329697,49.1171367],[2.3330073,49.1173737],[2.333074,49.117671],[2.333128,49.1179117],[2.333172,49.1180556],[2.3335713,49.1191066],[2.3335992,49.1191975]]}},{"type":"Feature","properties":{"relief":0.75,"sinuosity":0,"highway":"tertiary","name":"Rue de Verville"},"geometry":{"type":"LineString","coordinates":[[2.1832397,48.5948937],[2.1829681,48.5949514],[2.1820642,48.5951616],[2.1816283,48.5952662],[2.1813588,48.5953292],[2.1811999,48.5953585],[2.1809933,48.595386],[2.1808378,48.5953984],[2.1805186,48.5954015],[2.1800365,48.5953855],[2.1794678,48.5953648]]}},{"type":"Feature","properties":{"relief":0.9,"sinuosity":0,"highway":"tertiary","name":"Rue Henri Barbusse"},"geometry":{"type":"LineString","coordinates":[[2.2381816,48.9360745],[2.2382758,48.9361276],[2.2396896,48.9368918],[2.2401125,48.9371236],[2.2411822,48.93771]]}},{"type":"Feature","properties":{"relief":0.709,"sinuosity":0,"highway":"tertiary","name":"Route de Boissy"},"geometry":{"type":"LineString","coordinates":[[1.7787597,48.8084629],[1.7786802,48.8083537],[1.7786542,48.8083165],[1.7786057,48.8082567],[1.7785163,48.8081519],[1.7784218,48.8080434],[1.7783344,48.807934],[1.7780833,48.8076246],[1.7777977,48.8073213],[1.7774917,48.8070368],[1.7772251,48.8067724],[1.777115,48.8066649],[1.7770217,48.8065783],[1.7769316,48.806495],[1.7768239,48.8064035],[1.7766836,48.806269]]}},{"type":"Feature","properties":{"relief":0.887,"sinuosity":0,"highway":"trunk_link"},"geometry":{"type":"LineString","coordinates":[[1.7309028,48.7980545],[1.7313446,48.7980696],[1.7334606,48.798195],[1.7346771,48.7982696],[1.7348339,48.7983383]]}},{"type":"Feature","properties":{"relief":0.532,"sinuosity":0,"highway":"tertiary","name":"Avenue de la Résistance"},"geometry":{"type":"LineString","coordinates":[[2.5880602,48.8789705],[2.5880137,48.8789351],[2.5879542,48.8788975],[2.5873707,48.8784809],[2.5873079,48.8784359],[2.5869117,48.8781565],[2.5868951,48.8781448],[2.5867269,48.8780317],[2.5863131,48.877738],[2.5862393,48.8776872],[2.5858788,48.877434],[2.58564,48.8772675],[2.5853807,48.8770829]]}},{"type":"Feature","properties":{"relief":0.506,"sinuosity":0,"highway":"motorway"},"geometry":{"type":"LineString","coordinates":[[3.1761056,48.1742961],[3.1762049,48.1735788],[3.176457,48.1718008],[3.1765938,48.1707222]]}},{"type":"Feature","properties":{"relief":0.71,"sinuosity":0,"highway":"motorway"},"geometry":{"type":"LineString","coordinates":[[3.1727542,48.1569269],[3.1723202,48.1562606],[3.1718676,48.1555985],[3.1714064,48.1549587],[3.1709178,48.1543208]]}},{"type":"Feature","properties":{"relief":0.75,"sinuosity":0,"highway":"motorway"},"geometry":{"type":"LineString","coordinates":[[3.2614168,48.2413957],[3.2623292,48.2420513],[3.2628402,48.2424375],[3.2633439,48.2428298],[3.2640971,48.2434496]]}},{"type":"Feature","properties":{"relief":0.84,"sinuosity":0,"highway":"secondary","name":"Rue de Barbeau"},"geometry":{"type":"LineString","coordinates":[[2.7671327,48.4523801],[2.7672174,48.4524998],[2.7672655,48.4525735],[2.7673038,48.4526342],[2.7675221,48.4529477],[2.7676132,48.4530744],[2.767716,48.4532304],[2.7677899,48.4533206],[2.7678561,48.4533879],[2.7679356,48.4534686],[2.7680716,48.4536052],[2.7682128,48.453747],[2.7683376,48.4538839],[2.7684404,48.4540186],[2.768544,48.4541663],[2.7690166,48.4549805]]}},{"type":"Feature","properties":{"relief":0.75,"sinuosity":0,"highway":"tertiary","name":"Boulevard du Général Leclerc"},"geometry":{"type":"LineString","coordinates":[[2.2277968,48.9380632],[2.2277831,48.9380397],[2.2277677,48.9380159],[2.227563,48.9377303],[2.2274103,48.9375358],[2.227311,48.9373991],[2.227268,48.9373427],[2.2268886,48.9368478],[2.2268732,48.9368277],[2.2267592,48.9366856],[2.2266908,48.9365892],[2.2266112,48.9364732],[2.2265399,48.9363575],[2.2264702,48.9362218],[2.2264128,48.9361019],[2.2263952,48.9360583],[2.2263633,48.9359793],[2.2257668,48.9343546]]}},{"type":"Feature","properties":{"relief":0.495,"sinuosity":0.7,"highway":"primary","name":"Boulevard Paul Pambrun"},"geometry":{"type":"LineString","coordinates":[[2.5431289,48.847237],[2.543279,48.8472702],[2.5433908,48.8473141],[2.5435088,48.8473749],[2.5438876,48.8477153],[2.5441123,48.847934],[2.5442202,48.8480316],[2.5445081,48.848314],[2.5446297,48.8484242],[2.5446572,48.8484494],[2.5447224,48.8484973],[2.5448695,48.8485649],[2.5452913,48.8487026],[2.5455203,48.8487687],[2.5456284,48.8488074],[2.5460447,48.8489624]]}},{"type":"Feature","properties":{"relief":0.563,"sinuosity":0,"highway":"secondary","name":"Route de Galluis"},"geometry":{"type":"LineString","coordinates":[[1.775224,48.8046514],[1.7753304,48.8046082],[1.7754615,48.8045596],[1.7756513,48.8044791],[1.7759065,48.8043416],[1.775972,48.8043],[1.7760494,48.8042547],[1.776143,48.8042],[1.776302,48.80411],[1.776462,48.80401],[1.776627,48.80391],[1.7771721,48.803553],[1.7778766,48.8030916],[1.7781613,48.8029052]]}},{"type":"Feature","properties":{"relief":0.392,"sinuosity":0,"highway":"tertiary"},"geometry":{"type":"LineString","coordinates":[[1.5217,49.02747],[1.52184,49.02811],[1.521957,49.0288],[1.522162,49.0295],[1.522248,49.02973],[1.522415,49.03017]]}},{"type":"Feature","properties":{"relief":0.9,"sinuosity":0,"highway":"tertiary","name":"Boulevard de Beauséjour"},"geometry":{"type":"LineString","coordinates":[[2.2725953,48.8580299],[2.2724647,48.8579974],[2.2719223,48.8578402],[2.2711931,48.857694],[2.2703066,48.8575162],[2.2701075,48.8574715],[2.2699931,48.8574499],[2.2693963,48.8573253],[2.2693073,48.8573069],[2.2670302,48.856832]]}},{"type":"Feature","properties":{"relief":0.9,"sinuosity":0,"highway":"primary","name":"Boulevard Vincent Auriol"},"geometry":{"type":"LineString","coordinates":[[2.3634004,48.8335261],[2.3631947,48.8334606],[2.3619809,48.8330483],[2.3618393,48.8329985],[2.3616763,48.8329422],[2.3602582,48.832481],[2.3590953,48.8320825]]}},{"type":"Feature","properties":{"relief":0.65,"sinuosity":0,"highway":"secondary","name":"Route de Gallardon"},"geometry":{"type":"LineString","coordinates":[[1.7792578,48.467994],[1.7792034,48.468048],[1.779128,48.4681229],[1.7790446,48.4681914],[1.7788849,48.4683226],[1.7786542,48.4685136],[1.7786048,48.4685546],[1.7783636,48.4687209],[1.7780368,48.4688747],[1.7776832,48.4690073],[1.7776386,48.469024],[1.776595,48.4694264],[1.7762737,48.4695731]]}},{"type":"Feature","properties":{"relief":0.386,"sinuosity":0,"highway":"secondary"},"geometry":{"type":"LineString","coordinates":[[2.3594505,48.5636551],[2.3610727,48.5643367],[2.3619997,48.5648195],[2.3626251,48.5653251]]}},{"type":"Feature","properties":{"relief":0.74,"sinuosity":0,"highway":"secondary","name":"Rue du Pré de Bray"},"geometry":{"type":"LineString","coordinates":[[2.813435,48.8590215],[2.8131468,48.8590229],[2.8127099,48.8590318],[2.8125357,48.8590415],[2.8124141,48.859054],[2.8122849,48.859071],[2.8121299,48.8591009],[2.811942,48.8591461],[2.8117759,48.8591988],[2.8116088,48.8592627],[2.8114593,48.8593352],[2.8113059,48.8594186],[2.8112216,48.8594782],[2.8110933,48.859569],[2.8109626,48.8596706],[2.8108772,48.8597314],[2.8107313,48.859843],[2.8106344,48.85991],[2.8104123,48.8600728],[2.8100434,48.8603471]]}},{"type":"Feature","properties":{"relief":0.71,"sinuosity":0,"highway":"tertiary","name":"Route de Versailles"},"geometry":{"type":"LineString","coordinates":[[2.0308359,48.7125737],[2.0297241,48.7126705],[2.029529,48.7126829],[2.0292883,48.7126891],[2.0290489,48.7126807],[2.0288088,48.712667],[2.0287284,48.7126608],[2.028322,48.7126113],[2.0274281,48.7124998],[2.0272357,48.7124896],[2.0261796,48.7124794]]}},{"type":"Feature","properties":{"relief":0.409,"sinuosity":0,"highway":"trunk_link"},"geometry":{"type":"LineString","coordinates":[[2.630308,48.8447371],[2.6304565,48.8448054],[2.630575,48.8448985],[2.630738,48.8450207],[2.6308229,48.8450757],[2.6309865,48.8451652],[2.6311948,48.84526],[2.6313868,48.8453314],[2.6315308,48.8453773],[2.631758,48.8454343],[2.6319512,48.8454711],[2.6321447,48.8454995],[2.6324198,48.8455203],[2.6326669,48.8455254],[2.632973,48.8455203],[2.6340385,48.8454548]]}},{"type":"Feature","properties":{"relief":0.843,"sinuosity":0.7,"highway":"tertiary","name":"Rue de la République"},"geometry":{"type":"LineString","coordinates":[[2.6170367,48.9368826],[2.6170686,48.9370796],[2.6170152,48.9371896],[2.6168604,48.9372974],[2.6166406,48.9373761],[2.6165033,48.9374637],[2.6163656,48.937584],[2.6162082,48.9379046],[2.6161147,48.9380786],[2.6159177,48.9384451],[2.6158245,48.9386186],[2.6156654,48.9389643],[2.615641,48.9390062],[2.6154326,48.9393946]]}},{"type":"Feature","properties":{"relief":0.703,"sinuosity":0,"highway":"motorway","name":"Autoroute de l’Est"},"geometry":{"type":"LineString","coordinates":[[3.5749968,49.1280558],[3.5771487,49.128031],[3.5781504,49.1280298],[3.5790871,49.1280287]]}},{"type":"Feature","properties":{"relief":0.75,"sinuosity":0,"highway":"tertiary","name":"Rue Gagnée"},"geometry":{"type":"LineString","coordinates":[[2.3794008,48.8014753],[2.3794953,48.8015216],[2.3795292,48.801539],[2.3795661,48.8015583],[2.379895,48.8017293],[2.3805588,48.8020803],[2.3813288,48.8024874],[2.381398,48.8025241],[2.3814602,48.802561],[2.3815432,48.8026221],[2.3820804,48.8029885],[2.3822712,48.8030962],[2.3824002,48.8031639]]}},{"type":"Feature","properties":{"relief":0.85,"sinuosity":0.7,"highway":"tertiary"},"geometry":{"type":"LineString","coordinates":[[2.1814543,48.5345325],[2.1822525,48.5342597],[2.1824843,48.5341687],[2.1826645,48.5340437],[2.1828276,48.5338391],[2.1829408,48.5336356],[2.1830078,48.5335151],[2.1831795,48.5332025],[2.1834112,48.5329581],[2.1837546,48.5327421],[2.184158,48.5325375]]}},{"type":"Feature","properties":{"relief":0.9,"sinuosity":0,"highway":"tertiary"},"geometry":{"type":"LineString","coordinates":[[2.184158,48.5325375],[2.1846729,48.53235],[2.1851708,48.5322136],[2.1876427,48.5316395],[2.1882924,48.5315227]]}},{"type":"Feature","properties":{"relief":0.9,"sinuosity":0,"highway":"tertiary","name":"Chemin de Mauchamps à Itteville"},"geometry":{"type":"LineString","coordinates":[[2.2137153,48.533261],[2.2153045,48.5328814],[2.2160505,48.5326905],[2.2168543,48.5324943],[2.2186137,48.5321103]]}},{"type":"Feature","properties":{"relief":0.748,"sinuosity":0,"highway":"primary"},"geometry":{"type":"LineString","coordinates":[[2.8468408,48.9354304],[2.8472528,48.9356392],[2.8475505,48.9358166],[2.8477755,48.9360083],[2.8479971,48.9362337],[2.8481543,48.9364747],[2.8485463,48.9374806],[2.8489509,48.9385187]]}},{"type":"Feature","properties":{"relief":0.757,"sinuosity":0.7,"highway":"tertiary","name":"Route de Cheptainville"},"geometry":{"type":"LineString","coordinates":[[2.2718346,48.5307842],[2.2720523,48.5310973],[2.2721373,48.5313578],[2.2721051,48.5316196],[2.2720525,48.5318464],[2.2717186,48.5325082],[2.2716299,48.5327325],[2.271665,48.5329388],[2.2718123,48.5331576],[2.2722165,48.5336459]]}},{"type":"Feature","properties":{"relief":0.566,"sinuosity":0,"highway":"secondary","name":"Boulevard du Maréchal Foch"},"geometry":{"type":"LineString","coordinates":[[2.5371518,48.8479412],[2.5370317,48.8479316],[2.5369507,48.8479235],[2.5364081,48.8478791],[2.5351222,48.847774],[2.5350141,48.8477584],[2.5348692,48.8477352],[2.5344834,48.8476586],[2.5331197,48.8471597]]}},{"type":"Feature","properties":{"relief":0.643,"sinuosity":0,"highway":"secondary","name":"Route de Sens"},"geometry":{"type":"LineString","coordinates":[[2.724883,48.2595333],[2.7247757,48.2595405],[2.722813,48.2596624],[2.7205843,48.2597981]]}},{"type":"Feature","properties":{"relief":0.75,"sinuosity":0,"highway":"primary","name":"Boulevard Souchet"},"geometry":{"type":"LineString","coordinates":[[2.5438788,48.8485085],[2.5438314,48.8485012],[2.543615,48.8484724],[2.5431234,48.8484297],[2.5425295,48.848381],[2.5422962,48.8483616],[2.5421562,48.84835],[2.5420428,48.8483425],[2.5415139,48.8483022],[2.541254,48.8482773],[2.5408807,48.8482464],[2.5406313,48.8482244],[2.5402297,48.8481895],[2.5392533,48.8481045]]}},{"type":"Feature","properties":{"relief":0.75,"sinuosity":0,"highway":"trunk_link"},"geometry":{"type":"LineString","coordinates":[[2.0472321,49.0556558],[2.0473301,49.0556768],[2.0474134,49.0556875],[2.0475233,49.0556953],[2.0476668,49.0556988],[2.0479079,49.0556969],[2.0481428,49.0556927],[2.0484044,49.0556839],[2.0486306,49.0556705],[2.048911,49.0556472],[2.0491661,49.0556241],[2.049429,49.0555933],[2.0496999,49.0555529],[2.0500571,49.055502],[2.0513,49.0553257]]}},{"type":"Feature","properties":{"relief":0.597,"sinuosity":0,"highway":"secondary"},"geometry":{"type":"LineString","coordinates":[[3.0822186,49.2787945],[3.0828557,49.2774131],[3.0832438,49.2765257],[3.0832871,49.2764268],[3.0840675,49.2746996]]}},{"type":"Feature","properties":{"relief":0.873,"sinuosity":0,"highway":"tertiary"},"geometry":{"type":"LineString","coordinates":[[1.8606158,48.7128017],[1.8592667,48.7115532],[1.8588499,48.71117],[1.855763,48.7083321]]}},{"type":"Feature","properties":{"relief":0.727,"sinuosity":0,"highway":"tertiary"},"geometry":{"type":"LineString","coordinates":[[1.4492964,48.2618471],[1.4492379,48.262067],[1.4491179,48.2622972],[1.4481459,48.2639925],[1.4478076,48.2643484]]}},{"type":"Feature","properties":{"relief":0.867,"sinuosity":0,"highway":"tertiary","name":"Avenue du Clos Saint-Georges"},"geometry":{"type":"LineString","coordinates":[[2.7196739,48.8439651],[2.719818,48.8439825],[2.7200241,48.8440074],[2.7200801,48.8440135],[2.72012,48.8440195],[2.7203551,48.8440484],[2.720708,48.8440912],[2.7209757,48.8441236],[2.7216253,48.844202],[2.722991,48.8443646],[2.7232141,48.8443912],[2.7233672,48.8444092],[2.7234201,48.8444157],[2.7234721,48.8444222]]}},{"type":"Feature","properties":{"relief":0.75,"sinuosity":0,"highway":"secondary"},"geometry":{"type":"LineString","coordinates":[[2.1428908,48.3514009],[2.1434543,48.3518875],[2.1438426,48.3521797],[2.1439799,48.3522539],[2.144246,48.3523794],[2.1444262,48.3524478],[2.1451987,48.3527159],[2.1458167,48.352944]]}},{"type":"Feature","properties":{"relief":0.757,"sinuosity":0.373,"highway":"secondary","name":"Boulevard du Pavé de Fontenelle"},"geometry":{"type":"LineString","coordinates":[[2.7312937,48.84558],[2.7312784,48.8456238],[2.7312651,48.8456634],[2.7312665,48.8458054],[2.731319,48.8459445],[2.7318339,48.8467059],[2.7319242,48.8468349],[2.7320098,48.8469633],[2.7334182,48.8489901]]}},{"type":"Feature","properties":{"relief":0.597,"sinuosity":0,"highway":"primary","name":"Route de Chantilly"},"geometry":{"type":"LineString","coordinates":[[2.9951718,49.2363223],[2.9947318,49.236255],[2.9946857,49.2362466],[2.9941986,49.2361718],[2.9911659,49.2357061]]}},{"type":"Feature","properties":{"relief":0.424,"sinuosity":0,"highway":"primary"},"geometry":{"type":"LineString","coordinates":[[2.5873155,49.2247937],[2.5879705,49.2245309],[2.5884961,49.2242842],[2.5890938,49.2239533],[2.5898792,49.2234762],[2.5907524,49.2229057]]}},{"type":"Feature","properties":{"relief":0.9,"sinuosity":0,"highway":"tertiary","name":"Avenue des Arts"},"geometry":{"type":"LineString","coordinates":[[2.5587753,48.8942019],[2.5584159,48.8938321],[2.5583216,48.8937331],[2.5581916,48.8935982],[2.5575106,48.8928966],[2.5574151,48.892801],[2.5573047,48.8926784],[2.5566288,48.8919799]]}},{"type":"Feature","properties":{"relief":0.75,"sinuosity":0,"highway":"primary"},"geometry":{"type":"LineString","coordinates":[[2.1735959,48.3515857],[2.1723855,48.3526848],[2.1690946,48.3556811]]}},{"type":"Feature","properties":{"relief":0.75,"sinuosity":0,"highway":"primary","name":"Boulevard Ornano"},"geometry":{"type":"LineString","coordinates":[[2.3496036,48.8915703],[2.349577,48.8916826],[2.3495604,48.8917407],[2.349517,48.8918013],[2.349262,48.892102],[2.3491293,48.8922565],[2.3490996,48.892293],[2.3490444,48.8923624],[2.3488082,48.8926537],[2.348693,48.8927849],[2.3482627,48.8932791],[2.3480881,48.8934943],[2.3480564,48.8935307],[2.3479475,48.8936558],[2.3478135,48.8938298]]}},{"type":"Feature","properties":{"relief":0.388,"sinuosity":0,"highway":"primary","name":"Avenue de Flandre"},"geometry":{"type":"LineString","coordinates":[[2.3791234,48.892308],[2.3792802,48.8924287],[2.3795496,48.8926376],[2.3799515,48.8929492],[2.380072,48.8930427],[2.3801906,48.893134],[2.3815517,48.8942067],[2.3817076,48.8943154]]}},{"type":"Feature","properties":{"relief":0.55,"sinuosity":0,"highway":"secondary","name":"Rue du 19 Mars 1962"},"geometry":{"type":"LineString","coordinates":[[2.5420287,48.8917761],[2.5421186,48.8919211],[2.5421655,48.8920141],[2.5422091,48.8921398],[2.5422315,48.8923176],[2.5422312,48.8924903],[2.5421987,48.892642],[2.5421964,48.892653],[2.5421186,48.892824],[2.5420495,48.8929404],[2.5418463,48.8932759],[2.5418054,48.8933588],[2.5417793,48.8934575],[2.5417766,48.8935598],[2.5417867,48.8936572],[2.5419053,48.8938614],[2.5419778,48.8939752],[2.5423242,48.8944269]]}},{"type":"Feature","properties":{"relief":0.374,"sinuosity":0,"highway":"tertiary"},"geometry":{"type":"LineString","coordinates":[[1.4607267,48.6187984],[1.4610669,48.6187679],[1.4634838,48.6190945],[1.4640406,48.6192522],[1.465607,48.6198756]]}},{"type":"Feature","properties":{"relief":0.423,"sinuosity":0,"highway":"tertiary","name":"Rue de la République"},"geometry":{"type":"LineString","coordinates":[[1.4639073,48.4492292],[1.4638314,48.4492367],[1.4635834,48.4492629],[1.462355,48.4493687],[1.4617388,48.4494313],[1.4610625,48.449473],[1.4607321,48.4494934],[1.4603714,48.4494982],[1.4601522,48.449498],[1.4599336,48.4495084]]}},{"type":"Feature","properties":{"relief":0.467,"sinuosity":0,"highway":"secondary"},"geometry":{"type":"LineString","coordinates":[[2.2741785,48.5652716],[2.2738816,48.5651073],[2.2735567,48.5649747],[2.2731855,48.5648624],[2.2728084,48.5647775],[2.2724238,48.5647301],[2.2720346,48.5647059],[2.2716486,48.5647257],[2.2712651,48.56476],[2.2705036,48.5649266]]}},{"type":"Feature","properties":{"relief":0.537,"sinuosity":0,"highway":"secondary"},"geometry":{"type":"LineString","coordinates":[[2.4041576,48.5275659],[2.4057849,48.5279718],[2.4061066,48.5280375],[2.406464,48.5280909],[2.4071199,48.5281708],[2.411662,48.5285985]]}},{"type":"Feature","properties":{"relief":0.435,"sinuosity":0,"highway":"primary"},"geometry":{"type":"LineString","coordinates":[[2.7639781,48.1279694],[2.7639869,48.1261939],[2.7639949,48.1251681]]}},{"type":"Feature","properties":{"relief":0.78,"sinuosity":0,"highway":"secondary"},"geometry":{"type":"LineString","coordinates":[[3.3088508,48.8947422],[3.3088428,48.8945535],[3.3087999,48.8943807],[3.3087355,48.8942273],[3.3086121,48.8940597],[3.3078611,48.893506],[3.3075741,48.8932715],[3.3072522,48.8929717],[3.3069411,48.8925802]]}},{"type":"Feature","properties":{"relief":0.75,"sinuosity":0,"highway":"secondary"},"geometry":{"type":"LineString","coordinates":[[3.3069411,48.8925802],[3.3067828,48.8923915],[3.3062786,48.8920529],[3.3037197,48.8907312]]}},{"type":"Feature","properties":{"relief":0.75,"sinuosity":0,"highway":"motorway"},"geometry":{"type":"LineString","coordinates":[[2.0939786,48.9114592],[2.090253,48.9110175],[2.0875518,48.9107071]]}},{"type":"Feature","properties":{"relief":0.9,"sinuosity":0,"highway":"secondary"},"geometry":{"type":"LineString","coordinates":[[3.3037371,48.8579406],[3.3043224,48.8581609],[3.3048233,48.8582803],[3.3053626,48.8583442],[3.3057371,48.8583552],[3.3061714,48.8583331],[3.3065919,48.858272],[3.3070682,48.8581442],[3.3080078,48.8578103]]}},{"type":"Feature","properties":{"relief":0.474,"sinuosity":0.7,"highway":"tertiary","name":"Route de Lardy"},"geometry":{"type":"LineString","coordinates":[[2.2730048,48.5382954],[2.2726888,48.5391313],[2.2726085,48.5393354],[2.2725273,48.5394603],[2.2724582,48.5395665],[2.2722306,48.5397542],[2.2718885,48.5399307],[2.2713416,48.540129],[2.2712474,48.5401601],[2.2710897,48.5402604],[2.2710047,48.5403668]]}},{"type":"Feature","properties":{"relief":0.675,"sinuosity":0,"highway":"secondary"},"geometry":{"type":"LineString","coordinates":[[2.3629785,48.3183303],[2.3621202,48.3195815],[2.3618875,48.3199137],[2.3617306,48.3201541],[2.3616485,48.3203121],[2.3615757,48.3204537],[2.3615161,48.3205839],[2.3613846,48.3208853]]}},{"type":"Feature","properties":{"relief":0.453,"sinuosity":0,"highway":"secondary"},"geometry":{"type":"LineString","coordinates":[[2.3581258,48.3391186],[2.3582853,48.339258],[2.3584275,48.3393699],[2.3585405,48.3394303],[2.3587373,48.3395216],[2.3590445,48.3396382],[2.3627146,48.3410353]]}},{"type":"Feature","properties":{"relief":0.75,"sinuosity":0,"highway":"tertiary","name":"Avenue du 8 Mai 1945"},"geometry":{"type":"LineString","coordinates":[[2.5428596,48.8097295],[2.5427888,48.8096558],[2.5425048,48.8095381],[2.5421458,48.8093893],[2.5409427,48.8089015],[2.5408865,48.8088761],[2.5407722,48.8088257],[2.5407133,48.8088013],[2.5404162,48.8086781],[2.5399103,48.8084683],[2.5394277,48.8082682]]}},{"type":"Feature","properties":{"relief":0.661,"sinuosity":0,"highway":"primary"},"geometry":{"type":"LineString","coordinates":[[1.9925873,48.305029],[1.9926393,48.3061339],[1.9927045,48.3076218]]}},{"type":"Feature","properties":{"relief":0.993,"sinuosity":0.7,"highway":"tertiary","name":"Avenue du Parc"},"geometry":{"type":"LineString","coordinates":[[2.6126634,48.9392571],[2.6126541,48.9391989],[2.6126657,48.9391572],[2.6127069,48.939106],[2.6127387,48.9390402],[2.612878,48.9385147],[2.6131315,48.9376863],[2.6133067,48.9369973],[2.6133527,48.9368284],[2.6133586,48.9368089],[2.6133832,48.9367163]]}},{"type":"Feature","properties":{"relief":0.395,"sinuosity":0,"highway":"tertiary"},"geometry":{"type":"LineString","coordinates":[[2.7222837,48.3817106],[2.7223905,48.3814473],[2.7226154,48.3808929],[2.7227607,48.3805707],[2.7229206,48.380297],[2.7231493,48.3799679],[2.7242085,48.3785242]]}},{"type":"Feature","properties":{"relief":0.769,"sinuosity":0.795,"highway":"tertiary","name":"Avenue de Boursonne"},"geometry":{"type":"LineString","coordinates":[[3.081921,49.2386183],[3.0819681,49.2386375],[3.0823516,49.2388283],[3.082467,49.2388862],[3.0826917,49.2389865],[3.0828519,49.2391123],[3.0828693,49.2391458],[3.0828916,49.23919],[3.082898,49.2392368],[3.082885,49.2393065],[3.0827408,49.2395734],[3.0826693,49.239691],[3.0822256,49.2404862],[3.0821991,49.2405608],[3.0821814,49.2406352],[3.082172,49.2407241],[3.0821602,49.2408262]]}},{"type":"Feature","properties":{"relief":0.75,"sinuosity":0,"highway":"motorway"},"geometry":{"type":"LineString","coordinates":[[2.1353248,48.9151021],[2.1361733,48.914977],[2.1369776,48.9148944],[2.1382779,48.9147535],[2.1387722,48.9147116],[2.1396358,48.9146607]]}},{"type":"Feature","properties":{"relief":0.624,"sinuosity":0,"highway":"tertiary"},"geometry":{"type":"LineString","coordinates":[[2.7759602,49.027762],[2.7742644,49.0270119],[2.7740942,49.0269329],[2.7732681,49.0265812],[2.7725108,49.0262534]]}},{"type":"Feature","properties":{"relief":0.839,"sinuosity":0,"highway":"tertiary"},"geometry":{"type":"LineString","coordinates":[[2.7723277,48.9373781],[2.7723103,48.9374217],[2.7723094,48.9374585],[2.7724349,48.9375454],[2.7726825,48.9377118],[2.7728289,48.9378753],[2.7730412,48.9381807],[2.7732244,48.9386508],[2.7733694,48.9393536],[2.7734874,48.9397597]]}},{"type":"Feature","properties":{"relief":0.9,"sinuosity":0,"highway":"trunk","name":"La Francilienne"},"geometry":{"type":"LineString","coordinates":[[2.2383871,49.0730521],[2.2388237,49.0730339],[2.2393107,49.0729961],[2.2396556,49.0729635],[2.2399848,49.0729228],[2.2402627,49.0728739],[2.2409616,49.0727634],[2.2414854,49.0726529],[2.2419655,49.0725341],[2.2428357,49.07227]]}},{"type":"Feature","properties":{"relief":0.9,"sinuosity":0,"highway":"primary"},"geometry":{"type":"LineString","coordinates":[[3.394706,49.0728926],[3.3945964,49.0725506],[3.3943704,49.0718453],[3.3943037,49.0716327],[3.3942738,49.0714991],[3.3941665,49.0709562],[3.3940538,49.0704571],[3.3939899,49.0702094]]}},{"type":"Feature","properties":{"relief":0.73,"sinuosity":0,"highway":"primary","name":"Rue Léon Lhermitte"},"geometry":{"type":"LineString","coordinates":[[3.3961764,49.0567902],[3.3964031,49.056417],[3.3965412,49.056247],[3.3967273,49.0560556],[3.3971015,49.0557677],[3.3972695,49.0556703],[3.3973774,49.0556078],[3.3976667,49.055454],[3.3979109,49.0553372],[3.3986597,49.0550953],[3.3991054,49.0549907]]}},{"type":"Feature","properties":{"relief":0.404,"sinuosity":0,"highway":"primary"},"geometry":{"type":"LineString","coordinates":[[1.911432,48.1597083],[1.9124498,48.1610937],[1.9131593,48.1620764]]}},{"type":"Feature","properties":{"relief":0.585,"sinuosity":0,"highway":"primary"},"geometry":{"type":"LineString","coordinates":[[2.63498,48.9104333],[2.6348908,48.9103899],[2.6348001,48.9103584],[2.6346655,48.9103379],[2.6345411,48.9103251],[2.6338186,48.9102472],[2.6331137,48.910164],[2.6286872,48.9097436]]}},{"type":"Feature","properties":{"relief":0.642,"sinuosity":0,"highway":"tertiary"},"geometry":{"type":"LineString","coordinates":[[2.1448419,48.5324771],[2.1447816,48.5324956],[2.1446026,48.5325552],[2.144389,48.5326474],[2.1442714,48.5327174],[2.1442049,48.5327843],[2.144154,48.5328556],[2.1441198,48.5329476],[2.1440396,48.5331071],[2.143987,48.5332135],[2.1439419,48.5332915],[2.1438505,48.5333848],[2.1437466,48.5334837],[2.1432547,48.5339676],[2.1427603,48.5342645],[2.1424791,48.534378]]}},{"type":"Feature","properties":{"relief":0.609,"sinuosity":0,"highway":"secondary","name":"Avenue du Général Leclerc"},"geometry":{"type":"LineString","coordinates":[[2.4901281,48.6202452],[2.4901602,48.6203366],[2.4903259,48.6206443],[2.490386,48.6208145],[2.4904068,48.6209713],[2.4904013,48.6211513],[2.4903756,48.6213045],[2.4903247,48.6215672],[2.4903152,48.6218685],[2.490317,48.6219806],[2.4903212,48.6220813],[2.4903347,48.6221651],[2.4903433,48.6222354],[2.4903622,48.6222948],[2.4904034,48.6223971],[2.4905922,48.622776]]}},{"type":"Feature","properties":{"relief":0.585,"sinuosity":0,"highway":"motorway","name":"Autoroute du Soleil"},"geometry":{"type":"LineString","coordinates":[[2.679343,48.2916162],[2.678643,48.2918916],[2.6782823,48.2920344],[2.6779045,48.2921991],[2.677377,48.2924395],[2.6769167,48.2926632],[2.6762813,48.2929927],[2.6756949,48.2933293]]}},{"type":"Feature","properties":{"relief":0.703,"sinuosity":0,"highway":"primary","name":"Route de Paris à Dieppe"},"geometry":{"type":"LineString","coordinates":[[2.0790076,49.0733297],[2.0796531,49.072823],[2.0801173,49.0724583],[2.0804861,49.0721605],[2.0811675,49.0716414],[2.0815122,49.0713664]]}},{"type":"Feature","properties":{"relief":0.403,"sinuosity":0.7,"highway":"motorway_link"},"geometry":{"type":"LineString","coordinates":[[2.5836686,48.8340171],[2.5837397,48.8340902],[2.5838202,48.8341308],[2.5839271,48.8341449],[2.5853841,48.8341298],[2.5866942,48.834123],[2.5873017,48.8341089],[2.5881129,48.8340632]]}},{"type":"Feature","properties":{"relief":0.9,"sinuosity":0,"highway":"tertiary","name":"Rue de Villiers"},"geometry":{"type":"LineString","coordinates":[[2.2731849,48.4313009],[2.272847,48.4313153],[2.2716618,48.4313283],[2.2714964,48.4313382],[2.271346,48.4313625],[2.27116,48.4314056],[2.2708591,48.4314939],[2.270707,48.4315332],[2.2705652,48.4315688],[2.2703966,48.4315935],[2.2702288,48.431611],[2.2700096,48.4316458],[2.2697664,48.4317108],[2.2695155,48.4317656],[2.2689802,48.4318306]]}},{"type":"Feature","properties":{"relief":0.9,"sinuosity":0,"highway":"secondary"},"geometry":{"type":"LineString","coordinates":[[2.2730776,48.4107863],[2.2728261,48.410696],[2.2724563,48.4105801],[2.2720654,48.4104724],[2.2719462,48.4104396],[2.2714298,48.4103439],[2.2708829,48.4102549],[2.2705834,48.4101854],[2.2702863,48.4100898],[2.2700532,48.4100048],[2.2693963,48.4097066]]}},{"type":"Feature","properties":{"relief":0.567,"sinuosity":0,"highway":"secondary","name":"Route de Jouy"},"geometry":{"type":"LineString","coordinates":[[2.9088068,48.1723341],[2.9075799,48.1724386],[2.9043378,48.1728246]]}},{"type":"Feature","properties":{"relief":0.747,"sinuosity":0,"highway":"secondary","name":"Route de Jouy"},"geometry":{"type":"LineString","coordinates":[[2.9043378,48.1728246],[2.9033942,48.172937],[2.9000397,48.1735049]]}},{"type":"Feature","properties":{"relief":0.9,"sinuosity":0,"highway":"secondary"},"geometry":{"type":"LineString","coordinates":[[3.4163925,48.3060485],[3.4170694,48.3066357],[3.4173297,48.3068463],[3.4176271,48.3070634],[3.4179307,48.3072524],[3.4183907,48.3075078],[3.4186275,48.3076255],[3.4199219,48.3082184]]}},{"type":"Feature","properties":{"relief":0.528,"sinuosity":0,"highway":"tertiary"},"geometry":{"type":"LineString","coordinates":[[3.4870271,48.3254854],[3.4868453,48.3263563],[3.487016,48.3267675],[3.4872353,48.3272958],[3.487975,48.3287268]]}},{"type":"Feature","properties":{"relief":0.807,"sinuosity":0,"highway":"tertiary"},"geometry":{"type":"LineString","coordinates":[[3.5753992,48.3918009],[3.576214,48.39207],[3.576905,48.3923016],[3.5784043,48.3927917],[3.5788605,48.3929601]]}},{"type":"Feature","properties":{"relief":0.743,"sinuosity":0.7,"highway":"tertiary"},"geometry":{"type":"LineString","coordinates":[[3.6358029,48.441696],[3.6353117,48.4419257],[3.6351615,48.4420858],[3.6351596,48.4423518],[3.6353513,48.4427776],[3.6371931,48.4468542]]}},{"type":"Feature","properties":{"relief":0.9,"sinuosity":0,"highway":"tertiary","name":"Voie Communale du Mesnil-Racoin à Orveau"},"geometry":{"type":"LineString","coordinates":[[2.2716676,48.450741],[2.2722554,48.45085],[2.2730785,48.4509022],[2.2757522,48.4508245]]}},{"type":"Feature","properties":{"relief":0.619,"sinuosity":0,"highway":"primary"},"geometry":{"type":"LineString","coordinates":[[2.0521372,48.4565385],[2.050206,48.4563891],[2.0471109,48.456174]]}},{"type":"Feature","properties":{"relief":0.564,"sinuosity":0,"highway":"primary","name":"Route Nationale de Paris à Toulouse"},"geometry":{"type":"LineString","coordinates":[[2.1970809,48.4897588],[2.1964349,48.488566],[2.1946214,48.4856414]]}},{"type":"Feature","properties":{"relief":0.753,"sinuosity":0,"highway":"secondary","name":"Rue du Général Leclerc"},"geometry":{"type":"LineString","coordinates":[[2.2724184,48.9846607],[2.2723794,48.9845435],[2.2723684,48.984514],[2.2722869,48.9842363],[2.2722104,48.9840403],[2.27203,48.9835691],[2.271975,48.9834253],[2.2718502,48.9831041],[2.2717622,48.9828776],[2.2717245,48.9828],[2.2716069,48.9825891],[2.2714878,48.9823899],[2.2714766,48.9823696],[2.2714531,48.9823317],[2.2711147,48.9818242]]}},{"type":"Feature","properties":{"relief":0.474,"sinuosity":0,"highway":"tertiary"},"geometry":{"type":"LineString","coordinates":[[1.9574182,48.3640379],[1.9605424,48.3628404],[1.9609544,48.3626921]]}},{"type":"Feature","properties":{"relief":0.793,"sinuosity":0,"highway":"tertiary","name":"Avenue Paul Vaillant Couturier"},"geometry":{"type":"LineString","coordinates":[[2.4229866,48.9808769],[2.4226275,48.9811497],[2.4225529,48.9812288],[2.4222357,48.9816867],[2.4222244,48.981703],[2.4221831,48.9817603],[2.4220005,48.982027],[2.4219177,48.9821353],[2.4218381,48.9822071],[2.4217247,48.9822939],[2.4215814,48.9823832],[2.4213807,48.9824844],[2.4212573,48.9825467],[2.4207395,48.9828078],[2.4206629,48.9828465]]}},{"type":"Feature","properties":{"relief":0.793,"sinuosity":0,"highway":"primary","name":"Rue Nungesser et Coli"},"geometry":{"type":"LineString","coordinates":[[2.4434555,48.9818936],[2.443277,48.9819431],[2.4430874,48.9820178],[2.4428762,48.9821226],[2.4425583,48.982288],[2.4423726,48.9824007],[2.4422184,48.9824984],[2.441985,48.982648],[2.4418646,48.9827433],[2.4417523,48.9828271],[2.4415878,48.9829617],[2.4412354,48.9832946],[2.4410342,48.9835233],[2.4409478,48.9836465],[2.4406285,48.9841167]]}},{"type":"Feature","properties":{"relief":0.626,"sinuosity":0,"highway":"tertiary"},"geometry":{"type":"LineString","coordinates":[[1.7748532,48.1920765],[1.7761836,48.1921108],[1.7773509,48.192128],[1.7782865,48.1921623],[1.7802144,48.1924606]]}},{"type":"Feature","properties":{"relief":0.485,"sinuosity":0,"highway":"tertiary","name":"Rue des Dolmens"},"geometry":{"type":"LineString","coordinates":[[1.7306974,48.1931674],[1.7320395,48.1928335],[1.733201,48.1925446],[1.7335727,48.1924521],[1.7350576,48.1921146]]}},{"type":"Feature","properties":{"relief":0.401,"sinuosity":0,"highway":"tertiary"},"geometry":{"type":"LineString","coordinates":[[1.5946088,48.1935412],[1.5959392,48.1935183],[1.5991921,48.1936328]]}},{"type":"Feature","properties":{"relief":0.496,"sinuosity":0,"highway":"tertiary"},"geometry":{"type":"LineString","coordinates":[[2.4167032,48.1714429],[2.4155196,48.1718544],[2.4146861,48.1721441],[2.4138909,48.1724314],[2.4136562,48.1725094],[2.4132485,48.1726378]]}},{"type":"Feature","properties":{"relief":0.677,"sinuosity":0,"highway":"tertiary","name":"Avenue de la Libération"},"geometry":{"type":"LineString","coordinates":[[2.7593715,48.4409955],[2.7593949,48.4410409],[2.7598502,48.4415074],[2.7607307,48.4422873],[2.7609126,48.4424729],[2.7624949,48.4440323]]}},{"type":"Feature","properties":{"relief":0.9,"sinuosity":0,"highway":"tertiary","name":"Chaussée Jules César"},"geometry":{"type":"LineString","coordinates":[[2.27987,48.9820905],[2.2797886,48.9821187],[2.2789719,48.9824017],[2.2789358,48.9824142],[2.2788953,48.9824266],[2.2783852,48.9825823],[2.2780999,48.9826707],[2.2779803,48.9827068],[2.2778411,48.9827493],[2.2774588,48.9828778],[2.2771499,48.9829817],[2.2770874,48.9830027],[2.2770436,48.9830175],[2.2770095,48.9830289],[2.2766484,48.9831493],[2.2762819,48.9832907]]}},{"type":"Feature","properties":{"relief":0.487,"sinuosity":0,"highway":"tertiary","name":"Rue des Quatre Vents"},"geometry":{"type":"LineString","coordinates":[[1.7498416,48.3068948],[1.7498416,48.3069918],[1.7498072,48.307146],[1.7498072,48.3072544],[1.7498416,48.3073686],[1.7498759,48.30746],[1.7499703,48.307597],[1.7500819,48.3077226],[1.7501763,48.3078139],[1.7503566,48.3079452],[1.7505454,48.3080708],[1.7509145,48.3083563],[1.7512835,48.3086645],[1.7514981,48.3088301],[1.7517213,48.30895],[1.7519358,48.3090698]]}},{"type":"Feature","properties":{"relief":0.637,"sinuosity":0,"highway":"tertiary","name":"Chemin d'Eragny à Bessancourt"},"geometry":{"type":"LineString","coordinates":[[2.1662425,49.0262805],[2.1680193,49.0267218],[2.1693924,49.0270628],[2.1719502,49.0276143]]}},{"type":"Feature","properties":{"relief":0.634,"sinuosity":0,"highway":"tertiary","name":"Chemin d'Eragny à Bessancourt"},"geometry":{"type":"LineString","coordinates":[[2.1803959,49.0288355],[2.1807124,49.0289143],[2.1819323,49.0292182],[2.1824346,49.0293283],[2.1832101,49.0294984],[2.1844973,49.0297806]]}},{"type":"Feature","properties":{"relief":0.581,"sinuosity":0,"highway":"tertiary","name":"Rue Charles Fourier"},"geometry":{"type":"LineString","coordinates":[[2.4095298,48.8027824],[2.4094451,48.8027798],[2.4090788,48.8027648],[2.4088346,48.8027516],[2.4087356,48.8027462],[2.4086287,48.8027405],[2.4085228,48.8027349],[2.4084715,48.8027322],[2.407218,48.8026658],[2.4071373,48.8026615],[2.4070969,48.8026594],[2.4069956,48.8026544],[2.4058051,48.8025952],[2.4056173,48.8025859]]}},{"type":"Feature","properties":{"relief":0.417,"sinuosity":0,"highway":"primary","name":"Route Départementale 306"},"geometry":{"type":"LineString","coordinates":[[2.631525,48.5631758],[2.6318338,48.5628884],[2.6320886,48.5626625],[2.6323909,48.5623945],[2.6328564,48.5619832],[2.6330133,48.5618474],[2.6331069,48.5617598],[2.6334287,48.5614745],[2.6337186,48.5612175],[2.6341539,48.5608315]]}},{"type":"Feature","properties":{"relief":0.737,"sinuosity":0,"highway":"primary"},"geometry":{"type":"LineString","coordinates":[[3.1307936,49.2657971],[3.1304658,49.2656412],[3.1297696,49.2653321],[3.1288488,49.2649247],[3.1281511,49.2646121],[3.126418,49.2638358]]}},{"type":"Feature","properties":{"relief":0.737,"sinuosity":0,"highway":"primary"},"geometry":{"type":"LineString","coordinates":[[3.1314455,49.2664184],[3.1310445,49.2663365],[3.1303127,49.2662136],[3.1294007,49.2661318],[3.1246422,49.2661503]]}},{"type":"Feature","properties":{"relief":0.9,"sinuosity":0,"highway":"primary","name":"Avenue Kellermann"},"geometry":{"type":"LineString","coordinates":[[2.2926155,48.9815176],[2.2926541,48.9815936],[2.2927862,48.9817911],[2.2928797,48.9819218],[2.292974,48.9820603],[2.2930241,48.9821339],[2.2933493,48.9825982],[2.293435,48.9827131],[2.2934896,48.9827943],[2.2936806,48.9830664],[2.2937741,48.9832012],[2.2938697,48.9833319],[2.2939937,48.9834867],[2.2941075,48.9836187],[2.2942129,48.9837405],[2.2942467,48.9837775],[2.2942929,48.9838329]]}},{"type":"Feature","properties":{"relief":0.75,"sinuosity":0,"highway":"tertiary"},"geometry":{"type":"LineString","coordinates":[[2.7396701,49.2049205],[2.739648,49.2053131],[2.7396966,49.2060491],[2.7397673,49.2064965],[2.739961,49.207022],[2.7402616,49.2075245]]}},{"type":"Feature","properties":{"relief":0.603,"sinuosity":0,"highway":"secondary"},"geometry":{"type":"LineString","coordinates":[[2.9286343,49.2066789],[2.9279801,49.2071044],[2.9274266,49.207555],[2.9272085,49.2077395],[2.9263434,49.2086491],[2.9258316,49.2091776]]}},{"type":"Feature","properties":{"relief":0.9,"sinuosity":0,"highway":"tertiary","name":"Voie de Fublaines à Saint-Fiacre"},"geometry":{"type":"LineString","coordinates":[[2.9457978,48.9237425],[2.9465527,48.9234903],[2.9474067,48.9232021],[2.9479402,48.9230331],[2.9483451,48.9229555],[2.948809,48.9229014],[2.949161,48.9228248],[2.9495217,48.9226908]]}},{"type":"Feature","properties":{"relief":0.9,"sinuosity":0,"highway":"tertiary","name":"Rue de Paris"},"geometry":{"type":"LineString","coordinates":[[2.9470086,48.9181941],[2.94753,48.9183699],[2.948408,48.9187299],[2.9487491,48.9190195],[2.9491416,48.9194785],[2.9495044,48.9197996],[2.9497384,48.9200109]]}},{"type":"Feature","properties":{"relief":0.577,"sinuosity":0,"highway":"motorway","name":"Vallée de la Marne"},"geometry":{"type":"LineString","coordinates":[[2.8588573,48.9160981],[2.858637,48.9160947],[2.858367,48.9160961],[2.8580912,48.9161012],[2.857608,48.9161173],[2.8570195,48.9161519],[2.8565113,48.9161955],[2.8562541,48.9162227],[2.8559638,48.9162598],[2.855527,48.9163198],[2.8551087,48.9163862],[2.8546886,48.9164627]]}},{"type":"Feature","properties":{"relief":0.727,"sinuosity":0,"highway":"motorway","name":"Vallée de la Marne"},"geometry":{"type":"LineString","coordinates":[[2.8546386,48.9163707],[2.8550723,48.9162915],[2.8554865,48.9162232],[2.8559398,48.9161603],[2.8562133,48.916127],[2.8564798,48.9160967],[2.857002,48.9160536],[2.8576041,48.9160162],[2.8580934,48.9160002],[2.8583807,48.9159932],[2.8586636,48.9159925]]}},{"type":"Feature","properties":{"relief":0.9,"sinuosity":0,"highway":"motorway","name":"Autoroute de l’Est"},"geometry":{"type":"LineString","coordinates":[[2.9465602,48.9088134],[2.9474304,48.909042],[2.9490171,48.9094022],[2.9501068,48.909635],[2.9510284,48.9098157]]}},{"type":"Feature","properties":{"relief":0.45,"sinuosity":0,"highway":"secondary","name":"Avenue Wladimir d'Ormesson"},"geometry":{"type":"LineString","coordinates":[[2.5392833,48.7853054],[2.5394902,48.7853871],[2.5395246,48.7854007],[2.5396625,48.7854552],[2.5398347,48.7855285],[2.540044,48.7856166],[2.5403694,48.7857543],[2.5405676,48.7858381],[2.5406409,48.7858691],[2.5406962,48.7858925],[2.5407288,48.7859063],[2.5407766,48.7859265],[2.5408244,48.7859467],[2.5410175,48.7860303],[2.5414645,48.7862175],[2.5414997,48.7862331],[2.5421034,48.7864877],[2.5424603,48.7866387],[2.5428009,48.7867839]]}},{"type":"Feature","properties":{"relief":0.513,"sinuosity":0,"highway":"tertiary","name":"Avenue Alfred Roll"},"geometry":{"type":"LineString","coordinates":[[2.6744422,48.4821349],[2.674503,48.4821299],[2.6745607,48.4821175],[2.6746759,48.4820853],[2.6754382,48.4818445],[2.6756306,48.4817779],[2.6757163,48.4817421],[2.6757854,48.4817157],[2.6760024,48.4816327],[2.6763729,48.4814902],[2.676945,48.4813282],[2.6775023,48.4812677],[2.6776969,48.4812179],[2.6777569,48.4812027],[2.6778033,48.4811822],[2.677859,48.4811595],[2.6784766,48.4808886]]}},{"type":"Feature","properties":{"relief":0.9,"sinuosity":0,"highway":"secondary","name":"Rue Pierre Mendès France"},"geometry":{"type":"LineString","coordinates":[[2.5422629,48.7685206],[2.542347,48.7686323],[2.5424579,48.7687836],[2.5430172,48.7695082],[2.5432361,48.7697895],[2.5433621,48.7699512],[2.5438481,48.7705746],[2.543934,48.7706865],[2.5440588,48.7708493]]}},{"type":"Feature","properties":{"relief":0.803,"sinuosity":1,"highway":"tertiary","name":"Avenue de la République"},"geometry":{"type":"LineString","coordinates":[[2.2734464,48.7800658],[2.2733628,48.7801561],[2.2733124,48.7802276],[2.2732831,48.7803089],[2.2732759,48.7803892],[2.2733218,48.7807565],[2.2733329,48.7808445],[2.2733241,48.7809018],[2.2733134,48.7809721],[2.2732916,48.7810979],[2.2732516,48.7812079],[2.2731956,48.7813056],[2.273118,48.7813916],[2.2730124,48.78147],[2.2728726,48.7815214],[2.2727271,48.7815551],[2.2725654,48.7815689],[2.272429,48.7815493],[2.2712846,48.781311]]}},{"type":"Feature","properties":{"relief":0.617,"sinuosity":0,"highway":"tertiary","name":"Rue de l'Église"},"geometry":{"type":"LineString","coordinates":[[2.6278198,48.5318272],[2.6278838,48.5318687],[2.6279923,48.5319136],[2.6280803,48.5319518],[2.6282993,48.5320495],[2.6283474,48.5320703],[2.6284296,48.5321059],[2.6286115,48.5321535],[2.6289492,48.5322195],[2.629119,48.5322477],[2.6296566,48.5323369],[2.629983,48.532394],[2.6300636,48.5324133],[2.6301842,48.5324528],[2.6307115,48.5326253],[2.6308142,48.5326888],[2.6310668,48.5328449],[2.6312658,48.5329429]]}},{"type":"Feature","properties":{"relief":0.643,"sinuosity":0,"highway":"secondary","name":"Route de Fère"},"geometry":{"type":"LineString","coordinates":[[3.4674176,49.1193231],[3.466066,49.1184522],[3.4658518,49.1183133],[3.4646092,49.1174602]]}},{"type":"Feature","properties":{"relief":0.464,"sinuosity":0.7,"highway":"trunk_link"},"geometry":{"type":"LineString","coordinates":[[2.6244886,48.8034203],[2.6244579,48.8033042],[2.6244243,48.8031741],[2.6243997,48.8030786],[2.6243861,48.8029046],[2.6244116,48.8027807],[2.6244592,48.8026562],[2.6245244,48.8025524],[2.6248165,48.8021741],[2.6249778,48.8020002],[2.6250944,48.801876],[2.6251888,48.8017517],[2.6252317,48.8016442],[2.625266,48.8015086],[2.6252746,48.8014068],[2.625266,48.8012768],[2.6252197,48.8011644],[2.6251617,48.8010648],[2.6250037,48.8008344]]}},{"type":"Feature","properties":{"relief":0.668,"sinuosity":0,"highway":"tertiary","name":"Route de Lavacourt"},"geometry":{"type":"LineString","coordinates":[[1.6727547,49.072051],[1.67236,49.0721803],[1.6719943,49.0723064],[1.6715317,49.072495],[1.6711949,49.0726318],[1.6708566,49.0727663],[1.6706229,49.0728752],[1.670188,49.0731031],[1.670176,49.0731098],[1.6700202,49.0731967],[1.6699846,49.0732166],[1.6698846,49.0732724],[1.6697746,49.0733223],[1.6696589,49.0733664],[1.669487,49.0734081]]}},{"type":"Feature","properties":{"relief":0.75,"sinuosity":0,"highway":"primary"},"geometry":{"type":"LineString","coordinates":[[1.6412988,48.9997038],[1.6415237,48.9996845],[1.642808,48.9995812],[1.6432594,48.9995449],[1.6444181,48.9994517],[1.6450996,48.9993928],[1.6461564,48.999304]]}},{"type":"Feature","properties":{"relief":0.75,"sinuosity":0,"highway":"motorway","name":"Autoroute de Normandie"},"geometry":{"type":"LineString","coordinates":[[1.7302231,48.9726536],[1.7315652,48.9717114],[1.7321553,48.9713171],[1.7326508,48.9710237],[1.7333011,48.9706676]]}},{"type":"Feature","properties":{"relief":0.677,"sinuosity":0,"highway":"primary"},"geometry":{"type":"LineString","coordinates":[[2.6789273,48.7900011],[2.6785033,48.7900126],[2.6780298,48.7900405],[2.6774661,48.7900841],[2.6758084,48.7902196],[2.6755633,48.7902403],[2.6753061,48.7902602],[2.6745123,48.7903218]]}},{"type":"Feature","properties":{"relief":0.75,"sinuosity":0,"highway":"secondary","name":"Grande Rue"},"geometry":{"type":"LineString","coordinates":[[2.1840756,48.3671055],[2.1827967,48.3665923],[2.1810372,48.3659879],[2.1802218,48.3657142]]}},{"type":"Feature","properties":{"relief":0.468,"sinuosity":0,"highway":"secondary"},"geometry":{"type":"LineString","coordinates":[[2.945314,49.1638503],[2.9469734,49.1619669],[2.9472972,49.1615968]]}},{"type":"Feature","properties":{"relief":0.549,"sinuosity":0,"highway":"trunk"},"geometry":{"type":"LineString","coordinates":[[3.0852738,49.2652367],[3.0842101,49.2649386],[3.0823896,49.2642823],[3.0815893,49.2639298]]}},{"type":"Feature","properties":{"relief":0.75,"sinuosity":0,"highway":"tertiary"},"geometry":{"type":"LineString","coordinates":[[3.137063,49.0270523],[3.1372873,49.0273378],[3.1375654,49.0276409],[3.137953,49.027934],[3.1384541,49.0283723],[3.1392862,49.028765],[3.1398153,49.02897]]}},{"type":"Feature","properties":{"relief":0.75,"sinuosity":0,"highway":"primary","name":"Route de Limours"},"geometry":{"type":"LineString","coordinates":[[2.184954,48.608889],[2.1813737,48.6096721],[2.1772088,48.6105776]]}},{"type":"Feature","properties":{"relief":0.75,"sinuosity":0,"highway":"primary","name":"Rocade Nord"},"geometry":{"type":"LineString","coordinates":[[2.4520434,48.4023474],[2.4520842,48.4024011],[2.4521519,48.4024995],[2.4522403,48.4026226],[2.4524088,48.4028762],[2.4525755,48.4031386],[2.4527904,48.4034869],[2.4534768,48.4045672],[2.4537212,48.4049479]]}},{"type":"Feature","properties":{"relief":0.57,"sinuosity":0,"highway":"secondary","name":"Boulevard de l'Europe"},"geometry":{"type":"LineString","coordinates":[[2.3168166,48.7256197],[2.3169634,48.7256467],[2.3172837,48.7257708],[2.3177114,48.7259395],[2.3185802,48.7262058],[2.3204873,48.7266504]]}},{"type":"Feature","properties":{"relief":0.873,"sinuosity":0,"highway":"secondary","name":"Boulevard de la Crête"},"geometry":{"type":"LineString","coordinates":[[2.0044845,49.0417512],[2.0037442,49.0409792],[2.0030639,49.0402774],[2.0027615,49.039976],[2.0020837,49.0392863]]}},{"type":"Feature","properties":{"relief":0.723,"sinuosity":0,"highway":"secondary","name":"Boulevard de la Crête"},"geometry":{"type":"LineString","coordinates":[[2.0015811,49.0389181],[2.0016427,49.0389236],[2.0016733,49.0389289],[2.0017064,49.038937],[2.0017406,49.0389511],[2.0017762,49.0389709],[2.0018352,49.0390161],[2.0019212,49.0390813],[2.0019514,49.0391043],[2.0019981,49.0391397],[2.0020531,49.0391871],[2.0021182,49.0392487],[2.0023005,49.0394298],[2.0028159,49.0399529],[2.0045154,49.0417085]]}},{"type":"Feature","properties":{"relief":0.75,"sinuosity":0,"highway":"tertiary","name":"Rue d'Enghien"},"geometry":{"type":"LineString","coordinates":[[2.2861453,48.9831994],[2.2862774,48.9829834],[2.2864236,48.9827858],[2.2864739,48.9827259],[2.2865771,48.9826102],[2.2866382,48.9825428],[2.2868059,48.9823959],[2.2868923,48.9823087],[2.2869518,48.9822326],[2.2870157,48.9821309],[2.2870425,48.9820869],[2.2873483,48.9815848],[2.2874958,48.9813471],[2.2875997,48.9812261],[2.287758,48.9810681],[2.2879095,48.9809348]]}},{"type":"Feature","properties":{"relief":0.9,"sinuosity":0,"highway":"tertiary"},"geometry":{"type":"LineString","coordinates":[[2.497344,48.4302615],[2.4981889,48.4301641],[2.5001064,48.4300044],[2.5014213,48.4299358]]}},{"type":"Feature","properties":{"relief":0.805,"sinuosity":0.536,"highway":"motorway_link"},"geometry":{"type":"LineString","coordinates":[[2.2515029,48.8483359],[2.2518828,48.8483317],[2.2522258,48.8482865],[2.2524955,48.8482348],[2.2527287,48.8481635],[2.2528618,48.8481079],[2.2530341,48.8480296],[2.2533012,48.8478669],[2.2536062,48.8475892],[2.2544301,48.8469384]]}},{"type":"Feature","properties":{"relief":0.75,"sinuosity":0,"highway":"secondary"},"geometry":{"type":"LineString","coordinates":[[3.3169736,48.9371738],[3.3182775,48.9383031],[3.3187502,48.9385924],[3.319292,48.9388525],[3.3199504,48.9391509]]}},{"type":"Feature","properties":{"relief":0.493,"sinuosity":0.7,"highway":"tertiary","name":"Rue des Blatiers"},"geometry":{"type":"LineString","coordinates":[[1.5358488,48.7135848],[1.5367364,48.7133045],[1.5372571,48.7132428],[1.5382192,48.7128184],[1.5386713,48.7125549],[1.5389537,48.7121772]]}},{"type":"Feature","properties":{"relief":0.813,"sinuosity":0,"highway":"primary"},"geometry":{"type":"LineString","coordinates":[[2.8118643,48.4199467],[2.8145975,48.4198613],[2.8171657,48.4197793]]}},{"type":"Feature","properties":{"relief":0.9,"sinuosity":0,"highway":"primary","name":"Quai Saint-Bernard"},"geometry":{"type":"LineString","coordinates":[[2.3637791,48.844922],[2.3624015,48.8458575],[2.3622451,48.8459641],[2.3616379,48.8463722],[2.3612758,48.8466166],[2.3610114,48.8467998]]}},{"type":"Feature","properties":{"relief":0.385,"sinuosity":0,"highway":"primary","name":"Quai Saint-Bernard"},"geometry":{"type":"LineString","coordinates":[[2.3610114,48.8467998],[2.3609481,48.846846],[2.3607902,48.8469607],[2.3606306,48.847068],[2.3604531,48.8471882],[2.3603537,48.8472555],[2.3600423,48.8474659],[2.3595838,48.8477751],[2.3595269,48.8478142],[2.3589314,48.8482179],[2.3586268,48.8484218],[2.3585268,48.8484876],[2.3580055,48.8488322]]}},{"type":"Feature","properties":{"relief":0.437,"sinuosity":0,"highway":"tertiary","name":"Rue Grande"},"geometry":{"type":"LineString","coordinates":[[2.6811243,48.2308539],[2.6810561,48.2308117],[2.6809491,48.2307518],[2.6808479,48.2307039],[2.6807363,48.2306673],[2.6805939,48.2306342],[2.6803368,48.2306118],[2.6801333,48.2306122],[2.6800712,48.2306153],[2.6791984,48.2306581],[2.6784189,48.2306768],[2.6781326,48.2306867],[2.6775777,48.2306971],[2.6773889,48.2307045]]}},{"type":"Feature","properties":{"relief":0.878,"sinuosity":0,"highway":"secondary"},"geometry":{"type":"LineString","coordinates":[[2.7051313,48.2176499],[2.7045111,48.2171842],[2.7027118,48.2159982],[2.7024785,48.2158123]]}},{"type":"Feature","properties":{"relief":0.445,"sinuosity":0,"highway":"tertiary"},"geometry":{"type":"LineString","coordinates":[[1.4320414,48.2169634],[1.4310188,48.2171119],[1.43019,48.2172611],[1.4292907,48.2174418],[1.428061,48.2176861]]}},{"type":"Feature","properties":{"relief":0.9,"sinuosity":0,"highway":"tertiary"},"geometry":{"type":"LineString","coordinates":[[1.6764431,48.4434095],[1.6761585,48.442991],[1.6757498,48.4423993],[1.675427,48.44194],[1.6750593,48.4414113],[1.6747258,48.4409552]]}},{"type":"Feature","properties":{"relief":0.517,"sinuosity":0,"highway":"tertiary","name":"Rue de Breez"},"geometry":{"type":"LineString","coordinates":[[1.6414528,48.4438736],[1.6414181,48.4445123],[1.6414346,48.4446405],[1.6414854,48.4447305],[1.6418238,48.4451805],[1.6421781,48.4455746],[1.6425933,48.4461208],[1.6431865,48.4469778]]}},{"type":"Feature","properties":{"relief":0.563,"sinuosity":0,"highway":"secondary"},"geometry":{"type":"LineString","coordinates":[[2.0110823,48.3099008],[2.0105822,48.308227],[2.0103527,48.3073959]]}},{"type":"Feature","properties":{"relief":0.713,"sinuosity":0,"highway":"secondary"},"geometry":{"type":"LineString","coordinates":[[2.8943434,49.0280142],[2.8934398,49.0270766],[2.8933522,49.0270129],[2.8914964,49.0251842]]}},{"type":"Feature","properties":{"relief":1,"sinuosity":0.7,"highway":"tertiary","name":"Chemin de la Ratelle"},"geometry":{"type":"LineString","coordinates":[[2.0469154,48.8166458],[2.0469618,48.8166758],[2.0470052,48.8166975],[2.0470947,48.8166999],[2.0476534,48.8165788],[2.0479847,48.8165044],[2.0483645,48.8164191],[2.0496541,48.816155],[2.0502913,48.8160484],[2.0509343,48.8159039]]}},{"type":"Feature","properties":{"relief":0.447,"sinuosity":0,"highway":"primary","name":"Route de Chevry"},"geometry":{"type":"LineString","coordinates":[[2.6389566,48.7120614],[2.6402966,48.7130234],[2.6436344,48.7154197]]}},{"type":"Feature","properties":{"relief":0.382,"sinuosity":0,"highway":"tertiary"},"geometry":{"type":"LineString","coordinates":[[2.7697642,48.5401137],[2.7693181,48.5398259],[2.7690066,48.5395913],[2.7680993,48.5389316],[2.7679449,48.5388236],[2.767756,48.5387384],[2.7669664,48.5384713],[2.7667432,48.5383803]]}},{"type":"Feature","properties":{"relief":0.37,"sinuosity":0,"highway":"tertiary","name":"Rue Paul Cotasson"},"geometry":{"type":"LineString","coordinates":[[2.6181681,48.6688374],[2.6182511,48.66817],[2.6183233,48.6680186],[2.6186323,48.6675878],[2.6188125,48.6673781],[2.6190443,48.6671853],[2.6193332,48.6670568],[2.620103,48.6668472]]}},{"type":"Feature","properties":{"relief":0.74,"sinuosity":0,"highway":"tertiary","name":"Rue de Courcelles"},"geometry":{"type":"LineString","coordinates":[[2.0948941,48.302745],[2.0948637,48.3027713],[2.094808,48.3028005],[2.0947403,48.302819],[2.0946567,48.3028322],[2.0943224,48.3028367],[2.0940883,48.3028398],[2.0932612,48.3028332],[2.0927922,48.3028491],[2.0924264,48.3028795],[2.0923707,48.3028862],[2.0916928,48.3029682],[2.0910258,48.3030488]]}},{"type":"Feature","properties":{"relief":0.683,"sinuosity":0,"highway":"primary","name":"Avenue de Versailles"},"geometry":{"type":"LineString","coordinates":[[1.9998466,48.8199023],[1.9999436,48.8198484],[2.000198,48.8197415],[2.0004693,48.8196547],[2.0009521,48.8195491],[2.0012299,48.8194715],[2.0016665,48.8194321],[2.0022498,48.8193746],[2.0024122,48.8193644],[2.0025513,48.8193596],[2.0026881,48.8193625],[2.0028492,48.8193806],[2.0032728,48.819474],[2.0034514,48.8195233],[2.0037544,48.8196211]]}},{"type":"Feature","properties":{"relief":0.75,"sinuosity":0,"highway":"primary","name":"Quai John B. Kelly"},"geometry":{"type":"LineString","coordinates":[[2.2489533,48.938546],[2.2483881,48.9382768],[2.2475186,48.9378537],[2.2460507,48.9371494],[2.2457147,48.9369757]]}},{"type":"Feature","properties":{"relief":0.601,"sinuosity":0,"highway":"secondary","name":"Rue de Paris"},"geometry":{"type":"LineString","coordinates":[[2.2312158,48.9825587],[2.2318479,48.9821607],[2.2321985,48.981927],[2.232591,48.9816654],[2.2326188,48.9816469],[2.2327247,48.9815779],[2.2328054,48.9815263],[2.2337021,48.9809722],[2.2339931,48.9807884]]}},{"type":"Feature","properties":{"relief":0.563,"sinuosity":0,"highway":"motorway_link"},"geometry":{"type":"LineString","coordinates":[[2.6324809,48.611075],[2.6324112,48.6117204],[2.6323921,48.6120814],[2.6324071,48.6121629],[2.6324259,48.6122205],[2.6324623,48.6122995],[2.6325171,48.6123854],[2.6325693,48.612443],[2.632627,48.6124998],[2.6327156,48.6125637],[2.6328165,48.6126206],[2.6329261,48.6126692],[2.6330468,48.61271],[2.6331649,48.6127366],[2.6333418,48.6127658],[2.6335581,48.6127861],[2.6337549,48.612796],[2.633936,48.6128128],[2.6340638,48.6128308],[2.6341961,48.6128571]]}},{"type":"Feature","properties":{"relief":0.793,"sinuosity":0,"highway":"tertiary","name":"Rue Fernand Gregh"},"geometry":{"type":"LineString","coordinates":[[2.7828398,48.399677],[2.7828426,48.3996433],[2.7828622,48.3994124],[2.7828811,48.3992097],[2.7828813,48.3990086],[2.7828651,48.3987214],[2.7828599,48.3984349],[2.7828805,48.3982969],[2.7829034,48.3982],[2.7829136,48.3981248],[2.782967,48.3979042],[2.7829891,48.3978317],[2.7830991,48.3975064],[2.7831087,48.397475],[2.7832227,48.3970869]]}},{"type":"Feature","properties":{"relief":0.75,"sinuosity":0,"highway":"primary","name":"Avenue Gabriel Péri"},"geometry":{"type":"LineString","coordinates":[[2.136686,48.9248569],[2.1366965,48.924864],[2.1377225,48.9255574],[2.1388191,48.9262901],[2.1390892,48.9264705],[2.1395147,48.9267626]]}},{"type":"Feature","properties":{"relief":0.366,"sinuosity":0,"highway":"tertiary","name":"Avenue de la Maréchale"},"geometry":{"type":"LineString","coordinates":[[2.5878316,48.8065265],[2.5878022,48.8065423],[2.5877115,48.806591],[2.5873506,48.8067507],[2.5873348,48.8067577],[2.5864125,48.8071669],[2.5862559,48.807237],[2.5861138,48.8073006],[2.5859145,48.8073898],[2.5858327,48.8074264],[2.585746,48.8074647],[2.5850885,48.8077549],[2.5849249,48.8078271],[2.5843152,48.8080981]]}},{"type":"Feature","properties":{"relief":0.438,"sinuosity":0,"highway":"tertiary","name":"Avenue Georges Ohnet"},"geometry":{"type":"LineString","coordinates":[[2.5987019,48.8044118],[2.5985711,48.8042788],[2.5983598,48.8040581],[2.5983389,48.8040301],[2.5983221,48.8040068],[2.5982179,48.8038586],[2.5981024,48.8036622],[2.5980728,48.803584],[2.5980495,48.8035061],[2.5980426,48.8034566],[2.5980422,48.8034121],[2.598047,48.8033431],[2.598061,48.8032696],[2.5980938,48.8031883],[2.5981602,48.8030752],[2.5982204,48.8029938],[2.5982952,48.8029013],[2.5983989,48.8028035],[2.5985645,48.8026792],[2.5986851,48.8026],[2.5987162,48.8025796],[2.5987576,48.8025523],[2.5990303,48.8023819],[2.5992659,48.8022367]]}},{"type":"Feature","properties":{"relief":0.637,"sinuosity":0,"highway":"tertiary"},"geometry":{"type":"LineString","coordinates":[[2.8960964,48.3994947],[2.8961675,48.3987111],[2.89637,48.3964797]]}},{"type":"Feature","properties":{"relief":0.947,"sinuosity":1,"highway":"tertiary","name":"Rue Achille Pierre"},"geometry":{"type":"LineString","coordinates":[[2.9002368,48.3802105],[2.9016098,48.380669],[2.9021213,48.38084],[2.9024025,48.3809205],[2.9029374,48.3810306],[2.9030313,48.3810636],[2.9030541,48.3811143],[2.9030514,48.381166],[2.9030071,48.3812114],[2.9029334,48.3812355],[2.9028208,48.3812215],[2.9025426,48.3811196]]}},{"type":"Feature","properties":{"relief":0.697,"sinuosity":0,"highway":"tertiary","name":"Rue Achille Pierre"},"geometry":{"type":"LineString","coordinates":[[2.9025426,48.3811196],[2.902417,48.381076],[2.9015754,48.3809101],[2.9010786,48.3808623],[2.9005422,48.3807785],[2.8997847,48.3806184],[2.899362,48.380579],[2.898686,48.3806013]]}},{"type":"Feature","properties":{"relief":0.9,"sinuosity":0,"highway":"secondary","name":"Quai de Seine"},"geometry":{"type":"LineString","coordinates":[[2.8548301,48.3809699],[2.8551948,48.3808422],[2.8572448,48.3801412],[2.8609259,48.3789596]]}},{"type":"Feature","properties":{"relief":0.76,"sinuosity":0,"highway":"tertiary"},"geometry":{"type":"LineString","coordinates":[[1.4706729,48.2617767],[1.4704284,48.2621903],[1.4702654,48.2626583],[1.4702318,48.2628325],[1.4701982,48.2631361],[1.470193,48.2631827],[1.4701635,48.2642858]]}},{"type":"Feature","properties":{"relief":0.633,"sinuosity":0,"highway":"tertiary"},"geometry":{"type":"LineString","coordinates":[[1.3936232,48.3069298],[1.3929636,48.3083945],[1.3925594,48.3089534],[1.3921722,48.3093553]]}},{"type":"Feature","properties":{"relief":0.365,"sinuosity":0,"highway":"tertiary"},"geometry":{"type":"LineString","coordinates":[[1.383427,48.3515203],[1.3837799,48.3520684],[1.3840819,48.3525046],[1.3850811,48.3539628]]}},{"type":"Feature","properties":{"relief":0.88,"sinuosity":0,"highway":"tertiary","name":"Route des Grands Champs"},"geometry":{"type":"LineString","coordinates":[[2.844726,48.3970764],[2.8442946,48.3975514],[2.8434809,48.3987316],[2.8432636,48.3989898],[2.8429578,48.3992089],[2.8426574,48.3993629]]}},{"type":"Feature","properties":{"relief":0.88,"sinuosity":0,"highway":"tertiary"},"geometry":{"type":"LineString","coordinates":[[2.7255244,48.8952119],[2.7242369,48.8956069],[2.7236533,48.8957762],[2.7231383,48.8959286],[2.722795,48.8960471],[2.7227696,48.8960566],[2.72125,48.8966283]]}},{"type":"Feature","properties":{"relief":0.397,"sinuosity":0,"highway":"tertiary","name":"Rue du Général Salanson"},"geometry":{"type":"LineString","coordinates":[[2.7229945,48.5012273],[2.7218101,48.5006074],[2.7214496,48.5003742],[2.7210204,48.5000159],[2.7203853,48.4996292],[2.7190909,48.4990809]]}},{"type":"Feature","properties":{"relief":0.9,"sinuosity":0,"highway":"secondary"},"geometry":{"type":"LineString","coordinates":[[1.9538542,49.2449308],[1.9541838,49.2448582],[1.9571722,49.24423],[1.9590782,49.2439562]]}},{"type":"Feature","properties":{"relief":0.75,"sinuosity":0,"highway":"secondary"},"geometry":{"type":"LineString","coordinates":[[2.6758985,48.8942942],[2.6767949,48.8923747],[2.6769837,48.8920076],[2.6771536,48.8916869]]}},{"type":"Feature","properties":{"relief":0.367,"sinuosity":0,"highway":"motorway","name":"Autoroute du Nord"},"geometry":{"type":"LineString","coordinates":[[2.6795292,49.2502484],[2.6790359,49.2498171],[2.6784108,49.2493006],[2.6775649,49.2486512],[2.6768616,49.2481616]]}},{"type":"Feature","properties":{"relief":0.615,"sinuosity":0.58,"highway":"tertiary"},"geometry":{"type":"LineString","coordinates":[[2.8803433,48.3978796],[2.8808488,48.3973725],[2.881346,48.3971194],[2.8817464,48.3970107],[2.8830858,48.3968712],[2.8853239,48.3963956]]}},{"type":"Feature","properties":{"relief":0.847,"sinuosity":0,"highway":"tertiary","name":"Rue de Samois"},"geometry":{"type":"LineString","coordinates":[[2.9014451,48.3960449],[2.9033667,48.3962302],[2.9044036,48.3962227],[2.9050186,48.396138],[2.9067677,48.3958971]]}},{"type":"Feature","properties":{"relief":0.597,"sinuosity":0,"highway":"tertiary"},"geometry":{"type":"LineString","coordinates":[[2.9368759,48.3969453],[2.9382359,48.3971315],[2.939358,48.397285],[2.9397385,48.39737],[2.9415263,48.3977952]]}},{"type":"Feature","properties":{"relief":0.639,"sinuosity":0,"highway":"tertiary","name":"Route d'Echouboulains"},"geometry":{"type":"LineString","coordinates":[[2.9437748,48.4414458],[2.9439134,48.4424522],[2.9438684,48.442821],[2.9437001,48.4431346],[2.9436406,48.4433116],[2.9436713,48.4444324]]}},{"type":"Feature","properties":{"relief":0.74,"sinuosity":0,"highway":"tertiary","name":"Rue des Labours"},"geometry":{"type":"LineString","coordinates":[[2.8135596,48.8638596],[2.8135066,48.8638474],[2.8133568,48.8638729],[2.8131659,48.8639057],[2.8129917,48.8639425],[2.81285,48.8639785],[2.8127063,48.86402],[2.8125657,48.8640698],[2.8124215,48.864125],[2.8123303,48.864162],[2.8120518,48.8642962],[2.8119195,48.8643884],[2.8117644,48.8644965],[2.8116059,48.8646191],[2.8114673,48.8647522],[2.8113586,48.8648878],[2.8112238,48.8650863],[2.8111666,48.8651858],[2.8110858,48.8653905],[2.8110379,48.8656004]]}},{"type":"Feature","properties":{"relief":0.9,"sinuosity":0,"highway":"secondary","name":"Boulevard du Général de Gaulle"},"geometry":{"type":"LineString","coordinates":[[2.4086808,48.6861593],[2.4086331,48.6861672],[2.4085774,48.6861679],[2.4084923,48.6861628],[2.407805,48.686088],[2.4076682,48.6860782],[2.4075736,48.6860773],[2.4074589,48.6860791],[2.4073463,48.6860893],[2.4071029,48.6861128],[2.4069949,48.6861251],[2.4067844,48.6861455],[2.4063411,48.6861902],[2.4059797,48.6862287],[2.4056827,48.6862695],[2.4051952,48.6863372],[2.4042651,48.6864704]]}},{"type":"Feature","properties":{"relief":0.471,"sinuosity":0.7,"highway":"tertiary","name":"Rue de la Grand'Maison"},"geometry":{"type":"LineString","coordinates":[[3.0429081,48.4868117],[3.0429167,48.4868792],[3.0429774,48.4869835],[3.0432724,48.4874108],[3.0435485,48.4877593],[3.0438602,48.4879486],[3.0458306,48.4891511]]}},{"type":"Feature","properties":{"relief":0.713,"sinuosity":0,"highway":"secondary","name":"Route de la Selle"},"geometry":{"type":"LineString","coordinates":[[2.9022593,48.0712401],[2.9022689,48.0713187],[2.9023678,48.0723745],[2.9024763,48.0728681],[2.9027031,48.0733582],[2.9028435,48.0738379]]}},{"type":"Feature","properties":{"relief":0.378,"sinuosity":0,"highway":"secondary","name":"Route de la Selle"},"geometry":{"type":"LineString","coordinates":[[2.9028435,48.0738379],[2.9028615,48.074259],[2.9028308,48.0747218],[2.902408,48.0758409],[2.9022465,48.0776419]]}},{"type":"Feature","properties":{"relief":0.606,"sinuosity":0,"highway":"secondary","name":"Route de la Selle"},"geometry":{"type":"LineString","coordinates":[[2.9022465,48.0776419],[2.9022566,48.0779416],[2.9023448,48.0785317],[2.902557,48.0791425],[2.9032775,48.0807264]]}},{"type":"Feature","properties":{"relief":0.554,"sinuosity":0,"highway":"primary","name":"Nouvelle Route de Paris"},"geometry":{"type":"LineString","coordinates":[[2.9418453,48.3978682],[2.9420534,48.3977139],[2.9423843,48.3974636],[2.9426963,48.3971495],[2.942946,48.3967917],[2.9430543,48.396532],[2.9431133,48.3962195],[2.9431007,48.395929],[2.9430187,48.395462]]}},{"type":"Feature","properties":{"relief":0.643,"sinuosity":0,"highway":"tertiary","name":"Rue du Moulin"},"geometry":{"type":"LineString","coordinates":[[2.8116457,48.5034328],[2.8127588,48.5032602],[2.8136547,48.5031249],[2.8140698,48.5030814],[2.8146102,48.5030441],[2.8154866,48.503005]]}},{"type":"Feature","properties":{"relief":0.9,"sinuosity":0,"highway":"tertiary","name":"Avenue Pasteur"},"geometry":{"type":"LineString","coordinates":[[2.5846636,48.9102314],[2.5856922,48.9102134],[2.5866713,48.910197],[2.5867146,48.9101969],[2.5871002,48.910169],[2.5872996,48.9101439],[2.5873159,48.9101419],[2.5874211,48.910111],[2.5875116,48.9100723],[2.5879225,48.9098851],[2.588075,48.9098145],[2.5885347,48.9096068]]}},{"type":"Feature","properties":{"relief":0.767,"sinuosity":0,"highway":"tertiary","name":"Rue de Lagny"},"geometry":{"type":"LineString","coordinates":[[2.6306998,48.9147699],[2.6307865,48.9147251],[2.6308366,48.9146964],[2.630859,48.9146836],[2.6312764,48.9144545],[2.6314473,48.914318],[2.6317074,48.9141122],[2.6317821,48.9140612],[2.6318639,48.9140146],[2.6319196,48.9139879],[2.6320521,48.9139429],[2.6323375,48.9138739],[2.6324988,48.9138403],[2.6328569,48.9137838],[2.6331184,48.9137412],[2.6332884,48.9137104],[2.6336348,48.9136546],[2.6337936,48.9136279]]}},{"type":"Feature","properties":{"relief":0.609,"sinuosity":0,"highway":"secondary"},"geometry":{"type":"LineString","coordinates":[[2.5435535,48.9338282],[2.5435706,48.9338786],[2.543578,48.93393],[2.5435592,48.9340428],[2.543494,48.9341478],[2.5433873,48.934237],[2.5432473,48.9343035],[2.543085,48.9343421],[2.5429127,48.9343499],[2.5427438,48.9343262],[2.5425913,48.934273],[2.542467,48.9341943],[2.5423462,48.9340203],[2.5423348,48.9339415],[2.5423703,48.9338064],[2.542472,48.9336865],[2.5426283,48.9335956],[2.5428216,48.9335437],[2.5430302,48.9335369],[2.5432264,48.9335802],[2.5433746,48.9336469],[2.5434635,48.933706],[2.5435267,48.9337796],[2.5435535,48.9338282]]}},{"type":"Feature","properties":{"relief":0.685,"sinuosity":0,"highway":"secondary","name":"Rue Paul Vaillant-Couturier"},"geometry":{"type":"LineString","coordinates":[[2.4410774,48.8926249],[2.4416424,48.8925142],[2.4419305,48.8924578],[2.4421642,48.892412],[2.4437871,48.8920941],[2.4439856,48.8920557],[2.4442438,48.8920074],[2.4446442,48.8919323],[2.4448058,48.891902]]}},{"type":"Feature","properties":{"relief":0.9,"sinuosity":0,"highway":"tertiary","name":"Route Stratégique"},"geometry":{"type":"LineString","coordinates":[[2.5824575,48.9261296],[2.5826882,48.9260748],[2.5839671,48.9254707],[2.584319,48.9253551],[2.5846387,48.9253083],[2.5875953,48.9253144]]}},{"type":"Feature","properties":{"relief":0.9,"sinuosity":0,"highway":"tertiary","name":"Rue de Courtry"},"geometry":{"type":"LineString","coordinates":[[2.5867636,48.9123735],[2.5871368,48.9125937],[2.5880832,48.9131349],[2.5882173,48.9132075],[2.5883568,48.9132884],[2.5887634,48.9135319],[2.5889033,48.9136194],[2.5895852,48.9140074]]}},{"type":"Feature","properties":{"relief":0.508,"sinuosity":0,"highway":"tertiary","name":"Avenue Jean-Jacques Rousseau"},"geometry":{"type":"LineString","coordinates":[[2.540703,48.929768],[2.5407759,48.9297083],[2.5408173,48.9296734],[2.5409509,48.9295532],[2.5410199,48.9294935],[2.5412035,48.9293346],[2.5414742,48.9291114],[2.541899,48.9287765],[2.5428594,48.9280557],[2.5434719,48.9275921]]}},{"type":"Feature","properties":{"relief":0.514,"sinuosity":0,"highway":"tertiary"},"geometry":{"type":"LineString","coordinates":[[3.0810254,48.5252929],[3.0825111,48.5238672],[3.084114,48.5223368]]}},{"type":"Feature","properties":{"relief":0.755,"sinuosity":0.54,"highway":"motorway","name":"L'Aquitaine"},"geometry":{"type":"LineString","coordinates":[[2.2887218,48.7109451],[2.2889489,48.7110746],[2.2890958,48.7111978],[2.2891971,48.7112974],[2.2893063,48.711414],[2.2893639,48.7115188],[2.2894155,48.7116485],[2.2894572,48.7118044],[2.289481,48.7119511],[2.2894645,48.7122815],[2.2894433,48.7125433],[2.2894311,48.7127903],[2.2894532,48.7130189],[2.2895111,48.7131921],[2.2895803,48.7133923]]}},{"type":"Feature","properties":{"relief":0.727,"sinuosity":0,"highway":"tertiary","name":"Route de Louveciennes"},"geometry":{"type":"LineString","coordinates":[[2.1392293,48.8629724],[2.1391965,48.8630075],[2.1391397,48.8630681],[2.1390914,48.8631346],[2.139067,48.8632023],[2.1390523,48.8633151],[2.1390353,48.8634212],[2.1390114,48.8635079],[2.1389817,48.8635883],[2.138886,48.8637379],[2.1387526,48.863894],[2.1386285,48.8640146],[2.1382808,48.8642659],[2.1381474,48.8643813],[2.1380088,48.86456],[2.1378885,48.8646871],[2.1377362,48.8647767],[2.1375722,48.8648452],[2.137381,48.8649037],[2.1372132,48.8649433],[2.1368202,48.8649731]]}},{"type":"Feature","properties":{"relief":0.9,"sinuosity":0,"highway":"secondary","name":"Avenue Robert Schuman"},"geometry":{"type":"LineString","coordinates":[[2.1799878,48.9449449],[2.1804384,48.94486],[2.1805712,48.9448423],[2.1809395,48.9447999],[2.1812263,48.944769],[2.1812875,48.9447657],[2.181452,48.944757],[2.1821495,48.9447201],[2.1825317,48.9447167],[2.1829261,48.9447269],[2.183664,48.9447649],[2.1838422,48.9447822]]}},{"type":"Feature","properties":{"relief":0.75,"sinuosity":0,"highway":"tertiary","name":"Boulevard du Château"},"geometry":{"type":"LineString","coordinates":[[2.2708567,48.8908723],[2.2723594,48.8915247],[2.2724469,48.8915587],[2.272518,48.8915895],[2.273018,48.8918079],[2.2730521,48.8918228],[2.2731221,48.8918537],[2.273186,48.8918818],[2.27375,48.89213],[2.274189,48.8923232]]}},{"type":"Feature","properties":{"relief":0.747,"sinuosity":0,"highway":"tertiary","name":"Boulevard des Artisans"},"geometry":{"type":"LineString","coordinates":[[2.8293763,48.8492203],[2.8294319,48.8492122],[2.8296615,48.8491724],[2.8298277,48.8491353],[2.830032,48.8490585],[2.8302433,48.8489414],[2.8304163,48.8488194],[2.830515,48.8487118],[2.8305837,48.848635],[2.8306644,48.8484808],[2.8306831,48.8484002],[2.8307031,48.8483142],[2.8307056,48.8481604],[2.8306571,48.8479912],[2.8306138,48.8479159],[2.8305759,48.84785],[2.8305522,48.8478088],[2.8304246,48.8476701],[2.8301296,48.8474506],[2.8295147,48.8470081]]}},{"type":"Feature","properties":{"relief":0.59,"sinuosity":0,"highway":"secondary"},"geometry":{"type":"LineString","coordinates":[[2.809467,48.847787],[2.8097056,48.8478767],[2.8108593,48.8482927],[2.8115096,48.8485561],[2.812104,48.8487776],[2.8128831,48.8490709]]}},{"type":"Feature","properties":{"relief":0.705,"sinuosity":0,"highway":"tertiary","name":"Rue Pelet Otto"},"geometry":{"type":"LineString","coordinates":[[3.0817458,49.2553809],[3.0818343,49.2553381],[3.0819013,49.2552918],[3.0819195,49.2552805],[3.0824276,49.254966],[3.0831233,49.2545597],[3.083208,49.2545264],[3.0843799,49.2540659],[3.0845593,49.253988],[3.0846881,49.253941],[3.0858354,49.2535226]]}},{"type":"Feature","properties":{"relief":0.453,"sinuosity":0,"highway":"secondary"},"geometry":{"type":"LineString","coordinates":[[3.082775,49.262437],[3.0824706,49.2618143],[3.0823355,49.2616374],[3.0821665,49.2614797],[3.0814818,49.2610858],[3.0809169,49.260826],[3.0802234,49.2606168]]}},{"type":"Feature","properties":{"relief":0.753,"sinuosity":0,"highway":"secondary"},"geometry":{"type":"LineString","coordinates":[[2.4953341,48.2024825],[2.4958719,48.2025057],[2.4963817,48.2025264],[2.4968663,48.2025461],[2.4972779,48.2025418],[2.4999637,48.2022018]]}},{"type":"Feature","properties":{"relief":0.462,"sinuosity":0,"highway":"secondary"},"geometry":{"type":"LineString","coordinates":[[1.9113436,48.0807895],[1.9135042,48.0810294],[1.9151641,48.0812153]]}},{"type":"Feature","properties":{"relief":0.472,"sinuosity":0,"highway":"secondary","name":"Boulevard Robert Ballanger"},"geometry":{"type":"LineString","coordinates":[[2.5416263,48.9563906],[2.5417188,48.9563911],[2.5441441,48.9571938],[2.5449174,48.9574539],[2.5451839,48.9575436]]}},{"type":"Feature","properties":{"relief":0.82,"sinuosity":0.882,"highway":"trunk_link"},"geometry":{"type":"LineString","coordinates":[[2.5877099,48.8502976],[2.587727,48.8502254],[2.5877484,48.8501193],[2.587776,48.8500258],[2.587775,48.8499647],[2.5877635,48.8498968],[2.5877354,48.8498436],[2.5876955,48.8497946],[2.5876601,48.849764],[2.5876074,48.849727],[2.5875353,48.8496876],[2.5874582,48.8496539],[2.5873882,48.8496306],[2.5872875,48.8496131],[2.5871688,48.8496003],[2.5869974,48.8495948],[2.5868544,48.8495982],[2.5866574,48.8496146],[2.5864554,48.8496391],[2.585637,48.849749],[2.5847146,48.8498357]]}},{"type":"Feature","properties":{"relief":1,"sinuosity":0.752,"highway":"secondary","name":"Rue de la Ferté-Alais"},"geometry":{"type":"LineString","coordinates":[[2.3628418,48.4422807],[2.362594,48.4425201],[2.3624389,48.4427707],[2.3623997,48.4430284],[2.3624376,48.4432601],[2.3624879,48.443468],[2.36256,48.4436508],[2.3627579,48.443872],[2.3629958,48.4440419],[2.3632744,48.4441752],[2.3633761,48.4442563],[2.3634624,48.4443795],[2.3635375,48.4445418]]}},{"type":"Feature","properties":{"relief":0.85,"sinuosity":0.7,"highway":"secondary","name":"Avenue de Paris"},"geometry":{"type":"LineString","coordinates":[[2.3651326,48.8010687],[2.3651724,48.8011034],[2.3651983,48.801133],[2.3652099,48.801154],[2.3652121,48.8011785],[2.3652027,48.8012084],[2.3652014,48.8012124],[2.3650988,48.8015379],[2.3648529,48.8023818],[2.3648259,48.8024903],[2.3648066,48.802554],[2.3647665,48.8026533],[2.3647211,48.8028135],[2.364675,48.8029341],[2.3643357,48.8040031]]}},{"type":"Feature","properties":{"relief":0.75,"sinuosity":0,"highway":"secondary","name":"Rue Edmond Rostand"},"geometry":{"type":"LineString","coordinates":[[2.366637,48.4810934],[2.3662769,48.4811619],[2.3661439,48.4811872],[2.3658586,48.4812286],[2.3651944,48.4813335],[2.3645589,48.4814262],[2.36427,48.4814798],[2.3640643,48.481518],[2.3633314,48.4816224],[2.3624908,48.4817624]]}},{"type":"Feature","properties":{"relief":0.376,"sinuosity":0,"highway":"tertiary","name":"Rue de Chartres"},"geometry":{"type":"LineString","coordinates":[[1.4180726,48.431566],[1.4180147,48.4316851],[1.4173967,48.4321344],[1.4168719,48.4324658],[1.4163487,48.4328522],[1.4156585,48.4331806],[1.4143103,48.4335506]]}},{"type":"Feature","properties":{"relief":0.9,"sinuosity":0,"highway":"tertiary","name":"Rue Douvizie"},"geometry":{"type":"LineString","coordinates":[[2.8576514,48.8772002],[2.8574108,48.8776118],[2.8572024,48.8779695],[2.8571255,48.8780791],[2.8570639,48.8781571],[2.8569918,48.8782207],[2.8569015,48.8782817],[2.8566175,48.878436],[2.8559993,48.8787598],[2.8552759,48.8791312]]}},{"type":"Feature","properties":{"relief":0.9,"sinuosity":0,"highway":"motorway","name":"Autoroute de l’Est"},"geometry":{"type":"LineString","coordinates":[[2.8586683,48.8701652],[2.8581274,48.8699179],[2.8575073,48.8696251],[2.8568515,48.8693059],[2.8557721,48.868752],[2.8551298,48.8684076]]}},{"type":"Feature","properties":{"relief":0.82,"sinuosity":0,"highway":"motorway"},"geometry":{"type":"LineString","coordinates":[[2.4946877,48.9779243],[2.4968723,48.9793604],[2.4984662,48.9804008]]}},{"type":"Feature","properties":{"relief":0.509,"sinuosity":0,"highway":"motorway"},"geometry":{"type":"LineString","coordinates":[[2.5024919,48.9845446],[2.5023129,48.9843433],[2.50181,48.9838004],[2.5012989,48.9832859],[2.5007253,48.9827952],[2.5003895,48.9825302],[2.4998282,48.9821348]]}},{"type":"Feature","properties":{"relief":0.67,"sinuosity":0,"highway":"motorway"},"geometry":{"type":"LineString","coordinates":[[2.4998282,48.9821348],[2.4981118,48.9809817],[2.496558,48.97993]]}},{"type":"Feature","properties":{"relief":0.75,"sinuosity":0,"highway":"trunk","name":"Boulevard Périphérique Extérieur"},"geometry":{"type":"LineString","coordinates":[[2.359905,48.8161233],[2.3612861,48.816023],[2.3617454,48.8159972],[2.3620498,48.8159866],[2.362306,48.8159857],[2.3624817,48.8159919],[2.3626573,48.8159981],[2.3628397,48.8160149],[2.3630145,48.8160378],[2.3632032,48.816067],[2.3634097,48.8161031],[2.3636042,48.8161482],[2.3637785,48.8161959]]}},{"type":"Feature","properties":{"relief":0.9,"sinuosity":0,"highway":"trunk","name":"Boulevard Périphérique Intérieur"},"geometry":{"type":"LineString","coordinates":[[2.3641686,48.8164795],[2.3637289,48.8163204],[2.3634875,48.8162488],[2.3632474,48.8161985],[2.3629698,48.8161535],[2.3627391,48.8161332],[2.3624119,48.8161146],[2.3621182,48.8161093],[2.3618446,48.8161146],[2.3611831,48.8161473],[2.3598699,48.8162377]]}},{"type":"Feature","properties":{"relief":0.75,"sinuosity":0,"highway":"tertiary","name":"Rue Voltaire"},"geometry":{"type":"LineString","coordinates":[[2.3606614,48.8156162],[2.360743,48.8156065],[2.3608384,48.8156082],[2.361751,48.8156586],[2.3619819,48.8156807],[2.3632945,48.8158139],[2.3635744,48.8158544],[2.3638694,48.8159302],[2.3641232,48.8160387],[2.3643603,48.8161493]]}},{"type":"Feature","properties":{"relief":0.667,"sinuosity":0,"highway":"tertiary"},"geometry":{"type":"LineString","coordinates":[[2.6414516,49.0269977],[2.6409564,49.0275164],[2.640613,49.0278484],[2.6403041,49.0280454],[2.6397891,49.0282368],[2.6395058,49.0284112],[2.639317,49.0286195],[2.6388535,49.0292441]]}},{"type":"Feature","properties":{"relief":0.508,"sinuosity":0,"highway":"tertiary","name":"Route de Moussy"},"geometry":{"type":"LineString","coordinates":[[2.6329218,49.0350514],[2.6321695,49.0359177],[2.6317163,49.0364479],[2.6314914,49.0367111],[2.6306074,49.0377295]]}},{"type":"Feature","properties":{"relief":0.392,"sinuosity":0,"highway":"tertiary"},"geometry":{"type":"LineString","coordinates":[[2.590635,49.0590039],[2.5897005,49.0587522],[2.5887987,49.0585398],[2.5881254,49.0584421],[2.5873272,49.0583571],[2.5865993,49.0582674]]}},{"type":"Feature","properties":{"relief":0.487,"sinuosity":0,"highway":"secondary","name":"Rue Lavoisier"},"geometry":{"type":"LineString","coordinates":[[2.3639359,48.5393407],[2.3636824,48.5393742],[2.3634588,48.5394047],[2.3624573,48.5395375],[2.3611734,48.539715],[2.3611099,48.539723],[2.3610823,48.5397264],[2.3609021,48.5397478],[2.3608532,48.5397539],[2.3605667,48.5397895],[2.3605119,48.5397971],[2.3595183,48.539912]]}},{"type":"Feature","properties":{"relief":0.67,"sinuosity":0,"highway":"tertiary","name":"Avenue Charles de Gaulle"},"geometry":{"type":"LineString","coordinates":[[2.31755,48.6057665],[2.3175168,48.6057401],[2.3173927,48.6056705],[2.3170821,48.6054963],[2.3162187,48.6049879],[2.3161147,48.6049352],[2.3160265,48.60491],[2.3159047,48.6049001],[2.3157802,48.6049034],[2.3147864,48.6049513],[2.3146717,48.6049588],[2.3145667,48.6049649],[2.3142461,48.6049821],[2.3140878,48.6049923]]}},{"type":"Feature","properties":{"relief":0.544,"sinuosity":0,"highway":"tertiary"},"geometry":{"type":"LineString","coordinates":[[2.5417948,49.0828352],[2.5419925,49.082904],[2.542335,49.0830267],[2.5429783,49.0832571],[2.5439812,49.0836057],[2.5441611,49.0836717],[2.5443636,49.0837533],[2.5445219,49.0838315],[2.5446158,49.0838895],[2.5447363,49.0839772],[2.5448075,49.0840405],[2.5448625,49.0840968],[2.5449645,49.0842127]]}},{"type":"Feature","properties":{"relief":0.773,"sinuosity":0,"highway":"tertiary","name":"Rue de Montereau"},"geometry":{"type":"LineString","coordinates":[[2.9715376,48.3539608],[2.9715865,48.3535214],[2.9716755,48.3523952],[2.9717329,48.3521413],[2.9718288,48.3519295],[2.9720772,48.3515686],[2.9724768,48.3510077]]}},{"type":"Feature","properties":{"relief":0.9,"sinuosity":0,"highway":"tertiary","name":"Rue Léon Geffroy"},"geometry":{"type":"LineString","coordinates":[[2.4075849,48.7835016],[2.4076268,48.7836061],[2.4076571,48.7836473],[2.4077195,48.7837611],[2.407737,48.7838023],[2.407757,48.7838495],[2.407839,48.7841039],[2.4078883,48.7842362],[2.4079208,48.7843432],[2.4079936,48.7846112],[2.4080032,48.7847559],[2.4079875,48.7848964],[2.4079429,48.785109],[2.4078631,48.7853041],[2.4073236,48.7863429]]}},{"type":"Feature","properties":{"relief":0.544,"sinuosity":0,"highway":"tertiary","name":"Rue Mercier"},"geometry":{"type":"LineString","coordinates":[[2.6508388,48.9845616],[2.6507991,48.9844927],[2.6507007,48.9843758],[2.6504773,48.9841931],[2.6483503,48.9827859],[2.6460406,48.9812578]]}},{"type":"Feature","properties":{"relief":0.51,"sinuosity":0,"highway":"tertiary"},"geometry":{"type":"LineString","coordinates":[[2.7260497,49.0383612],[2.7250325,49.038408],[2.7249205,49.0384209],[2.7247515,49.0384412],[2.7243505,49.0385431],[2.7232723,49.0388672],[2.7226626,49.0390497],[2.7213711,49.039441]]}},{"type":"Feature","properties":{"relief":0.86,"sinuosity":0,"highway":"tertiary"},"geometry":{"type":"LineString","coordinates":[[2.4976234,49.0712873],[2.496224,49.0711514],[2.4941387,49.0709702],[2.4937443,49.0709296]]}},{"type":"Feature","properties":{"relief":0.86,"sinuosity":0,"highway":"trunk_link"},"geometry":{"type":"LineString","coordinates":[[2.4993661,49.0300513],[2.4992703,49.0300563],[2.4991267,49.0300519],[2.4990013,49.0300601],[2.4988007,49.0300897],[2.4974968,49.0303894],[2.4960573,49.0307006],[2.495267,49.030904]]}},{"type":"Feature","properties":{"relief":0.71,"sinuosity":0,"highway":"trunk_link"},"geometry":{"type":"LineString","coordinates":[[2.494194,49.0310265],[2.4943395,49.0309283],[2.4949508,49.0306787],[2.495808,49.0303371],[2.4965298,49.0300665],[2.4971004,49.0298585],[2.4980487,49.0295397]]}},{"type":"Feature","properties":{"relief":0.623,"sinuosity":0,"highway":"tertiary"},"geometry":{"type":"LineString","coordinates":[[1.9055609,48.3084588],[1.9054295,48.3078639],[1.9052948,48.3072543],[1.9051832,48.3065121],[1.9051403,48.3063123],[1.9050115,48.3059241]]}},{"type":"Feature","properties":{"relief":0.773,"sinuosity":0,"highway":"tertiary"},"geometry":{"type":"LineString","coordinates":[[1.8917204,48.3063904],[1.8915316,48.3065502],[1.8909737,48.3069898],[1.8907334,48.3072239],[1.8905188,48.3074922],[1.8902098,48.3079432],[1.8900601,48.3081133],[1.8895171,48.3089002]]}},{"type":"Feature","properties":{"relief":0.432,"sinuosity":0,"highway":"tertiary"},"geometry":{"type":"LineString","coordinates":[[1.91456,48.2962273],[1.9121204,48.2954587],[1.9116844,48.2953393],[1.9114915,48.295289],[1.9110801,48.2951932]]}},{"type":"Feature","properties":{"relief":0.9,"sinuosity":0,"highway":"secondary","name":"Boulevard Maillot"},"geometry":{"type":"LineString","coordinates":[[2.2742618,48.8784589],[2.2742306,48.8784628],[2.2741595,48.8784717],[2.2711799,48.8788452],[2.2709598,48.8788717],[2.2707663,48.8788947]]}},{"type":"Feature","properties":{"relief":0.75,"sinuosity":0,"highway":"primary","name":"Allée du Bord de l'Eau"},"geometry":{"type":"LineString","coordinates":[[2.2276681,48.8592045],[2.2274973,48.8588201],[2.2270496,48.857818],[2.2267264,48.8570736],[2.2267169,48.8570487],[2.2265783,48.8566834]]}},{"type":"Feature","properties":{"relief":0.747,"sinuosity":0,"highway":"tertiary"},"geometry":{"type":"LineString","coordinates":[[2.7718441,48.1256299],[2.7709858,48.1266726],[2.7706854,48.127045],[2.7706168,48.1271366],[2.7703764,48.1275148],[2.7698958,48.1282652]]}},{"type":"Feature","properties":{"relief":0.9,"sinuosity":0,"highway":"secondary","name":"Route de Saint-Léger"},"geometry":{"type":"LineString","coordinates":[[1.7790189,48.7636309],[1.7785784,48.7632405],[1.7776609,48.7624322],[1.777339,48.762091],[1.7771512,48.7618204],[1.7769099,48.7613748]]}},{"type":"Feature","properties":{"relief":0.697,"sinuosity":0,"highway":"secondary","name":"Route de Saint-Léger"},"geometry":{"type":"LineString","coordinates":[[1.7770001,48.7586225],[1.7770679,48.7579024],[1.7772824,48.7556249]]}},{"type":"Feature","properties":{"relief":0.9,"sinuosity":0,"highway":"tertiary","name":"Rue Joseph Boulain"},"geometry":{"type":"LineString","coordinates":[[1.4165448,49.0086225],[1.4169515,49.0085853],[1.41842,49.00827],[1.41914,49.00814],[1.4199648,49.0079971],[1.4200686,49.0079794],[1.4202962,49.0079385]]}},{"type":"Feature","properties":{"relief":0.847,"sinuosity":0,"highway":"primary","name":"Rue Jules Princet"},"geometry":{"type":"LineString","coordinates":[[2.4974143,48.9367419],[2.4975463,48.9367618],[2.497591,48.9367743],[2.4976717,48.936797],[2.4984208,48.9370994],[2.4986845,48.9372165],[2.4988779,48.9372942],[2.4991984,48.937423],[2.4994305,48.9374845],[2.5000755,48.9376346],[2.5002416,48.9376776],[2.5003762,48.9377168],[2.5005041,48.9377662],[2.5006926,48.9378644],[2.5009267,48.9380526]]}},{"type":"Feature","properties":{"relief":0.75,"sinuosity":0,"highway":"secondary","name":"Rue de Paris"},"geometry":{"type":"LineString","coordinates":[[2.9003265,48.7760758],[2.9005084,48.7766957],[2.9007055,48.7769431],[2.9027836,48.7789874]]}},{"type":"Feature","properties":{"relief":0.9,"sinuosity":0,"highway":"primary","name":"Avenue Napoléon Bonaparte"},"geometry":{"type":"LineString","coordinates":[[2.0962351,48.886536],[2.0957333,48.8865283],[2.0950822,48.8865485],[2.0941865,48.8865825],[2.0932795,48.8866443],[2.0925358,48.8867044],[2.0919728,48.8867766]]}},{"type":"Feature","properties":{"relief":0.549,"sinuosity":0,"highway":"trunk"},"geometry":{"type":"LineString","coordinates":[[2.1920407,48.6670775],[2.1921721,48.6671706],[2.1923026,48.6672564],[2.1924484,48.6673433],[2.192641,48.667441],[2.1929036,48.66757],[2.1935198,48.667836],[2.1937384,48.6679537],[2.1938817,48.6680499],[2.1939826,48.6681324],[2.1940596,48.6682028],[2.1941484,48.668303],[2.1942186,48.6683946],[2.1942758,48.6684848],[2.1943125,48.6685673],[2.1943396,48.6686306],[2.1943675,48.6687312],[2.194386,48.6688219],[2.1943983,48.6689349]]}},{"type":"Feature","properties":{"relief":0.887,"sinuosity":0,"highway":"motorway","name":"L'Aquitaine"},"geometry":{"type":"LineString","coordinates":[[2.1826529,48.658143],[2.181855,48.6575385],[2.1814486,48.6572328],[2.1810658,48.6569533],[2.1804755,48.6565291],[2.1799501,48.6561675]]}},{"type":"Feature","properties":{"relief":0.603,"sinuosity":0,"highway":"motorway"},"geometry":{"type":"LineString","coordinates":[[3.6774298,48.2615733],[3.6780348,48.2618783],[3.6790153,48.2623768],[3.6805154,48.2631457]]}},{"type":"Feature","properties":{"relief":0.9,"sinuosity":0,"highway":"tertiary","name":"Rue Pasteur"},"geometry":{"type":"LineString","coordinates":[[2.178746,48.9731276],[2.1789506,48.9731697],[2.1791694,48.9731971],[2.1793675,48.9731981],[2.1796104,48.9731698],[2.1797925,48.9731284],[2.1799881,48.9730842],[2.1805605,48.972962],[2.1808277,48.9729091],[2.1817687,48.9728028],[2.1819739,48.9727766],[2.1832486,48.9726538]]}},{"type":"Feature","properties":{"relief":0.847,"sinuosity":0,"highway":"secondary"},"geometry":{"type":"LineString","coordinates":[[2.4488515,49.0259616],[2.4486838,49.0262808],[2.4485487,49.0265613],[2.4482748,49.0271848],[2.4481527,49.0274821],[2.4480589,49.027734],[2.4479382,49.0280624],[2.4478376,49.0283913]]}},{"type":"Feature","properties":{"relief":0.49,"sinuosity":0,"highway":"tertiary"},"geometry":{"type":"LineString","coordinates":[[2.5424838,49.0475833],[2.5426196,49.0474455],[2.5427276,49.0473491],[2.5428499,49.0472489],[2.5429898,49.0471426],[2.543153,49.0470309],[2.5433548,49.0469145],[2.5435218,49.0468304],[2.5437083,49.0467469],[2.543919,49.0466677],[2.5441187,49.0466055],[2.5442935,49.0465617],[2.54458,49.046491],[2.5449423,49.046402],[2.545006,49.0463863],[2.5455189,49.0462604]]}},{"type":"Feature","properties":{"relief":0.588,"sinuosity":0,"highway":"tertiary"},"geometry":{"type":"LineString","coordinates":[[2.4989888,49.0717472],[2.4990165,49.0718665],[2.4990431,49.0720291],[2.4990632,49.072203],[2.4990523,49.0727966],[2.4990427,49.0728774],[2.499021,49.0729569],[2.4989714,49.0730414],[2.4988731,49.0731476],[2.4987098,49.0732976],[2.4981178,49.0738793],[2.4980685,49.0739337]]}},{"type":"Feature","properties":{"relief":0.773,"sinuosity":0,"highway":"secondary"},"geometry":{"type":"LineString","coordinates":[[2.228993,48.5033952],[2.2284016,48.5027288],[2.2280666,48.5023883],[2.227785,48.502098],[2.2275939,48.5019009],[2.2273549,48.5016545],[2.2269871,48.5012401]]}},{"type":"Feature","properties":{"relief":0.623,"sinuosity":0,"highway":"tertiary"},"geometry":{"type":"LineString","coordinates":[[2.382604,49.0739343],[2.3847069,49.0726298],[2.3854278,49.0721407]]}},{"type":"Feature","properties":{"relief":0.75,"sinuosity":0,"highway":"tertiary"},"geometry":{"type":"LineString","coordinates":[[2.4887201,49.0711866],[2.4906218,49.0718833],[2.4935226,49.0729536]]}},{"type":"Feature","properties":{"relief":0.577,"sinuosity":0,"highway":"tertiary"},"geometry":{"type":"LineString","coordinates":[[1.7951349,48.0819199],[1.7959728,48.0820589],[1.7968279,48.0824526],[1.7985909,48.083363]]}},{"type":"Feature","properties":{"relief":0.833,"sinuosity":0,"highway":"motorway","name":"L'Européenne"},"geometry":{"type":"LineString","coordinates":[[2.2355854,49.160576],[2.2346907,49.1612783],[2.233827,49.1620046],[2.2331629,49.1625987]]}},{"type":"Feature","properties":{"relief":0.75,"sinuosity":0,"highway":"secondary","name":"Route de Nonville"},"geometry":{"type":"LineString","coordinates":[[2.7548295,48.3088767],[2.756134,48.3081517],[2.7567002,48.3078054],[2.7572916,48.3074121],[2.7581769,48.3065396]]}},{"type":"Feature","properties":{"relief":0.9,"sinuosity":0,"highway":"tertiary"},"geometry":{"type":"LineString","coordinates":[[2.3249711,49.2052032],[2.3250514,49.2056822],[2.3252022,49.2061045],[2.3252393,49.2063024],[2.3252449,49.2064724],[2.3251763,49.2066222],[2.324877,49.2071272],[2.3248361,49.207297],[2.3248065,49.2075058],[2.3247696,49.2083651]]}},{"type":"Feature","properties":{"relief":0.75,"sinuosity":0,"highway":"tertiary","name":"Rue des Tournelles"},"geometry":{"type":"LineString","coordinates":[[2.3717283,49.2082696],[2.3718692,49.2082058],[2.3719957,49.2081486],[2.3720705,49.2081232],[2.372615,49.2079348],[2.3727993,49.2078672],[2.3729128,49.2078192],[2.3737979,49.2072952],[2.3740135,49.2071499],[2.3740889,49.207099],[2.3741305,49.2070368],[2.374166,49.2069242],[2.3742389,49.2064405]]}},{"type":"Feature","properties":{"relief":0.75,"sinuosity":0,"highway":"trunk"},"geometry":{"type":"LineString","coordinates":[[2.3476975,49.0274702],[2.3474228,49.028185],[2.3471923,49.0289782],[2.3468378,49.030637]]}},{"type":"Feature","properties":{"relief":0.75,"sinuosity":0,"highway":"tertiary","name":"Route des Muses"},"geometry":{"type":"LineString","coordinates":[[2.0464123,48.8660182],[2.0476929,48.866349],[2.0487565,48.8666248],[2.0488764,48.8666559],[2.0493606,48.8667805],[2.0496032,48.8668362],[2.049852,48.8668661]]}},{"type":"Feature","properties":{"relief":0.853,"sinuosity":0,"highway":"tertiary","name":"Grande Rue"},"geometry":{"type":"LineString","coordinates":[[2.9905483,49.0958185],[2.990684,49.0958349],[2.9907447,49.0958422],[2.9912152,49.0959033],[2.9918137,49.0959931],[2.9920523,49.0960271],[2.9921369,49.0960391],[2.9926379,49.0960873],[2.9929087,49.0961182],[2.9930817,49.096143],[2.9931928,49.0961641],[2.9935685,49.0962422],[2.9938177,49.0962877],[2.9940919,49.096327],[2.9942572,49.0963405],[2.9943324,49.0963408]]}},{"type":"Feature","properties":{"relief":0.65,"sinuosity":0,"highway":"tertiary"},"geometry":{"type":"LineString","coordinates":[[2.8101443,48.6308337],[2.8115904,48.6301869],[2.8116672,48.6301632],[2.8138036,48.6292214]]}},{"type":"Feature","properties":{"relief":0.86,"sinuosity":0,"highway":"secondary"},"geometry":{"type":"LineString","coordinates":[[1.6869528,48.4705079],[1.6888159,48.4698624],[1.6899948,48.4694604],[1.6902479,48.4693719],[1.6916762,48.4688728]]}},{"type":"Feature","properties":{"relief":0.8,"sinuosity":0,"highway":"tertiary"},"geometry":{"type":"LineString","coordinates":[[1.7767488,48.4575308],[1.776928,48.4574882],[1.7772156,48.4574145],[1.7774758,48.4573309],[1.7786162,48.4568613],[1.7788087,48.4567776],[1.7789899,48.4566692],[1.7790784,48.4565891],[1.7791414,48.4565162],[1.7792031,48.4564339],[1.7792866,48.4562385],[1.780647,48.4530329]]}},{"type":"Feature","properties":{"relief":0.9,"sinuosity":0,"highway":"tertiary","name":"Route de Nanteuil à Fublaines"},"geometry":{"type":"LineString","coordinates":[[2.9146432,48.9364494],[2.9150025,48.9365566],[2.9168324,48.9371922],[2.9180024,48.9376651]]}},{"type":"Feature","properties":{"relief":0.9,"sinuosity":0,"highway":"tertiary","name":"Rue d'Osmoy"},"geometry":{"type":"LineString","coordinates":[[1.7311328,48.8603934],[1.7312127,48.8603871],[1.7317901,48.8603519],[1.732509,48.8603181],[1.7332767,48.8602796],[1.7339262,48.8602805],[1.7345259,48.8603087],[1.7350617,48.8602915]]}},{"type":"Feature","properties":{"relief":0.753,"sinuosity":0,"highway":"tertiary","name":"Rue du Gué de Ville"},"geometry":{"type":"LineString","coordinates":[[1.4603103,48.6744081],[1.4603904,48.6744537],[1.4607525,48.6746197],[1.461061,48.674726],[1.4615169,48.6748137],[1.4620781,48.6749445],[1.4625781,48.6750992],[1.4626916,48.6751297],[1.463059,48.6752403],[1.4635252,48.6753636]]}},{"type":"Feature","properties":{"relief":0.893,"sinuosity":0,"highway":"secondary","name":"Rue de Meaux"},"geometry":{"type":"LineString","coordinates":[[2.596089,48.9378864],[2.5958628,48.9378633],[2.5955898,48.9378344],[2.595394,48.9378161],[2.5949858,48.9377728],[2.594705,48.9377429],[2.5937754,48.9376472],[2.5925558,48.9375217],[2.5913389,48.9373981]]}},{"type":"Feature","properties":{"relief":0.9,"sinuosity":0,"highway":"primary","name":"Avenue Jean Jaurès"},"geometry":{"type":"LineString","coordinates":[[2.4097522,48.7657765],[2.4096241,48.7657588],[2.4094706,48.7657249],[2.4094003,48.7657071],[2.4091283,48.7656268],[2.4090279,48.7655978],[2.4083785,48.7654124],[2.4080746,48.7653306],[2.4078899,48.765274],[2.407712,48.7652074],[2.4074635,48.7650969],[2.4074,48.7650681],[2.4071769,48.7649671],[2.406993,48.7648984],[2.4067972,48.7648278],[2.4063205,48.764673]]}},{"type":"Feature","properties":{"relief":0.85,"sinuosity":0.702,"highway":"primary","name":"Rue Notre-Dame"},"geometry":{"type":"LineString","coordinates":[[2.4533704,48.6436735],[2.4532502,48.6438231],[2.4531941,48.6439279],[2.453195,48.6439448],[2.4531999,48.6439949],[2.4533151,48.6443287],[2.4533041,48.6444024],[2.4532829,48.6444735],[2.4532348,48.6445554],[2.4531887,48.6446081],[2.4529103,48.6448412],[2.4523451,48.6452282],[2.4520886,48.6454183],[2.4519142,48.6456063],[2.4519033,48.645676],[2.4519127,48.6457516],[2.4519061,48.6457751],[2.4518053,48.6458753]]}},{"type":"Feature","properties":{"relief":0.501,"sinuosity":0,"highway":"secondary","name":"Avenue de Sévigné"},"geometry":{"type":"LineString","coordinates":[[2.5442149,48.9127875],[2.5440664,48.9126989],[2.5438795,48.9126236],[2.5436613,48.9125531],[2.5436431,48.9125478],[2.5435515,48.9125211],[2.5433988,48.9124856],[2.5431383,48.9124421],[2.5427326,48.9124081],[2.5423174,48.9123795],[2.5421168,48.9123858],[2.5419142,48.9124052],[2.5410884,48.9125623],[2.5407067,48.9126366],[2.5405567,48.9126635]]}},{"type":"Feature","properties":{"relief":0.9,"sinuosity":0,"highway":"motorway"},"geometry":{"type":"LineString","coordinates":[[2.0902625,48.9108126],[2.0940135,48.9112258],[2.0956616,48.9114051]]}},{"type":"Feature","properties":{"relief":0.76,"sinuosity":0,"highway":"primary","name":"Route de Mantes"},"geometry":{"type":"LineString","coordinates":[[2.045808,48.9073181],[2.0459443,48.9072555],[2.0466936,48.906981],[2.0472305,48.9067835],[2.0472631,48.9067716],[2.047285,48.9067635],[2.0474985,48.9066861],[2.0476778,48.906621],[2.0486826,48.906256],[2.0487935,48.9062164],[2.0499269,48.9057889]]}},{"type":"Feature","properties":{"relief":0.9,"sinuosity":0,"highway":"tertiary","name":"Boulevard Victor Hugo"},"geometry":{"type":"LineString","coordinates":[[2.0878589,48.8931607],[2.0879149,48.8931232],[2.0880012,48.893063],[2.0883758,48.8927658],[2.0883994,48.8927391],[2.0886468,48.8924593],[2.08898,48.8920738],[2.0890584,48.8920123],[2.0892529,48.8918011],[2.089292,48.8917584],[2.0893816,48.8916512],[2.0894271,48.8915745],[2.0896846,48.8912889],[2.0899266,48.8911966],[2.09002,48.8911713],[2.0900838,48.891154]]}},{"type":"Feature","properties":{"relief":0.67,"sinuosity":0,"highway":"secondary","name":"Rue Albert Camus"},"geometry":{"type":"LineString","coordinates":[[2.3179594,48.6087862],[2.3177758,48.6087555],[2.3170863,48.6086402],[2.3167252,48.6085803],[2.3164613,48.6085365],[2.3161252,48.6084799],[2.3158772,48.6084416],[2.3157083,48.6084312],[2.315591,48.6084249],[2.3155321,48.6084264],[2.3153769,48.6084305],[2.3151388,48.6084483],[2.3141301,48.6085574]]}},{"type":"Feature","properties":{"relief":0.714,"sinuosity":0,"highway":"tertiary","name":"Avenue du Général Gallieni"},"geometry":{"type":"LineString","coordinates":[[2.3620323,48.9677054],[2.3620851,48.9677846],[2.362104,48.9678131],[2.3624962,48.9684026],[2.3626271,48.9685994],[2.3627098,48.9687597],[2.3627967,48.9689072],[2.3629103,48.9691042],[2.3633323,48.9697637],[2.3633733,48.9698278],[2.3633994,48.9698686],[2.3634633,48.9699685],[2.3636363,48.9702388]]}},{"type":"Feature","properties":{"relief":0.913,"sinuosity":0.7,"highway":"secondary","name":"Rue Maurice Berteaux"},"geometry":{"type":"LineString","coordinates":[[2.0904185,48.9917113],[2.0904285,48.9917348],[2.0904693,48.9918044],[2.0905311,48.9918646],[2.0905815,48.9918956],[2.0913481,48.9921947],[2.0919317,48.9924225],[2.0923093,48.9925615],[2.0923611,48.9925757],[2.0923935,48.9925846],[2.0924561,48.9925935],[2.0925318,48.9926043],[2.0926462,48.9926141],[2.0928891,48.9926348],[2.0930548,48.9926554],[2.093155,48.9926706],[2.0932498,48.9926964],[2.0933758,48.9927345],[2.0934455,48.992759],[2.0936736,48.9928587],[2.0941782,48.9931123]]}},{"type":"Feature","properties":{"relief":0.643,"sinuosity":0,"highway":"secondary","name":"Grande Rue"},"geometry":{"type":"LineString","coordinates":[[3.2156648,48.7582642],[3.2157169,48.758291],[3.2162992,48.7584225],[3.2166162,48.7584968],[3.2171146,48.7586179],[3.2172822,48.7586475],[3.2176357,48.7586913],[3.21816,48.7587669],[3.2188867,48.7588623],[3.2192677,48.75888],[3.2192905,48.7588813],[3.2196749,48.7589101]]}},{"type":"Feature","properties":{"relief":0.625,"sinuosity":0,"highway":"secondary"},"geometry":{"type":"LineString","coordinates":[[2.8092705,48.5851283],[2.8095537,48.5851244],[2.8096722,48.5851228],[2.8105649,48.5850546],[2.8115596,48.5850147],[2.8130759,48.5849339]]}},{"type":"Feature","properties":{"relief":0.9,"sinuosity":0,"highway":"motorway_link"},"geometry":{"type":"LineString","coordinates":[[2.2750336,48.9587515],[2.274577,48.9589456],[2.2736065,48.9593158],[2.273444,48.9593962],[2.2724147,48.9599629],[2.2710699,48.9607013]]}},{"type":"Feature","properties":{"relief":0.9,"sinuosity":0,"highway":"secondary","name":"Route d'Ableiges"},"geometry":{"type":"LineString","coordinates":[[2.0508379,49.0642354],[2.0507922,49.0642466],[2.0506361,49.0642856],[2.0501034,49.0644518],[2.0498323,49.0645352],[2.0496861,49.0645773],[2.0495234,49.0646206],[2.0489207,49.0647501],[2.0486607,49.0648012],[2.0475679,49.0649866],[2.0473689,49.0650187],[2.0472286,49.0650371],[2.0470045,49.0650592]]}},{"type":"Feature","properties":{"relief":0.75,"sinuosity":0,"highway":"primary"},"geometry":{"type":"LineString","coordinates":[[2.2724729,48.9484789],[2.2739991,48.9488637],[2.2744159,48.9489693],[2.2747247,48.9490574],[2.2750316,48.9491561],[2.2753262,48.9492682],[2.2754948,48.9493429],[2.2756187,48.9494056],[2.2758748,48.9495497],[2.2761125,48.9497152]]}},{"type":"Feature","properties":{"relief":0.531,"sinuosity":0,"highway":"trunk"},"geometry":{"type":"LineString","coordinates":[[1.7645552,49.1628216],[1.7656018,49.161923],[1.7667001,49.1610478],[1.7700167,49.1585869]]}},{"type":"Feature","properties":{"relief":0.9,"sinuosity":0,"highway":"trunk"},"geometry":{"type":"LineString","coordinates":[[2.3472941,49.0281794],[2.3475688,49.0274759],[2.3478091,49.0269243],[2.3508368,49.0213338]]}},{"type":"Feature","properties":{"relief":0.827,"sinuosity":0,"highway":"tertiary","name":"Route de Courgivaux"},"geometry":{"type":"LineString","coordinates":[[3.2259293,48.7579606],[3.226651,48.7578873],[3.227024,48.7578531],[3.2277187,48.7577837],[3.2305778,48.7574904]]}},{"type":"Feature","properties":{"relief":0.88,"sinuosity":0,"highway":"primary","name":"Avenue des Alliés"},"geometry":{"type":"LineString","coordinates":[[3.3074158,48.7784333],[3.3076747,48.7784315],[3.3079654,48.7784648],[3.3082015,48.7784978],[3.3082828,48.7785073],[3.3084644,48.7785267],[3.3102711,48.7787492],[3.3112027,48.7788695]]}},{"type":"Feature","properties":{"relief":0.92,"sinuosity":0.811,"highway":"primary","name":"Avenue de la Libération"},"geometry":{"type":"LineString","coordinates":[[3.2616024,48.5320269],[3.2633234,48.532367],[3.2634807,48.5323958],[3.2637296,48.532464],[3.2639098,48.5325663],[3.2640214,48.5326799],[3.2641072,48.5328277],[3.264133,48.5329812],[3.2641416,48.5331858],[3.2641416,48.5337729]]}},{"type":"Feature","properties":{"relief":0.9,"sinuosity":0,"highway":"tertiary"},"geometry":{"type":"LineString","coordinates":[[2.2467812,49.0256471],[2.2468041,49.0257088],[2.2468726,49.0257704],[2.2469119,49.025796],[2.2470399,49.0258793],[2.2471006,49.0259189],[2.2472352,49.026004],[2.2473838,49.0261354],[2.2475001,49.0262524],[2.2476476,49.0264043],[2.2477833,49.0265937],[2.2480199,49.0269237],[2.2481716,49.0271585],[2.2484164,49.0274981],[2.2485214,49.0276332],[2.2485551,49.0276782],[2.24864,49.0277857]]}},{"type":"Feature","properties":{"relief":0.75,"sinuosity":0,"highway":"primary","name":"Boulevard Vincent Auriol"},"geometry":{"type":"LineString","coordinates":[[2.3598737,48.831963],[2.3599732,48.8319952],[2.3600783,48.8320321],[2.3601393,48.8320524],[2.3605093,48.8321753],[2.3619495,48.8326589],[2.3620399,48.832687],[2.3621891,48.8327307],[2.3622594,48.8327541],[2.362325,48.832779],[2.3635237,48.8331876]]}},{"type":"Feature","properties":{"relief":0.496,"sinuosity":0,"highway":"motorway","name":"Autoroute du Nord"},"geometry":{"type":"LineString","coordinates":[[2.4493415,48.9504739],[2.450206,48.9509323],[2.4511515,48.9514352],[2.4526822,48.9522382]]}},{"type":"Feature","properties":{"relief":0.75,"sinuosity":0,"highway":"secondary","name":"Avenue de Domont"},"geometry":{"type":"LineString","coordinates":[[2.3183969,49.0038855],[2.3180687,49.0043176],[2.3178024,49.0046466],[2.3177695,49.0046873],[2.3176877,49.00478],[2.3175366,49.0049624],[2.3174405,49.0050661],[2.3173593,49.0051405],[2.3172466,49.0052289],[2.3171262,49.0053125],[2.316573,49.0056937],[2.3165475,49.0057112],[2.3164455,49.0057831],[2.3163458,49.0058522],[2.3163132,49.0058742],[2.3161253,49.0060027]]}},{"type":"Feature","properties":{"relief":0.683,"sinuosity":0,"highway":"primary"},"geometry":{"type":"LineString","coordinates":[[2.2946077,48.5772828],[2.2955691,48.5773966],[2.2963653,48.5775397],[2.297256,48.5777411],[2.2978208,48.5779014],[2.2981758,48.5779858],[2.298501,48.5780404]]}},{"type":"Feature","properties":{"relief":0.469,"sinuosity":0.539,"highway":"secondary"},"geometry":{"type":"LineString","coordinates":[[3.2859437,48.5798725],[3.2864879,48.5793249],[3.2867162,48.5790952],[3.2870542,48.5784493],[3.2871883,48.5777927],[3.2870327,48.5768416]]}},{"type":"Feature","properties":{"relief":0.9,"sinuosity":0,"highway":"tertiary","name":"Avenue de la Colline Saint-Martin"},"geometry":{"type":"LineString","coordinates":[[2.966544,48.395587],[2.966568,48.3957946],[2.9665695,48.3958071],[2.9665568,48.3959636],[2.9665394,48.3961115],[2.9665017,48.3962756],[2.9664794,48.3963349],[2.966452,48.3964008],[2.966361,48.3965828],[2.966258,48.396746],[2.9662119,48.3968445],[2.966195,48.3969423],[2.9661967,48.3970205],[2.966228,48.3971265],[2.966505,48.3976403],[2.9665516,48.3977775],[2.966561,48.3978286],[2.9665791,48.3979464]]}},{"type":"Feature","properties":{"relief":0.75,"sinuosity":0,"highway":"primary","name":"Avenue Jean Jaurès"},"geometry":{"type":"LineString","coordinates":[[2.4059669,48.7643877],[2.4060187,48.7644062],[2.4060701,48.7644246],[2.4068953,48.7646855],[2.4072229,48.764791],[2.4075153,48.7649224],[2.4076785,48.764983],[2.4080129,48.7650805],[2.4087251,48.7652882],[2.4091008,48.7653967],[2.4091606,48.7654153],[2.4092818,48.76545]]}},{"type":"Feature","properties":{"relief":0.75,"sinuosity":0,"highway":"tertiary"},"geometry":{"type":"LineString","coordinates":[[2.9958447,48.305035],[2.995706,48.3054978],[2.9949834,48.3073686],[2.9949401,48.3075535]]}},{"type":"Feature","properties":{"relief":0.78,"sinuosity":0,"highway":"tertiary"},"geometry":{"type":"LineString","coordinates":[[2.9932163,48.3107149],[2.9931293,48.310985],[2.9930285,48.3115884],[2.9929148,48.3118909],[2.9927597,48.3121264],[2.9922609,48.3127641],[2.9917543,48.3134868]]}},{"type":"Feature","properties":{"relief":0.75,"sinuosity":0,"highway":"tertiary"},"geometry":{"type":"LineString","coordinates":[[2.8493565,48.9828205],[2.8490935,48.9826974],[2.8480712,48.9819043],[2.8465296,48.9810279]]}},{"type":"Feature","properties":{"relief":0.9,"sinuosity":0,"highway":"motorway","name":"Duplex A86"},"geometry":{"type":"LineString","coordinates":[[2.1492965,48.8486109],[2.1489138,48.848068],[2.1485712,48.8475417],[2.1478546,48.8463306],[2.1473726,48.8455375]]}},{"type":"Feature","properties":{"relief":0.365,"sinuosity":0,"highway":"tertiary","name":"Avenue du Château"},"geometry":{"type":"LineString","coordinates":[[3.1268338,48.3186579],[3.1275848,48.3192443],[3.127888,48.3194811],[3.1281978,48.319723],[3.1286028,48.3200392],[3.1287384,48.3201451],[3.1288204,48.3202091],[3.129924,48.3210708]]}},{"type":"Feature","properties":{"relief":0.9,"sinuosity":0,"highway":"primary","name":"Boulevard de Stalingrad"},"geometry":{"type":"LineString","coordinates":[[2.3773823,48.8036692],[2.377507,48.8035143],[2.3776697,48.8033052],[2.3778902,48.8030257],[2.3779096,48.8029979],[2.3780643,48.8028619],[2.3785657,48.8022221],[2.3786321,48.8021374],[2.3790255,48.8016427],[2.3791216,48.8015061],[2.3791261,48.8015008],[2.3791377,48.8014873],[2.379218,48.8013938]]}},{"type":"Feature","properties":{"relief":0.642,"sinuosity":0,"highway":"secondary"},"geometry":{"type":"LineString","coordinates":[[3.3567935,48.5749278],[3.3572096,48.5750448],[3.3574801,48.5751209],[3.3582698,48.5753253],[3.3697204,48.5780848]]}},{"type":"Feature","properties":{"relief":0.666,"sinuosity":0,"highway":"tertiary"},"geometry":{"type":"LineString","coordinates":[[3.4400712,48.5515862],[3.4419404,48.5510938],[3.4466938,48.5508724]]}},{"type":"Feature","properties":{"relief":0.75,"sinuosity":0,"highway":"secondary","name":"Route de Provins"},"geometry":{"type":"LineString","coordinates":[[3.0111167,48.3975754],[3.0112296,48.3975753],[3.0120832,48.3975767],[3.0123568,48.3975723],[3.0126075,48.3975589],[3.0129407,48.3975319],[3.0156531,48.3972665]]}},{"type":"Feature","properties":{"relief":0.9,"sinuosity":0,"highway":"secondary","name":"Route de Provins"},"geometry":{"type":"LineString","coordinates":[[3.0199142,48.397373],[3.0204128,48.3974225],[3.020934,48.3974848],[3.0230133,48.397773],[3.023356,48.3978223],[3.0235107,48.3978528],[3.0236864,48.3978902]]}},{"type":"Feature","properties":{"relief":1,"sinuosity":0.7,"highway":"secondary"},"geometry":{"type":"LineString","coordinates":[[3.2120902,48.4873261],[3.2120012,48.4874316],[3.2117149,48.4877618],[3.2116608,48.4878471],[3.2116066,48.4879477],[3.2115634,48.4880549],[3.2115548,48.4882028],[3.2118295,48.4891756],[3.2118552,48.4893519],[3.2118467,48.4895112],[3.2118037,48.4896363],[3.2117093,48.4897615]]}},{"type":"Feature","properties":{"relief":0.9,"sinuosity":0,"highway":"primary"},"geometry":{"type":"LineString","coordinates":[[2.8136641,48.3647963],[2.8127521,48.3646662],[2.8117704,48.3646146],[2.8107646,48.3646199],[2.8103381,48.3646511],[2.809964,48.3646849],[2.8096716,48.3647179]]}},{"type":"Feature","properties":{"relief":0.565,"sinuosity":0,"highway":"primary"},"geometry":{"type":"LineString","coordinates":[[2.8268391,48.3039842],[2.8284894,48.3055018],[2.8328338,48.3095255]]}},{"type":"Feature","properties":{"relief":0.75,"sinuosity":0,"highway":"tertiary","name":"Rue de Férottes"},"geometry":{"type":"LineString","coordinates":[[2.9263256,48.2603094],[2.9263428,48.260578],[2.9258278,48.2622693],[2.9257591,48.2625836],[2.9257763,48.2628979]]}},{"type":"Feature","properties":{"relief":0.368,"sinuosity":0,"highway":"tertiary","name":"Rue de Flagy"},"geometry":{"type":"LineString","coordinates":[[2.9489108,48.2867642],[2.948516,48.2868852],[2.9483919,48.2869254],[2.9481465,48.2870272],[2.9479788,48.2871109],[2.9477349,48.2872336],[2.9476256,48.2872975],[2.947383,48.2874392],[2.9472378,48.2875563],[2.9471036,48.287684],[2.9469614,48.2878585],[2.9466439,48.2883342],[2.9465361,48.288449],[2.9464045,48.2885586]]}},{"type":"Feature","properties":{"relief":0.75,"sinuosity":0,"highway":"tertiary","name":"Rue du Professeur Victor Pauchet"},"geometry":{"type":"LineString","coordinates":[[2.1816078,48.8470748],[2.1815575,48.8470863],[2.1811012,48.8471902],[2.1810035,48.8472125],[2.1805922,48.8472732],[2.1790684,48.8474981],[2.1781099,48.8476102],[2.1772314,48.847713]]}},{"type":"Feature","properties":{"relief":0.402,"sinuosity":0,"highway":"secondary","name":"Route de Fontainebleau"},"geometry":{"type":"LineString","coordinates":[[2.4914058,48.2184648],[2.4907093,48.217586],[2.4905032,48.2173646],[2.4903858,48.2172561],[2.4900079,48.2169193],[2.4895998,48.2165975],[2.4890392,48.2161905]]}},{"type":"Feature","properties":{"relief":0.82,"sinuosity":0,"highway":"secondary"},"geometry":{"type":"LineString","coordinates":[[2.4965979,48.2191621],[2.4973762,48.2193785],[2.4983311,48.2195759],[2.5031325,48.2205681]]}},{"type":"Feature","properties":{"relief":0.597,"sinuosity":0,"highway":"tertiary"},"geometry":{"type":"LineString","coordinates":[[2.992299,48.2182058],[2.9950825,48.2195681],[2.9959178,48.2199807]]}},{"type":"Feature","properties":{"relief":0.71,"sinuosity":0,"highway":"primary","name":"Boulevard Malesherbes"},"geometry":{"type":"LineString","coordinates":[[2.3188743,48.8756735],[2.3187959,48.8757395],[2.3187678,48.8757625],[2.318725,48.8757975],[2.3178971,48.8764749],[2.3178566,48.8765081],[2.317836,48.8765249],[2.3176896,48.8766419],[2.3175564,48.8767518],[2.3175319,48.876772],[2.3174947,48.8768027],[2.3166506,48.8774996],[2.3165758,48.8775613],[2.3164914,48.8776315],[2.3163068,48.8777862]]}},{"type":"Feature","properties":{"relief":0.419,"sinuosity":0,"highway":"tertiary","name":"Rue des Noues Eaux"},"geometry":{"type":"LineString","coordinates":[[3.1289534,48.3232832],[3.1289383,48.3232589],[3.1289136,48.3232189],[3.1281746,48.322271],[3.1276807,48.3217359],[3.1271428,48.3211973],[3.1270507,48.3211051]]}},{"type":"Feature","properties":{"relief":0.467,"sinuosity":0,"highway":"tertiary"},"geometry":{"type":"LineString","coordinates":[[3.0333669,48.2619825],[3.0336269,48.2622514],[3.0347218,48.2630722],[3.0361543,48.2636426]]}},{"type":"Feature","properties":{"relief":0.9,"sinuosity":0,"highway":"primary"},"geometry":{"type":"LineString","coordinates":[[1.4623254,48.9123978],[1.4630307,48.911876],[1.4631801,48.911765],[1.4652374,48.9102357]]}},{"type":"Feature","properties":{"relief":0.663,"sinuosity":0,"highway":"motorway"},"geometry":{"type":"LineString","coordinates":[[3.1441236,48.1256013],[3.1451271,48.1265177],[3.1460948,48.1274835],[3.1470419,48.128492]]}},{"type":"Feature","properties":{"relief":0.85,"sinuosity":0.758,"highway":"tertiary","name":"Route d'Évecquemont"},"geometry":{"type":"LineString","coordinates":[[1.958798,49.0108814],[1.9587418,49.0108777],[1.9586686,49.0108572],[1.9585762,49.0107766],[1.9583624,49.0105899],[1.9582325,49.0105496],[1.9580533,49.0105534],[1.9578132,49.0106046],[1.9568344,49.0108936],[1.955965,49.0111603],[1.9556703,49.0112912],[1.9549524,49.0116789]]}},{"type":"Feature","properties":{"relief":0.727,"sinuosity":0,"highway":"secondary","name":"Rue de Jargeau"},"geometry":{"type":"LineString","coordinates":[[2.2513825,48.1251216],[2.2514154,48.1251958],[2.2514383,48.1252448],[2.2516983,48.1258191],[2.2517178,48.1258762],[2.2518361,48.1261968],[2.2518766,48.126387],[2.2519384,48.1266576],[2.2520081,48.1270469],[2.2520248,48.1271401],[2.252073,48.1274092],[2.2521027,48.1275753],[2.2521308,48.1276745]]}},{"type":"Feature","properties":{"relief":0.82,"sinuosity":0,"highway":"tertiary"},"geometry":{"type":"LineString","coordinates":[[1.55524,48.5841682],[1.5538273,48.5838427],[1.5528917,48.5834566],[1.5508919,48.5825368]]}},{"type":"Feature","properties":{"relief":0.513,"sinuosity":0,"highway":"trunk_link"},"geometry":{"type":"LineString","coordinates":[[2.8094647,48.7285993],[2.8104498,48.7284197],[2.810953,48.7283235],[2.8112152,48.7282669],[2.8114673,48.7282063],[2.811749,48.7281275],[2.8119729,48.728049],[2.8121909,48.7279608],[2.8124253,48.7278518],[2.8126308,48.7277427],[2.8128294,48.7276231],[2.81296,48.7275344]]}},{"type":"Feature","properties":{"relief":0.793,"sinuosity":0.7,"highway":"secondary"},"geometry":{"type":"LineString","coordinates":[[1.6001181,49.1635092],[1.59834,49.1630967],[1.5978834,49.16308],[1.59758,49.1631241],[1.5971533,49.1632],[1.5966868,49.1632978],[1.5963734,49.1634067]]}},{"type":"Feature","properties":{"relief":0.666,"sinuosity":0,"highway":"primary"},"geometry":{"type":"LineString","coordinates":[[2.9895631,48.9589397],[2.9899439,48.9589474],[2.9917702,48.9589921],[2.9932997,48.9590433],[2.9942891,48.9590705]]}},{"type":"Feature","properties":{"relief":0.9,"sinuosity":0,"highway":"tertiary","name":"Route de Rosny"},"geometry":{"type":"LineString","coordinates":[[1.5068649,48.9557395],[1.5079508,48.9563904],[1.5080687,48.9564555],[1.5088573,48.9569237],[1.5091505,48.9570803],[1.5094349,48.9571364],[1.5100243,48.9572319]]}},{"type":"Feature","properties":{"relief":0.663,"sinuosity":0,"highway":"tertiary"},"geometry":{"type":"LineString","coordinates":[[1.6387539,49.1832014],[1.6389196,49.1831535],[1.6391149,49.1830971],[1.6393916,49.1830262],[1.6396368,49.182968],[1.6398838,49.1829359],[1.6402097,49.1829013],[1.6407232,49.182885],[1.6409299,49.1828675],[1.6411579,49.1828307],[1.6416111,49.1827586],[1.6421898,49.1827861],[1.6435125,49.182912]]}},{"type":"Feature","properties":{"relief":0.407,"sinuosity":0,"highway":"tertiary"},"geometry":{"type":"LineString","coordinates":[[3.0645492,48.8929898],[3.0649468,48.892604],[3.0655792,48.8918894],[3.0661628,48.8905689]]}},{"type":"Feature","properties":{"relief":0.74,"sinuosity":0,"highway":"tertiary"},"geometry":{"type":"LineString","coordinates":[[2.8777628,49.0298918],[2.8779409,49.029301],[2.8779744,49.0290721],[2.8780049,49.0287149],[2.8780029,49.0283205],[2.8779674,49.0279771],[2.8779184,49.0277111],[2.8778493,49.0274394],[2.8777917,49.0272547]]}},{"type":"Feature","properties":{"relief":0.75,"sinuosity":0,"highway":"tertiary","name":"Route de Sainte-Aulde"},"geometry":{"type":"LineString","coordinates":[[3.199524,48.9843669],[3.1995263,48.9841395],[3.1995106,48.9839207],[3.1994784,48.9834062],[3.1996343,48.9829839],[3.1996435,48.9828582],[3.1996207,48.9827296],[3.199524,48.9824165],[3.1994205,48.9822264],[3.199166,48.9815428]]}},{"type":"Feature","properties":{"relief":0.376,"sinuosity":0,"highway":"tertiary","name":"Rue de Saint-André"},"geometry":{"type":"LineString","coordinates":[[1.599538,49.2068461],[1.5995482,49.2071646],[1.5995587,49.2074905],[1.5995608,49.2075573],[1.5995637,49.2076479],[1.5998068,49.2083817],[1.6001346,49.2088657],[1.6002249,49.2090651],[1.6001893,49.2094462]]}},{"type":"Feature","properties":{"relief":0.801,"sinuosity":0.511,"highway":"secondary"},"geometry":{"type":"LineString","coordinates":[[3.4887696,49.2994806],[3.4886326,49.2992449],[3.4884865,49.2990702],[3.488236,49.2988397],[3.4872201,49.2981195],[3.4870359,49.2979622],[3.4869364,49.2978154],[3.4868844,49.2976265],[3.4868077,49.2966654]]}},{"type":"Feature","properties":{"relief":0.553,"sinuosity":0,"highway":"secondary"},"geometry":{"type":"LineString","coordinates":[[3.4873659,49.2353168],[3.487452,49.2341252],[3.4874784,49.2337672],[3.4875512,49.2334739],[3.4879702,49.2324756]]}},{"type":"Feature","properties":{"relief":0.9,"sinuosity":0,"highway":"secondary"},"geometry":{"type":"LineString","coordinates":[[3.521786,49.1625491],[3.5217952,49.1613044],[3.5218004,49.1606098],[3.5218053,49.1599494]]}},{"type":"Feature","properties":{"relief":0.495,"sinuosity":0,"highway":"secondary"},"geometry":{"type":"LineString","coordinates":[[1.5536759,49.1145437],[1.5534464,49.1147818],[1.5531569,49.1151097],[1.5530487,49.1152403],[1.5528847,49.115472],[1.5526502,49.1158736],[1.5523964,49.1163988],[1.5522475,49.1167518],[1.552141,49.117077]]}},{"type":"Feature","properties":{"relief":0.787,"sinuosity":0,"highway":"tertiary"},"geometry":{"type":"LineString","coordinates":[[2.6653519,49.2067187],[2.665031,49.2081156],[2.6650284,49.2081384],[2.6649921,49.2084509],[2.6650381,49.2087399],[2.6651545,49.2091833],[2.6654166,49.2101816]]}},{"type":"Feature","properties":{"relief":1,"sinuosity":0.706,"highway":"tertiary","name":"Route de Courances"},"geometry":{"type":"LineString","coordinates":[[2.5435817,48.4171421],[2.5433329,48.4171931],[2.5431468,48.4172687],[2.5428006,48.4174198],[2.5425115,48.4175836],[2.5422654,48.4178252],[2.5420958,48.4181687],[2.5419395,48.4186432],[2.541737,48.4191757]]}},{"type":"Feature","properties":{"relief":0.367,"sinuosity":0,"highway":"motorway","name":"Autoroute du Nord"},"geometry":{"type":"LineString","coordinates":[[2.6761514,49.2474989],[2.6770861,49.2481219],[2.6777989,49.2486216],[2.6786144,49.2492215],[2.6794012,49.2499037]]}},{"type":"Feature","properties":{"relief":0.75,"sinuosity":0,"highway":"motorway","name":"Autoroute du Nord"},"geometry":{"type":"LineString","coordinates":[[2.6157436,49.2100575],[2.6155249,49.2098926],[2.6145838,49.2091568],[2.6125453,49.2073415]]}},{"type":"Feature","properties":{"relief":0.621,"sinuosity":0,"highway":"secondary","name":"Route de Châteaufort"},"geometry":{"type":"LineString","coordinates":[[2.0565149,48.7591833],[2.0565737,48.7590712],[2.0566204,48.75899],[2.0568832,48.7585425],[2.0573001,48.7577536],[2.0576184,48.7572463],[2.058047,48.7566672]]}},{"type":"Feature","properties":{"relief":0.65,"sinuosity":0,"highway":"tertiary"},"geometry":{"type":"LineString","coordinates":[[1.5305423,48.5776922],[1.5302777,48.5775778],[1.5293645,48.5772155],[1.5282315,48.5768123],[1.5276099,48.5765994],[1.526738,48.576375]]}},{"type":"Feature","properties":{"relief":0.46,"sinuosity":0,"highway":"trunk","name":"Route de la Marne"},"geometry":{"type":"LineString","coordinates":[[2.6311838,48.8459842],[2.6314174,48.8459371],[2.631733,48.8458774],[2.6320924,48.8458075],[2.6329776,48.8456687],[2.6339091,48.8455434],[2.6346568,48.8454722],[2.6351084,48.8454363]]}},{"type":"Feature","properties":{"relief":0.623,"sinuosity":0,"highway":"secondary"},"geometry":{"type":"LineString","coordinates":[[1.8736659,48.3091119],[1.8736978,48.3088498],[1.8737014,48.3084565],[1.8736761,48.3080041],[1.873631,48.3075712],[1.8735054,48.3068445],[1.8734518,48.3065379]]}},{"type":"Feature","properties":{"relief":0.479,"sinuosity":0,"highway":"tertiary"},"geometry":{"type":"LineString","coordinates":[[1.513192,48.5775264],[1.5127308,48.5771239],[1.512438,48.576721],[1.5122324,48.5764213],[1.5118277,48.5760229],[1.5111481,48.575455],[1.5109898,48.5752445]]}},{"type":"Feature","properties":{"relief":0.75,"sinuosity":0,"highway":"secondary","name":"Cours Thoré-Montmorency"},"geometry":{"type":"LineString","coordinates":[[2.585915,49.2087317],[2.5859393,49.2087297],[2.5860968,49.208717],[2.5861612,49.2087114],[2.5863804,49.2086924],[2.5864716,49.2086809],[2.58655,49.2086576],[2.5866054,49.2086316],[2.5868691,49.2084742],[2.5872816,49.2082021],[2.5877615,49.2078488],[2.5877638,49.2078471],[2.5878009,49.2078184],[2.5885909,49.2072081],[2.5889356,49.2069437]]}},{"type":"Feature","properties":{"relief":0.374,"sinuosity":0,"highway":"secondary"},"geometry":{"type":"LineString","coordinates":[[2.0933491,49.1377649],[2.0926315,49.137099],[2.0922134,49.1366366],[2.092103,49.1364849],[2.0920541,49.1363327],[2.0916998,49.1338885]]}},{"type":"Feature","properties":{"relief":0.793,"sinuosity":0,"highway":"tertiary","name":"Rue de Chandellette"},"geometry":{"type":"LineString","coordinates":[[1.5504026,48.6438315],[1.5511948,48.6431581],[1.5525681,48.641719]]}},{"type":"Feature","properties":{"relief":0.643,"sinuosity":0,"highway":"primary","name":"Rue Nungesser et Coli"},"geometry":{"type":"LineString","coordinates":[[2.4403218,48.9842735],[2.4404102,48.9841631],[2.4404237,48.9841461],[2.4405943,48.9839133],[2.4407264,48.9837403],[2.4408826,48.9835299],[2.4411823,48.9832097],[2.4412702,48.9831192],[2.4414924,48.9829163],[2.4417124,48.9827331],[2.4419902,48.9825303],[2.4422848,48.9823401],[2.4425078,48.9822097]]}},{"type":"Feature","properties":{"relief":0.75,"sinuosity":0,"highway":"tertiary","name":"Rue Léon Geffroy"},"geometry":{"type":"LineString","coordinates":[[2.4066912,48.7873415],[2.4067294,48.7872437],[2.4068633,48.7869626],[2.4071994,48.7863149],[2.407361,48.7860117],[2.40775,48.7852816],[2.4077906,48.78519],[2.4078719,48.7849297]]}},{"type":"Feature","properties":{"relief":0.76,"sinuosity":0,"highway":"tertiary","name":"Rue Auguste Rey"},"geometry":{"type":"LineString","coordinates":[[2.2706782,49.0144928],[2.2707283,49.0144719],[2.271214,49.0142692],[2.2715105,49.0141455],[2.2716849,49.0140727],[2.2722501,49.0138234],[2.2723688,49.013771],[2.2725123,49.0137217],[2.2726884,49.0136868],[2.2729414,49.0136434],[2.2732392,49.0135924],[2.273869,49.0135033]]}},{"type":"Feature","properties":{"relief":0.873,"sinuosity":0,"highway":"secondary","name":"Avenue Daumesnil"},"geometry":{"type":"LineString","coordinates":[[2.3774063,48.8462793],[2.3771606,48.8463978],[2.3771232,48.846416],[2.3768042,48.8465698],[2.3767012,48.8466195],[2.3766094,48.8466651],[2.3761815,48.8468704],[2.3761469,48.846887],[2.3756822,48.8471112],[2.3755978,48.8471519],[2.3755404,48.8471796],[2.3753431,48.847275],[2.3752803,48.8473023],[2.3751323,48.8473767],[2.3741515,48.8478498]]}},{"type":"Feature","properties":{"relief":0.75,"sinuosity":0,"highway":"tertiary","name":"Rue des Clayes"},"geometry":{"type":"LineString","coordinates":[[1.9867454,48.8487923],[1.9869389,48.8486591],[1.9871441,48.8485377],[1.9874082,48.8484323],[1.9876865,48.8483401],[1.9884141,48.848107],[1.988626,48.848029],[1.9888043,48.8479399],[1.9889492,48.8478348],[1.9890673,48.8477228],[1.9891503,48.8476116],[1.9892134,48.847495],[1.9892724,48.8473327],[1.9892928,48.8471651],[1.9893435,48.8466681]]}},{"type":"Feature","properties":{"relief":0.9,"sinuosity":0,"highway":"tertiary","name":"Avenue de l'Eguillette"},"geometry":{"type":"LineString","coordinates":[[2.1375416,49.0529629],[2.1368948,49.0528251],[2.1367923,49.0528029],[2.1365525,49.0527528],[2.1359669,49.0526245],[2.1346866,49.0523062],[2.1343895,49.0522323],[2.1337843,49.0520586]]}},{"type":"Feature","properties":{"relief":0.78,"sinuosity":0,"highway":"tertiary"},"geometry":{"type":"LineString","coordinates":[[2.2728059,49.0492419],[2.2727878,49.0492463],[2.2727357,49.0492611],[2.2727052,49.0492697],[2.2718745,49.0495239],[2.2715763,49.0496176],[2.2714566,49.0496782],[2.2712592,49.0498414],[2.2711854,49.0499364],[2.2710275,49.0501395],[2.2707966,49.0504668],[2.2707688,49.0505061],[2.2707554,49.0505252],[2.2702058,49.051304]]}},{"type":"Feature","properties":{"relief":0.51,"sinuosity":0,"highway":"tertiary","name":"Rue Jules Rousseau"},"geometry":{"type":"LineString","coordinates":[[1.8274377,48.2640645],[1.8277704,48.263934],[1.8292578,48.2633504],[1.8297088,48.2631271],[1.8298806,48.2629305],[1.8309592,48.2616964]]}},{"type":"Feature","properties":{"relief":0.697,"sinuosity":0,"highway":"tertiary","name":"Rue de Paris"},"geometry":{"type":"LineString","coordinates":[[2.2237494,49.0270924],[2.2236387,49.0271833],[2.2235942,49.0272416],[2.2235283,49.0273195],[2.2233572,49.0275002],[2.2233378,49.0275207],[2.2232026,49.0276185],[2.2230488,49.0276972],[2.2229539,49.0277433],[2.2224859,49.0279706],[2.2223588,49.0280324],[2.2222912,49.0280607],[2.222236,49.0280845],[2.2219496,49.0282182],[2.2217286,49.0283316],[2.2216769,49.0283539],[2.2213432,49.0285261],[2.2212964,49.0285474],[2.2211347,49.0286258],[2.220803,49.0287834]]}},{"type":"Feature","properties":{"relief":0.9,"sinuosity":0,"highway":"tertiary","name":"Route de Béthemont"},"geometry":{"type":"LineString","coordinates":[[2.2262198,49.0379438],[2.2262671,49.0380377],[2.2263925,49.0382283],[2.2264601,49.0383197],[2.2266734,49.0385917],[2.2267191,49.0386499],[2.2269054,49.0388405],[2.2272192,49.0390481],[2.2274519,49.039184],[2.2274918,49.0392136],[2.2275015,49.0392208],[2.2275782,49.0392778],[2.2276688,49.0393607],[2.2278118,49.0394916],[2.2279146,49.0396806],[2.2279772,49.0397956],[2.2280364,49.0399045],[2.228117,49.0400527],[2.2282207,49.0402432]]}},{"type":"Feature","properties":{"relief":0.9,"sinuosity":0,"highway":"tertiary","name":"Boulevard du Château"},"geometry":{"type":"LineString","coordinates":[[2.5398448,48.8122241],[2.5400513,48.8121796],[2.5407147,48.8120246],[2.5436422,48.8113684]]}},{"type":"Feature","properties":{"relief":0.75,"sinuosity":0,"highway":"tertiary"},"geometry":{"type":"LineString","coordinates":[[1.9104768,49.0520274],[1.9108237,49.0520546],[1.9112119,49.0520936],[1.9115071,49.0521369],[1.9117791,49.0521856],[1.9129468,49.0524379],[1.9144105,49.0527184]]}},{"type":"Feature","properties":{"relief":0.9,"sinuosity":0,"highway":"secondary"},"geometry":{"type":"LineString","coordinates":[[2.0476537,49.1475117],[2.0476414,49.1478129],[2.0476306,49.1479248],[2.0476112,49.1480567],[2.0475821,49.148166],[2.0475497,49.1482735],[2.0475127,49.1483679],[2.0474694,49.1484702],[2.0474031,49.1486062],[2.0473075,49.1487943],[2.0471932,49.1490102],[2.0471161,49.1491644],[2.0470869,49.1492248],[2.0470614,49.1492855],[2.0470262,49.1493782],[2.046997,49.149476],[2.046976,49.1495768],[2.0469632,49.1496425],[2.0469573,49.1497173],[2.0469527,49.1498135],[2.0469597,49.1501083]]}},{"type":"Feature","properties":{"relief":0.75,"sinuosity":0,"highway":"primary","name":"Déviation de Montgeron"},"geometry":{"type":"LineString","coordinates":[[2.4558143,48.690608],[2.4547099,48.6908152],[2.4541187,48.6909548],[2.4534068,48.6911424],[2.4528025,48.6913193],[2.4523532,48.6914809],[2.4517999,48.6916873]]}},{"type":"Feature","properties":{"relief":0.75,"sinuosity":0,"highway":"secondary","name":"Route de Meulan"},"geometry":{"type":"LineString","coordinates":[[1.9595133,48.9856862],[1.9592048,48.9857531],[1.959049,48.9857916],[1.958891,48.9858376],[1.9585316,48.9859538],[1.9584344,48.9859863],[1.9581609,48.9860794],[1.9573541,48.986348],[1.9565655,48.9866085],[1.9562973,48.9867053],[1.9558373,48.9868849]]}},{"type":"Feature","properties":{"relief":0.75,"sinuosity":0,"highway":"tertiary"},"geometry":{"type":"LineString","coordinates":[[2.7519392,48.9379131],[2.7524143,48.9377563],[2.7529903,48.9375346],[2.7551026,48.9366376],[2.7555217,48.9364047]]}},{"type":"Feature","properties":{"relief":0.729,"sinuosity":0,"highway":"motorway_link"},"geometry":{"type":"LineString","coordinates":[[2.2032162,49.0279241],[2.2038402,49.0274246],[2.2043017,49.0271478],[2.2050258,49.0267934],[2.2056959,49.0264654],[2.2058371,49.0263924],[2.2061665,49.0262418]]}},{"type":"Feature","properties":{"relief":0.417,"sinuosity":0,"highway":"tertiary"},"geometry":{"type":"LineString","coordinates":[[1.8339077,48.5791184],[1.8338837,48.579059],[1.8338558,48.5789798],[1.8337815,48.578859],[1.8336193,48.5786531],[1.8333571,48.5783132],[1.8332533,48.5781361],[1.8332024,48.5780168],[1.8331611,48.5778977],[1.8331455,48.5777316],[1.8331398,48.5775202],[1.833154,48.577071],[1.8331254,48.5768134],[1.8330847,48.5766325]]}},{"type":"Feature","properties":{"relief":0.65,"sinuosity":0,"highway":"secondary","name":"Rue Gambetta"},"geometry":{"type":"LineString","coordinates":[[1.8203185,48.6497471],[1.8203698,48.6497207],[1.8215414,48.6491558],[1.8216885,48.6490834],[1.8218439,48.649007],[1.8220628,48.6489059],[1.822239,48.6488203],[1.8222998,48.6487875],[1.8228141,48.6485157],[1.8229667,48.6484404],[1.8231032,48.6483644],[1.8232387,48.6482768],[1.8232902,48.6482415],[1.823375,48.6481724]]}},{"type":"Feature","properties":{"relief":0.9,"sinuosity":0,"highway":"secondary","name":"Rue du Pontel"},"geometry":{"type":"LineString","coordinates":[[2.0940225,48.8861123],[2.0933718,48.8862261],[2.0933291,48.8862329],[2.0916255,48.8865025],[2.0914597,48.8865389],[2.0911241,48.8865998],[2.0910391,48.8866152],[2.0897445,48.8868009]]}},{"type":"Feature","properties":{"relief":0.75,"sinuosity":0,"highway":"primary","name":"Avenue Napoléon Bonaparte"},"geometry":{"type":"LineString","coordinates":[[2.0892604,48.8872505],[2.0901851,48.8870196],[2.0908666,48.8868759],[2.0914841,48.8867721],[2.0919524,48.8867138],[2.0925237,48.8866352],[2.0933093,48.8865596]]}},{"type":"Feature","properties":{"relief":0.451,"sinuosity":0,"highway":"primary","name":"Rue de Fresnay-les-Chaumes"},"geometry":{"type":"LineString","coordinates":[[2.1804934,48.1717115],[2.1810084,48.1716027],[2.1815577,48.1714481],[2.1822701,48.1712077],[2.1828108,48.1709788],[2.1837655,48.1704995],[2.1843043,48.1702289]]}},{"type":"Feature","properties":{"relief":0.703,"sinuosity":0,"highway":"tertiary"},"geometry":{"type":"LineString","coordinates":[[3.4201249,48.9371675],[3.4202805,48.9376485],[3.4204817,48.9381348],[3.4207472,48.938503],[3.421467,48.9393018],[3.4218295,48.9397506]]}},{"type":"Feature","properties":{"relief":0.793,"sinuosity":0,"highway":"tertiary","name":"Rue Isaac Newton"},"geometry":{"type":"LineString","coordinates":[[2.6456603,48.9812814],[2.6454708,48.9813788],[2.6448224,48.9818277],[2.6446611,48.9819394],[2.6437799,48.9828209],[2.6437086,48.9829217],[2.6435061,48.9832016],[2.6432841,48.9835111]]}},{"type":"Feature","properties":{"relief":0.75,"sinuosity":0,"highway":"tertiary","name":"Rue de Bouray"},"geometry":{"type":"LineString","coordinates":[[2.2709248,48.5199328],[2.2710854,48.5199728],[2.2712813,48.5200104],[2.2714,48.5200159],[2.2715489,48.5200183],[2.2718724,48.5200167],[2.2722681,48.5200027],[2.2727434,48.5199859],[2.2742359,48.5199418],[2.2745262,48.519942],[2.2746624,48.5199325],[2.2747429,48.5199279]]}},{"type":"Feature","properties":{"relief":0.424,"sinuosity":0,"highway":"secondary","name":"Avenue Jean Monnet"},"geometry":{"type":"LineString","coordinates":[[2.6096871,48.5310472],[2.612227,48.5318762],[2.614933,48.5327343]]}},{"type":"Feature","properties":{"relief":0.639,"sinuosity":0,"highway":"secondary","name":"Avenue Charles de Gaulle"},"geometry":{"type":"LineString","coordinates":[[2.5514161,48.5307011],[2.5513805,48.5307336],[2.5513306,48.5307793],[2.5511736,48.530897],[2.5510421,48.5310171],[2.5509283,48.5311519],[2.5508347,48.5312947],[2.5507205,48.5315307],[2.550675,48.5317082],[2.550651,48.5319344],[2.5505668,48.5324573],[2.5504742,48.5327984],[2.550385,48.5329904],[2.5502856,48.5331099]]}},{"type":"Feature","properties":{"relief":0.9,"sinuosity":0,"highway":"tertiary","name":"Avenue de Sainte-Apolline"},"geometry":{"type":"LineString","coordinates":[[1.952873,48.7982916],[1.9535858,48.7981668],[1.9537988,48.7981326],[1.9539543,48.7981237],[1.9541163,48.7981172],[1.9542823,48.7981214],[1.9544589,48.7981367],[1.9555701,48.7982503],[1.9575639,48.7987926]]}},{"type":"Feature","properties":{"relief":0.507,"sinuosity":0,"highway":"secondary"},"geometry":{"type":"LineString","coordinates":[[1.4166929,49.066606],[1.4172671,49.0667198],[1.4186276,49.0669855],[1.4193408,49.0670934],[1.4198569,49.0671181],[1.4202297,49.067136],[1.4210335,49.0671006]]}},{"type":"Feature","properties":{"relief":0.9,"sinuosity":0,"highway":"secondary","name":"Rue de Versailles"},"geometry":{"type":"LineString","coordinates":[[2.1828113,48.7119071],[2.1827213,48.7119303],[2.1816738,48.7121785],[2.1813206,48.7122662],[2.1811453,48.7123225],[2.1810049,48.7123677],[2.1808701,48.7124199],[2.1805846,48.7125339],[2.1802857,48.7126519],[2.1801213,48.712717],[2.1800481,48.7127439],[2.1799082,48.7127952],[2.1795027,48.7129289],[2.1792077,48.7130246]]}},{"type":"Feature","properties":{"relief":0.82,"sinuosity":0,"highway":"tertiary","name":"Rue Maximilien Robespierre"},"geometry":{"type":"LineString","coordinates":[[2.4968944,48.9442082],[2.4970239,48.9443226],[2.4972854,48.9445395],[2.4973679,48.9446083],[2.497798,48.9449574],[2.4978504,48.9450182],[2.4979168,48.9450732],[2.498282,48.9453713],[2.4985128,48.9455516],[2.4985901,48.945612],[2.4986553,48.9456673],[2.4988925,48.9458685],[2.4993247,48.9462233]]}},{"type":"Feature","properties":{"relief":0.611,"sinuosity":0,"highway":"tertiary"},"geometry":{"type":"LineString","coordinates":[[1.8682685,48.8015089],[1.8680862,48.8018163],[1.8680137,48.8019629],[1.8679683,48.8021158],[1.8679038,48.8024081],[1.8678512,48.8028167],[1.8677547,48.8036099],[1.8676954,48.8042676]]}},{"type":"Feature","properties":{"relief":0.45,"sinuosity":0,"highway":"secondary","name":"Rue de Pontoise"},"geometry":{"type":"LineString","coordinates":[[2.1380107,49.069526],[2.1372652,49.0695021],[2.1369099,49.0694708],[2.1366985,49.0694453],[2.1363791,49.0693839],[2.1361467,49.0693311],[2.1360212,49.0692983],[2.1358647,49.0692495],[2.1354313,49.0690972],[2.1349821,49.0689349],[2.1344911,49.0687512],[2.1343122,49.0686651]]}},{"type":"Feature","properties":{"relief":0.941,"sinuosity":0.67,"highway":"secondary","name":"Rue de Gargenville"},"geometry":{"type":"LineString","coordinates":[[1.8225835,49.019246],[1.822155,49.019329],[1.8202866,49.0197052],[1.8199188,49.0198184],[1.8196226,49.019969],[1.8193879,49.0201184],[1.8191823,49.0202851],[1.8190326,49.0205034]]}},{"type":"Feature","properties":{"relief":0.575,"sinuosity":0,"highway":"primary","name":"Avenue Marcel Perrin"},"geometry":{"type":"LineString","coordinates":[[2.1818721,49.0672593],[2.1821876,49.0669978],[2.1822681,49.0669311],[2.1825347,49.0667101],[2.1827331,49.0665457],[2.1835408,49.0658763],[2.1842743,49.0652683]]}},{"type":"Feature","properties":{"relief":0.9,"sinuosity":0,"highway":"secondary","name":"Rue Rajon"},"geometry":{"type":"LineString","coordinates":[[2.1810133,49.0723695],[2.1817851,49.0726],[2.1817954,49.0726031],[2.1846143,49.0737486]]}},{"type":"Feature","properties":{"relief":0.82,"sinuosity":0,"highway":"tertiary"},"geometry":{"type":"LineString","coordinates":[[1.8797698,49.0710072],[1.8798786,49.0710967],[1.8799895,49.0712011],[1.8801007,49.0713153],[1.880233,49.0714684],[1.8804666,49.071744],[1.8807138,49.0720369],[1.8809004,49.0722441],[1.8810241,49.0723708],[1.8811279,49.0724726],[1.8812638,49.0725985],[1.8815356,49.0728301],[1.8822441,49.0734306]]}},{"type":"Feature","properties":{"relief":0.73,"sinuosity":0,"highway":"tertiary","name":"Rue du Général de Léry"},"geometry":{"type":"LineString","coordinates":[[2.7211598,48.9288912],[2.7218262,48.9297298],[2.7219548,48.9298916],[2.7229615,48.9311585]]}},{"type":"Feature","properties":{"relief":0.697,"sinuosity":0,"highway":"primary","name":"Avenue de Paris"},"geometry":{"type":"LineString","coordinates":[[1.8206627,48.9881997],[1.820831,48.9882006],[1.8212959,48.9882072],[1.821578,48.9882111],[1.8226388,48.9882287],[1.82365,48.9882446],[1.8246478,48.9882604]]}},{"type":"Feature","properties":{"relief":0.75,"sinuosity":0,"highway":"tertiary"},"geometry":{"type":"LineString","coordinates":[[2.9339899,48.352947],[2.9334988,48.3509471],[2.9331109,48.3492667]]}},{"type":"Feature","properties":{"relief":0.657,"sinuosity":0,"highway":"tertiary"},"geometry":{"type":"LineString","coordinates":[[2.7958834,48.3530898],[2.7957476,48.3529052],[2.7956375,48.3528022],[2.7954716,48.352707],[2.7952317,48.352607],[2.7950271,48.3525388],[2.7936209,48.3521454],[2.7933377,48.3520399],[2.7930585,48.3519224],[2.7898473,48.3500266]]}},{"type":"Feature","properties":{"relief":0.75,"sinuosity":0,"highway":"primary","name":"Avenue Chateaubriand"},"geometry":{"type":"LineString","coordinates":[[1.8631192,48.9928982],[1.8633908,48.9929731],[1.8634889,48.9930002],[1.8636806,48.9930512],[1.8638911,48.9931012],[1.8645414,48.9932584],[1.8680134,48.9940833]]}},{"type":"Feature","properties":{"relief":0.577,"sinuosity":0,"highway":"secondary","name":"Avenue de Saint-Germain"},"geometry":{"type":"LineString","coordinates":[[2.1341461,48.8836231],[2.1342862,48.8835852],[2.1348997,48.8834244],[2.1355503,48.8832383],[2.1375884,48.8826738]]}},{"type":"Feature","properties":{"relief":0.4,"sinuosity":0.831,"highway":"secondary","name":"Rue de la Commanderie"},"geometry":{"type":"LineString","coordinates":[[1.4628311,48.9510579],[1.4623078,48.9512139],[1.4621857,48.9512335],[1.4621375,48.95124],[1.4620389,48.9512422],[1.4619778,48.9512348],[1.4618664,48.951201],[1.4611712,48.9508333],[1.4606926,48.9505575],[1.4605703,48.9505178],[1.4604036,48.9505036],[1.4602385,48.950542],[1.4600452,48.9506339],[1.4597299,48.9508336],[1.4595894,48.9509317]]}},{"type":"Feature","properties":{"relief":1,"sinuosity":0.748,"highway":"secondary","name":"Rue de Vauréal"},"geometry":{"type":"LineString","coordinates":[[2.0042198,49.0253599],[2.0040632,49.0252875],[2.0039713,49.0252232],[2.0039327,49.0251405],[2.003914,49.0250511],[2.003867,49.0248146],[2.003841,49.0247054],[2.0037844,49.0246196],[2.0036984,49.0245527],[2.0032008,49.0242214],[2.003005,49.0241201],[2.0027584,49.0240306],[2.0025128,49.0239852],[2.0022752,49.0239606],[2.0022449,49.0239574],[2.0009484,49.0238229]]}},{"type":"Feature","properties":{"relief":0.721,"sinuosity":0,"highway":"tertiary","name":"Rue du Luxembourg"},"geometry":{"type":"LineString","coordinates":[[2.3744807,48.7558527],[2.3744617,48.7558763],[2.3743997,48.7559532],[2.3742994,48.7560707],[2.3742115,48.756195],[2.3740287,48.7564914],[2.3739925,48.7565458],[2.3739274,48.756646],[2.3737675,48.7569547],[2.3735947,48.7572272],[2.3730685,48.7580101],[2.3728091,48.758396]]}},{"type":"Feature","properties":{"relief":0.465,"sinuosity":0,"highway":"tertiary","name":"Voie de Rueil à Jambville"},"geometry":{"type":"LineString","coordinates":[[1.8643548,49.0463786],[1.8646292,49.0463998],[1.8649014,49.0464273],[1.8651669,49.0464619],[1.8654333,49.0465043],[1.8669644,49.0468315],[1.8672114,49.0468985],[1.8674463,49.0469441],[1.8676495,49.0469827],[1.8678264,49.0470161],[1.867982,49.0470394],[1.8681777,49.047046]]}},{"type":"Feature","properties":{"relief":0.597,"sinuosity":0,"highway":"secondary","name":"Route de Coye"},"geometry":{"type":"LineString","coordinates":[[2.4958645,49.1388108],[2.4980331,49.138758],[2.4990182,49.1387325],[2.4998785,49.1387119]]}},{"type":"Feature","properties":{"relief":0.439,"sinuosity":0,"highway":"tertiary","name":"Avenue des Nations"},"geometry":{"type":"LineString","coordinates":[[2.5202322,48.9826426],[2.5201665,48.9825357],[2.5198231,48.981933],[2.5196087,48.9815567],[2.5193902,48.9812122],[2.5193156,48.9810946],[2.519161,48.9808509],[2.5188225,48.9803986],[2.5186072,48.9800932]]}},{"type":"Feature","properties":{"relief":0.9,"sinuosity":0,"highway":"tertiary","name":"Rue de Beaumont"},"geometry":{"type":"LineString","coordinates":[[2.3459144,49.1623655],[2.346443,49.1624661],[2.3470937,49.162583],[2.3474129,49.162646],[2.3476788,49.1627118],[2.3480191,49.1628097],[2.3484113,49.1629296],[2.3488194,49.1630564],[2.3493454,49.1632301],[2.3497974,49.163368]]}},{"type":"Feature","properties":{"relief":0.9,"sinuosity":0,"highway":"primary"},"geometry":{"type":"LineString","coordinates":[[2.306609,49.1621125],[2.3036626,49.1629319],[2.2993063,49.1641443]]}},{"type":"Feature","properties":{"relief":0.697,"sinuosity":0,"highway":"secondary"},"geometry":{"type":"LineString","coordinates":[[2.4235119,49.0282662],[2.4234611,49.0281143],[2.4233778,49.0279264],[2.4232782,49.0277464],[2.4231379,49.0275398],[2.4229977,49.0273719],[2.4228493,49.0272213],[2.4227029,49.0270893],[2.4225179,49.0269494],[2.4223208,49.0268134],[2.4219833,49.0266068],[2.4217577,49.0264642],[2.4216195,49.0263682],[2.4215056,49.0262763],[2.4213959,49.0261816]]}},{"type":"Feature","properties":{"relief":0.697,"sinuosity":0,"highway":"secondary"},"geometry":{"type":"LineString","coordinates":[[1.6972817,49.0253294],[1.6972873,49.025398],[1.6972996,49.0257342],[1.69732,49.0263626],[1.6973261,49.0266538],[1.697322,49.026847],[1.6973026,49.0271341],[1.6972618,49.0273517],[1.6971861,49.0276399],[1.6971132,49.0278329],[1.6970263,49.0280504]]}},{"type":"Feature","properties":{"relief":0.496,"sinuosity":0,"highway":"primary"},"geometry":{"type":"LineString","coordinates":[[2.5427496,49.1462761],[2.5424173,49.145837],[2.5414592,49.1444666],[2.5407664,49.1434169]]}},{"type":"Feature","properties":{"relief":0.783,"sinuosity":0.747,"highway":"tertiary"},"geometry":{"type":"LineString","coordinates":[[2.5866212,49.1296543],[2.5868301,49.1291234],[2.5872549,49.1280015],[2.5872741,49.1279774],[2.5874012,49.1278507],[2.5875697,49.1277661],[2.5889298,49.127464]]}},{"type":"Feature","properties":{"relief":0.75,"sinuosity":0,"highway":"tertiary"},"geometry":{"type":"LineString","coordinates":[[2.3214506,49.0750752],[2.3232105,49.0729897],[2.3238008,49.0723251]]}},{"type":"Feature","properties":{"relief":0.9,"sinuosity":0,"highway":"primary","name":"Avenue Victor Hugo"},"geometry":{"type":"LineString","coordinates":[[2.1960433,49.07052],[2.1963083,49.0709564],[2.1965588,49.0712988],[2.1968415,49.0716422],[2.1971387,49.0719452],[2.1972368,49.0720365],[2.1972971,49.0720895],[2.1973818,49.0721598],[2.1974331,49.0722014],[2.1977151,49.0724417],[2.1981491,49.0727867]]}},{"type":"Feature","properties":{"relief":0.609,"sinuosity":0,"highway":"motorway_link"},"geometry":{"type":"LineString","coordinates":[[2.4669173,48.0826881],[2.4665824,48.0822602],[2.4664527,48.082111],[2.4663834,48.082042],[2.4663039,48.0819789],[2.4660873,48.0818605],[2.4659834,48.0818279],[2.465915,48.0818116],[2.4657516,48.0817986],[2.4656807,48.0818004],[2.4656093,48.0818069],[2.4654739,48.0818327],[2.4653795,48.0818654],[2.4652175,48.0819569],[2.4651514,48.0820155],[2.4650904,48.0820982],[2.4650473,48.0822159],[2.4650429,48.0822743],[2.4650494,48.0823288],[2.4650931,48.0824385],[2.4651447,48.0825077],[2.4652002,48.0825605],[2.4653499,48.0826532],[2.4654622,48.0826952]]}},{"type":"Feature","properties":{"relief":0.9,"sinuosity":0,"highway":"tertiary"},"geometry":{"type":"LineString","coordinates":[[1.8203431,49.1582167],[1.8207696,49.1582728],[1.821108,49.1583152],[1.8213404,49.1583386],[1.8215306,49.1583547],[1.8216836,49.1583604],[1.8218602,49.1583617],[1.8219934,49.1583588],[1.8221486,49.158349],[1.8222927,49.1583329],[1.8224261,49.1583139],[1.8229212,49.1582169],[1.8231665,49.1581736],[1.8233227,49.1581529],[1.8234677,49.1581375],[1.8236559,49.1581236],[1.824421,49.1580881]]}},{"type":"Feature","properties":{"relief":0.9,"sinuosity":0,"highway":"tertiary"},"geometry":{"type":"LineString","coordinates":[[1.8217235,49.1207971],[1.8218091,49.1206743],[1.8218706,49.1205602],[1.8219026,49.120476],[1.8219353,49.1203615],[1.8219613,49.1202435],[1.8219899,49.1200596],[1.822016,49.1198038],[1.8220346,49.1196398],[1.8220696,49.1195187],[1.8221126,49.1194228],[1.8221829,49.1193257],[1.8222681,49.1192258],[1.8224022,49.1190869],[1.8226628,49.1188366],[1.8228411,49.1186678],[1.8229863,49.1185173],[1.8230587,49.1184268]]}},{"type":"Feature","properties":{"relief":0.893,"sinuosity":0,"highway":"tertiary"},"geometry":{"type":"LineString","coordinates":[[1.5999617,49.1174468],[1.6000402,49.1175647],[1.6004137,49.1180197],[1.6005487,49.1182857],[1.6006533,49.118584],[1.6010412,49.1196113],[1.6012271,49.1200897]]}},{"type":"Feature","properties":{"relief":0.9,"sinuosity":0,"highway":"secondary","name":"Boulevard Thomas Gobert"},"geometry":{"type":"LineString","coordinates":[[2.2014578,48.7122211],[2.2013906,48.7122285],[2.2001504,48.7123661],[2.1991421,48.7124781],[2.1987298,48.7125191],[2.1976537,48.7126406]]}},{"type":"Feature","properties":{"relief":0.698,"sinuosity":0,"highway":"secondary"},"geometry":{"type":"LineString","coordinates":[[2.002717,49.2366165],[2.0000194,49.2372481],[1.99969,49.2373371],[1.9994046,49.2374309],[1.9984083,49.2378127]]}},{"type":"Feature","properties":{"relief":0.823,"sinuosity":0.7,"highway":"tertiary"},"geometry":{"type":"LineString","coordinates":[[2.0039288,49.2043787],[2.0036393,49.204421],[2.0031017,49.20463],[2.0026715,49.2048611],[2.002317,49.2049641],[2.0022194,49.2049924],[2.0012066,49.2050779],[2.001144,49.2050857],[2.0002372,49.2054103]]}},{"type":"Feature","properties":{"relief":0.9,"sinuosity":0,"highway":"tertiary","name":"Route de Cresnes"},"geometry":{"type":"LineString","coordinates":[[2.049035,49.2026987],[2.0489995,49.2027168],[2.0483563,49.203046],[2.0482831,49.2030896],[2.0479068,49.2034522],[2.0476451,49.2037077],[2.0470803,49.2040835],[2.0464502,49.2045007],[2.0461464,49.2047089]]}},{"type":"Feature","properties":{"relief":0.9,"sinuosity":0,"highway":"primary"},"geometry":{"type":"LineString","coordinates":[[2.4037397,49.1177547],[2.4036562,49.117561],[2.4035382,49.1173837],[2.4034578,49.1172783],[2.4033666,49.1171642],[2.4032137,49.1169939],[2.4028999,49.1166639],[2.4022508,49.1160389],[2.4016258,49.1154473]]}},{"type":"Feature","properties":{"relief":0.75,"sinuosity":0,"highway":"secondary","name":"Rue Bamberger"},"geometry":{"type":"LineString","coordinates":[[2.047308,49.19869],[2.0473768,49.1996958],[2.0479287,49.2012555]]}},{"type":"Feature","properties":{"relief":0.767,"sinuosity":0,"highway":"tertiary"},"geometry":{"type":"LineString","coordinates":[[2.042632,49.2323424],[2.0449255,49.2328941],[2.0460193,49.2332498],[2.0482546,49.234084]]}},{"type":"Feature","properties":{"relief":0.524,"sinuosity":0,"highway":"secondary"},"geometry":{"type":"LineString","coordinates":[[2.0909796,49.203601],[2.0930145,49.2035507],[2.0967978,49.2034562]]}},{"type":"Feature","properties":{"relief":0.457,"sinuosity":0,"highway":"primary","name":"Route Nationale 7"},"geometry":{"type":"LineString","coordinates":[[2.7675421,48.0809771],[2.7671079,48.0800734],[2.766935,48.0796383],[2.7667766,48.0791685],[2.7666815,48.0786046],[2.7666589,48.0780391]]}},{"type":"Feature","properties":{"relief":0.703,"sinuosity":0,"highway":"tertiary"},"geometry":{"type":"LineString","coordinates":[[2.5486779,48.4871212],[2.5486457,48.4873443],[2.5485572,48.4876758],[2.5483943,48.4882397],[2.5482599,48.4886845],[2.5480954,48.4890755],[2.5478247,48.4895234],[2.5476764,48.4897106]]}},{"type":"Feature","properties":{"relief":0.9,"sinuosity":0,"highway":"tertiary"},"geometry":{"type":"LineString","coordinates":[[1.5715374,48.7590608],[1.5731815,48.7575984],[1.5733478,48.7574615],[1.5734513,48.7573818],[1.5736784,48.7572363],[1.5738183,48.7571524],[1.574066,48.7570277]]}},{"type":"Feature","properties":{"relief":0.834,"sinuosity":0,"highway":"tertiary"},"geometry":{"type":"LineString","coordinates":[[2.6779234,48.3293866],[2.6777673,48.3293075],[2.6776913,48.3292691],[2.677247,48.3290612],[2.6770805,48.3289918],[2.67689,48.328895],[2.676378,48.328616],[2.675972,48.328416],[2.675726,48.328243],[2.674613,48.327638]]}},{"type":"Feature","properties":{"relief":0.657,"sinuosity":0.7,"highway":"tertiary"},"geometry":{"type":"LineString","coordinates":[[2.9474865,48.512464],[2.9478657,48.5136407],[2.947977,48.5137313],[2.9480682,48.5137926],[2.948091,48.5138548],[2.9480955,48.5139244],[2.9480803,48.5139996],[2.9480441,48.5140467],[2.9480267,48.5141018],[2.9480347,48.5141587],[2.9480759,48.5142986],[2.95055,48.5219526]]}},{"type":"Feature","properties":{"relief":0.412,"sinuosity":0.825,"highway":"tertiary"},"geometry":{"type":"LineString","coordinates":[[1.5437883,48.8015354],[1.5438608,48.8015855],[1.543791,48.8016732],[1.5430266,48.8023622],[1.5429971,48.8024558],[1.5430829,48.80252],[1.5497495,48.8048446]]}},{"type":"Feature","properties":{"relief":0.513,"sinuosity":0,"highway":"tertiary","name":"Rue des Vignes"},"geometry":{"type":"LineString","coordinates":[[2.0456024,48.5325763],[2.0456296,48.5325917],[2.0456771,48.5326044],[2.0457329,48.5326157],[2.0458052,48.5326266],[2.046472,48.5326855],[2.0468961,48.5327094],[2.0472333,48.5327366],[2.047462,48.5327871],[2.0476615,48.5328531],[2.0478139,48.5329366],[2.0479547,48.5330396],[2.0481688,48.5332143],[2.0486943,48.5336353]]}},{"type":"Feature","properties":{"relief":0.543,"sinuosity":0,"highway":"motorway"},"geometry":{"type":"LineString","coordinates":[[3.5326754,48.2481145],[3.5321261,48.2481078],[3.5314052,48.2480891],[3.5306795,48.2480555],[3.5299179,48.2480064],[3.5290705,48.2479364],[3.5285378,48.2478807]]}},{"type":"Feature","properties":{"relief":0.45,"sinuosity":0,"highway":"motorway"},"geometry":{"type":"LineString","coordinates":[[3.4878339,48.242397],[3.4869737,48.2421696],[3.486185,48.2419675],[3.4854756,48.2417956],[3.4846596,48.2416126],[3.4836397,48.2414142]]}},{"type":"Feature","properties":{"relief":0.597,"sinuosity":0,"highway":"motorway"},"geometry":{"type":"LineString","coordinates":[[3.4450045,48.2363434],[3.4444056,48.2362345],[3.4438132,48.2361379],[3.4430702,48.2360205],[3.442551,48.235946],[3.4419826,48.2358677],[3.4413618,48.2357898],[3.4407879,48.2357231]]}},{"type":"Feature","properties":{"relief":0.603,"sinuosity":0,"highway":"tertiary","name":"Rue du Becquet"},"geometry":{"type":"LineString","coordinates":[[2.001345,49.2752144],[2.0018976,49.2760965],[2.0020896,49.2763477],[2.0024849,49.2766531],[2.0026483,49.2769461],[2.0026577,49.2769629],[2.0029409,49.2778322]]}},{"type":"Feature","properties":{"relief":0.534,"sinuosity":0,"highway":"tertiary"},"geometry":{"type":"LineString","coordinates":[[2.9433802,48.5386089],[2.9439052,48.5381765],[2.9486189,48.5367334]]}},{"type":"Feature","properties":{"relief":0.873,"sinuosity":0,"highway":"secondary","name":"Avenue des Navigateurs"},"geometry":{"type":"LineString","coordinates":[[2.0025276,49.0531064],[2.0021119,49.0528882],[2.0015099,49.0525803],[2.0006932,49.0521068],[1.9998943,49.0516099],[1.9982798,49.0506076]]}},{"type":"Feature","properties":{"relief":0.382,"sinuosity":0,"highway":"tertiary"},"geometry":{"type":"LineString","coordinates":[[2.2718805,49.059363],[2.272077,49.0593288],[2.2723193,49.0592817],[2.2725063,49.0592458],[2.2727662,49.0591901],[2.2745232,49.0588423],[2.2746841,49.0588106],[2.2748719,49.0587736],[2.2754203,49.0586619],[2.2780039,49.0581357]]}},{"type":"Feature","properties":{"relief":0.75,"sinuosity":0,"highway":"primary"},"geometry":{"type":"LineString","coordinates":[[2.7085856,48.8011422],[2.7074183,48.801781],[2.706045,48.8025103],[2.7050408,48.8030417]]}},{"type":"Feature","properties":{"relief":0.459,"sinuosity":0,"highway":"primary","name":"Route de Mantes"},"geometry":{"type":"LineString","coordinates":[[1.8662195,48.901273],[1.8668857,48.8999725],[1.868026,48.8977405]]}},{"type":"Feature","properties":{"relief":0.446,"sinuosity":0,"highway":"secondary","name":"Rue d'Etampes"},"geometry":{"type":"LineString","coordinates":[[2.022539,48.0855317],[2.0210406,48.0835234],[2.0198183,48.081892]]}},{"type":"Feature","properties":{"relief":0.557,"sinuosity":0,"highway":"tertiary","name":"Chemin des Bœufs"},"geometry":{"type":"LineString","coordinates":[[2.1465933,49.0260668],[2.1466183,49.0260932],[2.1477849,49.0273589],[2.1497878,49.0294588]]}},{"type":"Feature","properties":{"relief":0.77,"sinuosity":0.703,"highway":"primary","name":"Rue Paul Cézanne"},"geometry":{"type":"LineString","coordinates":[[2.4990033,48.9528422],[2.4987064,48.9528052],[2.4971898,48.9526015],[2.4969291,48.9526103],[2.4966709,48.9526805],[2.4965478,48.952728],[2.4962582,48.952905],[2.4961455,48.9529667],[2.4960043,48.9530103],[2.4958853,48.9530266],[2.4957713,48.9530257],[2.4956346,48.9530107],[2.4953125,48.9529804]]}},{"type":"Feature","properties":{"relief":0.9,"sinuosity":0,"highway":"motorway","name":"Autoroute de l’Est"},"geometry":{"type":"LineString","coordinates":[[3.0821183,48.9837658],[3.082805,48.9840774],[3.0837276,48.9844817],[3.0846611,48.9848765],[3.08586,48.9853465]]}},{"type":"Feature","properties":{"relief":0.75,"sinuosity":0,"highway":"primary","name":"Avenue Charles de Gaulle"},"geometry":{"type":"LineString","coordinates":[[2.2721142,48.8809957],[2.2723795,48.8809122],[2.2726727,48.8808199],[2.2747992,48.8801364],[2.2758472,48.8798085]]}},{"type":"Feature","properties":{"relief":0.617,"sinuosity":0,"highway":"trunk","name":"La Francilienne"},"geometry":{"type":"LineString","coordinates":[[2.4533764,49.0462721],[2.45262,49.046128],[2.4516517,49.0459662],[2.4508899,49.045859],[2.4503803,49.0457957],[2.4497125,49.0457232],[2.4487844,49.0456515]]}},{"type":"Feature","properties":{"relief":0.75,"sinuosity":0,"highway":"tertiary","name":"Rue Pierre de Coubertin"},"geometry":{"type":"LineString","coordinates":[[2.4801413,48.7107566],[2.4800409,48.7108563],[2.4799399,48.7111374],[2.4799047,48.7112241],[2.4798319,48.7114224],[2.4797152,48.7117406],[2.4795023,48.7122896],[2.4794875,48.7123293],[2.4794683,48.7123723],[2.479438,48.7124471],[2.4794214,48.7124955],[2.4793899,48.7125782],[2.479207,48.7131066],[2.4790014,48.7137538]]}},{"type":"Feature","properties":{"relief":0.407,"sinuosity":0,"highway":"tertiary"},"geometry":{"type":"LineString","coordinates":[[2.273328,49.0900845],[2.2731498,49.0902502],[2.2730203,49.0903548],[2.2728671,49.0904555],[2.2726526,49.090575],[2.2724055,49.0906731],[2.2719061,49.0907893],[2.2716537,49.0908086],[2.2713585,49.0908062],[2.270962,49.0907867],[2.2704138,49.0907529],[2.2699151,49.0907251],[2.269685,49.0907506]]}},{"type":"Feature","properties":{"relief":0.44,"sinuosity":0,"highway":"tertiary"},"geometry":{"type":"LineString","coordinates":[[2.2702873,49.093093],[2.270509,49.093243],[2.2708638,49.0934179],[2.2716315,49.0937481],[2.2718885,49.0938266],[2.272121,49.0938791],[2.2727536,49.0939617],[2.2730102,49.0940118],[2.2731878,49.0940649],[2.273373,49.0941616],[2.2740746,49.0946331]]}},{"type":"Feature","properties":{"relief":0.747,"sinuosity":0,"highway":"tertiary","name":"Avenue du 8 Mai 1945"},"geometry":{"type":"LineString","coordinates":[[2.5071117,48.8461695],[2.5071926,48.8462253],[2.5072417,48.8462681],[2.50735,48.8463699],[2.5077,48.8466986],[2.5079705,48.8469393],[2.508081,48.8470298],[2.508197,48.8471393],[2.50825,48.8472064],[2.5083548,48.8473902],[2.5083751,48.8474259],[2.5084585,48.8475988],[2.5084991,48.8477764],[2.5085196,48.8480861],[2.5085403,48.8483294],[2.508583,48.8485092]]}},{"type":"Feature","properties":{"relief":0.69,"sinuosity":0,"highway":"tertiary","name":"Route de Montlhéry"},"geometry":{"type":"LineString","coordinates":[[2.2704451,48.6784292],[2.2707198,48.6783555],[2.271058,48.6782721],[2.2715668,48.6781467],[2.2728655,48.6778851],[2.2740059,48.6776314],[2.2744877,48.6775367]]}},{"type":"Feature","properties":{"relief":0.75,"sinuosity":0,"highway":"tertiary","name":"Rue des Fortes Terres"},"geometry":{"type":"LineString","coordinates":[[2.1342533,49.0639344],[2.1343759,49.0639334],[2.1349952,49.0639282],[2.135434,49.0639376],[2.1354581,49.0639381],[2.1387243,49.0640078]]}},{"type":"Feature","properties":{"relief":0.88,"sinuosity":0,"highway":"primary","name":"Grande Rue"},"geometry":{"type":"LineString","coordinates":[[1.6903123,48.9355485],[1.6905802,48.936598],[1.6908684,48.9377273],[1.6909989,48.9382608]]}},{"type":"Feature","properties":{"relief":0.9,"sinuosity":0,"highway":"secondary","name":"Rue de Précy"},"geometry":{"type":"LineString","coordinates":[[2.3903213,49.2072903],[2.3904767,49.207352],[2.39174,49.2078433],[2.391886,49.2079001],[2.3920023,49.2079401],[2.3932348,49.2084081],[2.393771,49.2086117]]}},{"type":"Feature","properties":{"relief":0.71,"sinuosity":0,"highway":"tertiary","name":"Rue de Neuilly"},"geometry":{"type":"LineString","coordinates":[[2.3150567,49.2156721],[2.3151934,49.2156021],[2.3157229,49.2153315],[2.3166919,49.2149155],[2.3172341,49.2147202],[2.3180172,49.2144643],[2.3180517,49.214453],[2.3185884,49.2142973]]}},{"type":"Feature","properties":{"relief":0.75,"sinuosity":0,"highway":"tertiary"},"geometry":{"type":"LineString","coordinates":[[2.3466869,49.2079323],[2.3477281,49.20734],[2.3511656,49.2053533]]}},{"type":"Feature","properties":{"relief":0.803,"sinuosity":0.744,"highway":"tertiary"},"geometry":{"type":"LineString","coordinates":[[2.3619452,49.197829],[2.3629215,49.1979026],[2.3633574,49.1979883],[2.3636337,49.1981085],[2.3639041,49.1982749],[2.3642182,49.1986858],[2.3645026,49.1991246],[2.3646468,49.1993784]]}},{"type":"Feature","properties":{"relief":0.677,"sinuosity":0,"highway":"tertiary"},"geometry":{"type":"LineString","coordinates":[[2.9608517,49.0712757],[2.9611856,49.071717],[2.9614882,49.0721481],[2.9616067,49.0724462],[2.9616448,49.0727446],[2.961659,49.0730418],[2.9616695,49.0733679],[2.961634,49.0735829],[2.9615444,49.0740533]]}},{"type":"Feature","properties":{"relief":0.753,"sinuosity":0,"highway":"tertiary","name":"Rue Paul Éluard"},"geometry":{"type":"LineString","coordinates":[[3.3061555,48.1935157],[3.3063604,48.1934246],[3.3064743,48.1933724],[3.3068974,48.1931857],[3.3073335,48.1929918],[3.3097084,48.1919355]]}},{"type":"Feature","properties":{"relief":0.873,"sinuosity":0,"highway":"primary","name":"Route de Limours"},"geometry":{"type":"LineString","coordinates":[[2.2287682,48.60108],[2.2284367,48.6011239],[2.2274416,48.6012556],[2.2270433,48.6013083],[2.2250238,48.6015756]]}},{"type":"Feature","properties":{"relief":0.739,"sinuosity":0,"highway":"tertiary","name":"Rue du Mouthier"},"geometry":{"type":"LineString","coordinates":[[2.2758011,49.2267506],[2.2725272,49.2277745],[2.2677379,49.2293107]]}},{"type":"Feature","properties":{"relief":0.458,"sinuosity":0,"highway":"tertiary","name":"Rue d'Anserville"},"geometry":{"type":"LineString","coordinates":[[2.231454,49.2294077],[2.2304855,49.2294292],[2.229646,49.2294744],[2.2287755,49.2296196],[2.2272527,49.2298735]]}},{"type":"Feature","properties":{"relief":0.391,"sinuosity":0,"highway":"secondary"},"geometry":{"type":"LineString","coordinates":[[2.9967089,49.2620642],[2.9963363,49.2620638],[2.995933,49.2620412],[2.9935018,49.261723],[2.9930874,49.2617023],[2.9899326,49.2617168]]}},{"type":"Feature","properties":{"relief":0.9,"sinuosity":0,"highway":"primary"},"geometry":{"type":"LineString","coordinates":[[2.5412535,49.2277141],[2.5416485,49.2273952],[2.5428979,49.226418],[2.5438743,49.2256638]]}},{"type":"Feature","properties":{"relief":0.501,"sinuosity":0,"highway":"tertiary"},"geometry":{"type":"LineString","coordinates":[[2.6760207,48.671027],[2.6767208,48.6712363],[2.6769616,48.6713083],[2.6787939,48.6720219],[2.6790879,48.6721346],[2.6797951,48.6723459]]}},{"type":"Feature","properties":{"relief":0.75,"sinuosity":0,"highway":"secondary","name":"Route Départementale 71"},"geometry":{"type":"LineString","coordinates":[[1.6443765,48.6687648],[1.6433599,48.6681918],[1.6420861,48.6674663],[1.6417613,48.6672813],[1.641224,48.6670052]]}},{"type":"Feature","properties":{"relief":0.9,"sinuosity":0,"highway":"tertiary"},"geometry":{"type":"LineString","coordinates":[[1.71806,49.071566],[1.7179253,49.0717062],[1.7176548,49.0721078],[1.7175943,49.0723237],[1.7176004,49.0727292],[1.7176556,49.0730078],[1.7177805,49.0733157],[1.7180803,49.0741201]]}},{"type":"Feature","properties":{"relief":0.747,"sinuosity":0,"highway":"tertiary"},"geometry":{"type":"LineString","coordinates":[[1.6001308,48.9538535],[1.5997888,48.9539486],[1.5995542,48.9540049],[1.5994093,48.9540349],[1.5992426,48.9540612],[1.5988688,48.9541151],[1.598597,48.9541564],[1.598213,48.9542263],[1.5978898,48.9542894],[1.597694,48.9543361],[1.5975019,48.954392],[1.5972957,48.9544612],[1.5971151,48.9545325],[1.5969326,48.9546101],[1.5967165,48.9547137],[1.5961513,48.9550175]]}},{"type":"Feature","properties":{"relief":0.634,"sinuosity":0,"highway":"secondary"},"geometry":{"type":"LineString","coordinates":[[1.6844239,48.4316528],[1.6865765,48.4312877],[1.6867831,48.431266],[1.6870547,48.4312375],[1.6874263,48.4312427],[1.6877597,48.4312603],[1.6907719,48.431614]]}},{"type":"Feature","properties":{"relief":0.738,"sinuosity":0,"highway":"tertiary","name":"Route de Boissy"},"geometry":{"type":"LineString","coordinates":[[1.5532488,48.9488754],[1.5530909,48.9488193],[1.552491,48.9486063],[1.5518417,48.9483605],[1.5511512,48.9480895],[1.5503865,48.9477792],[1.5495965,48.9474807]]}},{"type":"Feature","properties":{"relief":0.74,"sinuosity":0,"highway":"tertiary","name":"Rue de Saint-Jean"},"geometry":{"type":"LineString","coordinates":[[2.9893913,48.9403547],[2.9902482,48.9402317],[2.9928161,48.9399292],[2.9931236,48.9399325]]}},{"type":"Feature","properties":{"relief":0.853,"sinuosity":0,"highway":"tertiary"},"geometry":{"type":"LineString","coordinates":[[2.9857395,48.9394044],[2.9864873,48.9377053],[2.986679,48.9372498],[2.9867165,48.9371607],[2.9868769,48.9369749]]}},{"type":"Feature","properties":{"relief":0.78,"sinuosity":0,"highway":"tertiary","name":"Rue du Général Patton"},"geometry":{"type":"LineString","coordinates":[[1.53068,48.9354377],[1.5308634,48.9356881],[1.5309563,48.9358246],[1.5310313,48.9359415],[1.5311128,48.9360843],[1.5312039,48.9362606],[1.5313491,48.9366015],[1.5316091,48.937241],[1.5316837,48.9373752],[1.5317331,48.9375296],[1.5317954,48.9376842],[1.5318726,48.937786],[1.5319373,48.9378975]]}},{"type":"Feature","properties":{"relief":0.439,"sinuosity":0,"highway":"tertiary","name":"Rue du Château d'Eau"},"geometry":{"type":"LineString","coordinates":[[2.3761939,48.082086],[2.3752915,48.083779],[2.3751545,48.0839326],[2.3750221,48.084047],[2.3748023,48.0841994],[2.3740721,48.0846876]]}},{"type":"Feature","properties":{"relief":0.708,"sinuosity":0,"highway":"primary"},"geometry":{"type":"LineString","coordinates":[[3.0366734,48.3819501],[3.0386369,48.3822116],[3.0396357,48.382392],[3.0411744,48.3827472]]}},{"type":"Feature","properties":{"relief":0.484,"sinuosity":0,"highway":"secondary","name":"Chemin de Sainte-Claire"},"geometry":{"type":"LineString","coordinates":[[2.2021328,48.6673242],[2.2010373,48.6674406],[2.1982112,48.667691]]}},{"type":"Feature","properties":{"relief":0.483,"sinuosity":0,"highway":"secondary","name":"Voie Nouvelle"},"geometry":{"type":"LineString","coordinates":[[2.2186053,48.6664155],[2.2196211,48.6670467],[2.2203823,48.6676061],[2.2209408,48.6681489],[2.221569,48.668923]]}},{"type":"Feature","properties":{"relief":0.648,"sinuosity":0,"highway":"tertiary","name":"Route des Soldats"},"geometry":{"type":"LineString","coordinates":[[2.2592996,48.0827499],[2.2591321,48.0826798],[2.2589819,48.0825979],[2.2583736,48.0821198],[2.2582604,48.0820625],[2.2581356,48.0820125],[2.2577743,48.0819226],[2.2569193,48.0817077],[2.2567825,48.0816638],[2.2566497,48.0816154],[2.2558531,48.0812507]]}},{"type":"Feature","properties":{"relief":0.75,"sinuosity":0,"highway":"tertiary"},"geometry":{"type":"LineString","coordinates":[[3.5467109,48.9372609],[3.5455661,48.9380458],[3.5454367,48.9381238],[3.5450283,48.9383698],[3.5407595,48.9399633]]}},{"type":"Feature","properties":{"relief":0.9,"sinuosity":0,"highway":"tertiary"},"geometry":{"type":"LineString","coordinates":[[3.533824,48.9425814],[3.5312431,48.9435435],[3.5295829,48.94411]]}},{"type":"Feature","properties":{"relief":0.63,"sinuosity":0,"highway":"tertiary"},"geometry":{"type":"LineString","coordinates":[[3.4880735,48.9738731],[3.4872854,48.9745557],[3.4854933,48.9761077]]}},{"type":"Feature","properties":{"relief":0.538,"sinuosity":0,"highway":"tertiary"},"geometry":{"type":"LineString","coordinates":[[3.480018,48.9803517],[3.479757,48.9805946],[3.4796702,48.9808012],[3.4794385,48.9814617],[3.4791821,48.9821471],[3.4790169,48.9824514],[3.4787979,48.9827682]]}},{"type":"Feature","properties":{"relief":0.703,"sinuosity":0,"highway":"tertiary"},"geometry":{"type":"LineString","coordinates":[[1.5504782,48.97548],[1.5511,48.9753821],[1.5519535,48.9752114],[1.5532784,48.9748984],[1.5538319,48.9747818],[1.5541006,48.9747647],[1.5543719,48.9747822]]}},{"type":"Feature","properties":{"relief":0.697,"sinuosity":0,"highway":"secondary"},"geometry":{"type":"LineString","coordinates":[[1.532433,48.9812775],[1.5324291,48.9814801],[1.532412,48.9818876],[1.532386,48.9822115],[1.5323582,48.9823966],[1.5323366,48.9824698],[1.5322988,48.9825542],[1.5322545,48.9826253],[1.532186,48.9826935],[1.5320725,48.9827789],[1.5319325,48.982858],[1.531694,48.9829658],[1.5310181,48.9832605],[1.5303874,48.9835529]]}},{"type":"Feature","properties":{"relief":0.476,"sinuosity":0,"highway":"tertiary"},"geometry":{"type":"LineString","coordinates":[[3.4652278,49.0278503],[3.4667423,49.0265596],[3.4678325,49.0256893]]}},{"type":"Feature","properties":{"relief":0.571,"sinuosity":0,"highway":"tertiary"},"geometry":{"type":"LineString","coordinates":[[3.4843385,49.0171816],[3.4848244,49.0169795],[3.4850731,49.0168593],[3.4853047,49.0167258],[3.4855216,49.0165536],[3.4858246,49.0163394],[3.4866462,49.0157135],[3.4875304,49.0150603]]}},{"type":"Feature","properties":{"relief":0.75,"sinuosity":0,"highway":"tertiary","name":"Route de Condé"},"geometry":{"type":"LineString","coordinates":[[3.5324029,48.9993402],[3.5325896,48.9992989],[3.5328575,48.9991932],[3.5331759,48.9990167],[3.5338097,48.9986543],[3.5352507,48.9978324],[3.5373087,48.9966647]]}},{"type":"Feature","properties":{"relief":0.737,"sinuosity":0,"highway":"tertiary"},"geometry":{"type":"LineString","coordinates":[[3.2304471,49.1618431],[3.2303589,49.162236],[3.2302851,49.1628436],[3.2302236,49.163102],[3.2301411,49.1633801],[3.2300355,49.1636641],[3.2297466,49.1642266]]}},{"type":"Feature","properties":{"relief":0.75,"sinuosity":0,"highway":"tertiary"},"geometry":{"type":"LineString","coordinates":[[3.425578,49.117108],[3.4253264,49.1176256],[3.4252262,49.1178694],[3.4250901,49.1184072],[3.4250182,49.1189282],[3.4248693,49.1202745]]}},{"type":"Feature","properties":{"relief":0.401,"sinuosity":0,"highway":"tertiary"},"geometry":{"type":"LineString","coordinates":[[2.4992383,49.1837247],[2.4990368,49.1835881],[2.4989319,49.1835225],[2.4987868,49.183459],[2.4985497,49.1834256],[2.4983126,49.1834188],[2.4961772,49.1833221],[2.4928693,49.1831842]]}},{"type":"Feature","properties":{"relief":0.9,"sinuosity":0,"highway":"primary","name":"Rue du Prieuré"},"geometry":{"type":"LineString","coordinates":[[1.4162004,48.9902349],[1.4165644,48.9895708],[1.4174886,48.9878683],[1.4177411,48.9874032]]}},{"type":"Feature","properties":{"relief":0.78,"sinuosity":0,"highway":"tertiary"},"geometry":{"type":"LineString","coordinates":[[2.4970444,49.2086496],[2.498973,49.2099763],[2.5000807,49.2107383]]}},{"type":"Feature","properties":{"relief":0.76,"sinuosity":0,"highway":"tertiary"},"geometry":{"type":"LineString","coordinates":[[3.3407767,49.0730925],[3.3381621,49.071586],[3.3377534,49.0712759]]}},{"type":"Feature","properties":{"relief":0.75,"sinuosity":0,"highway":"tertiary"},"geometry":{"type":"LineString","coordinates":[[3.3567102,49.0717135],[3.3557087,49.0720718],[3.3542926,49.0726096],[3.3537386,49.0728349],[3.3526001,49.0732545]]}},{"type":"Feature","properties":{"relief":0.86,"sinuosity":0,"highway":"tertiary","name":"Rue du Frais Vallon"},"geometry":{"type":"LineString","coordinates":[[2.2685351,48.4856847],[2.2686548,48.4858469],[2.268714,48.4859109],[2.2687916,48.4860432],[2.2688205,48.4861177],[2.2688849,48.4861966],[2.2689007,48.4862535],[2.2690543,48.4866356],[2.2691477,48.4867811],[2.2692986,48.4869302],[2.270482,48.488412]]}},{"type":"Feature","properties":{"relief":0.85,"sinuosity":0.7,"highway":"tertiary","name":"Rue du Frais Vallon"},"geometry":{"type":"LineString","coordinates":[[2.2722557,48.4906501],[2.2725623,48.4910357],[2.2727518,48.491282],[2.2729189,48.4915117],[2.2730859,48.4917579],[2.2734491,48.4923473],[2.2734607,48.4924319],[2.2738645,48.4931549]]}},{"type":"Feature","properties":{"relief":0.76,"sinuosity":0,"highway":"tertiary"},"geometry":{"type":"LineString","coordinates":[[3.3131548,49.0741802],[3.3122278,49.0728391],[3.3121457,49.0726432],[3.3121224,49.0722781],[3.3120452,49.071965],[3.3118284,49.0714579]]}},{"type":"Feature","properties":{"relief":0.727,"sinuosity":0,"highway":"tertiary","name":"Route de Villiers"},"geometry":{"type":"LineString","coordinates":[[3.3555642,49.0255004],[3.3552879,49.0253819],[3.3552369,49.02536],[3.3548722,49.0252579],[3.3546144,49.025209],[3.3544404,49.0251932],[3.3542486,49.0251858],[3.353788,49.025232],[3.3533541,49.0252834],[3.3530201,49.025301],[3.3529644,49.0252973],[3.3528201,49.0252876],[3.3526983,49.0252636],[3.3522141,49.0250772],[3.351895,49.0249823]]}},{"type":"Feature","properties":{"relief":0.432,"sinuosity":0,"highway":"tertiary","name":"Rue de Bondy"},"geometry":{"type":"LineString","coordinates":[[2.5008895,48.8884983],[2.5008054,48.8885172],[2.5007173,48.888539],[2.5006087,48.8885647],[2.5005017,48.8885888],[2.4996305,48.8887847],[2.4984601,48.8890467],[2.4983938,48.8890618],[2.4973782,48.8892927],[2.4972775,48.8893156],[2.4963767,48.8895152]]}},{"type":"Feature","properties":{"relief":0.75,"sinuosity":0,"highway":"tertiary","name":"Route de Guisseray"},"geometry":{"type":"LineString","coordinates":[[2.1851469,48.5787044],[2.1846822,48.578732],[2.1844437,48.5787399],[2.184161,48.5787426],[2.1840818,48.5787419],[2.1835867,48.5787378],[2.1828541,48.5787244],[2.1826749,48.5787427],[2.1823355,48.5788252],[2.1820591,48.5788457],[2.1819948,48.5788452],[2.1817997,48.5788438],[2.1806414,48.5787786]]}},{"type":"Feature","properties":{"relief":0.65,"sinuosity":0,"highway":"motorway"},"geometry":{"type":"LineString","coordinates":[[2.3350673,48.756919],[2.3354329,48.7572736],[2.335799,48.7576122],[2.3365541,48.7583036],[2.3380252,48.7596545]]}},{"type":"Feature","properties":{"relief":0.85,"sinuosity":0.708,"highway":"motorway_link"},"geometry":{"type":"LineString","coordinates":[[1.6815963,48.9816162],[1.6819496,48.9818911],[1.6823404,48.9822157],[1.6825019,48.9823432],[1.682646,48.9824281],[1.6827503,48.9824798],[1.6829065,48.9825492],[1.6830689,48.9826026],[1.6832669,48.9826483],[1.6833838,48.9826513],[1.6837872,48.9827158],[1.6840523,48.9827452],[1.6843556,48.9827672],[1.6845762,48.9827672],[1.6848023,48.9827455]]}},{"type":"Feature","properties":{"relief":0.9,"sinuosity":0,"highway":"tertiary"},"geometry":{"type":"LineString","coordinates":[[3.220439,49.210288],[3.2194293,49.2096602],[3.218684,49.2093168],[3.2170108,49.2086748]]}},{"type":"Feature","properties":{"relief":0.459,"sinuosity":0,"highway":"motorway"},"geometry":{"type":"LineString","coordinates":[[3.0378184,48.3738405],[3.0365288,48.3738794],[3.0358422,48.3739043],[3.0352,48.3739348],[3.0345321,48.3739758],[3.0339552,48.3740139]]}},{"type":"Feature","properties":{"relief":0.75,"sinuosity":0,"highway":"secondary","name":"Rue Charles Vaillant"},"geometry":{"type":"LineString","coordinates":[[2.7729031,48.8901531],[2.7728999,48.8901876],[2.772895,48.8904619],[2.7728965,48.8905498],[2.7729113,48.8905936],[2.7729401,48.8906862],[2.7729978,48.8908215],[2.7730802,48.8910393],[2.7732016,48.8913691],[2.7733277,48.8916592],[2.7734041,48.8918044],[2.7736816,48.8923756],[2.773789,48.8926869]]}},{"type":"Feature","properties":{"relief":0.563,"sinuosity":0,"highway":"motorway"},"geometry":{"type":"LineString","coordinates":[[2.6313559,48.5945742],[2.6317258,48.5945975],[2.6320718,48.5946152],[2.6324186,48.594627],[2.6329114,48.5946365],[2.633346,48.5946368],[2.6338662,48.5946294],[2.6342364,48.594617],[2.6347374,48.5945906],[2.6352529,48.5945558]]}},{"type":"Feature","properties":{"relief":0.847,"sinuosity":0,"highway":"primary"},"geometry":{"type":"LineString","coordinates":[[1.9125638,48.9813122],[1.9125552,48.9813313],[1.9125391,48.9813467],[1.9125223,48.9813661],[1.9125096,48.981385],[1.9125007,48.9814028],[1.9124921,48.9814237],[1.9124812,48.9814586],[1.9124543,48.9815533],[1.912384,48.9818795],[1.9123371,48.9821021],[1.9120582,48.9831375],[1.9120333,48.9832511],[1.9118946,48.9837648],[1.911851,48.9839272]]}},{"type":"Feature","properties":{"relief":0.578,"sinuosity":0,"highway":"secondary","name":"Boulevard Charles de Gaulle"},"geometry":{"type":"LineString","coordinates":[[2.3280172,48.9382092],[2.3280478,48.9381923],[2.3281957,48.9381102],[2.3282458,48.9380824],[2.3282671,48.9380705],[2.3290481,48.9376116],[2.3294367,48.9373832],[2.3295026,48.937347],[2.3295763,48.9373209],[2.3302366,48.9371019],[2.3305552,48.9369912],[2.3306935,48.9369376],[2.3310279,48.9368271],[2.3312969,48.9367403]]}},{"type":"Feature","properties":{"relief":0.597,"sinuosity":0,"highway":"tertiary","name":"Rue de Mézières"},"geometry":{"type":"LineString","coordinates":[[1.4641053,49.1689202],[1.4635255,49.1688482],[1.4632127,49.1688094],[1.4617305,49.1685051],[1.4607701,49.1684459],[1.460418,49.1684359],[1.4600965,49.168471]]}},{"type":"Feature","properties":{"relief":0.57,"sinuosity":0,"highway":"motorway_link"},"geometry":{"type":"LineString","coordinates":[[2.3164065,48.7342122],[2.3166325,48.7346713],[2.3167111,48.7348233],[2.3167889,48.7349542],[2.3169468,48.7351951],[2.3171004,48.7354016],[2.3172154,48.7355398],[2.3173067,48.7356405],[2.3175153,48.735866],[2.3180284,48.7364049],[2.3183566,48.7368028]]}},{"type":"Feature","properties":{"relief":0.575,"sinuosity":0,"highway":"tertiary"},"geometry":{"type":"LineString","coordinates":[[2.8159605,49.2666145],[2.8141202,49.2686921],[2.8118642,49.2712447]]}},{"type":"Feature","properties":{"relief":0.469,"sinuosity":0.7,"highway":"tertiary","name":"Rue de la Montagne du Perray"},"geometry":{"type":"LineString","coordinates":[[2.4960015,48.6084817],[2.4960499,48.608445],[2.496351,48.608207],[2.4964996,48.60799],[2.4965766,48.6078361],[2.496633,48.6077233],[2.4967198,48.6075485],[2.4967943,48.6074253],[2.4970461,48.6070088],[2.497133,48.6068244],[2.4971359,48.6068182],[2.4971629,48.6067751],[2.497193,48.6067398],[2.4972114,48.6067231],[2.4972994,48.6066872],[2.4973993,48.6066522],[2.4979396,48.6065016],[2.4979773,48.6064863],[2.4981086,48.6064233]]}},{"type":"Feature","properties":{"relief":0.867,"sinuosity":0,"highway":"tertiary","name":"Rue Robert Ruegg"},"geometry":{"type":"LineString","coordinates":[[2.8578423,49.2538767],[2.8577123,49.2547082],[2.8576954,49.2548168],[2.8576818,49.2549038],[2.8576711,49.2550737],[2.8576872,49.2553187],[2.857736,49.2556203],[2.8577475,49.2557022],[2.8577511,49.2557548],[2.8577506,49.2557709],[2.8577428,49.2558518],[2.8577254,49.2559219],[2.8576992,49.255991],[2.8576711,49.2560527],[2.8576324,49.256123],[2.8575464,49.2562571],[2.8574471,49.256377]]}},{"type":"Feature","properties":{"relief":0.717,"sinuosity":0,"highway":"tertiary","name":"Rue des Moulins"},"geometry":{"type":"LineString","coordinates":[[2.8574146,49.2407239],[2.8574674,49.2408079],[2.8577095,49.2411761],[2.8580204,49.2416176],[2.8581545,49.2418268],[2.8582312,49.2419623],[2.8582799,49.2420742],[2.8583321,49.2422027],[2.8586136,49.2429589],[2.8586404,49.2430114],[2.8586897,49.2430981]]}},{"type":"Feature","properties":{"relief":0.873,"sinuosity":0,"highway":"secondary"},"geometry":{"type":"LineString","coordinates":[[1.600419,48.2643016],[1.5996557,48.264],[1.599143,48.2638215],[1.598649,48.2636711],[1.5983015,48.2635859],[1.597946,48.2634977],[1.5975183,48.2634162],[1.5970962,48.2633483],[1.5966422,48.2632923]]}},{"type":"Feature","properties":{"relief":0.759,"sinuosity":0,"highway":"primary"},"geometry":{"type":"LineString","coordinates":[[1.5497703,48.6603785],[1.5501339,48.6606004],[1.5504071,48.6608106],[1.5506785,48.6610194],[1.5512688,48.6614378],[1.5514401,48.6615358],[1.5515982,48.6616196],[1.5518452,48.6617177],[1.5520673,48.6617764],[1.5522807,48.6618246],[1.5525799,48.6618605],[1.552883,48.6618725]]}},{"type":"Feature","properties":{"relief":0.811,"sinuosity":0,"highway":"tertiary"},"geometry":{"type":"LineString","coordinates":[[1.5030928,48.833901],[1.5058355,48.8328449],[1.508668,48.8318286]]}},{"type":"Feature","properties":{"relief":0.582,"sinuosity":0,"highway":"secondary"},"geometry":{"type":"LineString","coordinates":[[1.5518369,49.0140726],[1.5519888,49.0143206],[1.5521193,49.0144773],[1.5522547,49.0146013],[1.5524744,49.0147773],[1.5572785,49.0184596]]}},{"type":"Feature","properties":{"relief":0.75,"sinuosity":0,"highway":"tertiary","name":"Route de la Surie"},"geometry":{"type":"LineString","coordinates":[[1.7773356,48.7823652],[1.7786332,48.7809193],[1.7789576,48.7803817],[1.7794603,48.7797348]]}},{"type":"Feature","properties":{"relief":0.407,"sinuosity":0,"highway":"secondary","name":"Route de Conflans"},"geometry":{"type":"LineString","coordinates":[[2.1356572,49.0026613],[2.1364027,49.0025195],[2.1372679,49.0023428],[2.1381233,49.0021207],[2.138817,49.0019306],[2.1394182,49.0017576]]}},{"type":"Feature","properties":{"relief":0.75,"sinuosity":0,"highway":"secondary","name":"Rue des Prêches"},"geometry":{"type":"LineString","coordinates":[[2.9493459,48.8078035],[2.9490808,48.8075418],[2.9486181,48.8071814],[2.9481165,48.8068202],[2.9477973,48.8066082],[2.9474647,48.8064289],[2.947057,48.806224],[2.9468777,48.8061188]]}},{"type":"Feature","properties":{"relief":0.75,"sinuosity":0,"highway":"tertiary"},"geometry":{"type":"LineString","coordinates":[[2.9013927,48.8297569],[2.9014414,48.8298836],[2.9017798,48.830424],[2.9028425,48.8320422],[2.9039497,48.8337329]]}},{"type":"Feature","properties":{"relief":0.45,"sinuosity":0,"highway":"tertiary","name":"Rue du Grand Morin"},"geometry":{"type":"LineString","coordinates":[[2.9028306,48.8226631],[2.9026315,48.8229172],[2.9025411,48.8230981],[2.9024931,48.8232462],[2.9023851,48.823858],[2.9024143,48.8240616],[2.9023976,48.8241501],[2.9023568,48.8242191],[2.9021691,48.8243752],[2.9021317,48.8244063],[2.9021057,48.8244383],[2.9020456,48.824512],[2.9018994,48.8246906],[2.9018041,48.8248406],[2.9017475,48.8249805],[2.9016719,48.8258146]]}},{"type":"Feature","properties":{"relief":0.707,"sinuosity":0,"highway":"tertiary","name":"Rue du Bois"},"geometry":{"type":"LineString","coordinates":[[2.039233,48.1711641],[2.0385974,48.1715255],[2.0384903,48.1716006],[2.0383391,48.1717256],[2.0370118,48.1729563],[2.0369054,48.1730586],[2.0365906,48.1733696]]}},{"type":"Feature","properties":{"relief":0.75,"sinuosity":0,"highway":"tertiary","name":"Rue du Temple"},"geometry":{"type":"LineString","coordinates":[[1.5919149,49.0737932],[1.5917079,49.0732691],[1.5913299,49.0725739],[1.5911213,49.072024],[1.5909647,49.0714122],[1.5909584,49.0708243]]}},{"type":"Feature","properties":{"relief":0.75,"sinuosity":0,"highway":"tertiary"},"geometry":{"type":"LineString","coordinates":[[1.5074934,49.0640144],[1.5076186,49.0644578],[1.5086915,49.065602],[1.5092443,49.0667475]]}},{"type":"Feature","properties":{"relief":0.733,"sinuosity":0,"highway":"motorway"},"geometry":{"type":"LineString","coordinates":[[2.3835303,48.7559297],[2.3836028,48.7560487],[2.3837846,48.7563758],[2.3839401,48.756731],[2.384058,48.7571039],[2.384112,48.757397],[2.384153,48.758022],[2.3841385,48.7582417]]}},{"type":"Feature","properties":{"relief":0.376,"sinuosity":0.7,"highway":"tertiary"},"geometry":{"type":"LineString","coordinates":[[2.8590739,48.1122377],[2.8590417,48.1124311],[2.8588593,48.112603],[2.8582371,48.1130185],[2.8576899,48.1137921],[2.8572972,48.1144428]]}},{"type":"Feature","properties":{"relief":0.71,"sinuosity":0,"highway":"primary","name":"Avenue des Champs-Élysées"},"geometry":{"type":"LineString","coordinates":[[2.3185313,48.8663005],[2.3164334,48.8669679],[2.3163877,48.8669825],[2.3163418,48.8669971],[2.3162976,48.8670112],[2.3162532,48.8670253],[2.3160699,48.8670836],[2.3149733,48.8674403]]}},{"type":"Feature","properties":{"relief":0.367,"sinuosity":0,"highway":"motorway","name":"L'Européenne"},"geometry":{"type":"LineString","coordinates":[[2.1320567,49.2153572],[2.133599,49.2150533],[2.1418467,49.2136394]]}},{"type":"Feature","properties":{"relief":0.793,"sinuosity":0.7,"highway":"trunk_link"},"geometry":{"type":"LineString","coordinates":[[2.8541787,48.9569351],[2.8546556,48.9568268],[2.8563915,48.9565673],[2.8568073,48.9564928],[2.8571289,48.9563896],[2.8573649,48.9562561],[2.8574942,48.95613],[2.8575983,48.955888]]}},{"type":"Feature","properties":{"relief":0.39,"sinuosity":0,"highway":"motorway","name":"La Francilienne"},"geometry":{"type":"LineString","coordinates":[[2.6628251,48.8447795],[2.6625883,48.8456426],[2.662191,48.8470221],[2.6620008,48.8476826]]}},{"type":"Feature","properties":{"relief":0.657,"sinuosity":0,"highway":"tertiary","name":"Rue des Étangs"},"geometry":{"type":"LineString","coordinates":[[1.7800879,49.2744102],[1.7800393,49.2744024],[1.7800044,49.2743963],[1.7796218,49.2743378],[1.778969,49.2742249],[1.7786339,49.2741782],[1.7783,49.2741588],[1.7777647,49.2741276],[1.7765465,49.2740409],[1.7764618,49.2740349],[1.7762944,49.2740203],[1.7760728,49.2739518]]}},{"type":"Feature","properties":{"relief":0.9,"sinuosity":0,"highway":"tertiary"},"geometry":{"type":"LineString","coordinates":[[3.5771873,48.4248706],[3.5775197,48.4250206],[3.577863,48.4251648],[3.578264,48.4253205],[3.5786968,48.4254744],[3.5789922,48.4255768],[3.5793234,48.4256827],[3.5797217,48.425794],[3.5801408,48.4259029],[3.5840648,48.4268066]]}},{"type":"Feature","properties":{"relief":0.623,"sinuosity":0,"highway":"trunk","name":"La Francilienne"},"geometry":{"type":"LineString","coordinates":[[2.1924373,48.668509],[2.1921178,48.6681487],[2.191796,48.6677731],[2.1913987,48.6673195],[2.1899986,48.6655807]]}},{"type":"Feature","properties":{"relief":0.632,"sinuosity":0.7,"highway":"tertiary"},"geometry":{"type":"LineString","coordinates":[[1.4873427,48.3983909],[1.487615,48.398439],[1.4878964,48.3984299],[1.4880801,48.3983761],[1.4883894,48.3982128],[1.4887668,48.3980128],[1.4905424,48.3971509]]}},{"type":"Feature","properties":{"relief":0.713,"sinuosity":0,"highway":"tertiary","name":"Rue de l'Abbaye de l'Eau"},"geometry":{"type":"LineString","coordinates":[[1.4809627,48.395843],[1.4811824,48.3965049],[1.4814785,48.3974734],[1.4816122,48.3979847],[1.4816778,48.398169],[1.481776,48.3983359]]}},{"type":"Feature","properties":{"relief":0.44,"sinuosity":1,"highway":"tertiary","name":"Avenue Courvoisier"},"geometry":{"type":"LineString","coordinates":[[3.5044803,49.2075353],[3.5045266,49.2077307],[3.5045188,49.2078046],[3.5044576,49.2079915],[3.5043603,49.2082884],[3.5043624,49.2083317],[3.5043691,49.2083615],[3.5043927,49.2083919],[3.5044307,49.2084195],[3.5044898,49.2084411],[3.5045393,49.2084507],[3.5046017,49.2084546],[3.5046536,49.2084535],[3.5047257,49.2084382],[3.5054438,49.2081137],[3.506297,49.2077313],[3.5078553,49.2070354]]}},{"type":"Feature","properties":{"relief":0.743,"sinuosity":0,"highway":"secondary"},"geometry":{"type":"LineString","coordinates":[[1.7912613,48.5773834],[1.791916,48.5774745],[1.7945531,48.5778501],[1.7957553,48.5780213]]}},{"type":"Feature","properties":{"relief":0.615,"sinuosity":0,"highway":"tertiary","name":"Le Coin du Bois"},"geometry":{"type":"LineString","coordinates":[[1.8652841,48.6140956],[1.8657706,48.6139384],[1.8669486,48.6134571],[1.8678632,48.6130725],[1.8681851,48.6129951],[1.8685795,48.6129629],[1.868952,48.6129065]]}},{"type":"Feature","properties":{"relief":0.419,"sinuosity":0,"highway":"trunk"},"geometry":{"type":"LineString","coordinates":[[1.8324997,48.5749117],[1.8324654,48.5761392],[1.8323831,48.5781442]]}},{"type":"Feature","properties":{"relief":0.657,"sinuosity":0,"highway":"secondary","name":"Route de Nanteuil"},"geometry":{"type":"LineString","coordinates":[[2.8520482,49.1605537],[2.8522038,49.1606941],[2.8524345,49.1608589],[2.8528206,49.16108],[2.8535011,49.1614577],[2.853852,49.1616525],[2.8554231,49.1625245]]}},{"type":"Feature","properties":{"relief":0.873,"sinuosity":0,"highway":"tertiary"},"geometry":{"type":"LineString","coordinates":[[1.8704928,49.1517171],[1.8702581,49.1517329],[1.8700462,49.1517535],[1.8697811,49.1517894],[1.8688467,49.151931],[1.8677945,49.1520886],[1.8668658,49.1522184],[1.8655189,49.1524123]]}},{"type":"Feature","properties":{"relief":0.75,"sinuosity":0,"highway":"primary"},"geometry":{"type":"LineString","coordinates":[[1.8167961,49.2328875],[1.8169236,49.2328245],[1.8194023,49.2315912],[1.8227465,49.2299251]]}},{"type":"Feature","properties":{"relief":0.9,"sinuosity":0,"highway":"tertiary"},"geometry":{"type":"LineString","coordinates":[[1.8229882,49.2262183],[1.8222946,49.2260707],[1.8215567,49.2259261],[1.8210703,49.2258041],[1.8202535,49.2255706],[1.8194186,49.2253357],[1.8184383,49.2251487]]}},{"type":"Feature","properties":{"relief":0.871,"sinuosity":0,"highway":"motorway_link"},"geometry":{"type":"LineString","coordinates":[[2.8467636,48.9369249],[2.8468541,48.9370364],[2.8469914,48.9377296],[2.8470361,48.9378979],[2.8470912,48.9380405],[2.8471624,48.9381746],[2.8474356,48.9386076],[2.8475307,48.9387525],[2.8476042,48.9388403],[2.8476753,48.9389124],[2.8477981,48.9390091],[2.8479049,48.9390841],[2.8480671,48.9391804],[2.8481818,48.939243]]}},{"type":"Feature","properties":{"relief":0.893,"sinuosity":0,"highway":"motorway"},"geometry":{"type":"LineString","coordinates":[[2.8465317,48.935463],[2.8467636,48.9369249],[2.8468752,48.9377366],[2.8469637,48.9383233]]}},{"type":"Feature","properties":{"relief":0.9,"sinuosity":0,"highway":"tertiary"},"geometry":{"type":"LineString","coordinates":[[3.2154051,49.207115],[3.215167,49.2075913],[3.2147743,49.2080378],[3.2147182,49.2081414],[3.2146384,49.2084243],[3.2146866,49.2087227],[3.2148654,49.2097354]]}},{"type":"Feature","properties":{"relief":0.41,"sinuosity":0,"highway":"secondary","name":"Grande Rue"},"geometry":{"type":"LineString","coordinates":[[2.8117775,48.7145284],[2.8121241,48.7153679],[2.8122475,48.7156467],[2.8123111,48.7158169],[2.8123781,48.7161239],[2.8125288,48.7171689]]}},{"type":"Feature","properties":{"relief":0.63,"sinuosity":0,"highway":"tertiary"},"geometry":{"type":"LineString","coordinates":[[3.396034,49.1981627],[3.3974198,49.1990262],[3.3977027,49.1991903],[3.3992538,49.2000901]]}},{"type":"Feature","properties":{"relief":0.9,"sinuosity":0,"highway":"tertiary"},"geometry":{"type":"LineString","coordinates":[[3.4137336,49.2058895],[3.41528,49.2066799],[3.4155531,49.2068569],[3.4164591,49.2076899]]}},{"type":"Feature","properties":{"relief":0.753,"sinuosity":0,"highway":"tertiary"},"geometry":{"type":"LineString","coordinates":[[3.3972287,49.2196254],[3.3973667,49.2197048],[3.3977031,49.2207532],[3.3981835,49.2226306]]}},{"type":"Feature","properties":{"relief":0.75,"sinuosity":0,"highway":"tertiary","name":"Rue de la Vignette"},"geometry":{"type":"LineString","coordinates":[[1.8686782,49.2447323],[1.8661214,49.2438335],[1.863674,49.2429419]]}},{"type":"Feature","properties":{"relief":0.7,"sinuosity":0,"highway":"motorway"},"geometry":{"type":"LineString","coordinates":[[2.0447767,48.9126926],[2.0456646,48.9121207],[2.0468556,48.9112963],[2.0474215,48.9108866],[2.048492,48.9100894]]}},{"type":"Feature","properties":{"relief":0.637,"sinuosity":0,"highway":"tertiary","name":"Route de Féricy"},"geometry":{"type":"LineString","coordinates":[[2.7924724,48.4860929],[2.7922321,48.4868665],[2.7917944,48.487936],[2.7915626,48.488539]]}},{"type":"Feature","properties":{"relief":0.683,"sinuosity":0,"highway":"tertiary","name":"Rue du Sibut"},"geometry":{"type":"LineString","coordinates":[[3.0368499,48.9437846],[3.0374495,48.9436252],[3.0377512,48.9435915],[3.0380402,48.9435915],[3.0383058,48.9436223],[3.0385713,48.9436892],[3.0387356,48.9437513],[3.0388952,48.9438337],[3.0390186,48.9439154],[3.0393167,48.9441733],[3.0401984,48.9458003]]}},{"type":"Feature","properties":{"relief":0.743,"sinuosity":0,"highway":"secondary","name":"Route de Melun"},"geometry":{"type":"LineString","coordinates":[[2.9057605,48.8542566],[2.9056088,48.854276],[2.9048074,48.8543785],[2.9035157,48.8544911],[2.9020895,48.8544799],[2.9012511,48.8544401]]}},{"type":"Feature","properties":{"relief":0.9,"sinuosity":0,"highway":"secondary","name":"Route de Melun"},"geometry":{"type":"LineString","coordinates":[[2.8979081,48.8497081],[2.897458,48.8492887],[2.8974146,48.8492479],[2.8962831,48.8481853],[2.896111,48.8480236],[2.8960649,48.8479815],[2.8952295,48.8472186]]}},{"type":"Feature","properties":{"relief":0.514,"sinuosity":0,"highway":"tertiary"},"geometry":{"type":"LineString","coordinates":[[2.9439223,48.7529214],[2.943814,48.7530299],[2.9435554,48.7532573],[2.9433994,48.7534605],[2.9432876,48.7537606],[2.9411568,48.7601473]]}},{"type":"Feature","properties":{"relief":0.702,"sinuosity":0,"highway":"tertiary"},"geometry":{"type":"LineString","coordinates":[[2.8124529,48.5279045],[2.8124995,48.5280449],[2.812622,48.5284598],[2.8126408,48.5287964],[2.8126153,48.5290326],[2.8125075,48.5293208],[2.8124021,48.5295176],[2.8122304,48.5297707],[2.8114982,48.5305034]]}},{"type":"Feature","properties":{"relief":0.519,"sinuosity":0,"highway":"tertiary"},"geometry":{"type":"LineString","coordinates":[[2.8454609,48.5331617],[2.8453697,48.5329983],[2.845241,48.5328669],[2.8450318,48.5327248],[2.8447689,48.5326076],[2.8444417,48.5325401],[2.8411233,48.5319934]]}},{"type":"Feature","properties":{"relief":0.595,"sinuosity":0,"highway":"tertiary"},"geometry":{"type":"LineString","coordinates":[[2.8124995,48.5280449],[2.8125466,48.5280355],[2.8126234,48.5280202],[2.8127619,48.5279697],[2.8129673,48.5278623],[2.8132886,48.5275938],[2.8145031,48.526428],[2.8147659,48.5262398],[2.8149322,48.526158],[2.81512,48.5261089]]}},{"type":"Feature","properties":{"relief":0.713,"sinuosity":0,"highway":"tertiary","name":"Rue Grande"},"geometry":{"type":"LineString","coordinates":[[2.8547106,48.5037447],[2.8551579,48.5039251],[2.8554457,48.503995],[2.8562978,48.5041446],[2.8568027,48.5042338],[2.8568423,48.5042414],[2.8569623,48.5042596],[2.8572178,48.5042787],[2.857435,48.5042881],[2.8577086,48.5042939],[2.8580225,48.5043023],[2.8584945,48.5043058]]}},{"type":"Feature","properties":{"relief":0.697,"sinuosity":0,"highway":"tertiary"},"geometry":{"type":"LineString","coordinates":[[3.0388767,48.6684224],[3.0401461,48.6682742],[3.0408543,48.6681471],[3.0410797,48.6680714],[3.0411994,48.6680217],[3.0415897,48.6678341],[3.0434635,48.6668734]]}},{"type":"Feature","properties":{"relief":0.9,"sinuosity":0,"highway":"motorway","name":"L'Aquitaine"},"geometry":{"type":"LineString","coordinates":[[2.1346341,48.6223127],[2.1351496,48.6227559],[2.1359112,48.6234506],[2.1369392,48.6244275]]}},{"type":"Feature","properties":{"relief":0.463,"sinuosity":0,"highway":"motorway","name":"L'Aquitaine"},"geometry":{"type":"LineString","coordinates":[[2.1369392,48.6244275],[2.1375382,48.6250207],[2.1381283,48.6256164],[2.1387264,48.6262369],[2.1393289,48.626867]]}},{"type":"Feature","properties":{"relief":0.562,"sinuosity":0,"highway":"tertiary","name":"Rue du Capitaine Vaillant"},"geometry":{"type":"LineString","coordinates":[[3.4873299,48.7135778],[3.4873433,48.7135406],[3.4874401,48.7133685],[3.487885,48.7125776],[3.4880485,48.7123332],[3.488312,48.7120765],[3.4883957,48.711995],[3.4893548,48.7111608]]}},{"type":"Feature","properties":{"relief":0.624,"sinuosity":0,"highway":"motorway"},"geometry":{"type":"LineString","coordinates":[[2.2256353,48.9803684],[2.2280815,48.979423],[2.2296553,48.9787798]]}},{"type":"Feature","properties":{"relief":0.75,"sinuosity":0,"highway":"tertiary","name":"Avenue de Verdun"},"geometry":{"type":"LineString","coordinates":[[3.1255082,49.1774197],[3.12564,49.1774627],[3.1276652,49.17817],[3.1279957,49.1782854],[3.1281962,49.1783554],[3.1308424,49.1793112]]}},{"type":"Feature","properties":{"relief":0.401,"sinuosity":0,"highway":"tertiary"},"geometry":{"type":"LineString","coordinates":[[2.814553,48.5823947],[2.8140112,48.5825792],[2.813892,48.5826274],[2.8132655,48.5828809],[2.8130671,48.5829483],[2.8128283,48.5830139],[2.8125547,48.5830707],[2.811389,48.5832794],[2.8112958,48.5832961],[2.8110581,48.5833386],[2.8105527,48.5834155]]}},{"type":"Feature","properties":{"relief":0.42,"sinuosity":0,"highway":"secondary","name":"Route de Machault"},"geometry":{"type":"LineString","coordinates":[[2.7671519,48.4322791],[2.767283,48.4323907],[2.7673303,48.4324271],[2.7677092,48.4327015],[2.7684999,48.4332729],[2.7694881,48.4339897],[2.7704947,48.4346995]]}},{"type":"Feature","properties":{"relief":0.86,"sinuosity":0,"highway":"primary"},"geometry":{"type":"LineString","coordinates":[[3.1704587,48.1531494],[3.1712126,48.1528646],[3.172028,48.1525901],[3.1726409,48.1524204],[3.1732844,48.1522921],[3.1738637,48.1522062],[3.1754516,48.1520788]]}},{"type":"Feature","properties":{"relief":0.723,"sinuosity":0,"highway":"trunk"},"geometry":{"type":"LineString","coordinates":[[2.0019452,49.0585262],[2.0028591,49.0582756],[2.0032829,49.0581631],[2.0035806,49.0580901],[2.0038925,49.0580175],[2.0042257,49.0579495],[2.0046028,49.0578828],[2.0049579,49.0578344],[2.0053161,49.0577927],[2.0061451,49.0577426]]}},{"type":"Feature","properties":{"relief":0.773,"sinuosity":0,"highway":"primary"},"geometry":{"type":"LineString","coordinates":[[2.6827207,48.6666433],[2.6825861,48.6672238],[2.6823804,48.6681182],[2.682269,48.6686001],[2.6822144,48.6688589],[2.6821691,48.6691],[2.682105,48.6696919]]}},{"type":"Feature","properties":{"relief":0.541,"sinuosity":0,"highway":"tertiary"},"geometry":{"type":"LineString","coordinates":[[2.7312199,48.6667963],[2.7314711,48.6669567],[2.731677,48.6670802],[2.7320867,48.6673096],[2.7329785,48.6677737],[2.733863,48.6682268],[2.7343257,48.6684805]]}},{"type":"Feature","properties":{"relief":0.597,"sinuosity":0,"highway":"secondary","name":"Route de Paix"},"geometry":{"type":"LineString","coordinates":[[1.4182658,49.2569467],[1.4180673,49.2564824],[1.4178415,49.2558404],[1.417761,49.2556323],[1.4176956,49.2555182],[1.4175998,49.2554021],[1.4175097,49.2552953],[1.4172419,49.2550433],[1.4171462,49.2549559],[1.4163138,49.2543464]]}},{"type":"Feature","properties":{"relief":0.75,"sinuosity":0,"highway":"primary"},"geometry":{"type":"LineString","coordinates":[[1.4638402,49.2820494],[1.4630318,49.2814776],[1.4627259,49.2812418],[1.4624155,49.2809798],[1.46208,49.2806563],[1.4619238,49.2804875],[1.4617801,49.280286],[1.4617449,49.2801875],[1.461725,49.2801134],[1.4616888,49.2799286]]}},{"type":"Feature","properties":{"relief":0.75,"sinuosity":0,"highway":"tertiary"},"geometry":{"type":"LineString","coordinates":[[1.6890166,49.1033929],[1.6890034,49.1032972],[1.6889332,49.1031272],[1.6888844,49.1030495],[1.6888009,49.1029637],[1.6886602,49.1028508],[1.6879822,49.102383],[1.6878356,49.102256],[1.6867353,49.1006823]]}},{"type":"Feature","properties":{"relief":0.69,"sinuosity":0,"highway":"tertiary"},"geometry":{"type":"LineString","coordinates":[[1.5064908,49.2830886],[1.5101355,49.2838082],[1.5106259,49.2839608]]}},{"type":"Feature","properties":{"relief":0.872,"sinuosity":0,"highway":"tertiary"},"geometry":{"type":"LineString","coordinates":[[3.3486454,48.9759701],[3.3492368,48.9763017],[3.3495681,48.9764963],[3.3498024,48.9766484],[3.3499905,48.9767744],[3.3502574,48.9769681],[3.3505337,48.9771793],[3.3509274,48.9775102],[3.3525381,48.9789601]]}},{"type":"Feature","properties":{"relief":0.793,"sinuosity":0,"highway":"tertiary"},"geometry":{"type":"LineString","coordinates":[[3.3548738,48.9815522],[3.3554604,48.9823473],[3.3556648,48.9826287],[3.3557841,48.9828126],[3.3559142,48.9830168],[3.3561168,48.9833618],[3.3562052,48.983537],[3.356275,48.9836927],[3.3563686,48.9839338]]}},{"type":"Feature","properties":{"relief":0.75,"sinuosity":0,"highway":"tertiary"},"geometry":{"type":"LineString","coordinates":[[1.6337585,48.5322145],[1.6344566,48.5326862],[1.6346139,48.5328602],[1.6355105,48.5346118]]}},{"type":"Feature","properties":{"relief":0.65,"sinuosity":0,"highway":"tertiary"},"geometry":{"type":"LineString","coordinates":[[1.6769375,48.4894674],[1.6768543,48.4893068],[1.6767915,48.4891669],[1.6764691,48.4883534],[1.6762951,48.4879923],[1.676103,48.4877884],[1.6759157,48.4876122],[1.6756174,48.4874096],[1.675176,48.4872071]]}},{"type":"Feature","properties":{"relief":0.408,"sinuosity":0,"highway":"tertiary"},"geometry":{"type":"LineString","coordinates":[[1.7764132,48.5241046],[1.7782777,48.524272],[1.7799367,48.5242694],[1.7801714,48.524296],[1.780512,48.5243688]]}},{"type":"Feature","properties":{"relief":0.454,"sinuosity":0,"highway":"primary"},"geometry":{"type":"LineString","coordinates":[[1.7747806,48.5794146],[1.7749081,48.5794814],[1.7753827,48.5797981],[1.775845,48.5801392],[1.77633,48.5804591],[1.7765446,48.5805749],[1.7767493,48.5806595],[1.777171,48.5808645],[1.7775143,48.5810269],[1.7779031,48.5811756]]}},{"type":"Feature","properties":{"relief":0.9,"sinuosity":0,"highway":"secondary"},"geometry":{"type":"LineString","coordinates":[[3.3067999,49.2268364],[3.3068234,49.2269012],[3.3068935,49.2270265],[3.3069344,49.2270751],[3.3070806,49.2271962],[3.3071754,49.2272525],[3.3073691,49.227348],[3.3074752,49.2273932],[3.3078711,49.2275511],[3.3080214,49.2276137],[3.3081726,49.227698],[3.3082286,49.2277401],[3.3083006,49.2278189],[3.3083254,49.2278666],[3.3083412,49.227963],[3.3083325,49.2280149],[3.3082842,49.2281048],[3.308245,49.2281484],[3.3081394,49.2282358],[3.308025,49.2283063],[3.3077441,49.2284727],[3.3076401,49.2285469],[3.3075129,49.228658],[3.3074648,49.2287153]]}},{"type":"Feature","properties":{"relief":0.9,"sinuosity":0,"highway":"secondary"},"geometry":{"type":"LineString","coordinates":[[3.3073521,49.2314013],[3.3074904,49.2316992],[3.3075593,49.2318702],[3.3076284,49.2320581],[3.3076807,49.2322096],[3.307729,49.2323742],[3.3077625,49.2325009],[3.3077981,49.2326623],[3.3078316,49.232841],[3.3078628,49.2330475],[3.3079201,49.2334185],[3.307969,49.2336751],[3.3080048,49.2338269],[3.3081123,49.2341821]]}},{"type":"Feature","properties":{"relief":0.717,"sinuosity":0,"highway":"secondary","name":"Boulevard Jean Monnet"},"geometry":{"type":"LineString","coordinates":[[2.4131784,48.6219046],[2.4127365,48.6221162],[2.4121689,48.6223843],[2.4113716,48.6227673],[2.4106796,48.6230988],[2.4103537,48.6232619],[2.4100488,48.6234347]]}},{"type":"Feature","properties":{"relief":0.446,"sinuosity":0,"highway":"tertiary"},"geometry":{"type":"LineString","coordinates":[[3.3549159,48.7848957],[3.353918,48.7848022],[3.3531907,48.784734],[3.3525382,48.7846706],[3.352196,48.7846236],[3.3518358,48.7845532],[3.3511251,48.784368]]}},{"type":"Feature","properties":{"relief":0.67,"sinuosity":0,"highway":"primary"},"geometry":{"type":"LineString","coordinates":[[2.3180295,48.6021329],[2.3174532,48.6016382],[2.3169264,48.601164],[2.3163078,48.6005993],[2.3157183,48.6000104]]}},{"type":"Feature","properties":{"relief":0.753,"sinuosity":0,"highway":"tertiary","name":"Route de Mondétour"},"geometry":{"type":"LineString","coordinates":[[2.0810511,48.5334888],[2.0810155,48.5332822],[2.0808759,48.5328146],[2.0808489,48.5327125],[2.0808501,48.5325922],[2.0808714,48.5324634],[2.0810591,48.5320466],[2.081077,48.5319014],[2.081049,48.5317726],[2.0809847,48.5316727],[2.0803,48.5312042],[2.0801066,48.5310713]]}},{"type":"Feature","properties":{"relief":0.9,"sinuosity":0,"highway":"tertiary"},"geometry":{"type":"LineString","coordinates":[[3.1650571,49.0283343],[3.1651092,49.0281362],[3.165113,49.0281221],[3.1651998,49.027803],[3.1653189,49.0274759],[3.1656216,49.0268754],[3.165897,49.0263743],[3.1660232,49.0260953],[3.1660744,49.0258439]]}},{"type":"Feature","properties":{"relief":0.75,"sinuosity":0,"highway":"tertiary","name":"Route d'Ecquevilly à Morainvilliers"},"geometry":{"type":"LineString","coordinates":[[1.9298479,48.9360759],[1.9292704,48.9375815],[1.9283359,48.9390855]]}},{"type":"Feature","properties":{"relief":0.75,"sinuosity":0,"highway":"motorway","name":"La Francilienne"},"geometry":{"type":"LineString","coordinates":[[2.6660556,48.8932465],[2.6663098,48.8928811],[2.6666656,48.8923122],[2.666726,48.8921764],[2.6668829,48.8918387],[2.6670076,48.891553],[2.6671498,48.8911729],[2.6672383,48.8908449]]}},{"type":"Feature","properties":{"relief":0.84,"sinuosity":0.7,"highway":"tertiary","name":"Rue des Labours"},"geometry":{"type":"LineString","coordinates":[[2.8132012,48.8768201],[2.8131947,48.8768775],[2.8131568,48.877227],[2.8131575,48.8773952],[2.8131571,48.8775176],[2.8131343,48.8777093],[2.8131102,48.8778158],[2.813073,48.8779514],[2.8130416,48.8780432],[2.8129815,48.878178],[2.8128868,48.8783364],[2.8127486,48.8785261],[2.8124326,48.878961],[2.8123756,48.8790399],[2.8123371,48.8790743],[2.8123055,48.8790891],[2.8122499,48.8791052],[2.8122026,48.8791094],[2.8121543,48.879105],[2.8121134,48.8790933]]}},{"type":"Feature","properties":{"relief":0.694,"sinuosity":0,"highway":"secondary","name":"Route d'Etampes"},"geometry":{"type":"LineString","coordinates":[[2.0948502,48.4255722],[2.0943081,48.4255976],[2.0939268,48.4256017],[2.0937458,48.4256071],[2.0935356,48.4256181],[2.0934051,48.4256329],[2.0932794,48.4256546],[2.0930243,48.4257352],[2.0927913,48.4258255],[2.0915359,48.426363],[2.0906442,48.4267367]]}},{"type":"Feature","properties":{"relief":0.585,"sinuosity":0,"highway":"secondary","name":"Route de Tacoignières"},"geometry":{"type":"LineString","coordinates":[[1.6404512,48.8249071],[1.6414034,48.8251242],[1.6415848,48.8251654],[1.6423028,48.8253286],[1.6428631,48.8254555],[1.6431679,48.8255245],[1.6434547,48.8255881],[1.6436579,48.8256331],[1.6450568,48.8259435]]}},{"type":"Feature","properties":{"relief":0.584,"sinuosity":0,"highway":"tertiary"},"geometry":{"type":"LineString","coordinates":[[1.6414732,48.8152888],[1.641553,48.8152663],[1.6434817,48.8147869],[1.6439819,48.8147157],[1.6447477,48.8146167],[1.6452146,48.8145016]]}},{"type":"Feature","properties":{"relief":0.404,"sinuosity":0,"highway":"secondary"},"geometry":{"type":"LineString","coordinates":[[2.0944337,48.4440292],[2.0939778,48.443837],[2.0935701,48.4437089],[2.093267,48.4436439],[2.092351,48.4434903],[2.0919304,48.4434174],[2.0915718,48.4433372],[2.0912312,48.4432392],[2.0907377,48.4430719]]}},{"type":"Feature","properties":{"relief":0.42,"sinuosity":0,"highway":"secondary"},"geometry":{"type":"LineString","coordinates":[[2.0907377,48.4430719],[2.0902495,48.4428691],[2.0899513,48.4427217],[2.0893215,48.4423887],[2.0888473,48.4421478],[2.0888172,48.4421325],[2.088718,48.4420889],[2.0886008,48.4420542],[2.0883934,48.4420257],[2.0876678,48.4419774],[2.0872722,48.4419302]]}},{"type":"Feature","properties":{"relief":1,"sinuosity":0.7,"highway":"secondary","name":"Grande Rue"},"geometry":{"type":"LineString","coordinates":[[3.2192605,48.2236586],[3.219118,48.2236598],[3.218843,48.2235994],[3.218264,48.2234215],[3.2172991,48.2231249],[3.2172431,48.2231066],[3.2169848,48.2230223],[3.2168539,48.2230327],[3.2149069,48.2231867]]}},{"type":"Feature","properties":{"relief":0.59,"sinuosity":0,"highway":"tertiary"},"geometry":{"type":"LineString","coordinates":[[1.679419,48.9368925],[1.6796391,48.936995],[1.6798372,48.9370739],[1.6807837,48.9373124],[1.6811292,48.9374355],[1.6814642,48.9375925],[1.6822283,48.9380076],[1.6828273,48.9383187]]}},{"type":"Feature","properties":{"relief":0.388,"sinuosity":0,"highway":"primary","name":"Voie Georges Pompidou"},"geometry":{"type":"LineString","coordinates":[[2.2745379,48.846965],[2.2747129,48.8471376],[2.2748537,48.8472772],[2.275203,48.8477216],[2.2755078,48.8480393],[2.2759505,48.8484923],[2.276454,48.849014]]}},{"type":"Feature","properties":{"relief":1,"sinuosity":0.731,"highway":"secondary"},"geometry":{"type":"LineString","coordinates":[[2.7214873,49.1710541],[2.7221758,49.1709487],[2.7228884,49.1709432],[2.723466,49.1709813],[2.7239602,49.1711208],[2.7245985,49.1714418],[2.7248503,49.1717335]]}},{"type":"Feature","properties":{"relief":0.9,"sinuosity":0,"highway":"secondary"},"geometry":{"type":"LineString","coordinates":[[2.7580216,49.1593445],[2.7576366,49.1597702],[2.757186,49.1603596],[2.7569929,49.1608226],[2.7566496,49.1612296],[2.7539745,49.1640832]]}},{"type":"Feature","properties":{"relief":0.777,"sinuosity":0.779,"highway":"secondary","name":"Rue de Soissons"},"geometry":{"type":"LineString","coordinates":[[2.8141511,49.1448941],[2.813684,49.1447323],[2.8131643,49.1445526],[2.8124519,49.1442802],[2.812229,49.1441401],[2.8121592,49.1440703],[2.8120893,49.1440005],[2.8120012,49.1438235],[2.8120174,49.1436125],[2.8121106,49.1432367],[2.8121212,49.1431983],[2.8121441,49.1431147]]}},{"type":"Feature","properties":{"relief":0.9,"sinuosity":0,"highway":"tertiary","name":"Route de la Roche"},"geometry":{"type":"LineString","coordinates":[[1.5541759,49.0633309],[1.5540841,49.0632924],[1.5537841,49.0631667],[1.5536398,49.0631062],[1.5531511,49.0629014],[1.552346,49.0625749],[1.5522737,49.0625458],[1.5511012,49.0620731],[1.5500019,49.061592]]}},{"type":"Feature","properties":{"relief":0.75,"sinuosity":0,"highway":"tertiary"},"geometry":{"type":"LineString","coordinates":[[1.5518442,49.0557502],[1.5519725,49.0554965],[1.5520734,49.055297],[1.5522131,49.0550571],[1.5524769,49.0547215],[1.5531523,49.0539201],[1.553484,49.0535408],[1.5537601,49.053225]]}},{"type":"Feature","properties":{"relief":0.9,"sinuosity":0,"highway":"tertiary"},"geometry":{"type":"LineString","coordinates":[[3.3462895,48.4847534],[3.3462853,48.4851401],[3.3462594,48.4855525],[3.3461528,48.4864707],[3.3459934,48.4870729],[3.3457575,48.4879159]]}},{"type":"Feature","properties":{"relief":0.72,"sinuosity":0,"highway":"tertiary"},"geometry":{"type":"LineString","coordinates":[[3.2614655,48.5083833],[3.2617526,48.5084717],[3.2619363,48.5085108],[3.2621817,48.5085298],[3.2624419,48.5085144],[3.2626292,48.5084808],[3.2629234,48.5083873],[3.2633773,48.5081937],[3.2637119,48.5080994],[3.2640616,48.5080367],[3.2643235,48.5080159],[3.2645808,48.5080167],[3.2648961,48.5080568],[3.2652726,48.5081539]]}},{"type":"Feature","properties":{"relief":0.641,"sinuosity":0,"highway":"tertiary","name":"Rue Ampère"},"geometry":{"type":"LineString","coordinates":[[3.0820452,48.4733782],[3.0825358,48.4732872],[3.0826433,48.4732673],[3.0831945,48.473195],[3.0834862,48.4731229],[3.083541,48.4731049],[3.0847825,48.4726979],[3.0874069,48.4714885]]}},{"type":"Feature","properties":{"relief":0.9,"sinuosity":0,"highway":"tertiary"},"geometry":{"type":"LineString","coordinates":[[3.034087,48.391779],[3.0340283,48.3925074],[3.0339729,48.3927093],[3.0338502,48.3929453],[3.0300534,48.3986663]]}},{"type":"Feature","properties":{"relief":0.75,"sinuosity":0,"highway":"tertiary","name":"Route de Brétigny"},"geometry":{"type":"LineString","coordinates":[[2.2689445,48.6154145],[2.2689918,48.6154107],[2.2691653,48.6153967],[2.2693951,48.615385],[2.2699026,48.615391],[2.2701788,48.615411],[2.2704656,48.6154504],[2.2709235,48.6155285],[2.2710749,48.6155609],[2.2714499,48.6156656],[2.2716025,48.6156972],[2.2717116,48.6157168],[2.2719046,48.6157373],[2.2721371,48.6157439],[2.27238,48.6157515],[2.272607,48.6157546],[2.2728417,48.6157685]]}},{"type":"Feature","properties":{"relief":0.59,"sinuosity":0,"highway":"secondary","name":"Rue de la Croisette"},"geometry":{"type":"LineString","coordinates":[[3.4872263,49.1362742],[3.4874079,49.1364735],[3.4876228,49.1367649],[3.487718,49.1369326],[3.4879789,49.137397],[3.488052,49.1376844],[3.4881351,49.1380495],[3.4882282,49.1384697],[3.4882702,49.1387671]]}},{"type":"Feature","properties":{"relief":0.563,"sinuosity":0,"highway":"tertiary"},"geometry":{"type":"LineString","coordinates":[[3.5201699,48.9832599],[3.5231097,48.9827572],[3.5234383,48.9826966],[3.5236472,48.98264],[3.5238121,48.9825633],[3.5239987,48.982444]]}},{"type":"Feature","properties":{"relief":0.468,"sinuosity":0,"highway":"tertiary","name":"Rue du Gué"},"geometry":{"type":"LineString","coordinates":[[3.4009976,48.4299388],[3.4004642,48.4299793],[3.4000936,48.4300368],[3.3991447,48.4303286],[3.3985317,48.4304137],[3.3969697,48.4305837]]}},{"type":"Feature","properties":{"relief":0.847,"sinuosity":0,"highway":"tertiary"},"geometry":{"type":"LineString","coordinates":[[3.4051115,48.6242647],[3.4050686,48.6234563],[3.4050715,48.6233766],[3.4050901,48.6228747],[3.4051834,48.6217159]]}},{"type":"Feature","properties":{"relief":0.741,"sinuosity":0,"highway":"tertiary"},"geometry":{"type":"LineString","coordinates":[[3.442197,48.5439731],[3.4444715,48.5428224],[3.4449579,48.5425836],[3.4463812,48.5418848]]}},{"type":"Feature","properties":{"relief":0.75,"sinuosity":0,"highway":"tertiary","name":"Rue de Villez"},"geometry":{"type":"LineString","coordinates":[[1.5510529,49.0414064],[1.551786,49.0411255],[1.5525228,49.0407909],[1.5527321,49.0406958],[1.5531184,49.0405353],[1.5533069,49.040457],[1.5537705,49.0403227],[1.5539922,49.0402584],[1.5545369,49.0401529]]}},{"type":"Feature","properties":{"relief":0.75,"sinuosity":0,"highway":"tertiary","name":"Route de Paincuit"},"geometry":{"type":"LineString","coordinates":[[1.3790743,48.6219632],[1.3783566,48.6223726],[1.3764892,48.6233601],[1.3746044,48.624312]]}},{"type":"Feature","properties":{"relief":0.486,"sinuosity":0.716,"highway":"tertiary"},"geometry":{"type":"LineString","coordinates":[[3.3528759,48.9342908],[3.3528472,48.9343263],[3.3528276,48.9343507],[3.3528135,48.9344094],[3.352833,48.9344917],[3.3528554,48.9347183],[3.3528089,48.9348194],[3.3527371,48.934871],[3.3524665,48.9350127],[3.3521705,48.9351099],[3.3517435,48.9351932],[3.3508001,48.9356487],[3.3501341,48.9360452]]}},{"type":"Feature","properties":{"relief":0.75,"sinuosity":0,"highway":"tertiary"},"geometry":{"type":"LineString","coordinates":[[3.3501341,48.9360452],[3.3490242,48.9370683],[3.348921,48.9371551],[3.3472332,48.9385751]]}},{"type":"Feature","properties":{"relief":0.69,"sinuosity":0,"highway":"tertiary","name":"Route de Champlan"},"geometry":{"type":"LineString","coordinates":[[2.2706991,48.6955546],[2.2709135,48.6954478],[2.271119,48.6953766],[2.2712886,48.6953325],[2.2715566,48.695285],[2.2716514,48.6952738],[2.2722743,48.6952],[2.2726434,48.69513],[2.2730097,48.6950323],[2.2738791,48.6946855],[2.2746559,48.6943489]]}},{"type":"Feature","properties":{"relief":0.9,"sinuosity":0,"highway":"tertiary"},"geometry":{"type":"LineString","coordinates":[[3.6226669,48.4881266],[3.6229458,48.4879844],[3.6233106,48.4878564],[3.6237398,48.4877782],[3.6246729,48.4876815],[3.6253228,48.4875882],[3.6258748,48.4874297],[3.6262396,48.487252]]}},{"type":"Feature","properties":{"relief":0.63,"sinuosity":0,"highway":"tertiary"},"geometry":{"type":"LineString","coordinates":[[3.4907395,48.6512909],[3.4899172,48.6512604],[3.4885202,48.651171],[3.4879016,48.6511543],[3.4865943,48.6512142]]}},{"type":"Feature","properties":{"relief":0.626,"sinuosity":0,"highway":"secondary","name":"Rue des Tulipiers"},"geometry":{"type":"LineString","coordinates":[[2.1954573,48.4852135],[2.1955627,48.4853132],[2.1956314,48.4853693],[2.1956623,48.4853945],[2.1957461,48.4854824],[2.1958226,48.4855878],[2.1959062,48.4857183],[2.1961755,48.4861474],[2.1969757,48.4874225],[2.1970126,48.4874876],[2.197084,48.4876137]]}},{"type":"Feature","properties":{"relief":0.9,"sinuosity":0,"highway":"secondary","name":"Route de Chauffour"},"geometry":{"type":"LineString","coordinates":[[2.1809915,48.4952609],[2.1810688,48.4952524],[2.1811409,48.4952327],[2.1812524,48.4952038],[2.1819511,48.4949423],[2.1827039,48.4945577],[2.1829328,48.4944408],[2.1834531,48.4942008],[2.1835026,48.4941779],[2.1840935,48.4939466],[2.1845798,48.4937955]]}},{"type":"Feature","properties":{"relief":0.478,"sinuosity":0.975,"highway":"secondary","name":"Avenue Charles de Gaulle"},"geometry":{"type":"LineString","coordinates":[[3.5319259,48.8711968],[3.5319403,48.8712414],[3.5319421,48.8712833],[3.5319322,48.8713216],[3.5319053,48.8713796],[3.5316207,48.8717797],[3.5315215,48.8719209],[3.5314982,48.8719861],[3.531491,48.8720263],[3.5315012,48.8720809],[3.5315273,48.8721286],[3.5315817,48.8721856],[3.5320135,48.8724986],[3.5321387,48.872592],[3.5322151,48.8726423],[3.532292,48.8726767],[3.5323677,48.8726997],[3.5324609,48.8727189],[3.5326234,48.8727417],[3.5327294,48.872753],[3.5328401,48.8727592],[3.5331083,48.8727636],[3.5333383,48.8727605],[3.5335549,48.872749]]}},{"type":"Feature","properties":{"relief":0.75,"sinuosity":0,"highway":"tertiary"},"geometry":{"type":"LineString","coordinates":[[3.5355913,48.7970621],[3.5355184,48.7970519],[3.5349647,48.7969742],[3.5343007,48.7968688],[3.5330853,48.7966759],[3.5312493,48.7965015]]}},{"type":"Feature","properties":{"relief":0.813,"sinuosity":0,"highway":"tertiary","name":"Rue de la Charmois"},"geometry":{"type":"LineString","coordinates":[[3.39741,48.9002571],[3.3973732,48.8999563],[3.3973949,48.899657],[3.3975133,48.8988075],[3.3975254,48.8986989],[3.3975396,48.8985714],[3.3975584,48.8984304],[3.3975674,48.8983633],[3.397746,48.8969725]]}},{"type":"Feature","properties":{"relief":0.9,"sinuosity":0,"highway":"tertiary"},"geometry":{"type":"LineString","coordinates":[[3.2583156,48.9810596],[3.2589217,48.9816851],[3.2591259,48.9819978],[3.2591319,48.9820406],[3.2592577,48.9829444],[3.2593009,48.9832548],[3.2594273,48.9836122]]}},{"type":"Feature","properties":{"relief":0.753,"sinuosity":0,"highway":"tertiary"},"geometry":{"type":"LineString","coordinates":[[3.3974758,49.2978028],[3.3994381,49.2982993],[3.4004193,49.2985178],[3.4008232,49.298672],[3.4010052,49.2987697],[3.4010842,49.2988195]]}},{"type":"Feature","properties":{"relief":0.75,"sinuosity":0,"highway":"trunk"},"geometry":{"type":"LineString","coordinates":[[2.589382,48.9333221],[2.5889568,48.9333591],[2.5884405,48.9334144],[2.5879192,48.9334785],[2.5851275,48.933879]]}},{"type":"Feature","properties":{"relief":0.63,"sinuosity":0,"highway":"tertiary"},"geometry":{"type":"LineString","coordinates":[[1.8649088,48.2672803],[1.8651878,48.2672981],[1.8652044,48.2672976],[1.8654319,48.267291],[1.8658208,48.2672517],[1.8673952,48.267066],[1.8697019,48.2667947]]}},{"type":"Feature","properties":{"relief":0.69,"sinuosity":0,"highway":"tertiary"},"geometry":{"type":"LineString","coordinates":[[3.41797,48.8485528],[3.4170805,48.8482491],[3.4137132,48.8470846]]}},{"type":"Feature","properties":{"relief":0.363,"sinuosity":0,"highway":"tertiary"},"geometry":{"type":"LineString","coordinates":[[3.400127,48.8416117],[3.3988082,48.8408254],[3.3980643,48.8404174],[3.3977261,48.8401726],[3.3971219,48.8395764]]}},{"type":"Feature","properties":{"relief":0.9,"sinuosity":0,"highway":"tertiary"},"geometry":{"type":"LineString","coordinates":[[3.4448926,48.8575406],[3.4447366,48.857599],[3.4445794,48.8576557],[3.4442515,48.8577594],[3.4440808,48.8578053],[3.4439202,48.8578429],[3.4437464,48.8578785],[3.4435361,48.857915],[3.4431843,48.8579511],[3.4405793,48.8580083]]}},{"type":"Feature","properties":{"relief":0.637,"sinuosity":0,"highway":"tertiary"},"geometry":{"type":"LineString","coordinates":[[3.3987325,48.8658862],[3.3982368,48.8660423],[3.3978769,48.8661907],[3.3975054,48.8663954],[3.3950068,48.8684032]]}},{"type":"Feature","properties":{"relief":0.9,"sinuosity":0,"highway":"secondary"},"geometry":{"type":"LineString","coordinates":[[3.3511204,49.0610673],[3.3514336,49.0607757],[3.3521006,49.0601957],[3.3523547,49.0599585],[3.3535473,49.0589918]]}},{"type":"Feature","properties":{"relief":0.9,"sinuosity":0,"highway":"secondary"},"geometry":{"type":"LineString","coordinates":[[3.4841658,49.0820368],[3.4842831,49.0820091],[3.4869531,49.0813797],[3.4877162,49.0811991],[3.488576,49.0809926]]}},{"type":"Feature","properties":{"relief":0.75,"sinuosity":0,"highway":"secondary"},"geometry":{"type":"LineString","coordinates":[[3.5330522,49.1855834],[3.5318123,49.1859851],[3.5313619,49.1861583],[3.5308109,49.1864734],[3.5305088,49.1867159],[3.5302757,49.1870483],[3.5291788,49.1889669]]}},{"type":"Feature","properties":{"relief":0.444,"sinuosity":0,"highway":"secondary"},"geometry":{"type":"LineString","coordinates":[[2.9762324,49.0292295],[2.9744099,49.0279669],[2.9725974,49.0267039]]}},{"type":"Feature","properties":{"relief":0.4,"sinuosity":0,"highway":"primary"},"geometry":{"type":"LineString","coordinates":[[2.8538293,48.9954314],[2.8541506,48.995295],[2.8544121,48.9951911],[2.8548108,48.9950488],[2.8553932,48.9948483],[2.856777,48.9943846],[2.8582024,48.9939062]]}},{"type":"Feature","properties":{"relief":0.9,"sinuosity":0,"highway":"trunk"},"geometry":{"type":"LineString","coordinates":[[2.2242412,48.7586133],[2.2241361,48.7583838],[2.2240517,48.7581665],[2.2239719,48.757938],[2.2238898,48.7575903],[2.2238118,48.7571215],[2.2237412,48.7566726],[2.2236654,48.7562058],[2.2235697,48.755578]]}},{"type":"Feature","properties":{"relief":0.488,"sinuosity":0,"highway":"trunk_link"},"geometry":{"type":"LineString","coordinates":[[2.2263943,48.7762228],[2.2267051,48.7761936],[2.2269884,48.7761483],[2.2272447,48.7760809],[2.2274842,48.7760023],[2.2277189,48.7758988],[2.2278443,48.7758351],[2.2279615,48.7757669],[2.2280872,48.7756801],[2.2281743,48.775613],[2.2282469,48.7755386],[2.2283184,48.7754613],[2.2284516,48.7752966],[2.2285183,48.7751976],[2.2285853,48.7750606],[2.2286326,48.7749293],[2.2286695,48.7747625],[2.2286859,48.7746484],[2.2287306,48.7743365]]}},{"type":"Feature","properties":{"relief":0.737,"sinuosity":0,"highway":"trunk","name":"La Francilienne"},"geometry":{"type":"LineString","coordinates":[[2.1794935,48.6530944],[2.1796112,48.653037],[2.1804985,48.65261],[2.1813425,48.6521762],[2.1817678,48.6519447],[2.182162,48.6517148],[2.1828229,48.6512885]]}},{"type":"Feature","properties":{"relief":0.9,"sinuosity":0,"highway":"motorway"},"geometry":{"type":"LineString","coordinates":[[3.2893163,48.2615155],[3.2899815,48.2622753],[3.2901418,48.2624784],[3.2903838,48.262785],[3.2907603,48.2632955],[3.2910296,48.2636935],[3.2913051,48.2641242]]}},{"type":"Feature","properties":{"relief":0.61,"sinuosity":0,"highway":"motorway_link"},"geometry":{"type":"LineString","coordinates":[[2.0491218,48.9098936],[2.0490378,48.910036],[2.0486686,48.9102921],[2.0479688,48.9107962],[2.0470821,48.9114896],[2.0467239,48.9118061],[2.0461839,48.9122832]]}},{"type":"Feature","properties":{"relief":0.75,"sinuosity":0,"highway":"secondary"},"geometry":{"type":"LineString","coordinates":[[3.2446562,48.3084096],[3.2447472,48.3081679],[3.2448662,48.3077062],[3.2453776,48.3053232]]}},{"type":"Feature","properties":{"relief":0.9,"sinuosity":0,"highway":"secondary"},"geometry":{"type":"LineString","coordinates":[[3.2618035,48.2851678],[3.2621227,48.2850036],[3.2624726,48.2848301],[3.2629782,48.284592],[3.2667832,48.2828988]]}},{"type":"Feature","properties":{"relief":0.606,"sinuosity":0.7,"highway":"tertiary"},"geometry":{"type":"LineString","coordinates":[[2.991812,48.3276226],[2.9925551,48.3276302],[2.9932882,48.3278046],[2.9942044,48.3282333],[2.9944613,48.3283578],[2.9949967,48.3285835],[2.9955535,48.3286997]]}},{"type":"Feature","properties":{"relief":0.365,"sinuosity":0,"highway":"secondary"},"geometry":{"type":"LineString","coordinates":[[2.4159574,48.5791208],[2.4146269,48.5782882],[2.4127141,48.5770712]]}},{"type":"Feature","properties":{"relief":0.623,"sinuosity":0,"highway":"primary"},"geometry":{"type":"LineString","coordinates":[[2.5874347,49.2303092],[2.5878694,49.2295438],[2.5884238,49.2285933],[2.5884862,49.228501],[2.5891743,49.227329]]}},{"type":"Feature","properties":{"relief":0.773,"sinuosity":0,"highway":"primary","name":"Rue du Général de Gaulle"},"geometry":{"type":"LineString","coordinates":[[2.5894893,49.2707583],[2.5893939,49.2706354],[2.5893237,49.2705435],[2.5891711,49.2703502],[2.5890397,49.2701917],[2.5873312,49.2680936]]}},{"type":"Feature","properties":{"relief":0.386,"sinuosity":0,"highway":"tertiary","name":"Rue de Beauvilliers"},"geometry":{"type":"LineString","coordinates":[[2.0006352,48.1038892],[2.0009259,48.1038611],[2.0013169,48.1033286],[2.001829,48.1026313],[2.0022367,48.1022874],[2.0023128,48.1022292],[2.0029931,48.1017321]]}},{"type":"Feature","properties":{"relief":0.643,"sinuosity":0,"highway":"tertiary"},"geometry":{"type":"LineString","coordinates":[[1.6013146,48.8039132],[1.6013284,48.8038698],[1.6013491,48.8037844],[1.6013603,48.8036969],[1.6013639,48.803507],[1.6013604,48.8029902],[1.6013803,48.8027698],[1.6014045,48.802543],[1.6014632,48.8021643],[1.6015343,48.8017667],[1.6015759,48.8015946],[1.6016452,48.8013888]]}},{"type":"Feature","properties":{"relief":0.445,"sinuosity":0,"highway":"tertiary"},"geometry":{"type":"LineString","coordinates":[[1.6427536,48.9150478],[1.6425089,48.9149812],[1.6418207,48.9148616],[1.6413023,48.9147946],[1.6409245,48.9147458],[1.640793,48.9147319],[1.6401821,48.914667],[1.6394907,48.9146652],[1.6383149,48.9146991]]}},{"type":"Feature","properties":{"relief":0.59,"sinuosity":0,"highway":"secondary","name":"Rue de la Martinière"},"geometry":{"type":"LineString","coordinates":[[1.9431091,48.5794224],[1.9433406,48.5790078],[1.9435003,48.5787311],[1.9435732,48.578591],[1.9435973,48.5785204],[1.9436144,48.578419],[1.9436129,48.5782942],[1.9435817,48.5781619],[1.9435461,48.5780716],[1.9435046,48.577983],[1.9434778,48.5779186],[1.9434158,48.5777142],[1.9432114,48.5773419],[1.943175,48.5772606],[1.9429912,48.5768914]]}},{"type":"Feature","properties":{"relief":0.641,"sinuosity":0,"highway":"trunk","name":"La Francilienne"},"geometry":{"type":"LineString","coordinates":[[2.4504045,49.0456797],[2.4513593,49.0458027],[2.4534059,49.0461561],[2.4558976,49.0466167]]}},{"type":"Feature","properties":{"relief":0.855,"sinuosity":0,"highway":"secondary"},"geometry":{"type":"LineString","coordinates":[[3.5566953,48.443641],[3.5587013,48.4416805],[3.5606914,48.4397321]]}},{"type":"Feature","properties":{"relief":0.384,"sinuosity":0,"highway":"tertiary"},"geometry":{"type":"LineString","coordinates":[[3.6067757,48.396042],[3.6064324,48.3968968],[3.6063894,48.3972957],[3.6063894,48.3976092],[3.6065115,48.3980918],[3.6067489,48.3985993]]}},{"type":"Feature","properties":{"relief":0.84,"sinuosity":0,"highway":"primary","name":"Cours de Verdun"},"geometry":{"type":"LineString","coordinates":[[2.4075064,48.7373775],[2.4059007,48.7359177],[2.4057082,48.7357119],[2.405623,48.7355908],[2.4055271,48.7354358],[2.4054664,48.735287],[2.4053929,48.7350192]]}},{"type":"Feature","properties":{"relief":0.449,"sinuosity":0,"highway":"secondary","name":"Rue du Moulin"},"geometry":{"type":"LineString","coordinates":[[1.864457,48.6881485],[1.8648125,48.6879533],[1.8652181,48.6877816],[1.8657498,48.6875894],[1.8659606,48.6875244],[1.866271,48.6874288],[1.8666843,48.6873112],[1.8668456,48.6872738],[1.8670064,48.6872366],[1.8678034,48.6870803],[1.8682165,48.6869935]]}},{"type":"Feature","properties":{"relief":0.9,"sinuosity":0,"highway":"tertiary"},"geometry":{"type":"LineString","coordinates":[[3.1259081,48.9968061],[3.126296,48.9968142],[3.1267013,48.9968511],[3.1271592,48.9969127],[3.1275371,48.9970094],[3.1278498,48.9971086],[3.1284533,48.9974028],[3.1297301,48.9982615]]}},{"type":"Feature","properties":{"relief":0.753,"sinuosity":0,"highway":"tertiary"},"geometry":{"type":"LineString","coordinates":[[1.6508707,48.8486433],[1.6516659,48.8479217],[1.6526792,48.8470629],[1.6533139,48.8465202]]}},{"type":"Feature","properties":{"relief":0.75,"sinuosity":0,"highway":"tertiary"},"geometry":{"type":"LineString","coordinates":[[3.5780498,48.4531893],[3.576776,48.4525219],[3.5752929,48.4519896],[3.5744119,48.4516432]]}},{"type":"Feature","properties":{"relief":0.38,"sinuosity":0,"highway":"tertiary","name":"Route de Trainel"},"geometry":{"type":"LineString","coordinates":[[3.4850918,48.4481046],[3.4862127,48.4489918],[3.4870407,48.4495833],[3.4904102,48.4514102]]}},{"type":"Feature","properties":{"relief":0.86,"sinuosity":0,"highway":"tertiary","name":"Rue Sainte-Anne"},"geometry":{"type":"LineString","coordinates":[[3.565971,48.4434388],[3.5658243,48.4430501],[3.5658064,48.4429483],[3.5658173,48.4428512],[3.5659264,48.4425388],[3.5659325,48.4424777],[3.5659191,48.4424189],[3.5658856,48.4423408],[3.5654125,48.4417824],[3.5652204,48.441556],[3.5651599,48.4414575],[3.5651064,48.4413576],[3.5650058,48.4411396],[3.5649186,48.4408869]]}},{"type":"Feature","properties":{"relief":0.75,"sinuosity":0,"highway":"secondary","name":"Route de Guérard"},"geometry":{"type":"LineString","coordinates":[[2.9484042,48.8309065],[2.9482514,48.8311699],[2.9480533,48.831364],[2.9476865,48.8316412],[2.9467024,48.8323466],[2.9455298,48.8331031]]}},{"type":"Feature","properties":{"relief":0.9,"sinuosity":0,"highway":"secondary","name":"Route de Guérard"},"geometry":{"type":"LineString","coordinates":[[2.9404856,48.8449498],[2.9405491,48.845316],[2.9406028,48.8457749],[2.9405916,48.8461245],[2.9405411,48.8464846],[2.9404628,48.8469523],[2.9403582,48.847375],[2.940289,48.8476537]]}},{"type":"Feature","properties":{"relief":0.84,"sinuosity":0,"highway":"tertiary"},"geometry":{"type":"LineString","coordinates":[[1.4831008,49.0263441],[1.4833879,49.0273039],[1.4835569,49.0278326],[1.4837596,49.0284922],[1.4838769,49.0288793]]}},{"type":"Feature","properties":{"relief":0.594,"sinuosity":0,"highway":"motorway"},"geometry":{"type":"LineString","coordinates":[[3.6832599,48.2645566],[3.6827051,48.2643116],[3.6819788,48.2639783],[3.6812619,48.2636321],[3.6804121,48.2632016],[3.6788817,48.2624176]]}},{"type":"Feature","properties":{"relief":0.717,"sinuosity":0,"highway":"tertiary"},"geometry":{"type":"LineString","coordinates":[[1.9549859,49.0968951],[1.9563544,49.0972699],[1.9569046,49.097428],[1.9574558,49.0976365],[1.9580956,49.0979105],[1.9586866,49.0981657]]}},{"type":"Feature","properties":{"relief":0.9,"sinuosity":0,"highway":"tertiary","name":"Route de Lésigny"},"geometry":{"type":"LineString","coordinates":[[2.5392187,48.7623306],[2.5396922,48.7622605],[2.5410561,48.7620813],[2.5424211,48.7618956],[2.5444057,48.7616319]]}},{"type":"Feature","properties":{"relief":0.9,"sinuosity":0,"highway":"secondary","name":"Rue du 8 Mai 1945"},"geometry":{"type":"LineString","coordinates":[[2.1388159,48.9177306],[2.1383992,48.917917],[2.1355666,48.9190603],[2.1352147,48.9192126]]}},{"type":"Feature","properties":{"relief":0.64,"sinuosity":0,"highway":"tertiary"},"geometry":{"type":"LineString","coordinates":[[2.79369,48.6208529],[2.7941114,48.6227145],[2.7942459,48.6232906],[2.7943584,48.6237726]]}},{"type":"Feature","properties":{"relief":0.45,"sinuosity":0,"highway":"tertiary"},"geometry":{"type":"LineString","coordinates":[[2.9028266,48.6226435],[2.8991471,48.6232264],[2.8988165,48.6232923]]}},{"type":"Feature","properties":{"relief":0.821,"sinuosity":0.7,"highway":"secondary","name":"Route de Houdan"},"geometry":{"type":"LineString","coordinates":[[1.6611143,48.7591516],[1.6613063,48.7591193],[1.6614428,48.7590598],[1.6614902,48.7590319],[1.6615765,48.7589811],[1.6616605,48.7588561],[1.6616976,48.7587555],[1.6618514,48.7582651],[1.661882,48.7581674],[1.6620007,48.7580239],[1.6620504,48.7579734],[1.6624673,48.75755],[1.6625009,48.7574861],[1.6626421,48.7572081],[1.6626997,48.7570445],[1.6627295,48.7568909]]}},{"type":"Feature","properties":{"relief":0.605,"sinuosity":0,"highway":"tertiary"},"geometry":{"type":"LineString","coordinates":[[2.8599422,48.6466573],[2.8598799,48.6466476],[2.859624,48.6466331],[2.856843,48.6463934],[2.8512883,48.645903]]}},{"type":"Feature","properties":{"relief":0.9,"sinuosity":0,"highway":"tertiary"},"geometry":{"type":"LineString","coordinates":[[2.7294152,49.1610813],[2.729315,49.1616389],[2.7292949,49.1618632],[2.7293545,49.1620479],[2.7295773,49.1625491],[2.729737,49.1630365],[2.7297931,49.1641747]]}},{"type":"Feature","properties":{"relief":0.887,"sinuosity":0,"highway":"tertiary"},"geometry":{"type":"LineString","coordinates":[[2.6811671,48.3776149],[2.6806976,48.3774393],[2.6801182,48.3772266],[2.6797189,48.377078],[2.6791079,48.3768507],[2.6786826,48.3767068],[2.6772295,48.3762212]]}},{"type":"Feature","properties":{"relief":0.804,"sinuosity":0,"highway":"tertiary","name":"Route Ronde"},"geometry":{"type":"LineString","coordinates":[[2.6803592,48.3623301],[2.6776532,48.3621077],[2.6701277,48.361489]]}},{"type":"Feature","properties":{"relief":0.452,"sinuosity":0,"highway":"tertiary"},"geometry":{"type":"LineString","coordinates":[[3.1508611,48.8516083],[3.1508198,48.8512542],[3.1510159,48.8499352],[3.1514358,48.8469745]]}},{"type":"Feature","properties":{"relief":0.9,"sinuosity":0,"highway":"secondary","name":"Route de Villiers-Adam"},"geometry":{"type":"LineString","coordinates":[[2.2197498,49.0706164],[2.2197223,49.0706505],[2.2196888,49.070682],[2.219625,49.0707216],[2.2195162,49.0707744],[2.2184454,49.0712986],[2.2183326,49.0713548],[2.2155772,49.0726989]]}},{"type":"Feature","properties":{"relief":0.363,"sinuosity":0,"highway":"tertiary"},"geometry":{"type":"LineString","coordinates":[[3.1243819,48.8695139],[3.1249331,48.8694991],[3.1262567,48.8694173],[3.1263164,48.8693995],[3.1359043,48.8665425]]}},{"type":"Feature","properties":{"relief":0.421,"sinuosity":0.7,"highway":"secondary","name":"Avenue de la Libération"},"geometry":{"type":"LineString","coordinates":[[3.0411632,48.8237555],[3.0411053,48.8236934],[3.0409793,48.8236381],[3.0407688,48.8235943],[3.0403017,48.8235274],[3.0389716,48.8233437],[3.037754,48.8231757],[3.0375816,48.8231525],[3.0373907,48.823124]]}},{"type":"Feature","properties":{"relief":0.647,"sinuosity":0,"highway":"secondary","name":"Avenue Victor Massoul"},"geometry":{"type":"LineString","coordinates":[[3.0000812,48.8020256],[3.0006073,48.802663],[3.0008796,48.8029863],[3.0011358,48.8032967],[3.0014752,48.803677],[3.0018016,48.8040644],[3.003195,48.8057079]]}},{"type":"Feature","properties":{"relief":0.562,"sinuosity":0,"highway":"tertiary"},"geometry":{"type":"LineString","coordinates":[[2.7219826,48.6601997],[2.7241405,48.6616352],[2.7248373,48.6620904]]}},{"type":"Feature","properties":{"relief":0.703,"sinuosity":0,"highway":"tertiary"},"geometry":{"type":"LineString","coordinates":[[2.9639377,48.9352581],[2.9636561,48.9353685],[2.963457,48.9355009],[2.9633268,48.9356651],[2.9632862,48.9357406],[2.9631828,48.935933],[2.9630597,48.9363038],[2.9629572,48.9366652],[2.9629354,48.936742],[2.9629441,48.9370498],[2.9630289,48.9372559],[2.9632075,48.937468],[2.9632901,48.9375377]]}},{"type":"Feature","properties":{"relief":0.9,"sinuosity":0,"highway":"tertiary"},"geometry":{"type":"LineString","coordinates":[[2.9910334,48.9201633],[2.9918133,48.9201967],[2.9925588,48.92028],[2.9929125,48.9203567],[2.993262,48.9204293],[2.9935501,48.9205025],[2.9939454,48.9205975],[2.9970065,48.9214824]]}},{"type":"Feature","properties":{"relief":0.67,"sinuosity":0,"highway":"motorway"},"geometry":{"type":"LineString","coordinates":[[2.4732477,48.891756],[2.4730972,48.8922362],[2.4728978,48.892689],[2.4725821,48.8932631],[2.4723314,48.8936643],[2.4721216,48.8939685],[2.4712351,48.8951625]]}},{"type":"Feature","properties":{"relief":0.75,"sinuosity":0,"highway":"tertiary"},"geometry":{"type":"LineString","coordinates":[[3.2594231,48.8732688],[3.2598786,48.8730691],[3.2609559,48.8724667],[3.2623706,48.871671],[3.2631563,48.8712318]]}},{"type":"Feature","properties":{"relief":0.45,"sinuosity":0,"highway":"tertiary","name":"Boulevard Guy Schuler"},"geometry":{"type":"LineString","coordinates":[[1.947121,48.7580844],[1.9473974,48.7574894],[1.9474366,48.7573921],[1.9474567,48.7572935],[1.9474594,48.7572245],[1.9474407,48.7571348],[1.9474098,48.7570526],[1.9473837,48.7570066],[1.9473501,48.7569619],[1.9473126,48.7569177],[1.947267,48.7568735],[1.947159,48.7567922],[1.9470725,48.7567458],[1.946982,48.7567051],[1.9467916,48.7566406],[1.9466615,48.756599],[1.9465468,48.7565658],[1.9459675,48.7564328],[1.9458347,48.7564027]]}},{"type":"Feature","properties":{"relief":0.75,"sinuosity":0,"highway":"tertiary"},"geometry":{"type":"LineString","coordinates":[[3.4811591,48.1270477],[3.4809934,48.12719],[3.4806676,48.1274521],[3.4804193,48.1276841],[3.4802602,48.1279269],[3.4800906,48.1282368],[3.4800648,48.128453],[3.4800846,48.128792],[3.4801658,48.1291418],[3.4803254,48.1295509]]}},{"type":"Feature","properties":{"relief":0.9,"sinuosity":0,"highway":"tertiary","name":"Route de Cerisiers"},"geometry":{"type":"LineString","coordinates":[[3.5136032,48.174525],[3.5134337,48.1744235],[3.5131296,48.1742133],[3.5129736,48.1740609],[3.5128303,48.1738856],[3.5123202,48.173169],[3.5118191,48.1725637],[3.51114,48.1719384]]}},{"type":"Feature","properties":{"relief":0.434,"sinuosity":0,"highway":"secondary"},"geometry":{"type":"LineString","coordinates":[[1.7754837,48.8048445],[1.7768908,48.8046201],[1.7791437,48.8042941],[1.7794071,48.8042575]]}},{"type":"Feature","properties":{"relief":0.413,"sinuosity":0,"highway":"tertiary"},"geometry":{"type":"LineString","coordinates":[[1.893515,48.5336998],[1.8934843,48.5336384],[1.8933285,48.5333267],[1.8931616,48.5330595],[1.8930689,48.5329042],[1.8929335,48.5326774],[1.8927814,48.5324906],[1.8925241,48.53221],[1.8923768,48.5320611],[1.8920958,48.5317308],[1.8918046,48.5313885]]}},{"type":"Feature","properties":{"relief":0.9,"sinuosity":0,"highway":"motorway"},"geometry":{"type":"LineString","coordinates":[[3.2479338,48.3071867],[3.2473196,48.307795],[3.2459487,48.3091846],[3.2397933,48.3154122]]}},{"type":"Feature","properties":{"relief":0.713,"sinuosity":0,"highway":"tertiary"},"geometry":{"type":"LineString","coordinates":[[2.9022593,48.0712401],[2.9025765,48.0716048],[2.9028158,48.0717828],[2.903,48.0718972],[2.9057053,48.0733484]]}},{"type":"Feature","properties":{"relief":0.737,"sinuosity":0,"highway":"tertiary"},"geometry":{"type":"LineString","coordinates":[[3.1279694,49.2153233],[3.1278137,49.2152498],[3.1274468,49.215093],[3.1269644,49.2148904],[3.1264209,49.2146662],[3.1258714,49.214536],[3.125248,49.2145014],[3.124108,49.2144757]]}},{"type":"Feature","properties":{"relief":0.75,"sinuosity":0,"highway":"secondary","name":"Avenue du Général Patton"},"geometry":{"type":"LineString","coordinates":[[2.4526315,48.6334328],[2.4525172,48.6333543],[2.4515053,48.6326595],[2.4495132,48.6313347]]}},{"type":"Feature","properties":{"relief":0.511,"sinuosity":0,"highway":"tertiary","name":"Rue d'en Bas"},"geometry":{"type":"LineString","coordinates":[[3.533785,48.868821],[3.5329231,48.8693431],[3.5328669,48.8693846],[3.532828,48.8694212],[3.5327958,48.8694587],[3.5327671,48.8695047],[3.5325952,48.8699092],[3.5325692,48.8699505],[3.5325383,48.8699805],[3.5324961,48.8700127],[3.5324422,48.870038],[3.5323801,48.8700559],[3.5323212,48.8700642],[3.5322454,48.8700667],[3.5321581,48.8700582],[3.5320548,48.87004],[3.5319586,48.8700179],[3.5318571,48.8699845],[3.5317833,48.8699541],[3.5317204,48.8699183],[3.5315365,48.8697953],[3.5313551,48.869676]]}},{"type":"Feature","properties":{"relief":0.76,"sinuosity":0,"highway":"tertiary"},"geometry":{"type":"LineString","coordinates":[[2.3639541,48.2742289],[2.3633584,48.2743749],[2.3621139,48.2746963],[2.3615345,48.2748462],[2.3609426,48.2749967],[2.3602751,48.2751646]]}},{"type":"Feature","properties":{"relief":0.402,"sinuosity":0,"highway":"secondary","name":"Route de Griselles"},"geometry":{"type":"LineString","coordinates":[[2.8107702,48.0877053],[2.8114325,48.0874916],[2.8117452,48.0874101],[2.8121942,48.0873071],[2.8140169,48.0869835],[2.8159132,48.0866535]]}},{"type":"Feature","properties":{"relief":0.63,"sinuosity":0,"highway":"tertiary","name":"Les Bazins"},"geometry":{"type":"LineString","coordinates":[[3.0352303,48.1295493],[3.038331,48.1293703],[3.0396935,48.1291912]]}},{"type":"Feature","properties":{"relief":0.683,"sinuosity":0,"highway":"secondary","name":"Rue Lebrun"},"geometry":{"type":"LineString","coordinates":[[2.001048,48.5290406],[2.001181,48.5290388],[2.0018872,48.529026],[2.0020276,48.5290171],[2.0020905,48.5290124],[2.0022814,48.5289926],[2.0029053,48.5289169],[2.0038686,48.5287814],[2.0043498,48.5287151],[2.0048321,48.52865]]}},{"type":"Feature","properties":{"relief":0.402,"sinuosity":0,"highway":"tertiary"},"geometry":{"type":"LineString","coordinates":[[1.4195213,48.6119294],[1.4193572,48.612614],[1.419296,48.6128693],[1.4169708,48.6208087]]}},{"type":"Feature","properties":{"relief":0.75,"sinuosity":0,"highway":"tertiary"},"geometry":{"type":"LineString","coordinates":[[1.4169708,48.6208087],[1.4163732,48.6228491],[1.4155892,48.6255257]]}},{"type":"Feature","properties":{"relief":0.82,"sinuosity":0,"highway":"tertiary"},"geometry":{"type":"LineString","coordinates":[[1.6750445,49.1637363],[1.6750199,49.1636887],[1.6741003,49.1619122],[1.6738443,49.1615169],[1.673082,49.1605512]]}},{"type":"Feature","properties":{"relief":0.75,"sinuosity":0,"highway":"tertiary"},"geometry":{"type":"LineString","coordinates":[[2.6406151,48.3084235],[2.640359,48.3081634],[2.6398322,48.3077082],[2.6395856,48.3074596],[2.6394821,48.3073289],[2.6394091,48.307225],[2.6387506,48.306151]]}},{"type":"Feature","properties":{"relief":0.9,"sinuosity":0,"highway":"trunk","name":"La Francilienne"},"geometry":{"type":"LineString","coordinates":[[2.1387028,49.0493237],[2.1358573,49.048811],[2.1351417,49.0486805],[2.1345514,49.0485333]]}},{"type":"Feature","properties":{"relief":0.9,"sinuosity":0,"highway":"tertiary"},"geometry":{"type":"LineString","coordinates":[[2.1370768,49.1752595],[2.137166,49.1750572],[2.1373282,49.1747864],[2.1385707,49.1730207],[2.1387443,49.1727759]]}},{"type":"Feature","properties":{"relief":0.9,"sinuosity":0,"highway":"primary","name":"Boulevard Bineau"},"geometry":{"type":"LineString","coordinates":[[2.2677185,48.8933359],[2.2678335,48.8932341],[2.2682124,48.892879],[2.268658,48.8924242],[2.2686758,48.892406],[2.2686852,48.8923963],[2.2688086,48.8922778],[2.2689261,48.8921692],[2.2690749,48.8920232],[2.2702642,48.8908032]]}},{"type":"Feature","properties":{"relief":0.75,"sinuosity":0,"highway":"tertiary","name":"Route des Fusillés"},"geometry":{"type":"LineString","coordinates":[[2.3198135,49.0249215],[2.3192686,49.0250088],[2.3190044,49.0250424],[2.3186316,49.0250599],[2.3181735,49.0250632],[2.318009,49.0250553],[2.3177452,49.0250495],[2.3173003,49.0250445],[2.3169334,49.0250704],[2.3163873,49.0251419],[2.316009,49.0251588]]}},{"type":"Feature","properties":{"relief":0.603,"sinuosity":0,"highway":"primary"},"geometry":{"type":"LineString","coordinates":[[1.8762278,48.7131364],[1.8759591,48.7129835],[1.8756815,48.7128302],[1.8752547,48.7126073],[1.8749804,48.7124679],[1.8746883,48.712327],[1.874401,48.7121946],[1.8738028,48.7119275],[1.8733615,48.7117418],[1.8730523,48.7116153]]}},{"type":"Feature","properties":{"relief":0.54,"sinuosity":0,"highway":"primary"},"geometry":{"type":"LineString","coordinates":[[1.8682633,48.7099266],[1.867984,48.7098302],[1.8664769,48.709321],[1.8643675,48.7086076]]}},{"type":"Feature","properties":{"relief":0.412,"sinuosity":0.734,"highway":"secondary","name":"Rue de Boutervilliers"},"geometry":{"type":"LineString","coordinates":[[2.0617468,48.4425439],[2.0624732,48.4418279],[2.0625919,48.4417114],[2.0626897,48.4415953],[2.0627428,48.4415018],[2.0627689,48.441412],[2.0627737,48.4413113],[2.0627659,48.4411952],[2.0627375,48.4410592],[2.0625491,48.4405306],[2.0624214,48.4404947],[2.0624361,48.4403445],[2.0624089,48.4402751]]}},{"type":"Feature","properties":{"relief":0.71,"sinuosity":0,"highway":"primary","name":"Avenue de la Division Leclerc"},"geometry":{"type":"LineString","coordinates":[[2.3701154,48.98268],[2.3701186,48.9826366],[2.3701125,48.9825926],[2.3700978,48.9825433],[2.3700361,48.9824341],[2.3699553,48.982322],[2.3698014,48.9820997],[2.3696641,48.9818817],[2.3695969,48.9817569],[2.3694896,48.9815315],[2.3693734,48.9812856],[2.3686993,48.9798196]]}},{"type":"Feature","properties":{"relief":0.683,"sinuosity":0,"highway":"secondary"},"geometry":{"type":"LineString","coordinates":[[2.0883767,48.4872191],[2.0882455,48.4877406],[2.0881351,48.4883352],[2.0882401,48.4887494],[2.0883611,48.4891558],[2.0886796,48.4900519]]}},{"type":"Feature","properties":{"relief":0.61,"sinuosity":0,"highway":"primary","name":"Vieux Chemin de Mantes"},"geometry":{"type":"LineString","coordinates":[[2.0494035,48.9066513],[2.0492038,48.9067145],[2.0489157,48.9067825],[2.0486705,48.9068629],[2.0480957,48.907076],[2.0478501,48.9071444],[2.0473661,48.9072386],[2.0473188,48.9072478],[2.0470845,48.9072979],[2.0468364,48.9073852],[2.0461337,48.9076461],[2.0458252,48.9077792]]}},{"type":"Feature","properties":{"relief":0.75,"sinuosity":0,"highway":"tertiary"},"geometry":{"type":"LineString","coordinates":[[1.5532874,49.2196653],[1.5525672,49.2188533],[1.5522794,49.2185638],[1.5519877,49.2182703],[1.5519315,49.2182138],[1.551779,49.2180951],[1.5515774,49.2180623],[1.5502521,49.2179052]]}},{"type":"Feature","properties":{"relief":0.747,"sinuosity":0,"highway":"tertiary"},"geometry":{"type":"LineString","coordinates":[[1.4604065,49.18285],[1.4608169,49.1830762],[1.4611415,49.1832087],[1.4617395,49.1835197],[1.4620842,49.1837634],[1.4623618,49.1840203],[1.4625268,49.1842324],[1.4626939,49.1844789],[1.4628285,49.1848478]]}},{"type":"Feature","properties":{"relief":0.75,"sinuosity":0,"highway":"tertiary"},"geometry":{"type":"LineString","coordinates":[[1.5134512,49.2070184],[1.5149259,49.207604],[1.515877,49.2079827],[1.5166154,49.2082873],[1.5178864,49.208825]]}},{"type":"Feature","properties":{"relief":0.75,"sinuosity":0,"highway":"tertiary","name":"Rue Mauger"},"geometry":{"type":"LineString","coordinates":[[1.4468818,49.1634761],[1.4466452,49.1633495],[1.4465139,49.1632539],[1.4458979,49.1628054],[1.4444538,49.161548],[1.44418,49.1613203]]}},{"type":"Feature","properties":{"relief":0.583,"sinuosity":0,"highway":"tertiary","name":"Route de Pilvernier"},"geometry":{"type":"LineString","coordinates":[[2.5344179,48.1734075],[2.5348857,48.172785],[2.5355019,48.1720575],[2.5356272,48.1718906],[2.5358298,48.1715899],[2.5362817,48.170742]]}},{"type":"Feature","properties":{"relief":0.383,"sinuosity":0.7,"highway":"tertiary","name":"Rue de Mérobert"},"geometry":{"type":"LineString","coordinates":[[2.0077623,48.441869],[2.0074846,48.4425168],[2.0074986,48.4425554],[2.007358,48.4427384],[2.0072364,48.4429841],[2.0071721,48.4431379],[2.0071249,48.4432121],[2.0070756,48.443282],[2.0070199,48.4433467],[2.0069418,48.4433895],[2.006816,48.4434504],[2.0064949,48.4435948],[2.0063581,48.4436558],[2.0062206,48.4437985],[2.0060091,48.4440235]]}},{"type":"Feature","properties":{"relief":0.727,"sinuosity":0,"highway":"tertiary"},"geometry":{"type":"LineString","coordinates":[[3.5769354,48.0772902],[3.5785315,48.0782773],[3.5793112,48.0787449],[3.5797056,48.0789814],[3.5809025,48.0797021]]}},{"type":"Feature","properties":{"relief":0.973,"sinuosity":0.74,"highway":"tertiary"},"geometry":{"type":"LineString","coordinates":[[3.6166351,48.1254384],[3.6158418,48.1264561],[3.6157265,48.1265965],[3.6156575,48.1266805],[3.6155133,48.1269529],[3.6155149,48.1271868],[3.6156221,48.1274196],[3.6159947,48.1277012]]}},{"type":"Feature","properties":{"relief":0.75,"sinuosity":0,"highway":"tertiary"},"geometry":{"type":"LineString","coordinates":[[3.5898922,48.0823951],[3.590721,48.0829963],[3.5917583,48.0837488],[3.5919835,48.0839118],[3.5930837,48.0847082]]}},{"type":"Feature","properties":{"relief":0.75,"sinuosity":0,"highway":"secondary"},"geometry":{"type":"LineString","coordinates":[[3.5947341,48.0811253],[3.5945427,48.0822186],[3.5943651,48.0833582],[3.5943397,48.0836043],[3.5943375,48.0837472]]}},{"type":"Feature","properties":{"relief":0.88,"sinuosity":0,"highway":"primary"},"geometry":{"type":"LineString","coordinates":[[3.5775627,48.1037534],[3.576918,48.1043194],[3.5762485,48.1049656],[3.575534,48.1056551],[3.5748015,48.1063681]]}},{"type":"Feature","properties":{"relief":0.75,"sinuosity":0,"highway":"tertiary"},"geometry":{"type":"LineString","coordinates":[[3.5338264,48.0913372],[3.5329199,48.0920089],[3.5321659,48.0924595],[3.5312929,48.0927477],[3.5289071,48.0930823]]}},{"type":"Feature","properties":{"relief":0.519,"sinuosity":0,"highway":"tertiary"},"geometry":{"type":"LineString","coordinates":[[3.5755116,48.1863506],[3.5770399,48.1859461],[3.5780176,48.1856866],[3.5781441,48.1856709],[3.5782046,48.1856634],[3.5783672,48.1856689],[3.5784982,48.1856853],[3.5786604,48.1857466],[3.5796647,48.1861992]]}},{"type":"Feature","properties":{"relief":0.887,"sinuosity":0,"highway":"secondary","name":"Grande Rue"},"geometry":{"type":"LineString","coordinates":[[3.6245647,48.1741696],[3.6248372,48.1728532],[3.6248998,48.1726401],[3.6249816,48.1724592],[3.6250923,48.1722849],[3.6253145,48.1719803],[3.6259523,48.1711295]]}},{"type":"Feature","properties":{"relief":0.628,"sinuosity":0,"highway":"secondary"},"geometry":{"type":"LineString","coordinates":[[3.6213687,48.217906],[3.6221785,48.2169462],[3.6226248,48.2163637],[3.6231466,48.2156151]]}},{"type":"Feature","properties":{"relief":0.59,"sinuosity":0,"highway":"tertiary","name":"Route de Faverolles"},"geometry":{"type":"LineString","coordinates":[[1.614369,48.6652936],[1.6135025,48.6659032],[1.612908,48.6663836],[1.6126266,48.6666512],[1.6123866,48.666963],[1.6117682,48.668109]]}},{"type":"Feature","properties":{"relief":0.484,"sinuosity":0,"highway":"tertiary"},"geometry":{"type":"LineString","coordinates":[[3.218062,48.8145325],[3.217465,48.8136363],[3.2169667,48.8128814],[3.2168733,48.812743],[3.2167185,48.8123234],[3.2164055,48.8112231]]}},{"type":"Feature","properties":{"relief":0.502,"sinuosity":0,"highway":"motorway"},"geometry":{"type":"LineString","coordinates":[[2.2830972,48.7125719],[2.2832947,48.7125817],[2.2838854,48.712523],[2.2874994,48.7122706]]}},{"type":"Feature","properties":{"relief":0.518,"sinuosity":0,"highway":"primary"},"geometry":{"type":"LineString","coordinates":[[3.2635,48.5598593],[3.2619014,48.5598948],[3.2599702,48.5599391],[3.2576662,48.5599906]]}},{"type":"Feature","properties":{"relief":0.57,"sinuosity":0,"highway":"motorway_link"},"geometry":{"type":"LineString","coordinates":[[2.3370997,48.7582699],[2.337234,48.7583133],[2.3373497,48.7583446],[2.337541,48.7583787],[2.3376913,48.7583982],[2.3378224,48.7584055],[2.3379622,48.758407],[2.3381006,48.7584022],[2.3382117,48.7583893],[2.3383545,48.7583646],[2.3385567,48.7583215],[2.3386997,48.7582719],[2.3388527,48.7582125],[2.3389928,48.7581425],[2.3391238,48.7580583],[2.3392323,48.7579756],[2.3393367,48.7578789],[2.3394375,48.7577731],[2.3396145,48.7575642],[2.3396854,48.7574593],[2.3397379,48.7573558],[2.3397713,48.7572355],[2.3397736,48.7571216],[2.339751,48.7570028]]}},{"type":"Feature","properties":{"relief":0.893,"sinuosity":0,"highway":"motorway","name":"Autoroute de l’Est"},"geometry":{"type":"LineString","coordinates":[[2.9006272,48.88893],[2.9022956,48.889951],[2.9037343,48.890882]]}},{"type":"Feature","properties":{"relief":0.73,"sinuosity":0,"highway":"motorway","name":"Autoroute de l’Est"},"geometry":{"type":"LineString","coordinates":[[2.9037343,48.890882],[2.9045431,48.8914355],[2.9068864,48.8931052]]}},{"type":"Feature","properties":{"relief":0.75,"sinuosity":0,"highway":"motorway","name":"Autoroute de l’Est"},"geometry":{"type":"LineString","coordinates":[[2.8556451,48.86852],[2.8569504,48.869194],[2.8578157,48.869612],[2.8587323,48.8700439]]}},{"type":"Feature","properties":{"relief":0.667,"sinuosity":0,"highway":"motorway"},"geometry":{"type":"LineString","coordinates":[[2.8092368,48.5297575],[2.8101383,48.5291303],[2.8110463,48.528491],[2.811566,48.5281159],[2.8127065,48.5272652]]}},{"type":"Feature","properties":{"relief":0.571,"sinuosity":0,"highway":"motorway"},"geometry":{"type":"LineString","coordinates":[[2.8485127,48.4891913],[2.8493629,48.4885815],[2.8581001,48.4824108]]}},{"type":"Feature","properties":{"relief":0.813,"sinuosity":0,"highway":"primary"},"geometry":{"type":"LineString","coordinates":[[2.8117066,49.0290459],[2.8125555,49.0284821],[2.8132795,49.0279845],[2.8143713,49.0272636],[2.8151247,49.0267461]]}},{"type":"Feature","properties":{"relief":0.475,"sinuosity":0,"highway":"tertiary","name":"Rue Bertaux"},"geometry":{"type":"LineString","coordinates":[[2.8598926,48.7091013],[2.8598459,48.7091317],[2.8582177,48.7102798],[2.8578179,48.7105636],[2.8575796,48.7107312],[2.8573651,48.7108883],[2.8572674,48.7109777]]}},{"type":"Feature","properties":{"relief":0.802,"sinuosity":0,"highway":"trunk_link"},"geometry":{"type":"LineString","coordinates":[[2.8119625,49.1472461],[2.8120643,49.1472881],[2.8122071,49.1473143],[2.8131559,49.1474819],[2.8142139,49.1476781],[2.8153976,49.1478807],[2.8158169,49.1479334]]}},{"type":"Feature","properties":{"relief":0.75,"sinuosity":0,"highway":"secondary"},"geometry":{"type":"LineString","coordinates":[[1.5943372,48.7482121],[1.5952179,48.7485363],[1.5957312,48.7487804],[1.5961581,48.7490031],[1.6000727,48.7513668]]}},{"type":"Feature","properties":{"relief":0.428,"sinuosity":0,"highway":"tertiary"},"geometry":{"type":"LineString","coordinates":[[1.5088998,48.7187302],[1.5075803,48.7185258],[1.5071305,48.7185587],[1.5066907,48.7186247],[1.5021025,48.7197062]]}},{"type":"Feature","properties":{"relief":0.793,"sinuosity":0,"highway":"primary","name":"Route de Houdan"},"geometry":{"type":"LineString","coordinates":[[1.6207389,48.8004332],[1.6213114,48.8016128],[1.6221927,48.803453]]}},{"type":"Feature","properties":{"relief":0.365,"sinuosity":0,"highway":"secondary","name":"Route de Puiseaux"},"geometry":{"type":"LineString","coordinates":[[2.6781219,48.1584165],[2.6764833,48.1593513],[2.6744887,48.1604812]]}},{"type":"Feature","properties":{"relief":0.84,"sinuosity":0,"highway":"motorway","name":"L'Aquitaine"},"geometry":{"type":"LineString","coordinates":[[1.9590251,48.5625932],[1.9577497,48.5623826],[1.9564825,48.5621538],[1.9551359,48.5618918]]}},{"type":"Feature","properties":{"relief":0.617,"sinuosity":0,"highway":"motorway","name":"L'Aquitaine"},"geometry":{"type":"LineString","coordinates":[[2.0451885,48.5932618],[2.0464504,48.5938391],[2.0478331,48.5944884],[2.0491983,48.5951376]]}},{"type":"Feature","properties":{"relief":0.514,"sinuosity":0,"highway":"motorway","name":"L'Aquitaine"},"geometry":{"type":"LineString","coordinates":[[1.8518871,48.2598552],[1.8521335,48.2614833],[1.852399,48.2631326]]}},{"type":"Feature","properties":{"relief":0.65,"sinuosity":0,"highway":"motorway","name":"L’Océane"},"geometry":{"type":"LineString","coordinates":[[1.6667157,48.4891016],[1.6648437,48.4884483],[1.6636061,48.4880318],[1.6605889,48.4870548]]}},{"type":"Feature","properties":{"relief":0.436,"sinuosity":0,"highway":"motorway","name":"L’Océane"},"geometry":{"type":"LineString","coordinates":[[1.7317277,48.5082814],[1.7336839,48.5085444],[1.73546,48.5087745]]}},{"type":"Feature","properties":{"relief":0.9,"sinuosity":0,"highway":"secondary","name":"Boulevard Anatole France"},"geometry":{"type":"LineString","coordinates":[[2.2265345,48.8528239],[2.2265841,48.8528129],[2.227231,48.8526704],[2.2273261,48.8526499],[2.2305104,48.8519496]]}},{"type":"Feature","properties":{"relief":0.71,"sinuosity":0,"highway":"tertiary","name":"Avenue de la Gare"},"geometry":{"type":"LineString","coordinates":[[2.4946907,49.0462831],[2.4949305,49.0464597],[2.4951257,49.0466034],[2.4961437,49.0473358],[2.4962206,49.0473903],[2.4962733,49.0474267],[2.4964125,49.0475212],[2.4967513,49.0477045],[2.496909,49.0477937],[2.4975499,49.0481457]]}},{"type":"Feature","properties":{"relief":0.84,"sinuosity":0,"highway":"tertiary"},"geometry":{"type":"LineString","coordinates":[[1.5086752,49.2313413],[1.5075893,49.2323489],[1.5074132,49.232464],[1.5073475,49.2325105],[1.5068597,49.2328055],[1.5065127,49.2330152],[1.5063263,49.2331614],[1.5058029,49.2335832]]}},{"type":"Feature","properties":{"relief":0.515,"sinuosity":0,"highway":"motorway","name":"L'Aquitaine"},"geometry":{"type":"LineString","coordinates":[[2.1936574,48.6695349],[2.1930011,48.6688478],[2.1925382,48.6683397],[2.1921078,48.6678468],[2.1912126,48.6667829]]}},{"type":"Feature","properties":{"relief":0.737,"sinuosity":0,"highway":"secondary"},"geometry":{"type":"LineString","coordinates":[[2.6770518,48.2580529],[2.6773699,48.2580774],[2.6791225,48.2582464],[2.6796658,48.2582988],[2.6798389,48.2583181],[2.6816655,48.2585267]]}},{"type":"Feature","properties":{"relief":0.9,"sinuosity":0,"highway":"tertiary","name":"Avenue Charles de Gaulle"},"geometry":{"type":"LineString","coordinates":[[2.236845,48.8467219],[2.2368354,48.8467903],[2.2368422,48.8468199],[2.236848,48.846845],[2.2368609,48.8469014],[2.2372335,48.8482999],[2.2372487,48.8483581],[2.2372661,48.848426],[2.2373765,48.8488336],[2.2373829,48.8488558],[2.237405,48.848937],[2.2374199,48.8489919],[2.237431,48.8490328],[2.2374407,48.8490707],[2.2374758,48.849202],[2.2375173,48.8493562]]}},{"type":"Feature","properties":{"relief":0.75,"sinuosity":0,"highway":"tertiary","name":"Boulevard d'Auteuil"},"geometry":{"type":"LineString","coordinates":[[2.2426593,48.8475847],[2.2427493,48.8475624],[2.2455025,48.846851],[2.24591,48.8467462],[2.2463984,48.8466148]]}},{"type":"Feature","properties":{"relief":0.76,"sinuosity":0,"highway":"motorway","name":"L'Aquitaine"},"geometry":{"type":"LineString","coordinates":[[2.1379432,48.6257157],[2.1373384,48.6251031],[2.1367392,48.6245092],[2.1357069,48.6235267]]}},{"type":"Feature","properties":{"relief":0.75,"sinuosity":0,"highway":"trunk"},"geometry":{"type":"LineString","coordinates":[[2.179017,48.7132324],[2.1796463,48.713033],[2.1802779,48.7128427],[2.1814073,48.712538],[2.1820394,48.7123688],[2.1840788,48.7119098]]}},{"type":"Feature","properties":{"relief":0.59,"sinuosity":0,"highway":"secondary","name":"Quai des Vallées"},"geometry":{"type":"LineString","coordinates":[[2.740824,48.4877989],[2.7405236,48.4877727],[2.7400448,48.4877283],[2.7397276,48.4877065],[2.7394132,48.4876767],[2.7391335,48.4876385],[2.7384482,48.4875754],[2.7373673,48.487486],[2.7367296,48.48743]]}},{"type":"Feature","properties":{"relief":0.454,"sinuosity":0,"highway":"secondary","name":"Boulevard de Champigny"},"geometry":{"type":"LineString","coordinates":[[2.5052116,48.8005245],[2.5053851,48.8007234],[2.5054635,48.8008133],[2.5057904,48.801188],[2.5058302,48.8012334],[2.5061227,48.8015666],[2.5061497,48.8015974],[2.506356,48.8018324],[2.5063896,48.8018692],[2.5069765,48.8025115],[2.50702,48.8025603],[2.5072756,48.8028467]]}},{"type":"Feature","properties":{"relief":0.417,"sinuosity":0,"highway":"tertiary","name":"Route de Gommerville"},"geometry":{"type":"LineString","coordinates":[[1.9590789,48.3558417],[1.9584958,48.355515],[1.9572083,48.354638],[1.9561232,48.3540888]]}},{"type":"Feature","properties":{"relief":0.873,"sinuosity":0,"highway":"tertiary"},"geometry":{"type":"LineString","coordinates":[[3.487435,48.3876314],[3.48896,48.3888522],[3.4891241,48.3889704],[3.489359,48.3891135],[3.4895898,48.3892268],[3.4898788,48.3893408],[3.4943198,48.390817]]}},{"type":"Feature","properties":{"relief":0.617,"sinuosity":0,"highway":"tertiary"},"geometry":{"type":"LineString","coordinates":[[3.5022427,48.3974938],[3.5023739,48.3977003],[3.5024914,48.397859],[3.5026363,48.3980485],[3.5043988,48.4000638]]}},{"type":"Feature","properties":{"relief":0.8,"sinuosity":0,"highway":"tertiary","name":"Rue Jules Valles"},"geometry":{"type":"LineString","coordinates":[[2.5027673,48.9359807],[2.5012393,48.9380635],[2.5012244,48.9380825],[2.5011182,48.938216]]}},{"type":"Feature","properties":{"relief":0.717,"sinuosity":0,"highway":"motorway","name":"Autoroute de Normandie"},"geometry":{"type":"LineString","coordinates":[[1.4071565,49.0711314],[1.4046425,49.0723206],[1.4022746,49.0734147]]}},{"type":"Feature","properties":{"relief":0.509,"sinuosity":0,"highway":"motorway","name":"Autoroute de Normandie"},"geometry":{"type":"LineString","coordinates":[[1.5071024,49.0211751],[1.5085299,49.0209298],[1.5094128,49.0207906],[1.5118095,49.0204396]]}},{"type":"Feature","properties":{"relief":0.506,"sinuosity":0,"highway":"motorway","name":"Autoroute de Normandie"},"geometry":{"type":"LineString","coordinates":[[1.5516821,49.0209797],[1.5529489,49.0210111],[1.554737,49.0210362],[1.5569415,49.0210469]]}},{"type":"Feature","properties":{"relief":0.561,"sinuosity":0,"highway":"tertiary","name":"Rue L'Hermite"},"geometry":{"type":"LineString","coordinates":[[3.5767546,48.7462595],[3.5769417,48.7465568],[3.5771733,48.74677],[3.5787787,48.748161],[3.5794754,48.7487642]]}},{"type":"Feature","properties":{"relief":0.518,"sinuosity":0,"highway":"tertiary"},"geometry":{"type":"LineString","coordinates":[[3.5846161,48.756137],[3.585082,48.7567377],[3.586309,48.7583196],[3.5867092,48.7588482]]}},{"type":"Feature","properties":{"relief":0.36,"sinuosity":0,"highway":"primary","name":"Route de Rouen"},"geometry":{"type":"LineString","coordinates":[[1.4191372,49.1398945],[1.4190094,49.1400201],[1.4186096,49.1403845],[1.4185283,49.1404486],[1.4184482,49.1405047],[1.418346,49.1405671],[1.4181116,49.1407097],[1.4179323,49.1408069],[1.417246,49.1411232],[1.4172156,49.1411371],[1.4167456,49.1413517],[1.4167057,49.1413699],[1.4165513,49.1414407],[1.4164414,49.1414943],[1.4153342,49.1420343]]}},{"type":"Feature","properties":{"relief":0.643,"sinuosity":0,"highway":"primary","name":"Route Nationale 15"},"geometry":{"type":"LineString","coordinates":[[1.5166044,49.0707671],[1.5163872,49.070989],[1.5160945,49.0712842],[1.5158501,49.0715213],[1.515587,49.071767],[1.5153811,49.0719555],[1.5151574,49.072155],[1.5147875,49.0724636],[1.5144367,49.0727315],[1.5140599,49.0730027]]}},{"type":"Feature","properties":{"relief":0.723,"sinuosity":0,"highway":"primary"},"geometry":{"type":"LineString","coordinates":[[2.4077521,49.0724823],[2.4081597,49.0731771],[2.4083608,49.073518],[2.4085741,49.0738923],[2.408731,49.074212],[2.4088651,49.0744677],[2.4091759,49.0750443]]}},{"type":"Feature","properties":{"relief":0.448,"sinuosity":0,"highway":"tertiary"},"geometry":{"type":"LineString","coordinates":[[3.4886282,48.6300272],[3.4878827,48.6297343],[3.4857455,48.6285961],[3.4831803,48.6272292]]}},{"type":"Feature","properties":{"relief":0.577,"sinuosity":0,"highway":"secondary"},"geometry":{"type":"LineString","coordinates":[[3.5689272,48.6194659],[3.5686757,48.6207301],[3.5685527,48.6213786],[3.5684672,48.6218187],[3.5682754,48.6227983]]}},{"type":"Feature","properties":{"relief":0.42,"sinuosity":0,"highway":"tertiary"},"geometry":{"type":"LineString","coordinates":[[2.6334575,49.050463],[2.6333261,49.0503335],[2.6331082,49.0502319],[2.6326527,49.050084],[2.6320319,49.0498979],[2.6316542,49.0497649],[2.6315535,49.0497225],[2.6310634,49.0494767],[2.6306535,49.0492716],[2.6303803,49.0491367]]}},{"type":"Feature","properties":{"relief":0.52,"sinuosity":0,"highway":"tertiary"},"geometry":{"type":"LineString","coordinates":[[1.5483729,48.8759757],[1.5514401,48.8750095],[1.5543281,48.8741229]]}},{"type":"Feature","properties":{"relief":0.9,"sinuosity":0,"highway":"secondary"},"geometry":{"type":"LineString","coordinates":[[3.5759573,48.4185691],[3.5768142,48.4179361],[3.5772273,48.417621],[3.577466,48.4174314],[3.5776088,48.4173042],[3.577757,48.417159],[3.5780646,48.4168354],[3.5782425,48.4166659],[3.5784692,48.4164781]]}},{"type":"Feature","properties":{"relief":0.75,"sinuosity":0,"highway":"tertiary"},"geometry":{"type":"LineString","coordinates":[[3.2872038,48.3514608],[3.2896558,48.3525288],[3.2899925,48.3526385],[3.290291,48.3526892],[3.2906849,48.3526976]]}},{"type":"Feature","properties":{"relief":0.9,"sinuosity":0,"highway":"tertiary"},"geometry":{"type":"LineString","coordinates":[[3.2960335,48.3527652],[3.2963702,48.3527188],[3.2991144,48.352208],[3.301942,48.3516623]]}},{"type":"Feature","properties":{"relief":0.75,"sinuosity":0,"highway":"tertiary","name":"Rue des Glycines"},"geometry":{"type":"LineString","coordinates":[[3.405038,48.3507271],[3.4051241,48.3508357],[3.4053456,48.3511223],[3.4054027,48.3511786],[3.4057398,48.3514696],[3.4060009,48.3517244],[3.4060782,48.3518144],[3.40612,48.3518925],[3.4061942,48.3521897],[3.406229,48.3522626],[3.4062968,48.3523091],[3.4066998,48.3525141],[3.4070784,48.3526588],[3.407455,48.3528027]]}},{"type":"Feature","properties":{"relief":0.65,"sinuosity":0,"highway":"secondary","name":"Avenue Charles de Gaulle"},"geometry":{"type":"LineString","coordinates":[[3.1288751,48.8197619],[3.1283113,48.8195718],[3.1281037,48.8194928],[3.1277993,48.8193834],[3.1271574,48.819159],[3.1263741,48.8188782],[3.1263187,48.8188597],[3.1261564,48.8188027],[3.1259899,48.8187506],[3.1255815,48.8186385],[3.1251941,48.8185453]]}},{"type":"Feature","properties":{"relief":0.9,"sinuosity":0,"highway":"motorway","name":"L'Aquitaine"},"geometry":{"type":"LineString","coordinates":[[2.005591,48.5761511],[2.0068878,48.5768103],[2.0081623,48.5774775],[2.0099461,48.5784294]]}},{"type":"Feature","properties":{"relief":0.827,"sinuosity":0,"highway":"tertiary"},"geometry":{"type":"LineString","coordinates":[[1.4755489,48.8478975],[1.4757463,48.8475229],[1.4760783,48.8468809],[1.4765376,48.84606],[1.4767094,48.845735],[1.4770596,48.8453057]]}},{"type":"Feature","properties":{"relief":0.9,"sinuosity":0,"highway":"tertiary"},"geometry":{"type":"LineString","coordinates":[[1.6534416,49.1170592],[1.6534064,49.1170758],[1.6529565,49.1172877],[1.6517553,49.1177774],[1.6507369,49.1181953],[1.6490372,49.1188898]]}},{"type":"Feature","properties":{"relief":0.9,"sinuosity":0,"highway":"tertiary","name":"Route de Valence"},"geometry":{"type":"LineString","coordinates":[[2.8552158,48.3897702],[2.8555186,48.3899033],[2.8558388,48.3900741],[2.8566085,48.3905899],[2.8569132,48.3907303],[2.85716,48.3907873],[2.8581434,48.3909611],[2.8598843,48.3915642]]}},{"type":"Feature","properties":{"relief":0.632,"sinuosity":0,"highway":"secondary"},"geometry":{"type":"LineString","coordinates":[[2.3147852,48.4256569],[2.3160754,48.4256322],[2.3170516,48.4256128],[2.3187744,48.4255842]]}},{"type":"Feature","properties":{"relief":0.45,"sinuosity":0,"highway":"primary"},"geometry":{"type":"LineString","coordinates":[[2.0437315,48.4876707],[2.044884,48.4874308],[2.0453391,48.4873385],[2.045561,48.4872645],[2.0457197,48.4871852],[2.0458399,48.4870964],[2.0459571,48.4869899],[2.0460347,48.4868919],[2.0461167,48.4867431],[2.04618,48.4865795],[2.0462498,48.4863755],[2.0462795,48.4861962],[2.0462641,48.4860269]]}},{"type":"Feature","properties":{"relief":0.75,"sinuosity":0,"highway":"primary"},"geometry":{"type":"LineString","coordinates":[[2.2304278,48.4249022],[2.2280038,48.4243548],[2.2270446,48.4242398],[2.2264214,48.4241806]]}},{"type":"Feature","properties":{"relief":0.75,"sinuosity":0,"highway":"secondary","name":"Route de Boutigny"},"geometry":{"type":"LineString","coordinates":[[2.4490656,48.4085268],[2.4521736,48.4074751],[2.4541115,48.4068449]]}},{"type":"Feature","properties":{"relief":0.887,"sinuosity":0.7,"highway":"tertiary","name":"Rue du Moulin"},"geometry":{"type":"LineString","coordinates":[[1.6404146,49.1212739],[1.6405798,49.1212229],[1.641001,49.1210803],[1.6411514,49.1210554],[1.6414363,49.1209671],[1.641778,49.1208572],[1.6419546,49.1207678],[1.642093,49.1205459],[1.6421422,49.1204891],[1.6421876,49.1204619],[1.6424444,49.1203358],[1.6431435,49.1200569],[1.6432291,49.1199857],[1.6432811,49.119869],[1.6433326,49.1197609]]}},{"type":"Feature","properties":{"relief":0.488,"sinuosity":0.7,"highway":"tertiary","name":"Rue du Tour du Village"},"geometry":{"type":"LineString","coordinates":[[1.9587479,48.3938125],[1.9586268,48.3937312],[1.9573569,48.3932996],[1.9571838,48.3932332],[1.9570042,48.3931095],[1.95688,48.3930239],[1.9567696,48.3930034],[1.9564262,48.3929396],[1.9560147,48.3928681],[1.9555686,48.3927276],[1.9553033,48.3926638]]}},{"type":"Feature","properties":{"relief":0.478,"sinuosity":0,"highway":"tertiary"},"geometry":{"type":"LineString","coordinates":[[1.9440568,48.3096015],[1.9439432,48.3092035],[1.9439292,48.3091168],[1.9439137,48.3089598],[1.9439338,48.30704]]}},{"type":"Feature","properties":{"relief":0.526,"sinuosity":0,"highway":"tertiary"},"geometry":{"type":"LineString","coordinates":[[1.9248233,48.3085073],[1.9250378,48.308064],[1.9251314,48.3079017],[1.9252078,48.3078064],[1.9252579,48.3077439],[1.9254106,48.3075994],[1.9257093,48.3073323],[1.9281589,48.3051168]]}},{"type":"Feature","properties":{"relief":0.787,"sinuosity":0,"highway":"secondary"},"geometry":{"type":"LineString","coordinates":[[1.5100868,48.6368891],[1.5088195,48.6364385],[1.5078707,48.6361378],[1.5064318,48.6357661]]}},{"type":"Feature","properties":{"relief":0.365,"sinuosity":0,"highway":"primary"},"geometry":{"type":"LineString","coordinates":[[1.8644681,48.7085088],[1.8651221,48.7087299],[1.8665567,48.7092172],[1.868606,48.7099079]]}},{"type":"Feature","properties":{"relief":0.753,"sinuosity":0,"highway":"primary"},"geometry":{"type":"LineString","coordinates":[[1.8727121,48.7113425],[1.8732808,48.7115624],[1.8736571,48.7117172],[1.8739791,48.7118555],[1.8742767,48.711986],[1.8747292,48.7121943],[1.8753245,48.7124822],[1.8757491,48.7127026],[1.8760292,48.7128564]]}},{"type":"Feature","properties":{"relief":0.88,"sinuosity":0,"highway":"secondary","name":"Avenue du Général Leclerc"},"geometry":{"type":"LineString","coordinates":[[3.3074516,48.784376],[3.3075458,48.7844758],[3.3077794,48.7847232],[3.3080272,48.7849855],[3.3081802,48.7851382],[3.3082554,48.7852184],[3.3094392,48.7864398]]}},{"type":"Feature","properties":{"relief":0.563,"sinuosity":0,"highway":"tertiary"},"geometry":{"type":"LineString","coordinates":[[2.9797064,48.712854],[2.9767359,48.711305],[2.9767089,48.7112908]]}},{"type":"Feature","properties":{"relief":0.49,"sinuosity":0,"highway":"tertiary","name":"Rue de Vilbert"},"geometry":{"type":"LineString","coordinates":[[2.9069189,48.6688391],[2.904602,48.6671393],[2.9043981,48.6668718]]}},{"type":"Feature","properties":{"relief":0.68,"sinuosity":0,"highway":"tertiary"},"geometry":{"type":"LineString","coordinates":[[3.3507675,48.76007],[3.3526402,48.7592735],[3.352924,48.7587929],[3.3530704,48.758545],[3.3532759,48.7582401]]}},{"type":"Feature","properties":{"relief":0.583,"sinuosity":0,"highway":"tertiary","name":"Avenue de la Belle Idée"},"geometry":{"type":"LineString","coordinates":[[3.123872,48.6697925],[3.123689,48.6695773],[3.1228991,48.6681516],[3.1227799,48.6678782],[3.1227537,48.6677874],[3.1227316,48.6676941],[3.1227276,48.6675144],[3.1227463,48.6672248]]}},{"type":"Feature","properties":{"relief":0.689,"sinuosity":0,"highway":"secondary"},"geometry":{"type":"LineString","coordinates":[[3.1065674,48.7132366],[3.1064915,48.7123361],[3.1063179,48.7096493]]}},{"type":"Feature","properties":{"relief":0.853,"sinuosity":0,"highway":"tertiary"},"geometry":{"type":"LineString","coordinates":[[3.1232312,48.6439138],[3.1265225,48.6450871],[3.1287882,48.6459043]]}},{"type":"Feature","properties":{"relief":0.583,"sinuosity":0,"highway":"tertiary"},"geometry":{"type":"LineString","coordinates":[[3.0837853,48.6693597],[3.0849871,48.66794],[3.0852001,48.6676917],[3.0852935,48.6674815],[3.0853151,48.6672491],[3.0852791,48.6670419]]}},{"type":"Feature","properties":{"relief":0.86,"sinuosity":0,"highway":"tertiary"},"geometry":{"type":"LineString","coordinates":[[3.0827943,48.6613989],[3.0827562,48.6613354],[3.0825549,48.6610005],[3.0823011,48.6606352],[3.082033,48.6603727],[3.0817936,48.6601988],[3.0815712,48.6600631],[3.0813392,48.65989],[3.0811581,48.6597168],[3.0809864,48.6595334],[3.0806373,48.6591678]]}},{"type":"Feature","properties":{"relief":0.631,"sinuosity":0,"highway":"tertiary"},"geometry":{"type":"LineString","coordinates":[[3.1274867,48.5881422],[3.1280118,48.5879206],[3.1298452,48.5870298],[3.1301711,48.5868052],[3.1304734,48.5865406]]}},{"type":"Feature","properties":{"relief":0.75,"sinuosity":0,"highway":"tertiary","name":"Rue de Vaux"},"geometry":{"type":"LineString","coordinates":[[3.1629758,48.9829748],[3.1628465,48.9824835],[3.1627919,48.9822262],[3.1627426,48.9819126],[3.1626888,48.9814752],[3.1625557,48.9810778],[3.1624539,48.9807957],[3.1622465,48.9803153]]}},{"type":"Feature","properties":{"relief":0.448,"sinuosity":0,"highway":"tertiary"},"geometry":{"type":"LineString","coordinates":[[3.2210578,48.5126383],[3.2206054,48.5125793],[3.2196857,48.5125155],[3.2188477,48.5124663],[3.218017,48.5124172],[3.2172012,48.5123582]]}},{"type":"Feature","properties":{"relief":0.773,"sinuosity":0,"highway":"secondary","name":"Route du Perray"},"geometry":{"type":"LineString","coordinates":[[1.8255697,48.7025067],[1.823205,48.7027599],[1.8226807,48.7028439],[1.821624,48.7031797]]}},{"type":"Feature","properties":{"relief":0.732,"sinuosity":0.7,"highway":"tertiary"},"geometry":{"type":"LineString","coordinates":[[1.6418484,48.4104416],[1.6419056,48.4105644],[1.6419438,48.410691],[1.6420119,48.4108171],[1.6422774,48.4111719],[1.6424662,48.4113709],[1.6427181,48.4116736],[1.6428768,48.4118644],[1.6429131,48.4118803],[1.6434652,48.4124008],[1.6439624,48.4128301]]}},{"type":"Feature","properties":{"relief":0.9,"sinuosity":0,"highway":"tertiary"},"geometry":{"type":"LineString","coordinates":[[1.3536633,48.6225021],[1.3541781,48.6223751],[1.3557886,48.6220322],[1.3560801,48.6219601],[1.3563304,48.6218738],[1.3565857,48.6217567],[1.3569801,48.6215164],[1.3576702,48.6210684]]}},{"type":"Feature","properties":{"relief":0.603,"sinuosity":0,"highway":"tertiary"},"geometry":{"type":"LineString","coordinates":[[1.4431056,48.6665603],[1.4441116,48.6668185],[1.4445108,48.6669691],[1.4449575,48.6671817],[1.4451418,48.6672855],[1.4453226,48.667417],[1.4456972,48.6677454],[1.4463231,48.6681112]]}},{"type":"Feature","properties":{"relief":0.9,"sinuosity":0,"highway":"tertiary"},"geometry":{"type":"LineString","coordinates":[[2.0095193,48.4883253],[2.0092382,48.4879912],[2.0088416,48.4875962],[2.0079959,48.4868088],[2.0071983,48.4860672]]}},{"type":"Feature","properties":{"relief":0.439,"sinuosity":0,"highway":"tertiary"},"geometry":{"type":"LineString","coordinates":[[3.0487475,48.6675098],[3.0483304,48.6674018],[3.0479357,48.667305],[3.0476425,48.6672827],[3.0459738,48.6674874],[3.041348,48.6681133]]}},{"type":"Feature","properties":{"relief":0.663,"sinuosity":0,"highway":"secondary"},"geometry":{"type":"LineString","coordinates":[[2.7996979,48.9379894],[2.7997151,48.9376511],[2.7996293,48.9372396],[2.7991902,48.9355237],[2.7989598,48.9346234]]}},{"type":"Feature","properties":{"relief":0.523,"sinuosity":0,"highway":"tertiary"},"geometry":{"type":"LineString","coordinates":[[1.9603057,49.1385315],[1.9599098,49.1384348],[1.9594471,49.1383392],[1.9590051,49.1382521],[1.9581886,49.1380922],[1.9575667,49.1379486],[1.9572408,49.1378704],[1.9567523,49.137741],[1.9565315,49.1376789]]}},{"type":"Feature","properties":{"relief":0.437,"sinuosity":0,"highway":"primary"},"geometry":{"type":"LineString","coordinates":[[1.4641934,48.4712382],[1.4639234,48.471622],[1.4636303,48.4720078],[1.4631704,48.472607],[1.4626323,48.4733192],[1.4622235,48.473855]]}},{"type":"Feature","properties":{"relief":0.498,"sinuosity":0,"highway":"primary"},"geometry":{"type":"LineString","coordinates":[[1.4619841,48.4815181],[1.4621348,48.4817411],[1.4623971,48.4820814],[1.4626816,48.482418],[1.4629277,48.4826811],[1.4632875,48.4830367],[1.4636044,48.4833209],[1.4639893,48.4836429],[1.4644585,48.4839918]]}},{"type":"Feature","properties":{"relief":0.803,"sinuosity":0.7,"highway":"tertiary"},"geometry":{"type":"LineString","coordinates":[[3.436533,48.214773],[3.4367215,48.2152321],[3.4368409,48.2155773],[3.4372929,48.2160505],[3.4377052,48.216494],[3.4376605,48.2169243],[3.437586,48.2179072]]}},{"type":"Feature","properties":{"relief":0.9,"sinuosity":0,"highway":"tertiary"},"geometry":{"type":"LineString","coordinates":[[3.510729,48.2622794],[3.5107537,48.2626837],[3.510729,48.2631079],[3.5106464,48.2633693],[3.5104748,48.2639121],[3.5103093,48.2642937],[3.5101416,48.2645077],[3.5099169,48.2646835]]}},{"type":"Feature","properties":{"relief":0.677,"sinuosity":0,"highway":"tertiary"},"geometry":{"type":"LineString","coordinates":[[3.4452102,48.3208281],[3.4442124,48.3214743],[3.4420237,48.3229297]]}},{"type":"Feature","properties":{"relief":0.561,"sinuosity":0,"highway":"tertiary"},"geometry":{"type":"LineString","coordinates":[[3.2166921,48.3310186],[3.2176939,48.3314926],[3.2194862,48.3323511],[3.2234181,48.3341994]]}},{"type":"Feature","properties":{"relief":0.443,"sinuosity":0,"highway":"tertiary"},"geometry":{"type":"LineString","coordinates":[[1.5924409,48.3079065],[1.5924892,48.3079051],[1.5927783,48.3079971],[1.5934963,48.308154],[1.5982053,48.3091908]]}},{"type":"Feature","properties":{"relief":0.474,"sinuosity":0,"highway":"tertiary"},"geometry":{"type":"LineString","coordinates":[[1.5522214,48.301753],[1.5523667,48.3018585],[1.552764,48.302147],[1.5532817,48.3024132],[1.5539966,48.3025625],[1.5575558,48.3032349]]}},{"type":"Feature","properties":{"relief":0.58,"sinuosity":0,"highway":"secondary","name":"Route de Rouen"},"geometry":{"type":"LineString","coordinates":[[1.7320348,49.2843026],[1.7342456,49.2835316],[1.7346644,49.2833903],[1.7350412,49.2832632],[1.7350913,49.2832445],[1.7354569,49.2831324]]}},{"type":"Feature","properties":{"relief":0.743,"sinuosity":0,"highway":"primary"},"geometry":{"type":"LineString","coordinates":[[2.6861415,49.1167371],[2.6864299,49.1172535],[2.6870082,49.1182982],[2.6870758,49.1184767],[2.6870949,49.11864],[2.6870702,49.1187992],[2.6868118,49.1198959]]}},{"type":"Feature","properties":{"relief":0.75,"sinuosity":0,"highway":"tertiary","name":"Rue de la Petite Montagne"},"geometry":{"type":"LineString","coordinates":[[3.1820877,48.2622759],[3.1822039,48.2624737],[3.1822523,48.2625769],[3.1823266,48.2627832],[3.1823594,48.2628935],[3.1824749,48.2632347],[3.1825395,48.2633959],[3.1826041,48.2635162],[3.1827494,48.2637441],[3.1829431,48.2639934],[3.183094,48.264216],[3.1834252,48.2646887]]}},{"type":"Feature","properties":{"relief":0.827,"sinuosity":0,"highway":"tertiary"},"geometry":{"type":"LineString","coordinates":[[3.2169611,48.9001461],[3.2172118,48.9000643],[3.2176675,48.8998465],[3.2183786,48.8994422],[3.2198162,48.8986059],[3.2200959,48.8984584]]}},{"type":"Feature","properties":{"relief":0.677,"sinuosity":0,"highway":"tertiary"},"geometry":{"type":"LineString","coordinates":[[3.2181589,48.8970405],[3.2165905,48.8952866],[3.2164967,48.8951377],[3.2164547,48.8948996],[3.2164713,48.8948176]]}},{"type":"Feature","properties":{"relief":0.773,"sinuosity":0,"highway":"tertiary"},"geometry":{"type":"LineString","coordinates":[[3.2174074,48.8919726],[3.21767,48.8912079],[3.2182761,48.8892293]]}},{"type":"Feature","properties":{"relief":0.9,"sinuosity":0,"highway":"secondary","name":"Route de Dampierre"},"geometry":{"type":"LineString","coordinates":[[2.0031812,48.7053244],[2.0018816,48.7055688],[2.0005727,48.7058367],[1.9998713,48.7060197],[1.9994744,48.706135]]}},{"type":"Feature","properties":{"relief":0.45,"sinuosity":0,"highway":"primary","name":"Route de Paris"},"geometry":{"type":"LineString","coordinates":[[2.0432645,48.5750939],[2.0434564,48.5757704],[2.0435694,48.576111],[2.0435669,48.5763006],[2.0435536,48.5765027],[2.0435276,48.5766531],[2.0434475,48.5769251],[2.0433703,48.5771166],[2.0432994,48.5772659],[2.0431683,48.5774517],[2.0430462,48.577734]]}},{"type":"Feature","properties":{"relief":0.62,"sinuosity":0,"highway":"tertiary","name":"Rue Marcellin Berthelot"},"geometry":{"type":"LineString","coordinates":[[2.3192551,48.741696],[2.3192535,48.7416465],[2.319223,48.7415921],[2.3191849,48.7415424],[2.3188872,48.7412155],[2.3188481,48.7411797],[2.3181683,48.7405575],[2.3179572,48.7403445],[2.3172778,48.739659],[2.3167761,48.739037]]}},{"type":"Feature","properties":{"relief":0.697,"sinuosity":1,"highway":"tertiary","name":"Route de Flins"},"geometry":{"type":"LineString","coordinates":[[1.866417,48.9283292],[1.8664198,48.9283645],[1.8664291,48.9284803],[1.8664919,48.9286419],[1.8666083,48.9287517],[1.8668022,48.9288334],[1.8668351,48.9288412],[1.8669926,48.9288787],[1.8671883,48.9288792],[1.8675826,48.9288044],[1.8677297,48.928783],[1.8678552,48.9287842],[1.8679823,48.9288048],[1.8681043,48.9288451],[1.8681984,48.9288953],[1.8682928,48.9289741],[1.8683629,48.9290835],[1.8683766,48.9291591],[1.8683541,48.9292777],[1.8683018,48.9293685],[1.8682102,48.9294512],[1.8681113,48.9295058],[1.8678972,48.9295901],[1.867565,48.9296932]]}},{"type":"Feature","properties":{"relief":0.597,"sinuosity":0,"highway":"tertiary","name":"Rue du Manoir"},"geometry":{"type":"LineString","coordinates":[[1.8646891,48.926337],[1.8657698,48.9258963],[1.8658481,48.9258644],[1.8662258,48.9257173],[1.8665957,48.9255728],[1.8667755,48.925503],[1.8671731,48.9253483],[1.8687566,48.9247451]]}},{"type":"Feature","properties":{"relief":0.397,"sinuosity":0,"highway":"trunk"},"geometry":{"type":"LineString","coordinates":[[1.6867811,49.2051952],[1.6868076,49.2050822],[1.686842,49.2049652],[1.6868774,49.2048681],[1.6869269,49.2047432],[1.6869907,49.2046033],[1.6870473,49.2044923],[1.6871234,49.2043628],[1.687203,49.2042438],[1.6873056,49.2040992],[1.6874118,49.2039616],[1.6875145,49.2038437],[1.6875976,49.2037512],[1.6877144,49.2036356],[1.6878418,49.20352],[1.6879799,49.2034009],[1.6880913,49.2033072],[1.6881781,49.203239],[1.6883143,49.2031396],[1.6884523,49.2030471],[1.6885904,49.2029615]]}},{"type":"Feature","properties":{"relief":0.9,"sinuosity":0,"highway":"primary"},"geometry":{"type":"LineString","coordinates":[[1.8039535,49.1621713],[1.8039665,49.1621881],[1.8040054,49.1622386],[1.8040363,49.162285],[1.8040523,49.162309],[1.8041021,49.162403],[1.8041389,49.1624919],[1.8041541,49.1625286],[1.8041774,49.1625944],[1.80419,49.16263],[1.8043459,49.1630789],[1.8044086,49.1632516],[1.8044693,49.1633782],[1.804534,49.1634846],[1.8045977,49.1635708],[1.8047423,49.1637646],[1.8048251,49.163885],[1.8048888,49.1639988],[1.8049233,49.1641054],[1.8049474,49.1642137],[1.8049423,49.1643392],[1.8049338,49.1644086],[1.8049163,49.1645274],[1.8048958,49.1646469]]}},{"type":"Feature","properties":{"relief":0.833,"sinuosity":0,"highway":"tertiary"},"geometry":{"type":"LineString","coordinates":[[2.0526518,48.4887545],[2.0525741,48.4887112],[2.052535,48.4886855],[2.0524515,48.4886209],[2.0522922,48.4884839],[2.0519455,48.4881803],[2.0515499,48.4878594],[2.0511763,48.4875754],[2.0503931,48.4871203],[2.0499828,48.4868998]]}},{"type":"Feature","properties":{"relief":0.9,"sinuosity":0,"highway":"primary","name":"Route de Calais"},"geometry":{"type":"LineString","coordinates":[[2.3630408,48.981663],[2.3622639,48.9836297],[2.3619841,48.9843573]]}},{"type":"Feature","properties":{"relief":0.566,"sinuosity":0,"highway":"tertiary"},"geometry":{"type":"LineString","coordinates":[[2.7010421,49.0258666],[2.7009067,49.0260839],[2.7007511,49.0263301],[2.700503,49.0267223],[2.7003796,49.0269237],[2.7003032,49.0270582],[2.7002567,49.027157],[2.7001034,49.0275621],[2.6999491,49.0279648],[2.6998392,49.028197],[2.6995523,49.0287769]]}},{"type":"Feature","properties":{"relief":0.663,"sinuosity":0,"highway":"tertiary"},"geometry":{"type":"LineString","coordinates":[[2.890256,49.0719849],[2.8905912,49.0724314],[2.8911396,49.0729115],[2.8915729,49.0731868],[2.8928853,49.0737694]]}},{"type":"Feature","properties":{"relief":0.9,"sinuosity":0,"highway":"motorway","name":"Autoroute de l’Est"},"geometry":{"type":"LineString","coordinates":[[3.1250969,49.0001452],[3.1277479,49.0011066],[3.1287173,49.0014766]]}},{"type":"Feature","properties":{"relief":0.401,"sinuosity":0,"highway":"primary","name":"Route Nationale de Paris à Toulouse"},"geometry":{"type":"LineString","coordinates":[[2.0012787,48.319001],[2.0035342,48.3197985],[2.0044245,48.3201148],[2.005882,48.3206277]]}},{"type":"Feature","properties":{"relief":0.71,"sinuosity":0,"highway":"tertiary"},"geometry":{"type":"LineString","coordinates":[[3.4422068,48.5208897],[3.4423571,48.5210641],[3.4429578,48.5217082],[3.4443388,48.5232049]]}},{"type":"Feature","properties":{"relief":0.9,"sinuosity":0,"highway":"tertiary"},"geometry":{"type":"LineString","coordinates":[[3.0805526,48.2672073],[3.0821508,48.2681098],[3.0823102,48.2682329],[3.0831322,48.2688675],[3.0841782,48.2696826]]}},{"type":"Feature","properties":{"relief":0.75,"sinuosity":0,"highway":"tertiary"},"geometry":{"type":"LineString","coordinates":[[3.1018129,48.3066283],[3.1024036,48.3079359],[3.1028651,48.3094583]]}},{"type":"Feature","properties":{"relief":0.767,"sinuosity":0,"highway":"motorway","name":"Autoroute du Soleil"},"geometry":{"type":"LineString","coordinates":[[2.5840737,48.3536918],[2.5843547,48.3533968],[2.5846604,48.3530572],[2.5849683,48.352703],[2.585213,48.3524031],[2.5854483,48.3521027],[2.5858954,48.3514953],[2.5861832,48.3510676]]}},{"type":"Feature","properties":{"relief":0.531,"sinuosity":0,"highway":"motorway","name":"Autoroute du Soleil"},"geometry":{"type":"LineString","coordinates":[[2.5861832,48.3510676],[2.5864652,48.3506202],[2.5866506,48.3503002],[2.5868337,48.3499709],[2.5870047,48.3496407],[2.5871738,48.3492997],[2.5874352,48.3487061],[2.5876831,48.3480861]]}},{"type":"Feature","properties":{"relief":0.637,"sinuosity":0,"highway":"tertiary","name":"Rue des Charmes"},"geometry":{"type":"LineString","coordinates":[[1.9434603,48.6681313],[1.9434763,48.668105],[1.9434892,48.6680907],[1.943581,48.6680222],[1.9436151,48.6679981],[1.9436647,48.6679631],[1.9437191,48.6678986],[1.9438546,48.6676918],[1.9441448,48.6672527],[1.9443439,48.6669516],[1.9445867,48.6666291],[1.9447411,48.6664241],[1.9452137,48.6658662]]}},{"type":"Feature","properties":{"relief":0.55,"sinuosity":0.98,"highway":"secondary"},"geometry":{"type":"LineString","coordinates":[[1.9577309,48.6742929],[1.9573693,48.6742507],[1.9566436,48.6741075],[1.9563841,48.6740922],[1.9562235,48.6741176],[1.9560765,48.6741779],[1.9559684,48.674253],[1.9558759,48.6743346],[1.9558266,48.6744134],[1.955789,48.674532],[1.9557812,48.6746591],[1.9558024,48.6748774],[1.9558147,48.6751435],[1.9557407,48.6753344],[1.9556136,48.6755263]]}},{"type":"Feature","properties":{"relief":0.71,"sinuosity":0,"highway":"secondary"},"geometry":{"type":"LineString","coordinates":[[1.9160976,48.6894797],[1.9148011,48.6896531],[1.9139358,48.6897739],[1.9134854,48.6898537],[1.9130796,48.6899864],[1.912833,48.6901107],[1.9123828,48.6904158]]}},{"type":"Feature","properties":{"relief":0.727,"sinuosity":0,"highway":"secondary"},"geometry":{"type":"LineString","coordinates":[[1.7745239,48.4440153],[1.7743929,48.4434617],[1.774307,48.4427652],[1.7742751,48.4425679],[1.7742073,48.4423252],[1.7741309,48.4421127],[1.774042,48.4418905],[1.7738849,48.4415614],[1.7737233,48.4412069]]}},{"type":"Feature","properties":{"relief":0.75,"sinuosity":0,"highway":"tertiary","name":"Promenade du Sud"},"geometry":{"type":"LineString","coordinates":[[3.3067495,48.1260356],[3.306701,48.1260616],[3.3066148,48.1261079],[3.3065914,48.1261204],[3.3061982,48.1263231],[3.3056177,48.126596],[3.3052492,48.1267714],[3.3050853,48.1268494],[3.3049507,48.1269205],[3.3048828,48.1269563],[3.3043786,48.1271868],[3.3042837,48.1272302],[3.3038958,48.1274075],[3.3038574,48.1274244],[3.3034144,48.1276201]]}},{"type":"Feature","properties":{"relief":0.867,"sinuosity":0,"highway":"tertiary","name":"Allée Madame de Montespan"},"geometry":{"type":"LineString","coordinates":[[2.7219464,48.8371804],[2.7220435,48.837192],[2.7227118,48.8372719],[2.7234001,48.8373542],[2.7238737,48.8374109],[2.7242798,48.8374594],[2.725005,48.8375462],[2.7251182,48.8375597],[2.7259304,48.8376568]]}},{"type":"Feature","properties":{"relief":0.75,"sinuosity":0,"highway":"tertiary"},"geometry":{"type":"LineString","coordinates":[[3.0873677,48.2677441],[3.0856907,48.2673786],[3.0847124,48.2671707],[3.0842539,48.2670732],[3.0837607,48.267056],[3.0820923,48.2671959]]}},{"type":"Feature","properties":{"relief":0.541,"sinuosity":0,"highway":"tertiary","name":"Allée Auguste Geneviève / Chemin des Postes"},"geometry":{"type":"LineString","coordinates":[[2.5408338,48.9151317],[2.5409431,48.9153924],[2.5410068,48.9155443],[2.5410282,48.9155866],[2.5410631,48.9156368],[2.5411056,48.9156907],[2.5411489,48.9157347],[2.541239,48.9158228],[2.5413447,48.9159153],[2.5415687,48.9161163],[2.5418503,48.9163683],[2.5419879,48.9164925],[2.5422622,48.9167349],[2.5424346,48.9168956],[2.5425271,48.9169732],[2.5425927,48.9170243],[2.5426695,48.9170822],[2.5427397,48.9171297],[2.5428199,48.9171807],[2.5429701,48.9172629]]}},{"type":"Feature","properties":{"relief":0.605,"sinuosity":0,"highway":"tertiary","name":"Rue d'Aubervilliers"},"geometry":{"type":"LineString","coordinates":[[2.3695496,48.8928976],[2.3695144,48.8928108],[2.3694623,48.8926825],[2.3690238,48.8916597],[2.3688321,48.8912126],[2.3688175,48.8911759],[2.3687954,48.8911285],[2.3685179,48.8905192],[2.3682071,48.8898438]]}},{"type":"Feature","properties":{"relief":0.75,"sinuosity":0,"highway":"tertiary","name":"Rue de Boissy"},"geometry":{"type":"LineString","coordinates":[[2.2236833,48.578658],[2.2236838,48.5786154],[2.223685,48.5785163],[2.2236776,48.5784348],[2.2236747,48.5784026],[2.2236663,48.5783557],[2.2236573,48.578305],[2.2236332,48.5782101],[2.2236047,48.5781303],[2.2235674,48.5780719],[2.223548,48.5780385],[2.2232905,48.5777088],[2.223153,48.5775388],[2.2230554,48.5774005],[2.2229702,48.5772425],[2.2229563,48.5772173],[2.2228991,48.5771136],[2.2228562,48.5770358],[2.222821,48.5769857],[2.2227888,48.5769399],[2.2227731,48.5769175],[2.2224968,48.576593],[2.2223654,48.5764273]]}},{"type":"Feature","properties":{"relief":0.414,"sinuosity":0,"highway":"secondary","name":"Route de Rambouillet"},"geometry":{"type":"LineString","coordinates":[[1.730844,48.618163],[1.7309605,48.6182387],[1.7320324,48.6189074],[1.7321658,48.6190006],[1.7323005,48.6191209],[1.7324294,48.6192513],[1.7325659,48.6194518],[1.7329979,48.6201868]]}},{"type":"Feature","properties":{"relief":0.737,"sinuosity":0,"highway":"tertiary","name":"Route de la Troche"},"geometry":{"type":"LineString","coordinates":[[1.733678,48.786276],[1.733321,48.7863488],[1.7307326,48.7872289],[1.7302179,48.7874158]]}},{"type":"Feature","properties":{"relief":0.725,"sinuosity":0,"highway":"motorway","name":"Autoroute de Normandie"},"geometry":{"type":"LineString","coordinates":[[1.5546673,49.0211718],[1.5516656,49.0211115],[1.5501728,49.0210764]]}},{"type":"Feature","properties":{"relief":0.9,"sinuosity":0,"highway":"tertiary","name":"Rue du Puits"},"geometry":{"type":"LineString","coordinates":[[1.4371114,49.1194535],[1.4373439,49.1189495],[1.4375826,49.118465],[1.4377543,49.1180735],[1.4378256,49.1179397],[1.4378371,49.1179179],[1.4379366,49.1177312],[1.438052,49.1174872],[1.438121,49.1173008],[1.4382102,49.1170606],[1.4383309,49.1167148]]}},{"type":"Feature","properties":{"relief":0.75,"sinuosity":0,"highway":"tertiary"},"geometry":{"type":"LineString","coordinates":[[1.911393,49.0934734],[1.9118642,49.093635],[1.911958,49.0936764],[1.9120362,49.0937148],[1.9121048,49.0937568],[1.9121697,49.0938097],[1.9122302,49.0938642],[1.9125828,49.0941837],[1.9129166,49.0945133],[1.9136616,49.0952954],[1.9140851,49.0957425]]}},{"type":"Feature","properties":{"relief":0.713,"sinuosity":0,"highway":"tertiary"},"geometry":{"type":"LineString","coordinates":[[1.9114187,49.0930147],[1.9114189,49.092992],[1.9114165,49.0929712],[1.9114101,49.0929518],[1.911183,49.0926561],[1.911118,49.0925721],[1.9110723,49.0924973],[1.9110451,49.0924184],[1.9110398,49.0923335],[1.9110411,49.0922947],[1.9110504,49.0922521],[1.9110755,49.0921806],[1.9110994,49.0921335],[1.9111328,49.0920811],[1.9111846,49.0920224],[1.9112631,49.0919582],[1.9124785,49.0911152],[1.9131124,49.0906756]]}},{"type":"Feature","properties":{"relief":0.509,"sinuosity":0,"highway":"trunk_link","name":"Route Nationale 20"},"geometry":{"type":"LineString","coordinates":[[2.2939714,48.710765],[2.2948188,48.7114472],[2.2954534,48.7119703],[2.2959988,48.7124118],[2.2968001,48.7130771]]}},{"type":"Feature","properties":{"relief":0.468,"sinuosity":0,"highway":"motorway","name":"Autoroute de l'Arbre"},"geometry":{"type":"LineString","coordinates":[[2.7750376,48.2165085],[2.7748917,48.2167926],[2.7747452,48.2170643],[2.7746031,48.2173042],[2.7744022,48.21761],[2.7742262,48.217863],[2.7739929,48.2181723],[2.7737937,48.218417],[2.7735744,48.2186772],[2.773364,48.2189033]]}},{"type":"Feature","properties":{"relief":0.75,"sinuosity":0,"highway":"secondary"},"geometry":{"type":"LineString","coordinates":[[2.1725725,48.6234803],[2.1725115,48.6233497],[2.1722785,48.6228601],[2.1721475,48.6225565],[2.1714281,48.6210748]]}},{"type":"Feature","properties":{"relief":0.637,"sinuosity":0,"highway":"secondary"},"geometry":{"type":"LineString","coordinates":[[2.7696661,49.008146],[2.7693458,49.0081601],[2.7687276,49.0081608],[2.7673695,49.0081121],[2.7664095,49.0080943],[2.7657728,49.0081183]]}},{"type":"Feature","properties":{"relief":0.631,"sinuosity":0,"highway":"tertiary"},"geometry":{"type":"LineString","coordinates":[[2.8123644,48.9997521],[2.8143678,48.9995876],[2.8155254,48.9994686],[2.8165443,48.999312]]}},{"type":"Feature","properties":{"relief":0.765,"sinuosity":0,"highway":"tertiary"},"geometry":{"type":"LineString","coordinates":[[2.7673437,48.9961844],[2.7676994,48.9950878],[2.768082,48.9939379],[2.7682531,48.9933126]]}},{"type":"Feature","properties":{"relief":0.382,"sinuosity":0,"highway":"tertiary"},"geometry":{"type":"LineString","coordinates":[[2.7682531,48.9933126],[2.7681671,48.9927112],[2.7677885,48.9921128],[2.7675005,48.9915715],[2.767448,48.9914646],[2.7673912,48.9913488],[2.7662988,48.9891216]]}},{"type":"Feature","properties":{"relief":0.9,"sinuosity":0,"highway":"tertiary","name":"Chemin des Regains"},"geometry":{"type":"LineString","coordinates":[[2.0490435,48.7022585],[2.0486062,48.7022345],[2.0483179,48.7022148],[2.0480462,48.7022191],[2.047748,48.702241],[2.0473505,48.7022847],[2.0470125,48.7023175],[2.0469674,48.7023187],[2.0468767,48.7023212],[2.0466845,48.7023263],[2.0463002,48.7023329],[2.0461014,48.7023503],[2.0459456,48.7023875],[2.0457236,48.7024575],[2.0447848,48.7028272]]}},{"type":"Feature","properties":{"relief":0.383,"sinuosity":0,"highway":"tertiary"},"geometry":{"type":"LineString","coordinates":[[3.220091,48.6788362],[3.2195753,48.6778525],[3.2194033,48.6776212],[3.2191182,48.6774006],[3.2188424,48.6772638],[3.2185741,48.6771768],[3.2180842,48.6771086],[3.2180181,48.6770994],[3.2136114,48.6770354]]}},{"type":"Feature","properties":{"relief":0.422,"sinuosity":0,"highway":"trunk"},"geometry":{"type":"LineString","coordinates":[[2.7202427,49.0742472],[2.7186897,49.0730576],[2.7160692,49.071051]]}},{"type":"Feature","properties":{"relief":0.94,"sinuosity":0.7,"highway":"secondary","name":"Route de Roinville à Boissy-le-Cutté"},"geometry":{"type":"LineString","coordinates":[[2.2306263,48.4727864],[2.2303953,48.4728102],[2.2298776,48.4729068],[2.2292441,48.4731295],[2.228517,48.4735731],[2.2274358,48.4742327]]}},{"type":"Feature","properties":{"relief":0.873,"sinuosity":0,"highway":"secondary","name":"Route de Boutigny"},"geometry":{"type":"LineString","coordinates":[[2.3630291,48.433505],[2.3623053,48.4335308],[2.3617666,48.4335618],[2.3611259,48.4335849],[2.3609292,48.4335826],[2.3607734,48.433575],[2.360556,48.4335566],[2.3603029,48.4335279],[2.3600287,48.433475],[2.3596,48.4333594],[2.3586858,48.4330797]]}},{"type":"Feature","properties":{"relief":0.75,"sinuosity":0,"highway":"secondary","name":"Route de Nainville"},"geometry":{"type":"LineString","coordinates":[[2.4945647,48.4855069],[2.4943695,48.4859719],[2.4943133,48.4862314],[2.494288,48.4864055],[2.4942896,48.4865993],[2.4943089,48.4868557],[2.4945077,48.48821]]}},{"type":"Feature","properties":{"relief":0.75,"sinuosity":0,"highway":"tertiary","name":"Rue de Dannemois"},"geometry":{"type":"LineString","coordinates":[[2.496226,48.4670937],[2.4963842,48.4671977],[2.4964701,48.4672617],[2.4965465,48.4673169],[2.4966511,48.4674129],[2.4968483,48.4676441],[2.4969207,48.4677277],[2.496981,48.4678059],[2.4970454,48.4678646],[2.4972018,48.467993],[2.4976158,48.4682685],[2.4986024,48.4688881],[2.498707,48.4689619],[2.4988224,48.4690544]]}},{"type":"Feature","properties":{"relief":1,"sinuosity":0.931,"highway":"secondary"},"geometry":{"type":"LineString","coordinates":[[2.2695399,48.4728232],[2.2702866,48.4719412],[2.270484,48.471742],[2.27069,48.4715429],[2.2709732,48.4714689],[2.2713221,48.4714753],[2.2714309,48.4714951],[2.2718287,48.4715968],[2.2726209,48.4719698]]}},{"type":"Feature","properties":{"relief":0.392,"sinuosity":0,"highway":"secondary"},"geometry":{"type":"LineString","coordinates":[[3.5299299,49.2669715],[3.5305716,49.2667508],[3.530701,49.2666967],[3.5308177,49.2666415],[3.530926,49.266579],[3.5310182,49.2665199],[3.5311076,49.2664427],[3.5311999,49.2663488],[3.5318778,49.2654091],[3.5326037,49.2643829]]}},{"type":"Feature","properties":{"relief":0.847,"sinuosity":0,"highway":"motorway","name":"Duplex A86"},"geometry":{"type":"LineString","coordinates":[[2.1643704,48.8018866],[2.1643421,48.8021926],[2.1642993,48.8024948],[2.1642189,48.8028632],[2.164117,48.8031642],[2.1639947,48.8034794],[2.1639219,48.803659],[2.1638367,48.8038357],[2.1636687,48.8041861],[2.1635882,48.8043702]]}},{"type":"Feature","properties":{"relief":0.637,"sinuosity":0,"highway":"tertiary"},"geometry":{"type":"LineString","coordinates":[[3.2169047,48.7511577],[3.2174351,48.751893],[3.2175075,48.7520022],[3.2175639,48.7521118],[3.2176148,48.7522215],[3.2176534,48.7523309],[3.2176664,48.7523868],[3.2176869,48.7524573],[3.217709,48.7525694],[3.2177462,48.7528084],[3.2178402,48.7534082],[3.2178461,48.7534416],[3.218083,48.7548853]]}},{"type":"Feature","properties":{"relief":0.584,"sinuosity":0,"highway":"primary"},"geometry":{"type":"LineString","coordinates":[[3.3508809,48.7687118],[3.352267,48.768596],[3.3552481,48.7683471]]}},{"type":"Feature","properties":{"relief":0.84,"sinuosity":0,"highway":"tertiary"},"geometry":{"type":"LineString","coordinates":[[3.4271623,48.8469362],[3.4265473,48.8476957],[3.4263389,48.8480172],[3.4262581,48.8483488],[3.4262489,48.8486775],[3.4263549,48.8492621]]}},{"type":"Feature","properties":{"relief":0.673,"sinuosity":0,"highway":"tertiary"},"geometry":{"type":"LineString","coordinates":[[3.4122135,48.8467092],[3.4121883,48.8467352],[3.4121038,48.8467573],[3.4119898,48.8467793],[3.4092393,48.8470908],[3.401334,48.8480046]]}},{"type":"Feature","properties":{"relief":0.82,"sinuosity":0,"highway":"motorway","name":"Autoroute du Nord"},"geometry":{"type":"LineString","coordinates":[[2.4942934,48.9779203],[2.4968767,48.9796307],[2.4981939,48.9805015]]}},{"type":"Feature","properties":{"relief":0.597,"sinuosity":0,"highway":"motorway_link"},"geometry":{"type":"LineString","coordinates":[[2.5020633,48.9822293],[2.5022306,48.9823402],[2.5025262,48.982484],[2.5028557,48.9826542],[2.5032697,48.9829132],[2.5036559,48.9831918],[2.5040444,48.9835237],[2.5043401,48.9838365],[2.5047347,48.9843265]]}},{"type":"Feature","properties":{"relief":0.386,"sinuosity":0,"highway":"tertiary"},"geometry":{"type":"LineString","coordinates":[[3.4450273,48.8061029],[3.4446558,48.8063931],[3.4444412,48.8065623],[3.4443319,48.8066449],[3.4442706,48.80669],[3.4441924,48.8067455],[3.4441207,48.8067955],[3.4440969,48.8068112],[3.4440355,48.8068515],[3.4439497,48.8069032],[3.4438513,48.8069585],[3.4437338,48.8070167],[3.4436021,48.8070777],[3.4434447,48.8071492],[3.4433254,48.8071991],[3.4431913,48.8072499],[3.4430739,48.8072914],[3.4428286,48.8073708],[3.4418475,48.8076738]]}},{"type":"Feature","properties":{"relief":0.528,"sinuosity":0,"highway":"tertiary"},"geometry":{"type":"LineString","coordinates":[[3.4912526,48.9221507],[3.4904809,48.9224776],[3.4865708,48.9238104]]}},{"type":"Feature","properties":{"relief":0.807,"sinuosity":0,"highway":"tertiary"},"geometry":{"type":"LineString","coordinates":[[3.5883914,49.1617066],[3.5890303,49.1622968],[3.5895233,49.162762],[3.5897526,49.1629458],[3.590009,49.1630757],[3.5903711,49.1631743],[3.5907606,49.1632215],[3.5938441,49.1634124]]}},{"type":"Feature","properties":{"relief":0.753,"sinuosity":0,"highway":"tertiary","name":"Rue de Ouencé"},"geometry":{"type":"LineString","coordinates":[[1.6407452,48.6061285],[1.6408058,48.606095],[1.6409526,48.6060136],[1.6413414,48.605798],[1.6417444,48.6055889],[1.641902,48.6055071],[1.6420902,48.6054146],[1.642535,48.6051772],[1.6427655,48.6050749],[1.6430117,48.6049758],[1.6443213,48.6044483]]}},{"type":"Feature","properties":{"relief":0.696,"sinuosity":0,"highway":"tertiary"},"geometry":{"type":"LineString","coordinates":[[3.5497984,49.1148638],[3.5498034,49.1150638],[3.5498362,49.1153337],[3.5498739,49.1154466],[3.5499327,49.1155534],[3.5500086,49.1156614],[3.5500807,49.115752],[3.5501736,49.1158501],[3.5503159,49.1159618],[3.5508366,49.11639],[3.5529502,49.1179559]]}},{"type":"Feature","properties":{"relief":0.57,"sinuosity":0.7,"highway":"tertiary"},"geometry":{"type":"LineString","coordinates":[[3.4916695,49.2266349],[3.4913988,49.2265664],[3.4912164,49.2266014],[3.4909021,49.2267216],[3.49068,49.2267206],[3.4898968,49.2265524],[3.4881587,49.226146],[3.4847791,49.2254103]]}},{"type":"Feature","properties":{"relief":0.515,"sinuosity":0,"highway":"tertiary","name":"Rue de l'Aubetin"},"geometry":{"type":"LineString","coordinates":[[3.0540986,48.7554792],[3.0540101,48.756027],[3.0539706,48.7562602],[3.0539082,48.7564478],[3.0537915,48.756645],[3.0536816,48.7567741],[3.0535153,48.7569076],[3.0533543,48.7570119],[3.0530539,48.7571702],[3.0527656,48.7573063],[3.0521306,48.7576462]]}},{"type":"Feature","properties":{"relief":0.629,"sinuosity":0,"highway":"tertiary"},"geometry":{"type":"LineString","coordinates":[[3.3869673,48.7122923],[3.3863646,48.7130239],[3.385953,48.7135106],[3.3855741,48.7140291],[3.3852128,48.7147481]]}},{"type":"Feature","properties":{"relief":0.597,"sinuosity":0,"highway":"tertiary","name":"Route de Provins"},"geometry":{"type":"LineString","coordinates":[[3.3506861,48.6791188],[3.3509282,48.6792779],[3.351088,48.679365],[3.3512251,48.6794256],[3.3513608,48.6794671],[3.351463,48.6794878],[3.3515665,48.6795001],[3.3516724,48.6795056],[3.3517831,48.6795036],[3.3517931,48.6795015],[3.3523333,48.6793878],[3.3541184,48.6790123],[3.3542652,48.6789944]]}},{"type":"Feature","properties":{"relief":0.74,"sinuosity":0,"highway":"tertiary"},"geometry":{"type":"LineString","coordinates":[[3.5341216,49.2511794],[3.5338499,49.2513991],[3.5336044,49.2515418],[3.5332437,49.251733],[3.5330384,49.2518637],[3.5328856,49.2520206],[3.5327678,49.2522227],[3.5322089,49.2533724]]}},{"type":"Feature","properties":{"relief":0.512,"sinuosity":0,"highway":"tertiary"},"geometry":{"type":"LineString","coordinates":[[3.5322089,49.2533724],[3.5317928,49.2542169],[3.531673,49.2544648],[3.5316378,49.2545493],[3.5316177,49.2546246],[3.5316096,49.2547104],[3.531611,49.2547655],[3.5316215,49.2548116],[3.5316539,49.254875],[3.5316928,49.2549275],[3.5318224,49.2550356],[3.5319825,49.2551559],[3.5324611,49.2554661],[3.5327134,49.2556382]]}},{"type":"Feature","properties":{"relief":0.75,"sinuosity":0,"highway":"tertiary"},"geometry":{"type":"LineString","coordinates":[[1.8860652,49.1154182],[1.8867576,49.1160037],[1.8869539,49.1161706],[1.8874938,49.1166354],[1.8881158,49.1171594],[1.8893212,49.1181687]]}},{"type":"Feature","properties":{"relief":0.761,"sinuosity":0,"highway":"tertiary","name":"Rue de la Ferté-sous-Jouarre"},"geometry":{"type":"LineString","coordinates":[[3.0816567,48.9547454],[3.0817014,48.9547779],[3.0817455,48.9548002],[3.0818012,48.9548125],[3.0818622,48.9548187],[3.081935,48.9548152],[3.0826049,48.9547093],[3.083434,48.9545638],[3.0841079,48.9544594],[3.0843729,48.954421],[3.084647,48.9543859],[3.08494,48.9543511],[3.0855198,48.9542898]]}},{"type":"Feature","properties":{"relief":0.867,"sinuosity":0,"highway":"tertiary"},"geometry":{"type":"LineString","coordinates":[[3.0860154,48.9268776],[3.085342,48.927001],[3.0849274,48.9269774],[3.0846165,48.9269537],[3.0839634,48.926845],[3.0832999,48.9266816],[3.0830871,48.9266502],[3.0828532,48.9266322],[3.0825807,48.9266492],[3.0807513,48.9268504]]}},{"type":"Feature","properties":{"relief":0.717,"sinuosity":0,"highway":"secondary","name":"Avenue de la Ferté"},"geometry":{"type":"LineString","coordinates":[[3.1443761,48.9381396],[3.1450303,48.937948],[3.1457269,48.9377416],[3.1473366,48.9372662],[3.1477197,48.9371557]]}},{"type":"Feature","properties":{"relief":0.773,"sinuosity":0,"highway":"tertiary","name":"Rue du Moulin Neuf"},"geometry":{"type":"LineString","coordinates":[[2.5403497,48.6914774],[2.5404582,48.6915378],[2.5408366,48.6917771],[2.5419617,48.6924654],[2.5424924,48.6928182],[2.5425559,48.6928698],[2.5425886,48.6929537],[2.542589,48.6933594],[2.5426148,48.6934445]]}},{"type":"Feature","properties":{"relief":0.75,"sinuosity":0,"highway":"tertiary"},"geometry":{"type":"LineString","coordinates":[[3.2441434,48.9344022],[3.2440498,48.9347065],[3.2438344,48.9352192],[3.243358,48.9365989],[3.2428041,48.9380097]]}},{"type":"Feature","properties":{"relief":0.65,"sinuosity":0,"highway":"tertiary"},"geometry":{"type":"LineString","coordinates":[[3.1742823,49.1388483],[3.1734486,49.139067],[3.1721687,49.1394028],[3.1708692,49.139679],[3.1707144,49.1397562],[3.1704784,49.1398531]]}},{"type":"Feature","properties":{"relief":0.564,"sinuosity":0,"highway":"tertiary"},"geometry":{"type":"LineString","coordinates":[[3.0818595,49.1019624],[3.0819856,49.1021459],[3.082131,49.102315],[3.0826825,49.102854],[3.0832162,49.1031327],[3.0835459,49.1032733],[3.0838566,49.1034268],[3.0840011,49.1035187],[3.0843204,49.1037395],[3.0846259,49.1039725]]}},{"type":"Feature","properties":{"relief":0.697,"sinuosity":0,"highway":"tertiary"},"geometry":{"type":"LineString","coordinates":[[2.9943725,49.1270013],[2.9932115,49.1263889],[2.9898463,49.1246019]]}},{"type":"Feature","properties":{"relief":0.445,"sinuosity":0.725,"highway":"motorway_link"},"geometry":{"type":"LineString","coordinates":[[2.5347347,49.0282858],[2.5359599,49.027648],[2.5362251,49.0274586],[2.5364168,49.0272691],[2.536486,49.0271335],[2.5365365,49.027027],[2.5365682,49.0268442],[2.5365636,49.026697],[2.5364806,49.0263192]]}},{"type":"Feature","properties":{"relief":0.75,"sinuosity":0,"highway":"primary","name":"Route de l'Europe"},"geometry":{"type":"LineString","coordinates":[[2.4689591,48.9832457],[2.4686859,48.9829459],[2.4685061,48.9827359],[2.4682516,48.9824356],[2.4680017,48.9821291],[2.4677955,48.9818531],[2.467496,48.9814805],[2.4672352,48.9811564],[2.4666475,48.9804879]]}},{"type":"Feature","properties":{"relief":0.557,"sinuosity":0,"highway":"secondary","name":"Boulevard Georges Clemenceau"},"geometry":{"type":"LineString","coordinates":[[1.6871123,49.0008457],[1.6870745,49.0006642],[1.6870648,49.0006145],[1.6870192,49.0003809],[1.687007,49.000321],[1.6869594,49.0000835],[1.6868775,48.9996831],[1.6868734,48.9996373],[1.6868721,48.9995968],[1.6868738,48.9995736],[1.6869163,48.9995027],[1.68694,48.9994678],[1.6870116,48.9993698],[1.6871613,48.9991509],[1.6872119,48.9990769],[1.6874292,48.9987592],[1.6876056,48.9984967]]}},{"type":"Feature","properties":{"relief":0.4,"sinuosity":0,"highway":"tertiary"},"geometry":{"type":"LineString","coordinates":[[1.4685908,48.0810075],[1.4664517,48.0830232],[1.4655222,48.0839177]]}},{"type":"Feature","properties":{"relief":0.398,"sinuosity":0,"highway":"tertiary"},"geometry":{"type":"LineString","coordinates":[[1.463363,48.0915525],[1.4631969,48.0920922],[1.4630286,48.0925808],[1.4629233,48.0928298],[1.4628299,48.0930063],[1.4627224,48.0931592],[1.4620106,48.0938775]]}},{"type":"Feature","properties":{"relief":0.527,"sinuosity":0,"highway":"primary"},"geometry":{"type":"LineString","coordinates":[[2.2719772,49.1591143],[2.272664,49.159315],[2.2733296,49.1595226],[2.2738958,49.1597142],[2.2745588,49.1599568],[2.2751956,49.1602099],[2.2757897,49.1604633]]}},{"type":"Feature","properties":{"relief":0.9,"sinuosity":0,"highway":"primary"},"geometry":{"type":"LineString","coordinates":[[2.2789769,49.1620009],[2.2808749,49.1629418],[2.2813284,49.1631657],[2.2817335,49.1633652],[2.2821631,49.1635646]]}},{"type":"Feature","properties":{"relief":0.478,"sinuosity":0,"highway":"secondary"},"geometry":{"type":"LineString","coordinates":[[2.2297029,49.1858784],[2.2288299,49.1863812],[2.2283807,49.1866926],[2.2280882,49.186937],[2.2277915,49.1872236],[2.2273881,49.1876132],[2.2267726,49.1881483]]}},{"type":"Feature","properties":{"relief":0.737,"sinuosity":0,"highway":"tertiary"},"geometry":{"type":"LineString","coordinates":[[3.1282171,48.7440589],[3.1274107,48.7445431],[3.1265792,48.7449572],[3.1247002,48.7456747]]}},{"type":"Feature","properties":{"relief":0.8,"sinuosity":0,"highway":"secondary"},"geometry":{"type":"LineString","coordinates":[[3.1720417,48.7195084],[3.1728782,48.7207942],[3.1736849,48.7220099]]}},{"type":"Feature","properties":{"relief":0.588,"sinuosity":0,"highway":"tertiary"},"geometry":{"type":"LineString","coordinates":[[3.1730124,48.7370191],[3.1728441,48.7370142],[3.1726637,48.7369983],[3.1724893,48.7369731],[3.172317,48.7369435],[3.1719864,48.7368736],[3.1709953,48.736637],[3.1705018,48.7365167],[3.1703335,48.7364774],[3.1701732,48.7364464],[3.1700029,48.7364207],[3.1698246,48.7364057],[3.1696536,48.7364035],[3.1694859,48.7364132],[3.1691399,48.7364566]]}},{"type":"Feature","properties":{"relief":0.697,"sinuosity":0,"highway":"tertiary","name":"Route de Montargis"},"geometry":{"type":"LineString","coordinates":[[2.6951164,48.1297177],[2.6951563,48.1293234],[2.6951813,48.1291404],[2.6952393,48.1289338],[2.6952812,48.1287869],[2.6953363,48.1285938],[2.6953613,48.1285062],[2.695405,48.128353],[2.6955551,48.1278718],[2.6956614,48.1275153],[2.6957571,48.1271676]]}},{"type":"Feature","properties":{"relief":0.75,"sinuosity":0,"highway":"primary","name":"Route de Paris"},"geometry":{"type":"LineString","coordinates":[[3.4838224,48.4986584],[3.4839531,48.4986814],[3.4840928,48.4986846],[3.4843365,48.4986639],[3.4848697,48.4985723],[3.4850691,48.498538],[3.4868875,48.4982123],[3.4872054,48.4981657],[3.4880767,48.4980179]]}},{"type":"Feature","properties":{"relief":0.576,"sinuosity":0,"highway":"motorway","name":"Autoroute du Soleil"},"geometry":{"type":"LineString","coordinates":[[2.5550288,48.3996231],[2.5549665,48.3992942],[2.5548443,48.3987975],[2.5546957,48.3982652],[2.5544476,48.39737],[2.5543518,48.3969807]]}},{"type":"Feature","properties":{"relief":0.59,"sinuosity":0,"highway":"tertiary"},"geometry":{"type":"LineString","coordinates":[[1.5505008,48.4335051],[1.5509474,48.4335742],[1.551461,48.4336928],[1.5521682,48.4340484],[1.5528382,48.4343595],[1.5533965,48.434562],[1.5539697,48.4346806]]}},{"type":"Feature","properties":{"relief":0.813,"sinuosity":0,"highway":"tertiary"},"geometry":{"type":"LineString","coordinates":[[1.7436098,48.2161263],[1.7434138,48.2166732],[1.7433281,48.217469],[1.7433342,48.218277],[1.7433771,48.2187382]]}},{"type":"Feature","properties":{"relief":0.652,"sinuosity":0.7,"highway":"tertiary"},"geometry":{"type":"LineString","coordinates":[[1.7788682,48.2105696],[1.7783374,48.2098325],[1.7782148,48.2097215],[1.7780314,48.2095996],[1.7774574,48.2093039],[1.7772984,48.2092118],[1.7771524,48.2090597],[1.7770523,48.2088921],[1.7769452,48.2086441],[1.7768338,48.2085329]]}},{"type":"Feature","properties":{"relief":0.827,"sinuosity":0.817,"highway":"tertiary","name":"Rue du Haut Bois"},"geometry":{"type":"LineString","coordinates":[[1.392568,48.5316655],[1.3932378,48.5320909],[1.3934281,48.5323834],[1.3935618,48.5327858],[1.3936771,48.5329671],[1.3938728,48.5332258],[1.3940235,48.5332802],[1.3941291,48.5332822],[1.3943195,48.5332325],[1.3945721,48.5331562],[1.3947807,48.5331198],[1.3949627,48.5331702]]}},{"type":"Feature","properties":{"relief":0.525,"sinuosity":0,"highway":"tertiary"},"geometry":{"type":"LineString","coordinates":[[1.4219218,48.5329979],[1.4219828,48.5323734],[1.4221108,48.5317522],[1.4220155,48.5313893],[1.4218487,48.5311421],[1.4214754,48.5307792],[1.4210783,48.5304058]]}},{"type":"Feature","properties":{"relief":0.767,"sinuosity":0,"highway":"tertiary"},"geometry":{"type":"LineString","coordinates":[[1.4177744,48.5257667],[1.4175679,48.5255352],[1.4173534,48.525046],[1.4173137,48.5246305],[1.4172978,48.5242255],[1.417274,48.5237836],[1.4172025,48.5235311],[1.4170727,48.5231493]]}},{"type":"Feature","properties":{"relief":0.645,"sinuosity":0.7,"highway":"trunk_link"},"geometry":{"type":"LineString","coordinates":[[1.4626028,48.509197],[1.4625566,48.5091213],[1.4626182,48.5089127],[1.4626458,48.5087355],[1.4626272,48.5082944],[1.4625997,48.5075259],[1.4625934,48.5074111],[1.4625614,48.507305],[1.4625102,48.5072113],[1.462443,48.5071323],[1.4623646,48.5070804],[1.4621785,48.5069858],[1.4620598,48.5069352],[1.4620197,48.5069181]]}},{"type":"Feature","properties":{"relief":0.419,"sinuosity":0,"highway":"tertiary","name":"Rue Reverseleux"},"geometry":{"type":"LineString","coordinates":[[2.1409679,48.4241876],[2.1407066,48.4242301],[2.1402573,48.4243122],[2.14012,48.4243236],[2.1399912,48.4243293],[2.1394774,48.4242706],[2.1389269,48.4242154],[2.1385235,48.4241755],[2.1383026,48.4241727],[2.1381122,48.4241959],[2.1376454,48.4243116],[2.1375021,48.4243433],[2.1374355,48.424336],[2.1373688,48.4243287]]}},{"type":"Feature","properties":{"relief":0.653,"sinuosity":0,"highway":"secondary"},"geometry":{"type":"LineString","coordinates":[[3.1636803,48.7102424],[3.1626331,48.712304],[3.1625816,48.7124682],[3.162573,48.7126664]]}},{"type":"Feature","properties":{"relief":0.67,"sinuosity":0,"highway":"tertiary","name":"Rue du Grand Morin"},"geometry":{"type":"LineString","coordinates":[[3.0981123,48.8006775],[3.097996,48.8008934],[3.0979236,48.8010319],[3.0978592,48.8012077],[3.0978485,48.8012611],[3.097827,48.8013428],[3.0978029,48.8014027],[3.0974787,48.8020049],[3.097413,48.8021179],[3.0973536,48.8022263],[3.097281,48.8023611],[3.0971155,48.8026662],[3.0970352,48.8028143],[3.0969715,48.8029317],[3.0969257,48.8030235],[3.0968906,48.8030916]]}},{"type":"Feature","properties":{"relief":0.75,"sinuosity":0,"highway":"secondary","name":"Route de Gallardon"},"geometry":{"type":"LineString","coordinates":[[1.5934814,48.5757783],[1.5934656,48.5759705],[1.5934192,48.5761359],[1.5931779,48.5766043],[1.5929109,48.5771225],[1.5927804,48.5775008],[1.5927376,48.5776308],[1.5926116,48.5780293],[1.5924658,48.578427]]}},{"type":"Feature","properties":{"relief":0.51,"sinuosity":0.7,"highway":"tertiary"},"geometry":{"type":"LineString","coordinates":[[1.5860205,48.5344201],[1.5860378,48.5343856],[1.5860378,48.534367],[1.5860235,48.5343388],[1.5858782,48.5341813],[1.5857227,48.5340029],[1.5854705,48.5336743],[1.5853579,48.5335357],[1.585264,48.5334354],[1.5850877,48.5332584],[1.5842428,48.5324847],[1.5833807,48.5317257]]}},{"type":"Feature","properties":{"relief":0.507,"sinuosity":0,"highway":"tertiary"},"geometry":{"type":"LineString","coordinates":[[1.6305882,48.5767965],[1.6306259,48.5768625],[1.6307706,48.5771159],[1.6310066,48.5775347],[1.6311568,48.5777832],[1.6312641,48.5779748],[1.6314036,48.5781665],[1.6315109,48.5783013],[1.6316503,48.5784504],[1.6318435,48.5785853],[1.6320645,48.5787226],[1.6321975,48.5788053],[1.6324765,48.5789757]]}},{"type":"Feature","properties":{"relief":0.753,"sinuosity":0,"highway":"tertiary"},"geometry":{"type":"LineString","coordinates":[[1.6414405,48.5929392],[1.6419994,48.5932198],[1.6422934,48.593404],[1.6425401,48.5935743],[1.6427332,48.5937588],[1.6428808,48.593966],[1.6429371,48.5942096],[1.6429465,48.5946658],[1.6429656,48.5950631]]}},{"type":"Feature","properties":{"relief":0.75,"sinuosity":0,"highway":"tertiary"},"geometry":{"type":"LineString","coordinates":[[2.5457022,49.2587082],[2.543676,49.259064],[2.5434234,49.2591543],[2.5431852,49.2592601],[2.5427434,49.2594943],[2.5427089,49.2595278],[2.5423691,49.2598579]]}},{"type":"Feature","properties":{"relief":0.773,"sinuosity":0,"highway":"tertiary","name":"Rue Paul Niclausse"},"geometry":{"type":"LineString","coordinates":[[3.0216176,48.8011362],[3.0214803,48.8013124],[3.0213234,48.8015133],[3.021263,48.801576],[3.0208185,48.8021467],[3.0207621,48.8022509],[3.0207343,48.8023236],[3.0207068,48.8024238],[3.0206978,48.8024892],[3.0206981,48.8025574],[3.0207189,48.8026453],[3.0207798,48.8028361],[3.020976,48.8033873],[3.020978,48.8035021]]}},{"type":"Feature","properties":{"relief":0.617,"sinuosity":0,"highway":"tertiary"},"geometry":{"type":"LineString","coordinates":[[3.574528,48.5335616],[3.5743439,48.5332813],[3.5740462,48.5328675],[3.5737449,48.5324693],[3.5735902,48.5322813],[3.5733649,48.5320042],[3.5719002,48.5303926]]}},{"type":"Feature","properties":{"relief":0.75,"sinuosity":0,"highway":"tertiary","name":"Chemin de la Demi-Lune"},"geometry":{"type":"LineString","coordinates":[[1.9607275,48.9944108],[1.9604472,48.9944872],[1.9598033,48.9946142],[1.9585168,48.994758],[1.9581492,48.994797],[1.9505166,48.9956068]]}},{"type":"Feature","properties":{"relief":0.75,"sinuosity":0,"highway":"tertiary"},"geometry":{"type":"LineString","coordinates":[[3.2418091,49.0268654],[3.2417627,49.0270287],[3.2417106,49.0272414],[3.2416295,49.0274579],[3.2414905,49.02772],[3.2413514,49.0279441],[3.2411666,49.0282015],[3.2387662,49.0311022]]}},{"type":"Feature","properties":{"relief":0.893,"sinuosity":0,"highway":"tertiary","name":"Avenue du 8 Mai 1945"},"geometry":{"type":"LineString","coordinates":[[2.6049691,48.9387963],[2.6049865,48.9387276],[2.6050138,48.9386728],[2.6051127,48.9382951],[2.6051598,48.9381964],[2.6054138,48.9378499],[2.6055305,48.9376735],[2.6056555,48.937351],[2.6057259,48.9372226],[2.6058037,48.9371283],[2.60589,48.9370341],[2.6059103,48.9370143],[2.6060068,48.9369203],[2.6061987,48.9367751],[2.6064825,48.9366234],[2.6067605,48.9365324]]}},{"type":"Feature","properties":{"relief":0.75,"sinuosity":0,"highway":"tertiary"},"geometry":{"type":"LineString","coordinates":[[1.4864623,48.8940611],[1.4865474,48.8937383],[1.486606,48.8935955],[1.4866753,48.8934527],[1.4870087,48.8928764],[1.4873596,48.8922771],[1.4878379,48.8914531]]}},{"type":"Feature","properties":{"relief":0.898,"sinuosity":0.904,"highway":"tertiary"},"geometry":{"type":"LineString","coordinates":[[1.4856078,48.8923417],[1.4853947,48.8925271],[1.4852037,48.8925661],[1.4849803,48.8925455],[1.4848494,48.8924843],[1.4847522,48.8923561],[1.4846781,48.8917689],[1.4846345,48.8914426],[1.4840192,48.8906479]]}},{"type":"Feature","properties":{"relief":0.672,"sinuosity":0.766,"highway":"tertiary","name":"Route de Granville"},"geometry":{"type":"LineString","coordinates":[[2.0898955,48.5745603],[2.0904523,48.5746297],[2.0906317,48.57465],[2.0907435,48.5746578],[2.0908695,48.574662],[2.0911031,48.5746675],[2.0913246,48.5746727],[2.0925414,48.574727],[2.092596,48.5747195],[2.0926338,48.5746947],[2.092649,48.5746637],[2.0926586,48.5744025],[2.0926825,48.574378],[2.0927163,48.5743695],[2.0927767,48.5743706],[2.0932173,48.5744076],[2.0934161,48.5744251]]}},{"type":"Feature","properties":{"relief":0.594,"sinuosity":0,"highway":"secondary"},"geometry":{"type":"LineString","coordinates":[[3.2146601,48.315916],[3.2153824,48.315613],[3.2164565,48.3151575],[3.2169612,48.314905],[3.2172612,48.3146897],[3.2174892,48.3144897],[3.2179086,48.3141603]]}},{"type":"Feature","properties":{"relief":0.608,"sinuosity":0,"highway":"tertiary","name":"Rue de l'Aqueduc"},"geometry":{"type":"LineString","coordinates":[[2.4394001,48.5345402],[2.4392524,48.534171],[2.4391719,48.533869],[2.4390311,48.5332735],[2.4388936,48.5326867],[2.4387856,48.5322647],[2.4386644,48.5317295]]}},{"type":"Feature","properties":{"relief":0.45,"sinuosity":0,"highway":"tertiary"},"geometry":{"type":"LineString","coordinates":[[2.989161,48.9339581],[2.9892779,48.9338554],[2.9894106,48.9337675],[2.9895547,48.9336915],[2.9897098,48.9336179],[2.9904382,48.9333246],[2.9913626,48.9329812],[2.9914797,48.9329417],[2.9918897,48.9327937],[2.9922122,48.9326618],[2.9925229,48.9325259]]}},{"type":"Feature","properties":{"relief":0.427,"sinuosity":0,"highway":"tertiary","name":"Rue du Bois Bourdon"},"geometry":{"type":"LineString","coordinates":[[2.1411902,48.5915317],[2.1400533,48.5914507],[2.1394834,48.5914101],[2.1390655,48.5913343],[2.1367434,48.5903407]]}},{"type":"Feature","properties":{"relief":0.368,"sinuosity":0,"highway":"motorway","name":"L'Aquitaine"},"geometry":{"type":"LineString","coordinates":[[1.8522189,48.2631482],[1.8519316,48.2614947],[1.8516928,48.2598677]]}},{"type":"Feature","properties":{"relief":0.717,"sinuosity":0,"highway":"tertiary","name":"Rue Johnstone et Reckitt"},"geometry":{"type":"LineString","coordinates":[[2.407425,48.6593011],[2.4074653,48.6592863],[2.4076345,48.6592244],[2.4079093,48.6590852],[2.4088858,48.658635],[2.408951,48.6586079],[2.4089984,48.6585882],[2.4090602,48.6585626],[2.4094695,48.6583885],[2.4096721,48.658295],[2.4102803,48.658059],[2.410419,48.6580144],[2.4109853,48.657814]]}},{"type":"Feature","properties":{"relief":0.608,"sinuosity":0,"highway":"secondary"},"geometry":{"type":"LineString","coordinates":[[2.0494981,48.5635897],[2.0493298,48.5636029],[2.0478696,48.5637171],[2.0477115,48.5637295],[2.0474368,48.5637507],[2.0470146,48.5637829],[2.0461462,48.5638489],[2.0450831,48.5639334]]}},{"type":"Feature","properties":{"relief":0.8,"sinuosity":0,"highway":"tertiary"},"geometry":{"type":"LineString","coordinates":[[1.595994,48.5997037],[1.5969811,48.6002288],[1.5973943,48.6004809],[1.5975111,48.6005632],[1.5976238,48.600649],[1.5978595,48.6008494],[1.5980977,48.6010619],[1.5985411,48.6014849],[1.5995681,48.6025289]]}},{"type":"Feature","properties":{"relief":0.65,"sinuosity":0,"highway":"tertiary","name":"Rue Georges Léger"},"geometry":{"type":"LineString","coordinates":[[1.5983267,48.6138545],[1.5981499,48.6139282],[1.5975361,48.6141405],[1.5969315,48.6142947],[1.5963742,48.6144238],[1.5961145,48.614467],[1.5957781,48.6145173],[1.595426,48.6145526],[1.5947731,48.6145993]]}},{"type":"Feature","properties":{"relief":0.561,"sinuosity":0,"highway":"primary","name":"Avenue de Paris"},"geometry":{"type":"LineString","coordinates":[[2.0906868,48.5409248],[2.0926054,48.5411314],[2.0937366,48.5412552],[2.0940817,48.5412919],[2.0943847,48.5413555],[2.0952213,48.5415706]]}},{"type":"Feature","properties":{"relief":0.693,"sinuosity":0,"highway":"primary"},"geometry":{"type":"LineString","coordinates":[[3.2338643,48.3989645],[3.2342076,48.3976444],[3.2343712,48.3969303],[3.234728,48.3954414]]}},{"type":"Feature","properties":{"relief":0.888,"sinuosity":0,"highway":"secondary"},"geometry":{"type":"LineString","coordinates":[[1.9545002,49.2476512],[1.9573648,49.2482806],[1.9630877,49.2495468]]}},{"type":"Feature","properties":{"relief":0.75,"sinuosity":0,"highway":"secondary"},"geometry":{"type":"LineString","coordinates":[[1.9085003,49.2609853],[1.9087746,49.2609969],[1.9090623,49.2609949],[1.9093131,49.2609818],[1.9096577,49.2609573],[1.9112054,49.2608006],[1.9127168,49.2606593]]}},{"type":"Feature","properties":{"relief":0.853,"sinuosity":0,"highway":"motorway","name":"Autoroute de l’Est"},"geometry":{"type":"LineString","coordinates":[[3.5790716,49.1281335],[3.5781453,49.1281309],[3.5771167,49.1281281],[3.5753637,49.128143]]}},{"type":"Feature","properties":{"relief":0.833,"sinuosity":0,"highway":"primary"},"geometry":{"type":"LineString","coordinates":[[2.003289,48.4939465],[2.002087,48.4933976],[1.9949529,48.4898194]]}},{"type":"Feature","properties":{"relief":0.567,"sinuosity":0,"highway":"tertiary","name":"Avenue du Général Leclerc"},"geometry":{"type":"LineString","coordinates":[[3.2171499,48.9694909],[3.2174043,48.9696795],[3.2175836,48.9698982],[3.2176871,48.9700658],[3.2181563,48.9708255],[3.2186138,48.9721924]]}},{"type":"Feature","properties":{"relief":0.75,"sinuosity":0,"highway":"tertiary"},"geometry":{"type":"LineString","coordinates":[[3.395006,48.4890559],[3.3950242,48.4889771],[3.3950289,48.4889086],[3.3950222,48.48885],[3.3950081,48.4887984],[3.3949826,48.4887446],[3.3946735,48.4882696],[3.3946239,48.4881848],[3.394601,48.48813],[3.3945876,48.488066],[3.3945823,48.4879922],[3.394589,48.4879238],[3.3946145,48.4878287],[3.3946654,48.4877156],[3.3947352,48.4875887],[3.3947901,48.4874954],[3.3948612,48.4874074],[3.394939,48.4873345],[3.3951415,48.4871983],[3.3952636,48.4871389],[3.3954205,48.4870794],[3.3955881,48.4870109],[3.3957463,48.4869283],[3.3958764,48.4868492]]}},{"type":"Feature","properties":{"relief":0.433,"sinuosity":0,"highway":"tertiary"},"geometry":{"type":"LineString","coordinates":[[3.3522822,48.9007834],[3.3527931,48.8998719],[3.3533061,48.8989604],[3.3537335,48.8982105]]}},{"type":"Feature","properties":{"relief":0.773,"sinuosity":0,"highway":"tertiary"},"geometry":{"type":"LineString","coordinates":[[1.5965773,48.8255655],[1.5973131,48.8257158],[1.5989241,48.8260499],[1.5999834,48.8262756],[1.6006653,48.8264322]]}},{"type":"Feature","properties":{"relief":0.452,"sinuosity":0,"highway":"tertiary","name":"Chemin du Montoir à Marangis"},"geometry":{"type":"LineString","coordinates":[[2.8607563,48.3993392],[2.8600475,48.3993567],[2.8596227,48.3993252],[2.8587319,48.3991635],[2.8577993,48.3990672],[2.8574766,48.3990593],[2.8571816,48.3990682],[2.8558515,48.3991654]]}},{"type":"Feature","properties":{"relief":0.495,"sinuosity":0,"highway":"tertiary","name":"Rue du Marteau"},"geometry":{"type":"LineString","coordinates":[[2.0046603,48.4712309],[2.0046021,48.4712467],[2.004182,48.471424],[2.003822,48.471584],[2.0035391,48.4716985],[2.0033194,48.4717834],[2.0032006,48.471829],[2.0030812,48.471857],[2.0029154,48.4718863],[2.0027185,48.4719039],[2.0024101,48.4719141],[2.0017881,48.4719076],[2.0013574,48.471923],[2.0009318,48.471901]]}},{"type":"Feature","properties":{"relief":0.734,"sinuosity":0,"highway":"tertiary"},"geometry":{"type":"LineString","coordinates":[[2.9951005,48.2518689],[2.9946701,48.2517862],[2.9942273,48.2517614],[2.9937597,48.2517752],[2.9931141,48.2517449],[2.9913926,48.2515575],[2.9904656,48.2515107]]}},{"type":"Feature","properties":{"relief":0.617,"sinuosity":0,"highway":"secondary","name":"Rue André Thome"},"geometry":{"type":"LineString","coordinates":[[1.8750371,48.5780057],[1.8752164,48.5779108],[1.8753076,48.5778626],[1.8759246,48.5775233],[1.8760298,48.5774524],[1.8761113,48.5773743],[1.8764094,48.5770699],[1.8766466,48.5767847],[1.8769489,48.5765328],[1.8772407,48.5762886],[1.8772808,48.5762538],[1.8773136,48.576227],[1.8774348,48.5761279],[1.877479,48.5760918]]}},{"type":"Feature","properties":{"relief":0.453,"sinuosity":0,"highway":"secondary"},"geometry":{"type":"LineString","coordinates":[[1.8649098,48.5975787],[1.8658676,48.5968844],[1.8673036,48.595955],[1.8676982,48.5957048]]}},{"type":"Feature","properties":{"relief":0.477,"sinuosity":0,"highway":"tertiary","name":"Rue de Senlis"},"geometry":{"type":"LineString","coordinates":[[2.8559943,48.9925455],[2.8569808,48.9916309],[2.8581523,48.990511],[2.8582134,48.9904512]]}},{"type":"Feature","properties":{"relief":0.75,"sinuosity":0,"highway":"primary"},"geometry":{"type":"LineString","coordinates":[[2.471572,48.4847662],[2.4730055,48.4869173],[2.4734699,48.4875995]]}},{"type":"Feature","properties":{"relief":0.9,"sinuosity":0,"highway":"tertiary"},"geometry":{"type":"LineString","coordinates":[[2.02673,48.5768599],[2.0252544,48.5785515],[2.0251812,48.5786354],[2.0234947,48.5805176]]}},{"type":"Feature","properties":{"relief":0.623,"sinuosity":0,"highway":"tertiary"},"geometry":{"type":"LineString","coordinates":[[1.504443,48.8455662],[1.5046221,48.8456913],[1.5049815,48.8459526],[1.505593,48.8464715],[1.5063011,48.8470858],[1.5067947,48.84764]]}},{"type":"Feature","properties":{"relief":0.443,"sinuosity":0,"highway":"trunk"},"geometry":{"type":"LineString","coordinates":[[2.5042458,48.7572205],[2.5033473,48.7579508],[2.5028216,48.7583133],[2.5021349,48.7587182],[2.5014644,48.759086]]}},{"type":"Feature","properties":{"relief":0.75,"sinuosity":0,"highway":"tertiary"},"geometry":{"type":"LineString","coordinates":[[1.4603134,48.8710112],[1.4609786,48.8714946],[1.4619147,48.8721862],[1.4635293,48.8733488]]}},{"type":"Feature","properties":{"relief":0.9,"sinuosity":0,"highway":"primary"},"geometry":{"type":"LineString","coordinates":[[3.3608227,49.2056601],[3.3612264,49.2060292],[3.3615376,49.2062781],[3.3618702,49.2065304],[3.3623208,49.2068353],[3.3628197,49.2071823],[3.3632595,49.2074451],[3.363453,49.2075458]]}},{"type":"Feature","properties":{"relief":0.507,"sinuosity":0,"highway":"primary"},"geometry":{"type":"LineString","coordinates":[[3.3934433,49.1213304],[3.3940231,49.1193546],[3.3947069,49.1170465]]}},{"type":"Feature","properties":{"relief":0.652,"sinuosity":0,"highway":"primary"},"geometry":{"type":"LineString","coordinates":[[3.3966388,49.1104932],[3.3970543,49.109134],[3.3975492,49.1074908]]}},{"type":"Feature","properties":{"relief":0.73,"sinuosity":0,"highway":"primary","name":"Voie Express"},"geometry":{"type":"LineString","coordinates":[[3.3910781,49.0521186],[3.3915945,49.0520855],[3.3921776,49.0520394],[3.4021982,49.0511785]]}},{"type":"Feature","properties":{"relief":0.744,"sinuosity":0,"highway":"primary"},"geometry":{"type":"LineString","coordinates":[[3.3966426,48.9004942],[3.3969269,48.9004624],[3.397289,48.9004131],[3.3975223,48.9003848],[3.3980798,48.900302],[3.3986404,48.9002068],[3.3991822,48.9000992],[3.3997079,48.8999864],[3.4004084,48.8998189]]}},{"type":"Feature","properties":{"relief":0.384,"sinuosity":0,"highway":"secondary","name":"Rue des Longs Réages"},"geometry":{"type":"LineString","coordinates":[[1.6876172,48.599032],[1.6875694,48.5990592],[1.6873679,48.5991495],[1.6872693,48.5991946],[1.6871759,48.5992373],[1.6868844,48.5993698],[1.68672,48.5994374],[1.686345,48.5995975],[1.6861861,48.5996965],[1.685743,48.5999969],[1.6856778,48.6000388],[1.6853716,48.6002356],[1.6849951,48.6004525],[1.6848293,48.600542],[1.6845801,48.6006754]]}},{"type":"Feature","properties":{"relief":0.717,"sinuosity":0,"highway":"tertiary"},"geometry":{"type":"LineString","coordinates":[[2.384104,48.2633553],[2.3837393,48.2625625],[2.383694,48.2624599],[2.3835783,48.2621983],[2.3834603,48.2620197],[2.3833101,48.2618412],[2.3822801,48.2608698]]}},{"type":"Feature","properties":{"relief":0.73,"sinuosity":0.7,"highway":"secondary","name":"Rue de Francorville"},"geometry":{"type":"LineString","coordinates":[[2.4060998,48.2041135],[2.4061808,48.20413],[2.4067659,48.2042633],[2.4068592,48.2042826],[2.4069394,48.2042932],[2.4070624,48.2042909],[2.4072255,48.2042904],[2.4072965,48.2042973],[2.407358,48.2043055],[2.4074327,48.2043195],[2.4075623,48.2043656],[2.4076363,48.2044078],[2.4076894,48.2044452],[2.4077395,48.2044661],[2.4078662,48.2044956],[2.4081615,48.2045231],[2.4082321,48.204534],[2.4083125,48.2045536],[2.4085224,48.2046266],[2.4086214,48.2046669],[2.4086963,48.2046933],[2.4088341,48.2047278],[2.4091582,48.2047921],[2.4097945,48.2049133]]}},{"type":"Feature","properties":{"relief":0.78,"sinuosity":0,"highway":"tertiary"},"geometry":{"type":"LineString","coordinates":[[2.409427,48.1757559],[2.4083347,48.174634],[2.4075327,48.1739154],[2.4070199,48.1734066]]}},{"type":"Feature","properties":{"relief":0.623,"sinuosity":0.64,"highway":"secondary","name":"Route de Bouqueval"},"geometry":{"type":"LineString","coordinates":[[2.4092296,49.0143077],[2.4091518,49.0141391],[2.4090101,49.0139781],[2.4088395,49.0138493],[2.4086176,49.0137401],[2.40844,49.0136763],[2.4076683,49.0134603],[2.4071262,49.0133018],[2.4069553,49.0132432],[2.4067627,49.0131583],[2.4066271,49.0130815],[2.4064746,49.0129744],[2.4061927,49.0127511]]}},{"type":"Feature","properties":{"relief":0.75,"sinuosity":0,"highway":"tertiary"},"geometry":{"type":"LineString","coordinates":[[3.0936261,49.1642374],[3.0934989,49.1641782],[3.0933675,49.1641028],[3.0932616,49.1640362],[3.0931368,49.1639485],[3.0930537,49.1638818],[3.0928485,49.1636968],[3.0922076,49.1630719],[3.0918219,49.1626972],[3.0916809,49.1625428],[3.0916164,49.1624641],[3.0915605,49.1623798],[3.0915248,49.1623125],[3.0914745,49.1621985],[3.0914367,49.1620869]]}},{"type":"Feature","properties":{"relief":0.534,"sinuosity":0.813,"highway":"tertiary"},"geometry":{"type":"LineString","coordinates":[[2.4524936,48.1263838],[2.4525795,48.1265485],[2.4526009,48.1266631],[2.4526331,48.1268707],[2.4526438,48.1271572],[2.452676,48.1273649],[2.4527511,48.1274938],[2.452853,48.1275788],[2.4528799,48.1276012],[2.4530837,48.1276871],[2.4532554,48.1277444],[2.4536631,48.1278017],[2.4544329,48.1279048],[2.4552054,48.1280051]]}},{"type":"Feature","properties":{"relief":0.391,"sinuosity":0,"highway":"secondary"},"geometry":{"type":"LineString","coordinates":[[2.3221888,48.2420646],[2.3210925,48.2421076],[2.3200246,48.2421597],[2.3184586,48.2422102],[2.3163558,48.2422959]]}},{"type":"Feature","properties":{"relief":0.75,"sinuosity":0,"highway":"secondary"},"geometry":{"type":"LineString","coordinates":[[1.5097616,48.856098],[1.5091905,48.8562529],[1.5088223,48.8563243],[1.5081837,48.8564354],[1.5074529,48.8565949],[1.5062857,48.8568583],[1.5058649,48.8569927]]}},{"type":"Feature","properties":{"relief":0.526,"sinuosity":0,"highway":"secondary","name":"Belle Rue"},"geometry":{"type":"LineString","coordinates":[[2.0052135,48.111476],[2.0050152,48.1116329],[2.0047595,48.1117966],[2.0040725,48.1122266],[2.0036241,48.1125117],[2.0035462,48.1125574],[2.0024953,48.1132088],[2.0021671,48.1134236]]}},{"type":"Feature","properties":{"relief":0.433,"sinuosity":0,"highway":"tertiary"},"geometry":{"type":"LineString","coordinates":[[1.7862441,48.1291265],[1.7863619,48.1287541],[1.7864907,48.1285124],[1.786581,48.1283799],[1.7866208,48.1282994],[1.7868447,48.1279869],[1.7877862,48.1267916]]}},{"type":"Feature","properties":{"relief":0.417,"sinuosity":0,"highway":"tertiary"},"geometry":{"type":"LineString","coordinates":[[1.8667504,48.1220733],[1.8669972,48.1214914],[1.8672144,48.1210428],[1.8673955,48.1207841],[1.8683305,48.1196444]]}},{"type":"Feature","properties":{"relief":0.599,"sinuosity":0,"highway":"secondary"},"geometry":{"type":"LineString","coordinates":[[3.1679689,48.8926476],[3.1680335,48.8926047],[3.1680404,48.8926001],[3.1681381,48.8925351],[3.1681501,48.8925269],[3.1705987,48.8908625],[3.1735334,48.8888697]]}},{"type":"Feature","properties":{"relief":0.588,"sinuosity":0,"highway":"secondary"},"geometry":{"type":"LineString","coordinates":[[3.2165406,48.8597648],[3.2188292,48.8582167],[3.2226949,48.8556018]]}},{"type":"Feature","properties":{"relief":0.86,"sinuosity":0,"highway":"tertiary","name":"Avenue Anatole France"},"geometry":{"type":"LineString","coordinates":[[2.4256093,48.8951487],[2.425499,48.8950091],[2.4254248,48.8949153],[2.4249409,48.8942183],[2.4249063,48.8941684],[2.4245742,48.8936901],[2.4245476,48.8936518],[2.4245202,48.8936122],[2.424395,48.8934319],[2.4242763,48.8932746],[2.4242179,48.8931972],[2.4241393,48.8930883],[2.4240082,48.892941],[2.4236715,48.8924732]]}},{"type":"Feature","properties":{"relief":0.371,"sinuosity":0,"highway":"trunk"},"geometry":{"type":"LineString","coordinates":[[2.1787355,48.7381743],[2.1791191,48.7383657],[2.1791318,48.738373],[2.1811517,48.739372],[2.1838173,48.7406883]]}},{"type":"Feature","properties":{"relief":0.85,"sinuosity":0.751,"highway":"tertiary"},"geometry":{"type":"LineString","coordinates":[[3.5313945,49.0248639],[3.5315554,49.0249922],[3.5316673,49.0250717],[3.5317636,49.0251251],[3.5318524,49.0251455],[3.5319679,49.025154],[3.5321356,49.025142],[3.532244,49.0251174],[3.5323372,49.0250772],[3.5324331,49.0250232],[3.5327082,49.0248131],[3.5329925,49.0247144],[3.5332642,49.0246459],[3.5335777,49.0246157],[3.5338828,49.0245828],[3.5345976,49.0245801],[3.5350157,49.0246048]]}},{"type":"Feature","properties":{"relief":0.677,"sinuosity":0,"highway":"tertiary","name":"Route de Berchères"},"geometry":{"type":"LineString","coordinates":[[1.5086214,48.8095762],[1.5084664,48.8092649],[1.5082498,48.8086405],[1.5079591,48.8079557],[1.5074527,48.8073438],[1.5066753,48.8066202]]}},{"type":"Feature","properties":{"relief":0.9,"sinuosity":0,"highway":"tertiary","name":"Route de Berchères"},"geometry":{"type":"LineString","coordinates":[[1.5045961,48.8041702],[1.5043984,48.8040009],[1.5035868,48.803503],[1.5033457,48.8032635],[1.5031769,48.8030486],[1.5026677,48.8020345]]}},{"type":"Feature","properties":{"relief":0.9,"sinuosity":0,"highway":"secondary"},"geometry":{"type":"LineString","coordinates":[[1.5332404,48.8468266],[1.5317142,48.8471331],[1.5304813,48.8474686],[1.5299516,48.8476318],[1.529437,48.8478419]]}},{"type":"Feature","properties":{"relief":0.574,"sinuosity":0,"highway":"tertiary"},"geometry":{"type":"LineString","coordinates":[[1.7105088,48.2611078],[1.7105008,48.2617275],[1.7105068,48.2620123],[1.7105437,48.262515],[1.7105764,48.2630835],[1.7106476,48.2636251]]}},{"type":"Feature","properties":{"relief":0.405,"sinuosity":0,"highway":"tertiary"},"geometry":{"type":"LineString","coordinates":[[1.5531983,48.2854911],[1.5530217,48.2854336],[1.5525389,48.2853265],[1.5521634,48.2852551],[1.5518201,48.2852122],[1.5514982,48.2851766],[1.5509618,48.2851412],[1.5494383,48.2850338]]}},{"type":"Feature","properties":{"relief":0.853,"sinuosity":0,"highway":"tertiary"},"geometry":{"type":"LineString","coordinates":[[1.5608108,48.3092086],[1.5604675,48.3089518],[1.56021,48.308652],[1.5599096,48.3081953],[1.5596092,48.3077386],[1.5593732,48.3073818],[1.5590298,48.3070108],[1.5584719,48.3065398]]}},{"type":"Feature","properties":{"relief":0.401,"sinuosity":0,"highway":"tertiary"},"geometry":{"type":"LineString","coordinates":[[1.5551675,48.3049412],[1.5542019,48.3045559],[1.5530002,48.3040848],[1.5520953,48.3036681],[1.5518844,48.303571]]}},{"type":"Feature","properties":{"relief":0.509,"sinuosity":0,"highway":"tertiary"},"geometry":{"type":"LineString","coordinates":[[1.5516913,48.2811856],[1.5518308,48.2817211],[1.5519059,48.2818924],[1.5520561,48.2821994],[1.5522492,48.2825635],[1.5527213,48.2832989],[1.5531719,48.2839843]]}},{"type":"Feature","properties":{"relief":0.737,"sinuosity":0,"highway":"primary"},"geometry":{"type":"LineString","coordinates":[[1.7364302,48.7988144],[1.7354644,48.79877],[1.7345501,48.7987715],[1.7318591,48.7988026]]}},{"type":"Feature","properties":{"relief":0.9,"sinuosity":0,"highway":"tertiary"},"geometry":{"type":"LineString","coordinates":[[3.2062533,48.9441554],[3.2060286,48.9435482],[3.2055555,48.9422695],[3.2038136,48.9371282]]}},{"type":"Feature","properties":{"relief":0.403,"sinuosity":0,"highway":"tertiary"},"geometry":{"type":"LineString","coordinates":[[1.9557185,48.2276093],[1.9563392,48.2274891],[1.9573795,48.2273081],[1.9574138,48.2273015],[1.9574898,48.227288],[1.9575693,48.2272744],[1.9576219,48.2272653],[1.9576837,48.2272537],[1.9577132,48.2272486],[1.9577915,48.2272351],[1.9579817,48.2271984],[1.9601657,48.2267879]]}},{"type":"Feature","properties":{"relief":0.411,"sinuosity":0,"highway":"tertiary"},"geometry":{"type":"LineString","coordinates":[[1.9564024,48.2536127],[1.9585428,48.2536577],[1.9610667,48.2536952]]}},{"type":"Feature","properties":{"relief":0.9,"sinuosity":0,"highway":"tertiary","name":"Rue du Docteur Manichon"},"geometry":{"type":"LineString","coordinates":[[3.3683586,49.2057738],[3.3684227,49.2059424],[3.3684302,49.2059736],[3.3685171,49.2062026],[3.3687635,49.2068192],[3.3690037,49.2075647],[3.3690315,49.2076536],[3.3691802,49.2080762]]}},{"type":"Feature","properties":{"relief":0.434,"sinuosity":0,"highway":"motorway"},"geometry":{"type":"LineString","coordinates":[[2.2921802,48.9367682],[2.2945047,48.9372356],[2.2958665,48.9375077]]}},{"type":"Feature","properties":{"relief":0.519,"sinuosity":0,"highway":"motorway"},"geometry":{"type":"LineString","coordinates":[[2.3483491,48.7577957],[2.3496885,48.7564323],[2.3500916,48.7559978],[2.3505756,48.7555355]]}},{"type":"Feature","properties":{"relief":0.73,"sinuosity":0,"highway":"tertiary"},"geometry":{"type":"LineString","coordinates":[[2.93515,48.8918716],[2.9352014,48.8920162],[2.9352911,48.8921448],[2.9353425,48.8922042],[2.9355583,48.892343],[2.9358378,48.8924813],[2.9374532,48.8932566],[2.9378509,48.8934441],[2.9386998,48.8938377]]}},{"type":"Feature","properties":{"relief":0.703,"sinuosity":0,"highway":"tertiary"},"geometry":{"type":"LineString","coordinates":[[2.8591495,48.2663123],[2.8572358,48.2671559],[2.8570574,48.267205],[2.8568093,48.2672404],[2.8566893,48.2672309],[2.8564136,48.2671907],[2.8511028,48.2664694]]}},{"type":"Feature","properties":{"relief":0.543,"sinuosity":0.7,"highway":"tertiary"},"geometry":{"type":"LineString","coordinates":[[2.8431313,48.2637554],[2.8420615,48.2632039],[2.8417044,48.2630198],[2.8413718,48.2629627],[2.8408461,48.2628698],[2.8405028,48.2626984],[2.840464,48.2626681],[2.8392475,48.2617199]]}},{"type":"Feature","properties":{"relief":0.57,"sinuosity":0,"highway":"tertiary"},"geometry":{"type":"LineString","coordinates":[[3.4847865,48.7676853],[3.4849443,48.7677194],[3.4880185,48.7683839],[3.4882803,48.7684012],[3.4885627,48.7683934]]}},{"type":"Feature","properties":{"relief":0.65,"sinuosity":0,"highway":"tertiary"},"geometry":{"type":"LineString","coordinates":[[1.7800508,48.4471578],[1.7797754,48.4471737],[1.7793618,48.4472005],[1.7790301,48.4472308],[1.7786892,48.4472713],[1.7784306,48.4473082],[1.7781492,48.4473558],[1.7777762,48.4474337],[1.7774379,48.4475115],[1.7770667,48.4476107],[1.7766802,48.447725],[1.775766,48.4480105]]}},{"type":"Feature","properties":{"relief":0.9,"sinuosity":0,"highway":"tertiary"},"geometry":{"type":"LineString","coordinates":[[1.7148437,48.5320306],[1.7149081,48.5324072],[1.7150106,48.5328608],[1.7151119,48.533281],[1.7151227,48.5336434],[1.7151012,48.5338991],[1.7150368,48.5342259],[1.7149569,48.5345659]]}},{"type":"Feature","properties":{"relief":0.409,"sinuosity":0,"highway":"tertiary"},"geometry":{"type":"LineString","coordinates":[[1.7480983,48.4854016],[1.7477271,48.4857227],[1.7471906,48.4862845],[1.7469717,48.4865402],[1.7467829,48.4867609],[1.7462894,48.4873155],[1.7459354,48.4877635]]}},{"type":"Feature","properties":{"relief":0.637,"sinuosity":0,"highway":"tertiary"},"geometry":{"type":"LineString","coordinates":[[1.6866755,48.4071458],[1.6870576,48.408088],[1.6876902,48.4102119]]}},{"type":"Feature","properties":{"relief":0.787,"sinuosity":0,"highway":"tertiary"},"geometry":{"type":"LineString","coordinates":[[1.688918,48.4244506],[1.6879836,48.4237813],[1.6869871,48.4229704],[1.6862221,48.4224279]]}},{"type":"Feature","properties":{"relief":0.493,"sinuosity":0,"highway":"secondary"},"geometry":{"type":"LineString","coordinates":[[1.7668459,48.486704],[1.7668459,48.4871662],[1.7667493,48.4877635],[1.7665776,48.4886097],[1.7665347,48.4888017],[1.7664274,48.4890577],[1.7662244,48.4895969]]}},{"type":"Feature","properties":{"relief":0.75,"sinuosity":0,"highway":"tertiary"},"geometry":{"type":"LineString","coordinates":[[1.619055,48.5313214],[1.6181108,48.531698],[1.6174242,48.5319466],[1.6168663,48.5321314],[1.616405,48.5322592],[1.615799,48.5324822],[1.615544,48.5325801]]}},{"type":"Feature","properties":{"relief":1,"sinuosity":0.719,"highway":"tertiary"},"geometry":{"type":"LineString","coordinates":[[1.597608,48.5395765],[1.5970716,48.539747],[1.5966961,48.5398322],[1.5963206,48.5399956],[1.5956768,48.5403579],[1.5952511,48.5406058],[1.5950117,48.5406775],[1.594862,48.5406601],[1.5940225,48.5404818]]}},{"type":"Feature","properties":{"relief":0.75,"sinuosity":0,"highway":"tertiary"},"geometry":{"type":"LineString","coordinates":[[1.6438276,48.5489562],[1.6434306,48.5492971],[1.6433489,48.5493532],[1.642862,48.5496877],[1.6423041,48.5499931],[1.6416067,48.5503624],[1.6412374,48.5505091],[1.640802,48.550682]]}},{"type":"Feature","properties":{"relief":0.833,"sinuosity":0,"highway":"tertiary"},"geometry":{"type":"LineString","coordinates":[[1.5922611,48.6222666],[1.5920453,48.6229818],[1.5919871,48.6232059],[1.5919891,48.6232983],[1.5920436,48.623523],[1.5923221,48.6241647],[1.5927913,48.6250454]]}},{"type":"Feature","properties":{"relief":0.9,"sinuosity":0,"highway":"tertiary"},"geometry":{"type":"LineString","coordinates":[[1.6411297,48.5677804],[1.6412956,48.5678092],[1.6420895,48.567937],[1.642862,48.5680364],[1.6435594,48.5681145],[1.6439687,48.5681383],[1.6446322,48.5681358],[1.645181,48.5681383]]}},{"type":"Feature","properties":{"relief":0.9,"sinuosity":0,"highway":"tertiary"},"geometry":{"type":"LineString","coordinates":[[1.6388816,48.5578474],[1.6397975,48.5581849],[1.6398525,48.5582064],[1.6399083,48.5582312],[1.6409415,48.5586853],[1.6414136,48.5588984],[1.6419178,48.5591256],[1.6430551,48.5596085]]}},{"type":"Feature","properties":{"relief":0.9,"sinuosity":0,"highway":"tertiary","name":"Rue de l'Église"},"geometry":{"type":"LineString","coordinates":[[1.6400657,48.5409417],[1.6401266,48.5409513],[1.640423,48.540837],[1.6405531,48.5408134],[1.6407008,48.5407866],[1.6410122,48.5407592],[1.64133,48.5407489],[1.6417108,48.5407766],[1.6420359,48.5408376],[1.6426903,48.5410862],[1.643487,48.5414189]]}},{"type":"Feature","properties":{"relief":0.378,"sinuosity":0,"highway":"tertiary"},"geometry":{"type":"LineString","coordinates":[[1.7334097,48.5631336],[1.7333927,48.5628969],[1.7333313,48.56204],[1.732571,48.5609565],[1.7320822,48.56026]]}},{"type":"Feature","properties":{"relief":0.368,"sinuosity":0,"highway":"tertiary"},"geometry":{"type":"LineString","coordinates":[[2.7690177,48.5445972],[2.7668205,48.5464723],[2.7661753,48.547028]]}},{"type":"Feature","properties":{"relief":0.585,"sinuosity":0,"highway":"tertiary"},"geometry":{"type":"LineString","coordinates":[[1.5075469,48.1712449],[1.5076021,48.1706437],[1.507645,48.1702437],[1.5077071,48.1698723],[1.5077124,48.1697269],[1.5076797,48.1695958],[1.507644,48.1694919],[1.5075673,48.1694214],[1.5075015,48.1693832],[1.5073986,48.1693295],[1.506514,48.1689666]]}},{"type":"Feature","properties":{"relief":0.78,"sinuosity":0,"highway":"tertiary"},"geometry":{"type":"LineString","coordinates":[[1.5341909,48.1271141],[1.5352773,48.127158],[1.5356717,48.1272291],[1.5360164,48.127339],[1.5372367,48.1277281],[1.5382504,48.1280326]]}},{"type":"Feature","properties":{"relief":0.63,"sinuosity":0,"highway":"tertiary"},"geometry":{"type":"LineString","coordinates":[[1.5158873,48.1283379],[1.5159574,48.1279899],[1.5160537,48.1273466],[1.5161764,48.1265863],[1.5162903,48.1258143]]}},{"type":"Feature","properties":{"relief":0.491,"sinuosity":0,"highway":"tertiary","name":"Rue Saint-Georges"},"geometry":{"type":"LineString","coordinates":[[1.5075469,48.1712449],[1.5072874,48.1712627],[1.5066815,48.1713152],[1.5061021,48.1714326],[1.5048004,48.1716736],[1.5045442,48.1717388],[1.5042945,48.1718223],[1.5032235,48.1722477]]}},{"type":"Feature","properties":{"relief":0.562,"sinuosity":0,"highway":"tertiary"},"geometry":{"type":"LineString","coordinates":[[1.5481543,48.128629],[1.5477917,48.1269422],[1.5472219,48.1244677]]}},{"type":"Feature","properties":{"relief":0.382,"sinuosity":0.707,"highway":"tertiary","name":"Rue de Neuvy"},"geometry":{"type":"LineString","coordinates":[[1.5124496,48.1709942],[1.5126723,48.1710689],[1.512814,48.1711567],[1.5129494,48.171301],[1.5130809,48.1715036],[1.5131115,48.1715468],[1.5131621,48.1715819],[1.5132323,48.1716068],[1.5136854,48.1716865],[1.5138428,48.1717165],[1.5141053,48.1717665],[1.5149094,48.1719284],[1.5150238,48.1719609],[1.5151042,48.1719941],[1.5152047,48.1720498],[1.5152618,48.1720907],[1.5159474,48.1728865]]}},{"type":"Feature","properties":{"relief":0.75,"sinuosity":0,"highway":"motorway","name":"Duplex A86"},"geometry":{"type":"LineString","coordinates":[[2.1469256,48.8446272],[2.1475123,48.8454783],[2.1480804,48.846406],[2.1487516,48.847528]]}},{"type":"Feature","properties":{"relief":0.843,"sinuosity":0,"highway":"tertiary"},"geometry":{"type":"LineString","coordinates":[[3.1722227,49.1060988],[3.1725284,49.1065867],[3.172902,49.1077051],[3.1729269,49.1082659],[3.1726729,49.1084974]]}},{"type":"Feature","properties":{"relief":0.75,"sinuosity":0,"highway":"tertiary"},"geometry":{"type":"LineString","coordinates":[[3.1726729,49.1084974],[3.1721748,49.1086604],[3.171114,49.1089766],[3.1705217,49.1091999],[3.1702463,49.1093376],[3.1699386,49.1095338],[3.1697407,49.1096963],[3.169536,49.1098032],[3.1691141,49.1099437]]}},{"type":"Feature","properties":{"relief":0.444,"sinuosity":0,"highway":"motorway","name":"Eco-Autoroute"},"geometry":{"type":"LineString","coordinates":[[2.3203272,48.1066585],[2.3198483,48.1068014],[2.3191957,48.1069915],[2.3185482,48.1071765],[2.3179073,48.107355],[2.3172598,48.1075301],[2.3166017,48.1077046]]}},{"type":"Feature","properties":{"relief":0.371,"sinuosity":0,"highway":"secondary","name":"Route de Courcelles"},"geometry":{"type":"LineString","coordinates":[[2.3273465,48.1227584],[2.3274086,48.1229295],[2.3280949,48.1245371],[2.328304,48.1250378],[2.330036,48.1291856]]}},{"type":"Feature","properties":{"relief":0.41,"sinuosity":0,"highway":"tertiary","name":"Rue du Général de Gaulle"},"geometry":{"type":"LineString","coordinates":[[2.6704416,48.6654036],[2.6701231,48.6659585],[2.6699345,48.6662826],[2.6697004,48.6666935],[2.669487,48.6670682],[2.6690247,48.6678553]]}},{"type":"Feature","properties":{"relief":0.594,"sinuosity":0,"highway":"secondary"},"geometry":{"type":"LineString","coordinates":[[1.6844039,48.4024146],[1.6853438,48.402357],[1.6861974,48.4022146],[1.6897097,48.4013853]]}},{"type":"Feature","properties":{"relief":0.563,"sinuosity":0,"highway":"tertiary","name":"Rue de Crossay"},"geometry":{"type":"LineString","coordinates":[[1.645989,48.4022275],[1.6428937,48.4025053],[1.6418812,48.4025044]]}},{"type":"Feature","properties":{"relief":0.518,"sinuosity":0,"highway":"tertiary"},"geometry":{"type":"LineString","coordinates":[[1.6627986,48.3983179],[1.6628788,48.3978645],[1.6629487,48.3961383],[1.6631014,48.394791]]}},{"type":"Feature","properties":{"relief":0.654,"sinuosity":0,"highway":"tertiary"},"geometry":{"type":"LineString","coordinates":[[2.643973,49.0767984],[2.6435628,49.0743132],[2.6431951,49.0719991]]}},{"type":"Feature","properties":{"relief":0.727,"sinuosity":0,"highway":"tertiary"},"geometry":{"type":"LineString","coordinates":[[1.5535723,48.1720812],[1.5520246,48.1699106],[1.5517985,48.169648]]}},{"type":"Feature","properties":{"relief":0.413,"sinuosity":0,"highway":"secondary"},"geometry":{"type":"LineString","coordinates":[[1.507065,48.128875],[1.5091533,48.1276517],[1.5108883,48.1267183]]}},{"type":"Feature","properties":{"relief":0.454,"sinuosity":0,"highway":"tertiary","name":"Route de Conie"},"geometry":{"type":"LineString","coordinates":[[1.422141,48.1544084],[1.421709,48.1544303],[1.421495,48.15445],[1.4212875,48.1544737],[1.420688,48.1545787],[1.4197707,48.1547326],[1.417244,48.1547935]]}},{"type":"Feature","properties":{"relief":0.787,"sinuosity":0,"highway":"secondary"},"geometry":{"type":"LineString","coordinates":[[1.508426,48.6314188],[1.5077654,48.6316828],[1.5071048,48.631974],[1.506008,48.632564],[1.5047874,48.6333176]]}},{"type":"Feature","properties":{"relief":0.72,"sinuosity":0,"highway":"tertiary"},"geometry":{"type":"LineString","coordinates":[[2.6135179,48.0813906],[2.6133923,48.0815455],[2.6132411,48.0817341],[2.6131246,48.0818878],[2.6130383,48.0820146],[2.6129637,48.0821332],[2.6128982,48.0822466],[2.6128367,48.0823643],[2.6127681,48.0824625],[2.6126534,48.082559],[2.6125575,48.0826267],[2.6124638,48.0826898],[2.6114566,48.0833234]]}},{"type":"Feature","properties":{"relief":0.372,"sinuosity":0,"highway":"tertiary"},"geometry":{"type":"LineString","coordinates":[[1.5765567,48.0834801],[1.577154,48.0829611],[1.5775063,48.0825945],[1.5777766,48.0822179],[1.577847,48.082087],[1.5780621,48.0816874],[1.5782318,48.0813592],[1.5783379,48.081154]]}},{"type":"Feature","properties":{"relief":0.677,"sinuosity":0.7,"highway":"tertiary","name":"Boulevard du Maréchal de Lattre de Tassigny"},"geometry":{"type":"LineString","coordinates":[[2.453948,48.6230897],[2.4540876,48.6229829],[2.4541759,48.6229148],[2.4544441,48.6227325],[2.4546537,48.6226075],[2.4547633,48.6225524],[2.4550987,48.6224179],[2.4554563,48.6222878],[2.4558933,48.6221446],[2.456505,48.6219484],[2.4568051,48.6218523],[2.4568313,48.6218308],[2.4568787,48.6218122]]}},{"type":"Feature","properties":{"relief":0.637,"sinuosity":0,"highway":"secondary","name":"Rue Gérard de Nerval"},"geometry":{"type":"LineString","coordinates":[[2.6769861,49.0716075],[2.6769228,49.0716996],[2.6766681,49.0719888],[2.6763493,49.0723671],[2.6760195,49.072777],[2.6757962,49.0730604],[2.6755952,49.0733258],[2.6755724,49.0733667],[2.6755223,49.0734453],[2.6754524,49.0735821],[2.6754159,49.0736472],[2.6753466,49.0737117],[2.6752862,49.0737723],[2.6752198,49.0738371]]}},{"type":"Feature","properties":{"relief":0.887,"sinuosity":0.7,"highway":"secondary","name":"Rue Gérard de Nerval"},"geometry":{"type":"LineString","coordinates":[[2.6751335,49.0737592],[2.6752278,49.0737336],[2.6753006,49.0736946],[2.6753512,49.0736442],[2.6754033,49.0735849],[2.6754836,49.0734341],[2.6756013,49.0732409],[2.6756604,49.0731635],[2.6757762,49.0730118],[2.6759867,49.0727531],[2.6762848,49.0723451],[2.6765083,49.0720509],[2.6766533,49.0719045],[2.676837,49.0717154],[2.6768547,49.0716996],[2.6768752,49.0716813],[2.6769861,49.0716075]]}},{"type":"Feature","properties":{"relief":0.416,"sinuosity":0,"highway":"tertiary","name":"Route de Boissise"},"geometry":{"type":"LineString","coordinates":[[2.6299958,48.5376699],[2.6300531,48.5376705],[2.6302962,48.537764],[2.6309447,48.538014],[2.6312344,48.5381129],[2.6318937,48.5382574],[2.6319577,48.5382689],[2.6322847,48.5383397],[2.6325821,48.538403],[2.6331625,48.5385269],[2.6334185,48.5385815],[2.6336619,48.5386393]]}},{"type":"Feature","properties":{"relief":0.45,"sinuosity":0,"highway":"tertiary"},"geometry":{"type":"LineString","coordinates":[[1.7514003,49.118041],[1.7513366,49.1177962],[1.7512394,49.1174349],[1.7511699,49.117179],[1.7511047,49.116939],[1.7511139,49.1167029],[1.7511635,49.1165294],[1.7513157,49.1162989],[1.7513426,49.1162728],[1.7514863,49.1161335],[1.7517939,49.1158406],[1.7520252,49.1156204]]}},{"type":"Feature","properties":{"relief":0.933,"sinuosity":0.7,"highway":"primary","name":"Route Nationale 1"},"geometry":{"type":"LineString","coordinates":[[2.2367307,49.161105],[2.2365613,49.161111],[2.2364226,49.1611618],[2.2360362,49.161464],[2.2350044,49.1622606],[2.2333567,49.1635275]]}},{"type":"Feature","properties":{"relief":0.683,"sinuosity":0,"highway":"primary","name":"Route Nationale 1"},"geometry":{"type":"LineString","coordinates":[[2.2325805,49.1640567],[2.2340353,49.1628596],[2.2350933,49.1620545]]}},{"type":"Feature","properties":{"relief":0.432,"sinuosity":0,"highway":"tertiary"},"geometry":{"type":"LineString","coordinates":[[1.5087567,48.5562132],[1.5086622,48.5561169],[1.5085526,48.5559664],[1.5083977,48.5557338],[1.5082616,48.5555276],[1.5081114,48.5553358],[1.5078114,48.5551779],[1.5073389,48.554931],[1.5068788,48.5546987],[1.5065128,48.5544979],[1.5062735,48.5543539]]}},{"type":"Feature","properties":{"relief":0.683,"sinuosity":0,"highway":"motorway","name":"L'Européenne"},"geometry":{"type":"LineString","coordinates":[[2.2314656,49.164297],[2.2321386,49.1635074],[2.2326879,49.1629237],[2.2332201,49.1624017],[2.2340355,49.1616945]]}},{"type":"Feature","properties":{"relief":0.572,"sinuosity":1,"highway":"motorway_link"},"geometry":{"type":"LineString","coordinates":[[2.2996423,48.9379912],[2.2998711,48.9380079],[2.300035,48.9380146],[2.3002008,48.9380126],[2.3003572,48.9379913],[2.3004947,48.9379545],[2.3006179,48.9378985],[2.300693,48.937851],[2.3007554,48.9377812],[2.3008005,48.9376846],[2.3008145,48.9375991],[2.3008067,48.9375207],[2.3007814,48.9374304],[2.3007251,48.9373474],[2.3006289,48.9372677],[2.3004899,48.937195],[2.3003126,48.9371358],[2.3001458,48.9371092],[2.2999953,48.9371071],[2.2998368,48.9371148],[2.2996441,48.9371447],[2.2995027,48.9371932],[2.2991984,48.9373373],[2.2986552,48.9375971]]}},{"type":"Feature","properties":{"relief":0.807,"sinuosity":0,"highway":"primary","name":"Route Nationale 6"},"geometry":{"type":"LineString","coordinates":[[3.3066178,48.1555833],[3.3071255,48.1552158],[3.3086516,48.1539884],[3.3090923,48.153523]]}},{"type":"Feature","properties":{"relief":0.461,"sinuosity":0,"highway":"primary"},"geometry":{"type":"LineString","coordinates":[[2.7667186,48.5211488],[2.7675262,48.5206496],[2.7699014,48.5191814]]}},{"type":"Feature","properties":{"relief":0.76,"sinuosity":0,"highway":"secondary"},"geometry":{"type":"LineString","coordinates":[[3.0826441,48.3516226],[3.0801831,48.3507406],[3.0792814,48.3504092]]}},{"type":"Feature","properties":{"relief":0.75,"sinuosity":0,"highway":"primary","name":"Route de Gisors"},"geometry":{"type":"LineString","coordinates":[[2.1802973,49.1940769],[2.1815765,49.1937065],[2.1829043,49.193209],[2.1839015,49.1928827]]}},{"type":"Feature","properties":{"relief":0.9,"sinuosity":0.803,"highway":"tertiary"},"geometry":{"type":"LineString","coordinates":[[3.5688396,48.2616557],[3.5686347,48.2619999],[3.5685606,48.262327],[3.5687205,48.262657],[3.5690209,48.2628999],[3.569419,48.2630698],[3.5705873,48.2634998]]}},{"type":"Feature","properties":{"relief":0.538,"sinuosity":0,"highway":"secondary"},"geometry":{"type":"LineString","coordinates":[[3.5322086,48.2578902],[3.5323389,48.2584475],[3.5326907,48.2596367],[3.5332064,48.261398]]}},{"type":"Feature","properties":{"relief":0.759,"sinuosity":0,"highway":"secondary"},"geometry":{"type":"LineString","coordinates":[[3.5332064,48.261398],[3.5337724,48.263409],[3.5338211,48.2635803],[3.5338536,48.2636947],[3.5342551,48.265239]]}},{"type":"Feature","properties":{"relief":0.546,"sinuosity":0,"highway":"primary"},"geometry":{"type":"LineString","coordinates":[[1.7768755,48.5087823],[1.7803705,48.5092603],[1.7810197,48.5093456]]}},{"type":"Feature","properties":{"relief":0.61,"sinuosity":0,"highway":"tertiary"},"geometry":{"type":"LineString","coordinates":[[1.418768,48.4254729],[1.4182009,48.4259054],[1.4174052,48.4264559],[1.4163471,48.4270288],[1.4158561,48.4274501]]}},{"type":"Feature","properties":{"relief":0.75,"sinuosity":0,"highway":"tertiary","name":"Rue Saint-Denis"},"geometry":{"type":"LineString","coordinates":[[3.5338314,49.1827915],[3.5337967,49.1825481],[3.5337391,49.1824259],[3.5336484,49.1822779],[3.5334292,49.1819765],[3.5334023,49.1819396],[3.5325976,49.181127],[3.5323136,49.1808237],[3.5319349,49.1802647]]}},{"type":"Feature","properties":{"relief":0.9,"sinuosity":0,"highway":"tertiary","name":"Rue Saint-Denis"},"geometry":{"type":"LineString","coordinates":[[3.5324998,49.1779256],[3.5326765,49.177676],[3.5329474,49.1772444],[3.5331025,49.1769973],[3.5334244,49.1764424],[3.5334496,49.1762319],[3.5334338,49.1759968],[3.5333833,49.1758462],[3.533194,49.175349]]}},{"type":"Feature","properties":{"relief":0.75,"sinuosity":0,"highway":"tertiary","name":"Rue Saint-Denis"},"geometry":{"type":"LineString","coordinates":[[3.533194,49.175349],[3.5330047,49.1750705],[3.5327365,49.1747095],[3.5323452,49.1743052],[3.5318277,49.1738492],[3.5312355,49.1734132],[3.5305023,49.1728734]]}},{"type":"Feature","properties":{"relief":0.75,"sinuosity":0,"highway":"tertiary","name":"Côte de Neauphle"},"geometry":{"type":"LineString","coordinates":[[1.8837281,48.8472765],[1.8834771,48.8474658],[1.8825548,48.8480404],[1.8815657,48.8484247],[1.880223,48.8488899]]}},{"type":"Feature","properties":{"relief":0.677,"sinuosity":0,"highway":"trunk_link"},"geometry":{"type":"LineString","coordinates":[[2.5026365,48.7582019],[2.504101,48.7569394],[2.5046508,48.7564991],[2.5049378,48.7562603],[2.5051363,48.7560199]]}},{"type":"Feature","properties":{"relief":0.75,"sinuosity":0,"highway":"primary"},"geometry":{"type":"LineString","coordinates":[[1.9611897,48.8485025],[1.9609791,48.8479204],[1.960747,48.8470969],[1.9606367,48.8463723],[1.9605461,48.8457482]]}},{"type":"Feature","properties":{"relief":0.9,"sinuosity":0,"highway":"tertiary"},"geometry":{"type":"LineString","coordinates":[[1.9072779,48.8490796],[1.9068769,48.8484603],[1.9048101,48.8452795]]}},{"type":"Feature","properties":{"relief":0.687,"sinuosity":0,"highway":"secondary","name":"Route du Bignon"},"geometry":{"type":"LineString","coordinates":[[2.9019675,48.1650502],[2.9028922,48.1645008],[2.9032585,48.1642344],[2.9035701,48.1639384],[2.9050168,48.1624318]]}},{"type":"Feature","properties":{"relief":0.563,"sinuosity":0,"highway":"primary"},"geometry":{"type":"LineString","coordinates":[[2.1809587,48.7282722],[2.1815332,48.7281195],[2.1822262,48.7279047],[2.1824438,48.7278134],[2.1826584,48.7277143],[2.1830869,48.727508],[2.1839057,48.7270979],[2.1843873,48.7268476]]}},{"type":"Feature","properties":{"relief":0.717,"sinuosity":0,"highway":"tertiary","name":"Rue d'Avrainville"},"geometry":{"type":"LineString","coordinates":[[2.2294493,48.570773],[2.228876,48.5711993],[2.2283862,48.5715486],[2.2279131,48.5719298],[2.227436,48.5723625],[2.227114,48.5726694],[2.2268686,48.5729646]]}},{"type":"Feature","properties":{"relief":0.893,"sinuosity":0,"highway":"secondary","name":"Route de Villiers"},"geometry":{"type":"LineString","coordinates":[[3.271024,48.9822929],[3.2701316,48.9839246],[3.2697821,48.9844299],[3.2695554,48.984742]]}},{"type":"Feature","properties":{"relief":0.598,"sinuosity":0,"highway":"secondary"},"geometry":{"type":"LineString","coordinates":[[2.4972525,48.7333462],[2.4977374,48.7323637],[2.4978752,48.7320852],[2.49829,48.7312784],[2.4986742,48.7304556]]}},{"type":"Feature","properties":{"relief":0.57,"sinuosity":0,"highway":"secondary","name":"Route de la Queue-en-Brie"},"geometry":{"type":"LineString","coordinates":[[2.5267095,48.7560302],[2.5273863,48.7565369],[2.527533,48.7566704],[2.5276033,48.7567343],[2.5288574,48.7578701],[2.5292495,48.7582286]]}},{"type":"Feature","properties":{"relief":0.63,"sinuosity":0,"highway":"primary"},"geometry":{"type":"LineString","coordinates":[[2.3516287,48.7121991],[2.3514609,48.7124101],[2.3512654,48.7126076],[2.3511002,48.7127566],[2.350858,48.7129377],[2.3505257,48.7131378],[2.3501204,48.7133332],[2.349495,48.7135426],[2.3491591,48.7136258],[2.3487948,48.7136974],[2.3481404,48.713754]]}},{"type":"Feature","properties":{"relief":0.727,"sinuosity":0,"highway":"secondary","name":"Boulevard de l'Oise"},"geometry":{"type":"LineString","coordinates":[[2.022438,49.0295066],[2.0226496,49.0290009],[2.0226995,49.0288807],[2.0227236,49.0288248],[2.022747,49.0287707],[2.0227598,49.0287444],[2.0228134,49.0286481],[2.0228386,49.028597],[2.0228615,49.0285457],[2.0228979,49.028452],[2.0229234,49.02835],[2.02295,49.028239],[2.0229837,49.0280835],[2.0230085,49.0279446],[2.0230127,49.0279214],[2.023024,49.0278408],[2.0230272,49.027768],[2.0230317,49.0276157],[2.0230307,49.0275533],[2.0230307,49.0274741],[2.0230229,49.0273207],[2.0230132,49.0272226],[2.0230012,49.0271074],[2.0229747,49.02695]]}},{"type":"Feature","properties":{"relief":0.554,"sinuosity":0,"highway":"primary"},"geometry":{"type":"LineString","coordinates":[[3.307763,48.2149536],[3.3073693,48.2153528],[3.3069811,48.2157145],[3.3066099,48.216043],[3.3060193,48.2165243],[3.3055545,48.2168674],[3.3049413,48.2172899]]}},{"type":"Feature","properties":{"relief":0.524,"sinuosity":0,"highway":"secondary","name":"Route de Chevry"},"geometry":{"type":"LineString","coordinates":[[2.9022719,48.1319057],[2.9022868,48.1318762],[2.9027359,48.1309542],[2.9028529,48.1306228],[2.9028733,48.1303744],[2.90285,48.1301258],[2.9027941,48.1296346],[2.9026261,48.1290375]]}},{"type":"Feature","properties":{"relief":0.479,"sinuosity":0,"highway":"secondary","name":"Avenue du Général de Gaulle"},"geometry":{"type":"LineString","coordinates":[[2.0017263,48.3150965],[2.0030281,48.3143396],[2.0035892,48.3140613],[2.0039246,48.3139198],[2.0043577,48.3137707],[2.0046942,48.3136765]]}},{"type":"Feature","properties":{"relief":0.597,"sinuosity":0,"highway":"tertiary","name":"Chemin des Acacias"},"geometry":{"type":"LineString","coordinates":[[2.7688141,48.0810013],[2.7688269,48.0810303],[2.7688978,48.0812213],[2.7690571,48.0815238],[2.7692014,48.0817286],[2.7696361,48.0822928],[2.7698222,48.0825418],[2.7700815,48.0829786],[2.7703205,48.0833414]]}},{"type":"Feature","properties":{"relief":0.444,"sinuosity":0,"highway":"secondary"},"geometry":{"type":"LineString","coordinates":[[3.196859,48.171693],[3.195717,48.1732188],[3.1951728,48.173728],[3.1949543,48.1739325]]}},{"type":"Feature","properties":{"relief":0.637,"sinuosity":0,"highway":"secondary"},"geometry":{"type":"LineString","coordinates":[[2.9443279,49.0980075],[2.9452422,49.0982691],[2.9459091,49.0984469],[2.9467566,49.0986925],[2.947116,49.0987927],[2.9477406,49.0989708],[2.9489417,49.099269]]}},{"type":"Feature","properties":{"relief":0.637,"sinuosity":0,"highway":"tertiary"},"geometry":{"type":"LineString","coordinates":[[2.9462059,49.1049642],[2.946612,49.1050196],[2.9471321,49.1050916],[2.9473426,49.1051219],[2.9477615,49.1051788],[2.9494697,49.10542],[2.9496498,49.1054485],[2.9502682,49.1055019]]}},{"type":"Feature","properties":{"relief":0.637,"sinuosity":0,"highway":"tertiary","name":"Route de Vaubrun"},"geometry":{"type":"LineString","coordinates":[[1.5069076,48.6409837],[1.5070773,48.6410684],[1.5071976,48.6411382],[1.5074746,48.6413276],[1.5078781,48.6417017],[1.5088689,48.6426141],[1.5095953,48.6432896]]}},{"type":"Feature","properties":{"relief":0.37,"sinuosity":0.7,"highway":"primary","name":"Rue de Pontoise"},"geometry":{"type":"LineString","coordinates":[[2.182345,49.0629821],[2.182476,49.0629655],[2.1826278,49.0629369],[2.1827182,49.0629171],[2.1828594,49.0628817],[2.1829637,49.0628633],[2.1830565,49.0628518],[2.1831759,49.0628565],[2.1832523,49.0628707],[2.1833194,49.0628929],[2.1834436,49.0629418],[2.1838742,49.0631366],[2.1840813,49.0632302],[2.1841227,49.0632509],[2.1843612,49.0633456],[2.1844921,49.0633822],[2.1847972,49.0634376],[2.1853179,49.0635148],[2.1854866,49.0635662],[2.1856593,49.0636481],[2.1858695,49.0637477]]}},{"type":"Feature","properties":{"relief":0.605,"sinuosity":0,"highway":"tertiary","name":"Rue des Marnières"},"geometry":{"type":"LineString","coordinates":[[1.4588669,48.6864626],[1.459992,48.685851],[1.4604649,48.6856497],[1.4618805,48.6852768],[1.4629067,48.6847399]]}},{"type":"Feature","properties":{"relief":0.364,"sinuosity":0.7,"highway":"tertiary"},"geometry":{"type":"LineString","coordinates":[[1.5366016,48.4885907],[1.5368819,48.4881715],[1.5369731,48.4880506],[1.5370482,48.4880186],[1.5373057,48.4879404],[1.5373593,48.4878942],[1.5374023,48.4877911],[1.5376276,48.4875386],[1.5378261,48.4873431],[1.5379763,48.4871298],[1.5382069,48.4869093],[1.5384108,48.4867244],[1.5386064,48.4865633],[1.5386923,48.4864925]]}},{"type":"Feature","properties":{"relief":0.398,"sinuosity":0.7,"highway":"tertiary","name":"Rue de la Roguenette"},"geometry":{"type":"LineString","coordinates":[[1.5360022,48.4883368],[1.5350719,48.4880106],[1.5342838,48.4877089],[1.5339408,48.4876266],[1.5336532,48.4876139],[1.5334439,48.4876117],[1.533315,48.4875834],[1.5332612,48.4875716],[1.5330903,48.4875215],[1.5327652,48.4873656],[1.5324321,48.4872002]]}},{"type":"Feature","properties":{"relief":0.733,"sinuosity":0,"highway":"tertiary"},"geometry":{"type":"LineString","coordinates":[[1.7066554,48.8499423],[1.7063682,48.8495921],[1.7056918,48.8489736],[1.7055539,48.84884],[1.7050813,48.8483876],[1.7040347,48.8473374]]}},{"type":"Feature","properties":{"relief":0.387,"sinuosity":0.7,"highway":"secondary"},"geometry":{"type":"LineString","coordinates":[[1.6896343,48.8713956],[1.6895094,48.8718652],[1.6893398,48.8722115],[1.6891435,48.8724111],[1.6887151,48.8726694],[1.6883135,48.8728608],[1.6872568,48.8733633]]}},{"type":"Feature","properties":{"relief":0.63,"sinuosity":0,"highway":"secondary"},"geometry":{"type":"LineString","coordinates":[[2.9470752,49.1269166],[2.9471229,49.1266275],[2.9471965,49.1264036],[2.9472934,49.1261582],[2.947367,49.1260058],[2.9475038,49.1257638],[2.9477106,49.1253371],[2.9482053,49.1244714]]}},{"type":"Feature","properties":{"relief":0.529,"sinuosity":0,"highway":"tertiary"},"geometry":{"type":"LineString","coordinates":[[1.7222606,48.8464162],[1.7235987,48.8468162],[1.7239222,48.8469368],[1.7243339,48.8471573],[1.7247016,48.8473691],[1.7251798,48.8476926],[1.7264039,48.8484476]]}},{"type":"Feature","properties":{"relief":0.478,"sinuosity":0,"highway":"secondary","name":"Voie de la Liberté"},"geometry":{"type":"LineString","coordinates":[[2.5858292,48.414526],[2.5878194,48.414729],[2.588502,48.4148123],[2.5906303,48.4150423]]}},{"type":"Feature","properties":{"relief":0.9,"sinuosity":0,"highway":"secondary","name":"Voie de la Liberté"},"geometry":{"type":"LineString","coordinates":[[2.6290354,48.4153301],[2.6304553,48.4152351],[2.6307499,48.4152009],[2.6320212,48.4150343],[2.6330227,48.4148916]]}},{"type":"Feature","properties":{"relief":0.9,"sinuosity":0,"highway":"primary","name":"Route de Fontainebleau"},"geometry":{"type":"LineString","coordinates":[[2.4972902,48.4017111],[2.4981912,48.4018966],[2.4987099,48.4020093],[2.4993021,48.402162],[2.5001412,48.4023748],[2.5006667,48.4025191],[2.500958,48.4026305]]}},{"type":"Feature","properties":{"relief":0.75,"sinuosity":0,"highway":"tertiary"},"geometry":{"type":"LineString","coordinates":[[3.5291835,48.5660646],[3.5292238,48.5660415],[3.5293637,48.5660306],[3.5298214,48.56603],[3.5301103,48.5660197],[3.5303678,48.5660019],[3.5305576,48.5659847],[3.5307513,48.5659602],[3.530927,48.5659274],[3.5312134,48.5658561],[3.5323083,48.5655697],[3.5324438,48.5655413],[3.532698,48.5654966],[3.5329279,48.5654641]]}},{"type":"Feature","properties":{"relief":0.603,"sinuosity":0,"highway":"tertiary","name":"Rue de l'Artoire"},"geometry":{"type":"LineString","coordinates":[[1.8845514,48.7130573],[1.884516,48.7130216],[1.8844691,48.712988],[1.8843445,48.7129237],[1.8841782,48.7128379],[1.8837138,48.7125994],[1.8826447,48.7121004],[1.8824144,48.7120048],[1.8822842,48.7119305],[1.8817864,48.7117493],[1.8808251,48.7114774]]}},{"type":"Feature","properties":{"relief":0.536,"sinuosity":0,"highway":"tertiary","name":"Rue de la Vallée"},"geometry":{"type":"LineString","coordinates":[[1.9728667,48.7131555],[1.973497,48.7128028],[1.9738336,48.712613],[1.9740401,48.712502],[1.9741702,48.7124352],[1.9743097,48.7123684],[1.974423,48.7123219],[1.9745632,48.712271],[1.9746865,48.7122316],[1.9749581,48.712156],[1.9751117,48.7121091],[1.975227,48.7120706],[1.9753417,48.712025],[1.975461,48.7119653],[1.975579,48.7118967],[1.9757306,48.7117927],[1.9759689,48.7116135]]}},{"type":"Feature","properties":{"relief":0.9,"sinuosity":0,"highway":"tertiary"},"geometry":{"type":"LineString","coordinates":[[1.9620393,48.6116375],[1.9614832,48.6116364],[1.9611802,48.6115871],[1.9592895,48.6110432],[1.9565107,48.6100872]]}},{"type":"Feature","properties":{"relief":0.75,"sinuosity":0,"highway":"tertiary"},"geometry":{"type":"LineString","coordinates":[[3.1706728,49.2088925],[3.170618,49.2084295],[3.1705923,49.2082517],[3.1705615,49.208099],[3.1705427,49.2080185],[3.1705011,49.2078923],[3.1704687,49.2078008],[3.1703979,49.2076461],[3.1703034,49.2074767],[3.1701431,49.2072207],[3.1700324,49.207056],[3.1698856,49.2068405],[3.1697493,49.2066305],[3.1696784,49.206515],[3.16961,49.2063954]]}},{"type":"Feature","properties":{"relief":0.75,"sinuosity":0,"highway":"tertiary"},"geometry":{"type":"LineString","coordinates":[[2.0870404,48.623517],[2.0866647,48.6232939],[2.0862083,48.6230304],[2.0858556,48.622815],[2.0854691,48.6226284],[2.0851665,48.6224995],[2.0849515,48.6224188],[2.0846708,48.6223448],[2.0843423,48.6222834],[2.0837865,48.6222179]]}},{"type":"Feature","properties":{"relief":0.428,"sinuosity":0,"highway":"tertiary"},"geometry":{"type":"LineString","coordinates":[[3.0798676,48.5958953],[3.0800945,48.5959004],[3.0801706,48.5959014],[3.080451,48.5958854],[3.0816542,48.5958187],[3.08298,48.5957975],[3.0837264,48.5957898]]}},{"type":"Feature","properties":{"relief":0.85,"sinuosity":0.7,"highway":"secondary","name":"Grande Rue"},"geometry":{"type":"LineString","coordinates":[[3.4438165,48.2816],[3.4435675,48.281765],[3.443308,48.2818557],[3.4427828,48.2819181],[3.441792,48.2820358],[3.4415287,48.2820671],[3.4413036,48.2820968],[3.440327,48.2822256],[3.4390855,48.2824468]]}},{"type":"Feature","properties":{"relief":0.482,"sinuosity":0,"highway":"primary","name":"Route de Vernon"},"geometry":{"type":"LineString","coordinates":[[1.5053697,49.1264966],[1.5059708,49.1265331],[1.5064611,49.1265296],[1.5070834,49.126487],[1.5075236,49.1264695],[1.5078129,49.1264693],[1.5083179,49.1265426],[1.5089622,49.1266806],[1.5104818,49.1269828]]}},{"type":"Feature","properties":{"relief":0.75,"sinuosity":0,"highway":"tertiary","name":"Rue de la Haie aux Vaches"},"geometry":{"type":"LineString","coordinates":[[1.8699605,48.717003],[1.8698616,48.7170277],[1.8695379,48.717083],[1.8692818,48.7170908],[1.8688791,48.7170789],[1.8681512,48.7170696],[1.8677501,48.7171308],[1.8673231,48.7172637],[1.8650716,48.71815]]}},{"type":"Feature","properties":{"relief":0.373,"sinuosity":0,"highway":"tertiary"},"geometry":{"type":"LineString","coordinates":[[1.8238925,48.3589936],[1.8229051,48.3573824],[1.8227357,48.3571643],[1.8225492,48.3569519],[1.8222766,48.3567562],[1.8220211,48.3565778]]}},{"type":"Feature","properties":{"relief":0.494,"sinuosity":0,"highway":"tertiary"},"geometry":{"type":"LineString","coordinates":[[1.8183432,48.3084276],[1.8195355,48.3072504],[1.819616,48.3071707],[1.8204828,48.3063372]]}},{"type":"Feature","properties":{"relief":0.9,"sinuosity":0,"highway":"motorway_link"},"geometry":{"type":"LineString","coordinates":[[3.5349225,49.1270903],[3.5346872,49.1270163],[3.5345573,49.1269612],[3.5343273,49.1268232],[3.5338988,49.1265547],[3.533486,49.1263087],[3.5327928,49.1259537],[3.5322596,49.1256989],[3.531898,49.125555],[3.5316381,49.1254666]]}},{"type":"Feature","properties":{"relief":0.75,"sinuosity":0,"highway":"primary","name":"Route de Versailles"},"geometry":{"type":"LineString","coordinates":[[2.1093194,48.8468789],[2.1093034,48.846957],[2.1091477,48.8477191],[2.1085769,48.8502493]]}},{"type":"Feature","properties":{"relief":0.47,"sinuosity":0,"highway":"tertiary"},"geometry":{"type":"LineString","coordinates":[[2.5882588,48.3205042],[2.5878334,48.3204628],[2.5872731,48.3204166],[2.5867198,48.3203562],[2.5852219,48.3201381],[2.5844356,48.3200122]]}},{"type":"Feature","properties":{"relief":0.611,"sinuosity":0,"highway":"secondary","name":"Rue de Beauce"},"geometry":{"type":"LineString","coordinates":[[1.7503109,48.4442402],[1.7501278,48.4440472],[1.7499438,48.4438927],[1.7498001,48.4437885],[1.749773,48.443772],[1.7497303,48.4437441],[1.7496241,48.4436799],[1.7495501,48.4436227],[1.7494782,48.4435608],[1.7494151,48.4434928],[1.7493615,48.4434207],[1.7490463,48.442916],[1.7490031,48.4428663],[1.7489284,48.4427913],[1.7486414,48.4425475],[1.748589,48.4425045],[1.7482732,48.4422855],[1.7481337,48.4421885]]}},{"type":"Feature","properties":{"relief":0.493,"sinuosity":0,"highway":"tertiary","name":"Rue de la Mairie"},"geometry":{"type":"LineString","coordinates":[[1.7318647,48.3857124],[1.732126,48.3861037],[1.7322428,48.3862588],[1.7326819,48.3866132],[1.733349,48.387119],[1.7336103,48.3873774],[1.7338271,48.3875435],[1.7341439,48.3876764],[1.7342591,48.3877197]]}},{"type":"Feature","properties":{"relief":0.415,"sinuosity":0,"highway":"tertiary"},"geometry":{"type":"LineString","coordinates":[[1.7104508,48.398229],[1.7110514,48.3975551],[1.7115237,48.3970251],[1.7124379,48.396005]]}},{"type":"Feature","properties":{"relief":0.743,"sinuosity":0,"highway":"secondary","name":"Rue des Acacias"},"geometry":{"type":"LineString","coordinates":[[1.7292511,48.4659935],[1.7294604,48.4660158],[1.7298027,48.4660522],[1.7299853,48.46609],[1.7302856,48.4661769],[1.730599,48.4662676],[1.7312532,48.4664689],[1.7319058,48.4666689],[1.7323111,48.466817],[1.7328247,48.4670895]]}},{"type":"Feature","properties":{"relief":0.588,"sinuosity":0,"highway":"tertiary"},"geometry":{"type":"LineString","coordinates":[[1.7215551,48.4429727],[1.7201069,48.4420524],[1.7190875,48.4414639],[1.7183498,48.4411058]]}},{"type":"Feature","properties":{"relief":0.71,"sinuosity":0,"highway":"tertiary"},"geometry":{"type":"LineString","coordinates":[[1.6894343,48.4625203],[1.6889783,48.4624598],[1.6878893,48.4623709],[1.6863122,48.4622286],[1.6849174,48.4621859]]}},{"type":"Feature","properties":{"relief":0.513,"sinuosity":0,"highway":"tertiary"},"geometry":{"type":"LineString","coordinates":[[3.2153256,48.1542632],[3.2160552,48.1544207],[3.2166775,48.1545639],[3.2173856,48.15475],[3.2178619,48.1548573],[3.2181409,48.1549003],[3.2191022,48.1549504]]}},{"type":"Feature","properties":{"relief":0.501,"sinuosity":0.7,"highway":"tertiary"},"geometry":{"type":"LineString","coordinates":[[1.7757563,48.4867647],[1.775383,48.4867675],[1.7750214,48.486754],[1.7746802,48.4868066],[1.7740129,48.4870064],[1.7727737,48.487458],[1.7725076,48.4875319],[1.7721944,48.4875433]]}},{"type":"Feature","properties":{"relief":0.474,"sinuosity":0,"highway":"tertiary"},"geometry":{"type":"LineString","coordinates":[[1.7600515,48.4873933],[1.7591663,48.4876813],[1.7578774,48.488025],[1.7559799,48.488531]]}},{"type":"Feature","properties":{"relief":0.542,"sinuosity":0,"highway":"tertiary"},"geometry":{"type":"LineString","coordinates":[[1.7683157,48.4739595],[1.7689167,48.4741695],[1.7697428,48.4744042],[1.7698606,48.4744315],[1.7707082,48.4746277],[1.7711161,48.4746994],[1.7782581,48.4757149]]}},{"type":"Feature","properties":{"relief":0.65,"sinuosity":0,"highway":"tertiary"},"geometry":{"type":"LineString","coordinates":[[1.7782827,48.4450549],[1.7781262,48.4448547],[1.7779961,48.4446777],[1.7777541,48.44432],[1.7772854,48.4435912],[1.7769083,48.4429717],[1.7768159,48.4428442],[1.7767415,48.4427632],[1.7766879,48.4427183]]}},{"type":"Feature","properties":{"relief":0.44,"sinuosity":0,"highway":"tertiary"},"geometry":{"type":"LineString","coordinates":[[1.5805967,48.5329519],[1.5805055,48.5325718],[1.5805269,48.5321526],[1.5804894,48.5317583],[1.580366,48.5312965],[1.5801568,48.5308631],[1.5797437,48.530277]]}},{"type":"Feature","properties":{"relief":0.678,"sinuosity":0,"highway":"secondary"},"geometry":{"type":"LineString","coordinates":[[1.4607267,48.6187984],[1.461235,48.6190117],[1.461632,48.6192387],[1.4620397,48.6195366],[1.4628766,48.6202529],[1.4696893,48.6259911]]}},{"type":"Feature","properties":{"relief":0.594,"sinuosity":0.678,"highway":"tertiary"},"geometry":{"type":"LineString","coordinates":[[1.4614208,48.604062],[1.4619101,48.6041924],[1.4621837,48.6043286],[1.462396,48.6045512],[1.4626083,48.6048284],[1.4632735,48.6060497],[1.4637647,48.6071273]]}},{"type":"Feature","properties":{"relief":0.543,"sinuosity":0,"highway":"tertiary"},"geometry":{"type":"LineString","coordinates":[[1.4201168,48.5974319],[1.4188347,48.5981663],[1.4177189,48.5988475],[1.4168713,48.5992732]]}},{"type":"Feature","properties":{"relief":1,"sinuosity":0.7,"highway":"secondary"},"geometry":{"type":"LineString","coordinates":[[1.6609395,48.7133063],[1.6600395,48.7127591],[1.6596252,48.7123041],[1.6590402,48.7101265]]}},{"type":"Feature","properties":{"relief":0.847,"sinuosity":0,"highway":"secondary","name":"Route de Mareuil"},"geometry":{"type":"LineString","coordinates":[[2.9896894,49.1575297],[2.9899617,49.1576998],[2.9904753,49.1579217],[2.9910707,49.158062],[2.9913738,49.1581053],[2.9928811,49.1582592],[2.9933776,49.1583302]]}},{"type":"Feature","properties":{"relief":0.9,"sinuosity":0,"highway":"secondary","name":"Route d'Artondu"},"geometry":{"type":"LineString","coordinates":[[2.1438655,48.3958366],[2.1439355,48.3961135],[2.1439634,48.3963112],[2.1439904,48.3965838],[2.1440075,48.3968513],[2.1439968,48.3970173],[2.1439629,48.3972625],[2.1438747,48.3975725],[2.143794,48.3977837],[2.1436806,48.3980059],[2.1435997,48.3981642],[2.143556,48.3982616],[2.1431954,48.3990649]]}},{"type":"Feature","properties":{"relief":0.9,"sinuosity":0,"highway":"tertiary","name":"Rue du Bois des Roches"},"geometry":{"type":"LineString","coordinates":[[2.1472983,48.395276],[2.1479292,48.3960652],[2.1486543,48.3969588],[2.1487388,48.3970629],[2.1489729,48.3973549],[2.1492335,48.3976904]]}},{"type":"Feature","properties":{"relief":0.471,"sinuosity":0,"highway":"tertiary"},"geometry":{"type":"LineString","coordinates":[[1.4533356,48.2608442],[1.453754,48.2611013],[1.4542904,48.261587],[1.4553097,48.262887],[1.4570048,48.2653224]]}},{"type":"Feature","properties":{"relief":0.648,"sinuosity":0,"highway":"tertiary","name":"Rue de la Chapelle"},"geometry":{"type":"LineString","coordinates":[[1.7427312,48.0821419],[1.7429372,48.0821044],[1.7435293,48.0820521],[1.7442974,48.0820668],[1.7450836,48.0822339],[1.7456755,48.0824316],[1.7461556,48.0825767],[1.7463323,48.0826203]]}},{"type":"Feature","properties":{"relief":0.74,"sinuosity":0,"highway":"tertiary","name":"Rue du Bourg"},"geometry":{"type":"LineString","coordinates":[[2.234735,48.0825241],[2.2349648,48.082492],[2.2362188,48.0822632],[2.2366168,48.0821938],[2.2368394,48.0821721],[2.2370621,48.0821814],[2.2373486,48.0822067],[2.239067,48.0823829]]}},{"type":"Feature","properties":{"relief":0.59,"sinuosity":0,"highway":"tertiary","name":"Rue du Bourg"},"geometry":{"type":"LineString","coordinates":[[2.239067,48.0823829],[2.2396735,48.0824496],[2.2405963,48.0825606],[2.2418193,48.0827076],[2.2423257,48.0827686],[2.2432553,48.0829295]]}},{"type":"Feature","properties":{"relief":0.75,"sinuosity":0,"highway":"tertiary","name":"Rue Saint-Denis"},"geometry":{"type":"LineString","coordinates":[[1.4036806,48.9812647],[1.4034875,48.981673],[1.4032783,48.9818913],[1.4029457,48.9821307],[1.4027687,48.982254],[1.4025594,48.9824758],[1.4023502,48.9829053],[1.402302,48.9831165],[1.4022859,48.9837924]]}},{"type":"Feature","properties":{"relief":0.75,"sinuosity":0,"highway":"tertiary"},"geometry":{"type":"LineString","coordinates":[[1.3689162,48.9806593],[1.3685461,48.9809375],[1.3680687,48.9814585],[1.3676717,48.9817683],[1.3666122,48.9824505],[1.3664339,48.9825412],[1.3663979,48.9825552]]}},{"type":"Feature","properties":{"relief":0.776,"sinuosity":0,"highway":"tertiary"},"geometry":{"type":"LineString","coordinates":[[1.5054891,48.9811394],[1.5055474,48.981256],[1.5056069,48.98131],[1.5075478,48.9823794],[1.5086793,48.9829945]]}},{"type":"Feature","properties":{"relief":0.67,"sinuosity":0,"highway":"motorway"},"geometry":{"type":"LineString","coordinates":[[2.4990192,48.9712574],[2.4986016,48.9713744],[2.4962994,48.9720059],[2.4946682,48.9724165]]}},{"type":"Feature","properties":{"relief":0.543,"sinuosity":0,"highway":"secondary"},"geometry":{"type":"LineString","coordinates":[[2.2266848,49.2767625],[2.2268541,49.2766389],[2.2270237,49.2765112],[2.2271875,49.2763916],[2.2273603,49.2762612],[2.2276072,49.2760811],[2.2277191,49.2760008],[2.2279364,49.2758375],[2.2281299,49.2756975],[2.2282737,49.2756008],[2.2284405,49.2754809],[2.2286171,49.275356],[2.228859,49.2751829],[2.2290494,49.2750358],[2.2291549,49.2749393],[2.2292186,49.2748935],[2.2293054,49.2748119]]}},{"type":"Feature","properties":{"relief":1,"sinuosity":0.7,"highway":"secondary","name":"Boulevard Jean Jaurès"},"geometry":{"type":"LineString","coordinates":[[1.4638478,49.096343],[1.4637983,49.0963219],[1.463776,49.0963097],[1.4634925,49.0962292],[1.463289,49.096169],[1.4626711,49.095903],[1.4620937,49.0956321],[1.461675,49.0955185],[1.4614996,49.0954821],[1.4611653,49.0954491],[1.4607229,49.0954728],[1.4603152,49.0955378]]}},{"type":"Feature","properties":{"relief":0.371,"sinuosity":0,"highway":"tertiary","name":"Rue Saint-Georges"},"geometry":{"type":"LineString","coordinates":[[1.5040452,49.1713044],[1.5042278,49.1712432],[1.5043803,49.171219],[1.5060993,49.1709448],[1.5065965,49.1709138],[1.5068952,49.1709188],[1.5078044,49.1710343]]}},{"type":"Feature","properties":{"relief":0.9,"sinuosity":0,"highway":"primary"},"geometry":{"type":"LineString","coordinates":[[3.4804496,48.4869317],[3.4794599,48.4875246],[3.4784604,48.4881306],[3.4776978,48.4885961],[3.4769982,48.4890231]]}},{"type":"Feature","properties":{"relief":0.82,"sinuosity":0,"highway":"tertiary"},"geometry":{"type":"LineString","coordinates":[[2.9924795,48.2764541],[2.9925105,48.2765608],[2.9926139,48.2778147],[2.9928259,48.2790893]]}},{"type":"Feature","properties":{"relief":0.9,"sinuosity":0,"highway":"secondary","name":"Avenue de la Drionne"},"geometry":{"type":"LineString","coordinates":[[2.1340221,48.8496947],[2.1339991,48.8495609],[2.133999,48.8493401],[2.1340252,48.8491173],[2.1340792,48.8488599],[2.1343636,48.8476917],[2.1344922,48.8471632]]}},{"type":"Feature","properties":{"relief":0.674,"sinuosity":0,"highway":"secondary","name":"Avenue Charles de Gaulle"},"geometry":{"type":"LineString","coordinates":[[3.2606288,48.3389544],[3.2606993,48.3389487],[3.2615045,48.3388827],[3.2623309,48.3388064],[3.263235,48.3387794],[3.2634933,48.3387855],[3.2636957,48.3388117],[3.263889,48.3388551],[3.2641579,48.3389505],[3.2643346,48.3390238]]}},{"type":"Feature","properties":{"relief":0.634,"sinuosity":0,"highway":"tertiary"},"geometry":{"type":"LineString","coordinates":[[3.5415328,48.4879575],[3.5420484,48.4875978],[3.542754,48.4872111],[3.5450879,48.4855922]]}},{"type":"Feature","properties":{"relief":0.9,"sinuosity":0,"highway":"secondary","name":"Avenue Massénat-Deroche"},"geometry":{"type":"LineString","coordinates":[[2.2237819,48.6451535],[2.2252097,48.6446745],[2.2254357,48.6445797],[2.2257773,48.6443868],[2.2260111,48.6442637],[2.2265022,48.6439948],[2.2275726,48.6433796]]}},{"type":"Feature","properties":{"relief":0.683,"sinuosity":0,"highway":"tertiary"},"geometry":{"type":"LineString","coordinates":[[3.1696203,48.4777822],[3.1718668,48.4779018],[3.1747294,48.4780462]]}},{"type":"Feature","properties":{"relief":0.65,"sinuosity":0,"highway":"tertiary","name":"Rue Grande"},"geometry":{"type":"LineString","coordinates":[[3.1472715,48.4877773],[3.1475464,48.4873072],[3.1475589,48.4872859],[3.1480325,48.4864949],[3.1481868,48.4862123],[3.148627,48.4854715]]}},{"type":"Feature","properties":{"relief":0.733,"sinuosity":0,"highway":"secondary","name":"Avenue Jean Jaurès"},"geometry":{"type":"LineString","coordinates":[[2.2252661,48.940348],[2.2256381,48.9403122],[2.2257331,48.9403031],[2.2258111,48.9402935],[2.2259022,48.9402833],[2.2263699,48.9402312],[2.2264852,48.9402183],[2.2266775,48.9401841],[2.227488,48.9400125],[2.227591,48.9399921],[2.2278594,48.9399311],[2.2279068,48.9399203],[2.2282155,48.9398596],[2.2283816,48.939829],[2.228516,48.9398094],[2.2286586,48.9397936],[2.2287184,48.9397887],[2.2289143,48.9397724],[2.2292013,48.9397548]]}},{"type":"Feature","properties":{"relief":0.384,"sinuosity":0,"highway":"tertiary"},"geometry":{"type":"LineString","coordinates":[[2.9921552,49.1920697],[2.9925159,49.1921555],[2.9929723,49.1922206],[2.996738,49.1925822]]}},{"type":"Feature","properties":{"relief":0.565,"sinuosity":0,"highway":"secondary"},"geometry":{"type":"LineString","coordinates":[[2.6645735,48.8464581],[2.6638775,48.8470272],[2.6636754,48.8472029],[2.6635912,48.847281],[2.663522,48.8473453],[2.6634233,48.8474793],[2.6633164,48.8477038],[2.6632485,48.8479192],[2.6628728,48.849107]]}},{"type":"Feature","properties":{"relief":0.75,"sinuosity":0,"highway":"primary","name":"Avenue de Fontainebleau"},"geometry":{"type":"LineString","coordinates":[[2.362268,48.8095906],[2.362309,48.8095595],[2.3623459,48.8095204],[2.3623634,48.8094957],[2.3623821,48.8094621],[2.3626268,48.8086927],[2.3626978,48.8084605],[2.3628393,48.807987],[2.3628496,48.8079538],[2.3629444,48.8076352],[2.3630654,48.8072707],[2.3630739,48.8072423],[2.3630947,48.8071728]]}},{"type":"Feature","properties":{"relief":0.715,"sinuosity":0,"highway":"tertiary"},"geometry":{"type":"LineString","coordinates":[[2.7959716,48.082806],[2.7982767,48.082577],[2.7996235,48.082283],[2.8001538,48.0821087]]}},{"type":"Feature","properties":{"relief":0.69,"sinuosity":0,"highway":"tertiary","name":"Avenue du Général Leclerc"},"geometry":{"type":"LineString","coordinates":[[2.5023247,48.757862],[2.5027928,48.757572],[2.5035948,48.7570478],[2.5040494,48.7567277],[2.5043485,48.756458],[2.5045161,48.7562547],[2.5046556,48.7560602],[2.504779,48.7558126]]}},{"type":"Feature","properties":{"relief":0.9,"sinuosity":0,"highway":"tertiary"},"geometry":{"type":"LineString","coordinates":[[2.9169147,48.8470788],[2.9171803,48.8471164],[2.9173541,48.8471522],[2.917524,48.847198],[2.9177694,48.8472818],[2.9180339,48.8473894],[2.9184642,48.8475536],[2.9186792,48.8476356],[2.9189214,48.8477271],[2.9191532,48.8478197],[2.9192394,48.8478657],[2.9193299,48.8479191],[2.9193873,48.847968],[2.9194564,48.8480253],[2.9195894,48.848222],[2.9196369,48.8482935],[2.9196807,48.8483487],[2.9197389,48.8484163]]}},{"type":"Feature","properties":{"relief":0.623,"sinuosity":0,"highway":"tertiary","name":"Rue de Cannes"},"geometry":{"type":"LineString","coordinates":[[2.980243,48.3505341],[2.9805633,48.3511222],[2.9807633,48.3514275],[2.9811763,48.3520186],[2.9815636,48.3526793],[2.9820054,48.3536745]]}},{"type":"Feature","properties":{"relief":0.61,"sinuosity":0,"highway":"tertiary","name":"Rue Regnier"},"geometry":{"type":"LineString","coordinates":[[3.0804854,48.31927],[3.0805479,48.3192935],[3.0814031,48.3196279],[3.0816048,48.3197379],[3.0821673,48.3200414],[3.0824943,48.3201949],[3.0829584,48.3203618],[3.0834226,48.3205202],[3.0834633,48.3205327],[3.0835084,48.3205474],[3.0840206,48.320657]]}},{"type":"Feature","properties":{"relief":0.506,"sinuosity":0,"highway":"tertiary","name":"Chemin de Melun à Massoury"},"geometry":{"type":"LineString","coordinates":[[2.7227158,48.4899626],[2.7208341,48.4900487],[2.7202312,48.4901343],[2.7192502,48.4903833],[2.7190612,48.4904459],[2.7188793,48.4905324]]}},{"type":"Feature","properties":{"relief":0.75,"sinuosity":0,"highway":"tertiary"},"geometry":{"type":"LineString","coordinates":[[3.1131664,48.4433863],[3.1123974,48.4418194],[3.1116301,48.4402725]]}},{"type":"Feature","properties":{"relief":0.9,"sinuosity":0,"highway":"primary","name":"Nouvelle Route de Paris"},"geometry":{"type":"LineString","coordinates":[[2.9477891,48.3923251],[2.9475929,48.3925198],[2.9472322,48.392773],[2.9467772,48.3929815],[2.9464109,48.3931065],[2.9458461,48.3932139],[2.9450557,48.3933417],[2.9445499,48.393487]]}},{"type":"Feature","properties":{"relief":0.517,"sinuosity":0,"highway":"motorway"},"geometry":{"type":"LineString","coordinates":[[2.8148684,48.5257624],[2.814258,48.5262579],[2.8139401,48.5265069],[2.8133704,48.5269526],[2.8128098,48.5273825],[2.8117594,48.5281642]]}},{"type":"Feature","properties":{"relief":0.67,"sinuosity":0,"highway":"tertiary","name":"Rue de la Mairie"},"geometry":{"type":"LineString","coordinates":[[3.1062698,48.9371298],[3.1061039,48.9371345],[3.105307,48.9371599],[3.1048943,48.9372296],[3.1046181,48.9372727],[3.1038968,48.937338],[3.1035541,48.9373718],[3.1030264,48.9374675],[3.1027951,48.9375113],[3.1022707,48.9375838]]}},{"type":"Feature","properties":{"relief":0.566,"sinuosity":0,"highway":"secondary"},"geometry":{"type":"LineString","coordinates":[[2.8833289,48.1268492],[2.8847095,48.127508],[2.8856555,48.1279663],[2.8860082,48.1282033],[2.8864987,48.1285707]]}},{"type":"Feature","properties":{"relief":0.63,"sinuosity":0,"highway":"tertiary"},"geometry":{"type":"LineString","coordinates":[[2.4515232,48.1500385],[2.4527398,48.1497055],[2.4530022,48.1496337],[2.4533019,48.1495517],[2.4537826,48.14942],[2.4566579,48.1481831]]}},{"type":"Feature","properties":{"relief":0.753,"sinuosity":0,"highway":"tertiary"},"geometry":{"type":"LineString","coordinates":[[2.4353139,48.1728245],[2.4353708,48.1727242],[2.4355141,48.172468],[2.4357483,48.1722291],[2.4359011,48.1720925],[2.4365188,48.1717454],[2.438154,48.1709566]]}},{"type":"Feature","properties":{"relief":0.534,"sinuosity":0,"highway":"secondary"},"geometry":{"type":"LineString","coordinates":[[1.6446605,48.892997],[1.6440618,48.8930366],[1.6429914,48.8931723],[1.6425371,48.8932199],[1.6419174,48.8932426],[1.6415192,48.8932677],[1.6411728,48.8933158],[1.640696,48.8934021]]}},{"type":"Feature","properties":{"relief":0.75,"sinuosity":0,"highway":"tertiary"},"geometry":{"type":"LineString","coordinates":[[1.7349069,48.8524496],[1.7347071,48.8523131],[1.7345736,48.852222],[1.7340031,48.8518956],[1.7335546,48.8516958],[1.7330506,48.8514871],[1.7311669,48.8506889]]}},{"type":"Feature","properties":{"relief":0.887,"sinuosity":0,"highway":"secondary","name":"Route de Bougligny"},"geometry":{"type":"LineString","coordinates":[[2.678754,48.2210277],[2.6784958,48.2209585],[2.6781632,48.2208354],[2.6776093,48.2206251],[2.676091,48.2199835],[2.6753993,48.2197101]]}},{"type":"Feature","properties":{"relief":0.75,"sinuosity":0,"highway":"secondary","name":"Rue du Général de Gaulle"},"geometry":{"type":"LineString","coordinates":[[2.4675157,48.396883],[2.4675762,48.3970062],[2.4676151,48.3970908],[2.46767,48.3971839],[2.4677053,48.3972524],[2.4677282,48.3972853],[2.4677789,48.3973724],[2.467832,48.3974506],[2.4679104,48.3975579],[2.468275,48.3980793],[2.4684307,48.3982938],[2.468556,48.3984576],[2.4688237,48.3988075],[2.4689695,48.3990111],[2.4690798,48.3991756]]}},{"type":"Feature","properties":{"relief":0.401,"sinuosity":0,"highway":"secondary"},"geometry":{"type":"LineString","coordinates":[[2.4023217,48.2328352],[2.4036949,48.2328559],[2.4045961,48.2328559],[2.4050253,48.2328273],[2.4060123,48.2326701],[2.4075252,48.2323354]]}},{"type":"Feature","properties":{"relief":0.9,"sinuosity":0,"highway":"tertiary","name":"Rue Hoche"},"geometry":{"type":"LineString","coordinates":[[2.0234568,48.804194],[2.0235752,48.8041561],[2.023837,48.8040704],[2.0240096,48.8040031],[2.0240969,48.803969],[2.0242959,48.8038735],[2.0244811,48.8037696],[2.024565,48.8036922],[2.0246197,48.803611],[2.0246457,48.8035192],[2.0246532,48.8033412],[2.0246528,48.8033089],[2.0246534,48.8032793],[2.0246394,48.8028648],[2.0246391,48.8028374],[2.024646,48.8027481],[2.0246278,48.802588],[2.024629,48.8025318],[2.0246329,48.8020474]]}},{"type":"Feature","properties":{"relief":0.887,"sinuosity":0.877,"highway":"tertiary","name":"Rue de Bellechaume"},"geometry":{"type":"LineString","coordinates":[[3.5446325,48.0835132],[3.544723,48.0834696],[3.5447621,48.0833994],[3.5447591,48.08327],[3.5447454,48.0830078],[3.5447423,48.0826501],[3.5447786,48.0825697],[3.5450851,48.0821901],[3.5451738,48.0820682],[3.5451995,48.0820364],[3.5452728,48.0819813],[3.5453827,48.0819187],[3.5454818,48.0818848],[3.5455351,48.0818667],[3.5457153,48.0818446],[3.54615,48.0818452],[3.5476986,48.0818609]]}},{"type":"Feature","properties":{"relief":0.599,"sinuosity":0,"highway":"tertiary","name":"Route de Saint-Bon"},"geometry":{"type":"LineString","coordinates":[[3.4430398,48.6925965],[3.4418646,48.6928635],[3.4414249,48.6929083],[3.4410821,48.6929246],[3.440594,48.6929203],[3.4403539,48.6929361],[3.440093,48.6929865],[3.4398822,48.6930535],[3.439659,48.6931609],[3.4394451,48.693296]]}},{"type":"Feature","properties":{"relief":0.873,"sinuosity":0,"highway":"secondary"},"geometry":{"type":"LineString","coordinates":[[2.3656128,48.4299411],[2.3651977,48.4301497],[2.3632862,48.4310909],[2.3622772,48.4315996]]}},{"type":"Feature","properties":{"relief":0.78,"sinuosity":0,"highway":"tertiary"},"geometry":{"type":"LineString","coordinates":[[3.4005548,49.1899894],[3.4001525,49.189703],[3.4000733,49.1896466],[3.3993336,49.1893228],[3.3969291,49.1884272]]}},{"type":"Feature","properties":{"relief":0.9,"sinuosity":0,"highway":"tertiary"},"geometry":{"type":"LineString","coordinates":[[3.4566939,49.2067237],[3.4564731,49.2073072],[3.456453,49.2075891],[3.4567039,49.2093265]]}},{"type":"Feature","properties":{"relief":0.788,"sinuosity":0.446,"highway":"motorway_link"},"geometry":{"type":"LineString","coordinates":[[2.0450996,48.9121337],[2.0454532,48.9118898],[2.0460665,48.9116031],[2.048088,48.9102342]]}},{"type":"Feature","properties":{"relief":0.9,"sinuosity":0,"highway":"tertiary","name":"Route d'Egriselles à Etigny"},"geometry":{"type":"LineString","coordinates":[[3.2629465,48.1384704],[3.2624556,48.1384745],[3.2603953,48.1382351],[3.2591572,48.1378228]]}},{"type":"Feature","properties":{"relief":0.9,"sinuosity":0,"highway":"primary"},"geometry":{"type":"LineString","coordinates":[[3.1441015,48.9821974],[3.1452414,48.9842745],[3.1463598,48.9863508]]}},{"type":"Feature","properties":{"relief":0.9,"sinuosity":0,"highway":"tertiary","name":"Route du Limon"},"geometry":{"type":"LineString","coordinates":[[3.2135365,48.9814586],[3.2135945,48.9815729],[3.2136844,48.9817498],[3.2144287,48.9831734],[3.2145122,48.983283],[3.2151386,48.9841051]]}},{"type":"Feature","properties":{"relief":0.45,"sinuosity":0,"highway":"tertiary","name":"Route du Limon"},"geometry":{"type":"LineString","coordinates":[[3.2151386,48.9841051],[3.2155872,48.9847263],[3.2160704,48.9851534],[3.2166964,48.9856063],[3.2173269,48.9859342],[3.2183514,48.986466]]}},{"type":"Feature","properties":{"relief":0.703,"sinuosity":0,"highway":"tertiary"},"geometry":{"type":"LineString","coordinates":[[3.084637,48.2217705],[3.083768,48.2214203],[3.0828346,48.2210486],[3.0819977,48.2207054],[3.0817939,48.2205982],[3.08159,48.2204338],[3.0813433,48.2202051]]}},{"type":"Feature","properties":{"relief":0.84,"sinuosity":0,"highway":"tertiary"},"geometry":{"type":"LineString","coordinates":[[3.0791009,48.2180605],[3.0789078,48.2179533],[3.0784787,48.2177317],[3.0778242,48.2173457],[3.0776096,48.217217],[3.0774809,48.2170955],[3.0772862,48.2167981],[3.077136,48.2165979],[3.076975,48.2164049],[3.0767819,48.2161904]]}},{"type":"Feature","properties":{"relief":0.703,"sinuosity":0,"highway":"secondary"},"geometry":{"type":"LineString","coordinates":[[3.0850081,48.2388803],[3.0820932,48.2383818],[3.0816211,48.2383532],[3.0794324,48.238639]]}},{"type":"Feature","properties":{"relief":0.74,"sinuosity":0,"highway":"tertiary","name":"Route de Moisson"},"geometry":{"type":"LineString","coordinates":[[1.6883164,49.0665102],[1.6876001,49.0667813],[1.6869015,49.0670134],[1.6862523,49.0671961],[1.6858594,49.0672971],[1.6853739,49.0674237],[1.6846283,49.0676011]]}},{"type":"Feature","properties":{"relief":0.893,"sinuosity":0,"highway":"secondary","name":"Route de Paris"},"geometry":{"type":"LineString","coordinates":[[3.2605775,48.9674358],[3.260859,48.9673464],[3.2611298,48.9672921],[3.2613816,48.9672596],[3.2628365,48.9672435],[3.2638468,48.9672323],[3.2648092,48.9672216]]}},{"type":"Feature","properties":{"relief":0.75,"sinuosity":0,"highway":"tertiary"},"geometry":{"type":"LineString","coordinates":[[1.7075934,49.117241],[1.7074425,49.1173119],[1.7072537,49.1173829],[1.7070655,49.1174509],[1.7069227,49.1174988],[1.7054066,49.1180074],[1.7031174,49.1187608]]}},{"type":"Feature","properties":{"relief":0.75,"sinuosity":0,"highway":"secondary"},"geometry":{"type":"LineString","coordinates":[[1.6550694,49.1185824],[1.6547309,49.1181988],[1.6544557,49.1178384],[1.6544072,49.1177741],[1.6543265,49.1176854],[1.6543094,49.1176666],[1.6540126,49.1173923],[1.6534416,49.1170592],[1.6531307,49.1168819],[1.6529072,49.1167253],[1.6524704,49.1163708]]}},{"type":"Feature","properties":{"relief":0.75,"sinuosity":0,"highway":"tertiary","name":"Route des Bosquets"},"geometry":{"type":"LineString","coordinates":[[1.5872148,49.073632],[1.5839678,49.0726605],[1.5805641,49.0715992]]}},{"type":"Feature","properties":{"relief":0.75,"sinuosity":0,"highway":"secondary","name":"Avenue Jean Jaurès"},"geometry":{"type":"LineString","coordinates":[[3.2616284,48.1861994],[3.2617213,48.1863878],[3.2617921,48.1865274],[3.2620792,48.1871213],[3.262454,48.1878918],[3.2631125,48.1892211]]}},{"type":"Feature","properties":{"relief":0.603,"sinuosity":0,"highway":"primary","name":"Avenue de Lörrach"},"geometry":{"type":"LineString","coordinates":[[3.3087111,48.1918809],[3.3084118,48.1919891],[3.3080658,48.1920973],[3.3060715,48.1927207],[3.305465,48.1928309]]}},{"type":"Feature","properties":{"relief":0.75,"sinuosity":0,"highway":"primary"},"geometry":{"type":"LineString","coordinates":[[1.9906361,48.8910458],[1.9908548,48.8912938],[1.9909688,48.8914322],[1.9911767,48.8917214],[1.9913417,48.8920036],[1.9920833,48.8932997],[1.9921469,48.893432]]}},{"type":"Feature","properties":{"relief":0.737,"sinuosity":0,"highway":"tertiary"},"geometry":{"type":"LineString","coordinates":[[2.9277811,48.2201388],[2.9293089,48.2192066],[2.9293789,48.2191236],[2.9317226,48.2163061]]}},{"type":"Feature","properties":{"relief":0.628,"sinuosity":0,"highway":"tertiary"},"geometry":{"type":"LineString","coordinates":[[2.8093342,48.2173878],[2.8097107,48.2172577],[2.8102119,48.2170553],[2.8107243,48.2168476],[2.8115504,48.2164984],[2.8123176,48.2161888],[2.8126704,48.2160584]]}},{"type":"Feature","properties":{"relief":0.75,"sinuosity":0,"highway":"tertiary"},"geometry":{"type":"LineString","coordinates":[[2.8598606,48.246883],[2.8594784,48.2470508],[2.8592263,48.2472044],[2.858811,48.2476205],[2.858655,48.2477331],[2.8583224,48.2478259],[2.8576469,48.2479223],[2.8569839,48.2480528],[2.8565199,48.2482046]]}},{"type":"Feature","properties":{"relief":0.737,"sinuosity":0,"highway":"tertiary"},"geometry":{"type":"LineString","coordinates":[[2.8102242,48.260794],[2.809968,48.2610341],[2.8093779,48.2616198],[2.8092384,48.2617912],[2.8091097,48.2620626],[2.8090453,48.2622555],[2.8089487,48.2624412],[2.8087449,48.262684],[2.8085303,48.2628697],[2.8084337,48.2629769],[2.8083586,48.263134]]}},{"type":"Feature","properties":{"relief":0.873,"sinuosity":0,"highway":"secondary","name":"Rue Georges Villette"},"geometry":{"type":"LineString","coordinates":[[2.8191145,48.353271],[2.8182035,48.3530409],[2.8178123,48.3529273],[2.816739,48.3526112],[2.8164925,48.3525386],[2.8159009,48.3523192],[2.8156917,48.3522373],[2.8150464,48.3519846]]}},{"type":"Feature","properties":{"relief":0.641,"sinuosity":0,"highway":"motorway"},"geometry":{"type":"LineString","coordinates":[[3.3888966,48.2345941],[3.3894421,48.2345889],[3.3899851,48.2345882],[3.3905273,48.2345975],[3.3910679,48.2346108],[3.391787,48.2346359],[3.3924612,48.2346655],[3.3996655,48.235005]]}},{"type":"Feature","properties":{"relief":0.747,"sinuosity":0,"highway":"motorway"},"geometry":{"type":"LineString","coordinates":[[3.4414097,48.2357081],[3.4420757,48.2357931],[3.442652,48.2358723],[3.443138,48.2359429],[3.4438457,48.2360533],[3.4444216,48.2361497],[3.4451193,48.2362776]]}},{"type":"Feature","properties":{"relief":0.75,"sinuosity":0,"highway":"motorway"},"geometry":{"type":"LineString","coordinates":[[3.4846975,48.2415246],[3.4854729,48.2416974],[3.4861712,48.2418674],[3.4870147,48.2420889],[3.4878283,48.2423033],[3.4893881,48.2427183]]}},{"type":"Feature","properties":{"relief":0.617,"sinuosity":0,"highway":"motorway"},"geometry":{"type":"LineString","coordinates":[[3.5299342,48.247922],[3.5305107,48.2479604],[3.5314133,48.2480043],[3.5321561,48.248023],[3.5326815,48.2480308],[3.5333614,48.248025],[3.5339388,48.2480161]]}},{"type":"Feature","properties":{"relief":0.61,"sinuosity":0,"highway":"tertiary"},"geometry":{"type":"LineString","coordinates":[[3.445216,48.6513605],[3.4446045,48.6517947],[3.4441082,48.6520304],[3.4435718,48.6521792],[3.4429871,48.6522571],[3.4423272,48.6522607],[3.4408226,48.6521402]]}},{"type":"Feature","properties":{"relief":0.913,"sinuosity":0.727,"highway":"tertiary","name":"Voie Communale de Chalmaison à Gouaix"},"geometry":{"type":"LineString","coordinates":[[3.2597931,48.4775479],[3.2606569,48.4769413],[3.2608754,48.4767961],[3.261027,48.4767368],[3.2612148,48.4767341],[3.2616097,48.4767541],[3.2619812,48.4767688],[3.2620959,48.4767683],[3.26223,48.4767568],[3.2623138,48.4767314],[3.2624225,48.4766781],[3.2624815,48.4766248],[3.2625416,48.4765502],[3.2626814,48.4763708],[3.2627336,48.4763309],[3.262804,48.4762936]]}},{"type":"Feature","properties":{"relief":0.45,"sinuosity":0,"highway":"primary"},"geometry":{"type":"LineString","coordinates":[[3.5318325,48.7194114],[3.535475,48.7198916],[3.5360049,48.7199586]]}},{"type":"Feature","properties":{"relief":0.767,"sinuosity":0,"highway":"primary"},"geometry":{"type":"LineString","coordinates":[[3.4421941,48.6957083],[3.44243,48.6958161],[3.4435012,48.696309],[3.4445274,48.6967812],[3.4450758,48.6970301],[3.4453895,48.69717]]}},{"type":"Feature","properties":{"relief":0.78,"sinuosity":0,"highway":"primary"},"geometry":{"type":"LineString","coordinates":[[3.2166704,48.6925299],[3.2179821,48.6925291],[3.21836,48.692528],[3.2189336,48.6925382],[3.2191128,48.6925459],[3.2192841,48.692557],[3.2194962,48.692579],[3.2197824,48.6926152],[3.2204021,48.6927568],[3.2223086,48.6932861]]}},{"type":"Feature","properties":{"relief":0.617,"sinuosity":0,"highway":"primary","name":"Avenue de l'Europe"},"geometry":{"type":"LineString","coordinates":[[3.4846219,48.7132217],[3.4860674,48.7134161],[3.4861673,48.7134295],[3.4866893,48.7134997],[3.4868923,48.713527],[3.4871956,48.7135595],[3.4873299,48.7135778],[3.4886517,48.7137565]]}},{"type":"Feature","properties":{"relief":0.9,"sinuosity":0,"highway":"secondary","name":"Rue de Lagny"},"geometry":{"type":"LineString","coordinates":[[2.7380217,48.8476954],[2.7387748,48.8474056],[2.7403084,48.8468087],[2.7410144,48.8465389],[2.7417337,48.8462443]]}},{"type":"Feature","properties":{"relief":0.425,"sinuosity":0,"highway":"motorway"},"geometry":{"type":"LineString","coordinates":[[2.5436439,48.6229115],[2.542279,48.6237839],[2.5412303,48.6245179],[2.5407734,48.6248939]]}},{"type":"Feature","properties":{"relief":0.506,"sinuosity":0,"highway":"motorway"},"geometry":{"type":"LineString","coordinates":[[2.6324821,48.6101974],[2.6326304,48.6093604],[2.6336017,48.6042992]]}},{"type":"Feature","properties":{"relief":0.867,"sinuosity":0,"highway":"motorway","name":"Autoroute du Soleil"},"geometry":{"type":"LineString","coordinates":[[2.4091983,48.630525],[2.4064894,48.632197],[2.4053627,48.6329092]]}},{"type":"Feature","properties":{"relief":0.86,"sinuosity":0,"highway":"tertiary"},"geometry":{"type":"LineString","coordinates":[[3.4271717,48.2627729],[3.4271362,48.2626432],[3.4269341,48.2619051],[3.4268652,48.2617674],[3.4267485,48.2615869],[3.4264786,48.2613119],[3.4260755,48.2609039],[3.425622,48.2605459],[3.4250293,48.2601545]]}},{"type":"Feature","properties":{"relief":0.75,"sinuosity":0,"highway":"tertiary","name":"Route de Voisines"},"geometry":{"type":"LineString","coordinates":[[3.4441803,48.2813227],[3.4441403,48.2813032],[3.4438458,48.2811598],[3.4436623,48.2810037],[3.4432773,48.2806122],[3.4432392,48.2805735],[3.4427991,48.280089],[3.4425091,48.2797534],[3.4422204,48.2794742],[3.4419673,48.2792483]]}},{"type":"Feature","properties":{"relief":0.833,"sinuosity":0,"highway":"tertiary"},"geometry":{"type":"LineString","coordinates":[[3.1729411,48.463024],[3.1722907,48.462902],[3.1717569,48.462727],[3.1711066,48.4624544],[3.1705061,48.4622013],[3.1700679,48.4620258],[3.169634,48.4618733],[3.1691785,48.4617611]]}},{"type":"Feature","properties":{"relief":0.9,"sinuosity":0,"highway":"secondary","name":"Rue de la Beurron"},"geometry":{"type":"LineString","coordinates":[[1.7318785,48.909048],[1.7318269,48.9093397],[1.7318239,48.9093794],[1.7318308,48.9094584],[1.731864,48.9095967],[1.7319144,48.9098078],[1.7319609,48.9100512],[1.7320479,48.9105023],[1.7320646,48.9105777],[1.7320827,48.9106363],[1.7320861,48.9106558],[1.7321163,48.9107209],[1.7321605,48.9107778],[1.7321954,48.9108035],[1.7322296,48.9108267],[1.7322779,48.9108531],[1.7323282,48.910876],[1.7325642,48.9109514],[1.7326717,48.9109837],[1.7329256,48.9110629],[1.7330098,48.911092],[1.733094,48.9111439],[1.7331275,48.9111722],[1.7331586,48.9112025]]}},{"type":"Feature","properties":{"relief":0.402,"sinuosity":0.7,"highway":"secondary"},"geometry":{"type":"LineString","coordinates":[[2.9925542,48.2078646],[2.9923462,48.2081481],[2.9919019,48.2086521],[2.9917885,48.208967],[2.9918263,48.2093198],[2.9922625,48.2104354]]}},{"type":"Feature","properties":{"relief":0.88,"sinuosity":0,"highway":"tertiary","name":"Rue des Églantines"},"geometry":{"type":"LineString","coordinates":[[3.5806437,48.1250022],[3.5779807,48.1253304],[3.5771773,48.1254599],[3.5759332,48.1256767]]}},{"type":"Feature","properties":{"relief":0.497,"sinuosity":0,"highway":"primary"},"geometry":{"type":"LineString","coordinates":[[3.5782772,48.7297547],[3.5768309,48.7294144],[3.5759363,48.7292142],[3.574307,48.7288216]]}},{"type":"Feature","properties":{"relief":0.9,"sinuosity":0,"highway":"tertiary"},"geometry":{"type":"LineString","coordinates":[[1.9569418,49.237099],[1.9572056,49.2372744],[1.9575307,49.2374282],[1.958803,49.2378435],[1.9594155,49.2380004],[1.9603909,49.2382035]]}},{"type":"Feature","properties":{"relief":0.475,"sinuosity":0,"highway":"tertiary"},"geometry":{"type":"LineString","coordinates":[[3.2077365,48.5325751],[3.2071503,48.5320264],[3.2063338,48.5317597],[3.202572,48.5305049]]}},{"type":"Feature","properties":{"relief":0.443,"sinuosity":0,"highway":"tertiary"},"geometry":{"type":"LineString","coordinates":[[1.7350735,48.476014],[1.7346014,48.4755445],[1.7340221,48.4751747],[1.7333354,48.4746768],[1.7327561,48.4742358],[1.7323054,48.4737948]]}},{"type":"Feature","properties":{"relief":0.683,"sinuosity":0,"highway":"tertiary"},"geometry":{"type":"LineString","coordinates":[[1.7472499,48.5286767],[1.7472483,48.5286798],[1.7470837,48.5289929],[1.7469027,48.5292998],[1.7468838,48.5293318],[1.7443638,48.5329722]]}},{"type":"Feature","properties":{"relief":0.416,"sinuosity":0,"highway":"tertiary"},"geometry":{"type":"LineString","coordinates":[[1.7351878,48.540558],[1.7345326,48.5410293],[1.7333454,48.5418038],[1.732359,48.5423043]]}},{"type":"Feature","properties":{"relief":0.486,"sinuosity":0,"highway":"secondary"},"geometry":{"type":"LineString","coordinates":[[1.7313248,48.5211071],[1.7317047,48.5212034],[1.731776,48.5212215],[1.7318861,48.5212351],[1.7319546,48.5212435],[1.7321284,48.5212649],[1.7325109,48.5212663],[1.7328735,48.5211871],[1.7334749,48.5209636],[1.7340167,48.5206935],[1.7348525,48.5203286]]}},{"type":"Feature","properties":{"relief":0.553,"sinuosity":0,"highway":"tertiary","name":"Rue de Provins"},"geometry":{"type":"LineString","coordinates":[[2.7684968,48.7386676],[2.7684045,48.7386959],[2.7682348,48.7387479],[2.7676243,48.7389351],[2.7675875,48.7389493],[2.7675002,48.7389829],[2.7673715,48.7390325],[2.7672999,48.7390601],[2.7665229,48.7394242],[2.7664246,48.7394702],[2.7660232,48.7396556],[2.7659438,48.7396947],[2.7657468,48.7398266],[2.7656038,48.739971],[2.7653669,48.7402333]]}},{"type":"Feature","properties":{"relief":0.528,"sinuosity":0,"highway":"primary","name":"Avenue de Paris"},"geometry":{"type":"LineString","coordinates":[[1.7758615,48.9892092],[1.778914,48.9889576],[1.7790553,48.9889448],[1.7824022,48.9886415]]}},{"type":"Feature","properties":{"relief":0.5,"sinuosity":0,"highway":"tertiary","name":"Rue de la Bucaille"},"geometry":{"type":"LineString","coordinates":[[1.7756827,49.0712714],[1.7756257,49.0713059],[1.7751395,49.0715219],[1.77498,49.0715931],[1.7748283,49.0716326],[1.7746771,49.071658],[1.7744755,49.0716775],[1.7741941,49.0717027],[1.7741296,49.0717121],[1.773911,49.0717819],[1.7735677,49.0719542],[1.7727201,49.0724609],[1.7725485,49.0725621],[1.7724735,49.0726298]]}},{"type":"Feature","properties":{"relief":1,"sinuosity":0.774,"highway":"tertiary"},"geometry":{"type":"LineString","coordinates":[[3.0832121,49.157281],[3.0829696,49.157224],[3.0827628,49.1572215],[3.0825712,49.1573104],[3.082395,49.1575156],[3.0822864,49.1579675],[3.0821606,49.1582516],[3.0818591,49.1585789],[3.081556,49.1587529],[3.0811466,49.1589074],[3.0807347,49.1589708]]}},{"type":"Feature","properties":{"relief":0.627,"sinuosity":0,"highway":"tertiary","name":"Grande Rue"},"geometry":{"type":"LineString","coordinates":[[3.2584266,48.2621465],[3.2580472,48.2624007],[3.2577433,48.262646],[3.2574443,48.2629843],[3.2574068,48.2630267],[3.2573755,48.2630658],[3.2569498,48.2635978],[3.2568009,48.2637711],[3.2567354,48.2638473],[3.25644,48.2641901],[3.2562564,48.2643301]]}},{"type":"Feature","properties":{"relief":0.9,"sinuosity":0,"highway":"tertiary","name":"Route de la Chapelle"},"geometry":{"type":"LineString","coordinates":[[3.2604321,48.2661823],[3.2615338,48.266491],[3.2627306,48.2668424],[3.2638142,48.2670781],[3.2665867,48.2678376]]}},{"type":"Feature","properties":{"relief":0.75,"sinuosity":0,"highway":"tertiary","name":"Rue de Mézu"},"geometry":{"type":"LineString","coordinates":[[1.9928019,48.8487865],[1.9928216,48.8487701],[1.9930508,48.8485832],[1.993273,48.8483595],[1.9938875,48.8477409],[1.9943928,48.8472447],[1.9949922,48.8466488]]}},{"type":"Feature","properties":{"relief":0.683,"sinuosity":0,"highway":"tertiary","name":"Rue de Mézu"},"geometry":{"type":"LineString","coordinates":[[1.9981964,48.8448541],[1.9983033,48.8448115],[1.9984046,48.8447711],[1.9985994,48.8447107],[2.0000023,48.8443326],[2.0011561,48.8440225],[2.0014968,48.8439389],[2.0015873,48.8439168],[2.0025027,48.843706]]}},{"type":"Feature","properties":{"relief":0.9,"sinuosity":0,"highway":"tertiary"},"geometry":{"type":"LineString","coordinates":[[3.1704119,49.1148083],[3.1709786,49.1153323],[3.1712709,49.1155903],[3.1715921,49.1158327],[3.1729259,49.1168526]]}},{"type":"Feature","properties":{"relief":0.75,"sinuosity":0,"highway":"secondary"},"geometry":{"type":"LineString","coordinates":[[3.1736894,49.1007378],[3.1735656,49.1007398],[3.1732394,49.1007141],[3.1729344,49.1006804],[3.1726113,49.100627],[3.1721643,49.1005539],[3.1718925,49.1005242],[3.1714063,49.1005143],[3.1710318,49.1005242],[3.170612,49.1005559],[3.1700292,49.1006073],[3.1692005,49.1007132]]}},{"type":"Feature","properties":{"relief":0.75,"sinuosity":0,"highway":"tertiary"},"geometry":{"type":"LineString","coordinates":[[3.1304433,49.146132],[3.1298391,49.1461777],[3.1293409,49.1461767],[3.128196,49.1461627],[3.1277065,49.1461777],[3.1272077,49.1462059],[3.1268031,49.1462733],[3.126383,49.1463807]]}},{"type":"Feature","properties":{"relief":0.767,"sinuosity":0,"highway":"secondary"},"geometry":{"type":"LineString","coordinates":[[3.5999509,48.6236822],[3.6008629,48.6232185],[3.6012585,48.623012],[3.6015174,48.6228577],[3.6017558,48.62271],[3.6019385,48.6225829],[3.6021236,48.6224446],[3.6023596,48.6222478],[3.6025738,48.6220424],[3.6033999,48.6211205]]}},{"type":"Feature","properties":{"relief":0.45,"sinuosity":0.7,"highway":"tertiary","name":"Rue de Boigneville"},"geometry":{"type":"LineString","coordinates":[[2.4081558,48.296785],[2.4081335,48.2968827],[2.4080061,48.2973376],[2.4080068,48.297411],[2.4080088,48.2974872],[2.4080296,48.2975654],[2.4080424,48.2975983],[2.4080014,48.2976341],[2.4079804,48.2976834],[2.4079247,48.2978827],[2.4078057,48.2983277],[2.4077799,48.2984079],[2.4077663,48.2984625],[2.4076417,48.2988389],[2.4074604,48.299337]]}},{"type":"Feature","properties":{"relief":0.98,"sinuosity":0.748,"highway":"secondary"},"geometry":{"type":"LineString","coordinates":[[2.9418795,48.893693],[2.9422268,48.8929079],[2.9425512,48.8924699],[2.9431101,48.8920606],[2.9433804,48.8920534],[2.9443561,48.8919134]]}},{"type":"Feature","properties":{"relief":0.768,"sinuosity":0,"highway":"secondary"},"geometry":{"type":"LineString","coordinates":[[2.9443561,48.8919134],[2.9453806,48.8916334],[2.9460424,48.8914525],[2.9462178,48.8914046],[2.9525076,48.8897166]]}},{"type":"Feature","properties":{"relief":0.441,"sinuosity":0,"highway":"secondary"},"geometry":{"type":"LineString","coordinates":[[2.0020494,49.2533887],[2.0026539,49.2532666],[2.0027951,49.2532381],[2.0029855,49.2532171],[2.0031918,49.2532108],[2.0034442,49.2532154],[2.0038948,49.2532731],[2.0052544,49.2534489],[2.0058038,49.2535342],[2.006121,49.2536093]]}},{"type":"Feature","properties":{"relief":0.9,"sinuosity":0,"highway":"tertiary"},"geometry":{"type":"LineString","coordinates":[[3.4803189,48.4427459],[3.4798931,48.4423619],[3.4792335,48.4418162],[3.4753885,48.4387481]]}},{"type":"Feature","properties":{"relief":0.63,"sinuosity":0,"highway":"primary","name":"Avenue de la Division Leclerc"},"geometry":{"type":"LineString","coordinates":[[2.4285783,48.937821],[2.4284732,48.9377127],[2.4284473,48.9376847],[2.4282906,48.9374887],[2.4281655,48.937297],[2.427946,48.9370721],[2.427763,48.9368734],[2.427619,48.9367269],[2.4274078,48.9364894],[2.4271872,48.9362512],[2.4268403,48.9358739],[2.4265548,48.93557]]}},{"type":"Feature","properties":{"relief":0.556,"sinuosity":0,"highway":"tertiary"},"geometry":{"type":"LineString","coordinates":[[3.4250714,48.5797385],[3.4250198,48.579504],[3.4249912,48.5793701],[3.424967,48.5792333],[3.4249603,48.5791346],[3.4249647,48.579015],[3.424978,48.5788957],[3.425033,48.5786308],[3.4258462,48.5754855]]}},{"type":"Feature","properties":{"relief":0.76,"sinuosity":0,"highway":"tertiary"},"geometry":{"type":"LineString","coordinates":[[3.4858534,48.6072437],[3.4861766,48.6072537],[3.4865239,48.6072892],[3.4868699,48.6073566],[3.4871797,48.6074577],[3.4877859,48.6076856],[3.4889848,48.6081582],[3.4908007,48.6088694]]}},{"type":"Feature","properties":{"relief":0.417,"sinuosity":0,"highway":"secondary","name":"Boulevard des Coquibus"},"geometry":{"type":"LineString","coordinates":[[2.4399925,48.6242698],[2.4401534,48.6241971],[2.4406201,48.6239932],[2.4410359,48.6237645],[2.4413443,48.6235517],[2.4413662,48.6235375],[2.4418272,48.6231718],[2.4420559,48.6229529],[2.4424734,48.6226225],[2.4428632,48.6223082]]}},{"type":"Feature","properties":{"relief":0.382,"sinuosity":0,"highway":"secondary","name":"Route du Petit Clos"},"geometry":{"type":"LineString","coordinates":[[1.7896947,48.8028832],[1.7922451,48.8025426],[1.7933068,48.8024299],[1.7940301,48.8023899]]}},{"type":"Feature","properties":{"relief":0.733,"sinuosity":0,"highway":"primary","name":"Avenue de Versailles"},"geometry":{"type":"LineString","coordinates":[[2.3883293,48.7569004],[2.3884205,48.7569551],[2.388451,48.7569707],[2.3884997,48.7569845],[2.3885931,48.7570125],[2.3891716,48.7571796],[2.389982,48.7574167],[2.3901229,48.7574746],[2.3912433,48.7577991],[2.3914304,48.7578515],[2.3915657,48.7578855],[2.3918484,48.7579618]]}},{"type":"Feature","properties":{"relief":0.72,"sinuosity":0,"highway":"primary"},"geometry":{"type":"LineString","coordinates":[[2.3200741,48.7144573],[2.3198712,48.7144009],[2.3196744,48.714337],[2.31939,48.7142285],[2.3174536,48.7133583],[2.3170968,48.7132238],[2.3167696,48.7131247]]}},{"type":"Feature","properties":{"relief":0.86,"sinuosity":0,"highway":"tertiary","name":"Route d'Élancourt"},"geometry":{"type":"LineString","coordinates":[[1.9103306,48.7887604],[1.9107068,48.7887483],[1.9109638,48.7887362],[1.9118656,48.7886405],[1.9130453,48.7884732],[1.9159383,48.7879917]]}},{"type":"Feature","properties":{"relief":0.447,"sinuosity":0,"highway":"tertiary"},"geometry":{"type":"LineString","coordinates":[[3.2100589,48.4416577],[3.2102551,48.4417146],[3.2104442,48.4417519],[3.2121411,48.4420275],[3.2126273,48.4421618],[3.2129966,48.44238],[3.2132432,48.4425733],[3.2135238,48.442854]]}},{"type":"Feature","properties":{"relief":0.9,"sinuosity":0,"highway":"secondary","name":"Avenue du Maréchal Leclerc"},"geometry":{"type":"LineString","coordinates":[[2.0031487,49.0116216],[2.0029962,49.0117872],[2.0024255,49.0123715],[2.0022693,49.0124922],[2.0019168,49.0128569],[2.0012284,49.0135711],[2.0008999,49.013909]]}},{"type":"Feature","properties":{"relief":0.887,"sinuosity":0,"highway":"secondary"},"geometry":{"type":"LineString","coordinates":[[2.9176969,48.2162899],[2.9166878,48.21657],[2.916642,48.2165827],[2.915698,48.2169008],[2.9136595,48.2176281]]}},{"type":"Feature","properties":{"relief":0.603,"sinuosity":0,"highway":"secondary"},"geometry":{"type":"LineString","coordinates":[[2.9055673,48.2189881],[2.904878,48.2189524],[2.9039687,48.2189024],[2.9030318,48.2188809],[2.9021984,48.2188988],[2.9012543,48.2189435]]}},{"type":"Feature","properties":{"relief":0.9,"sinuosity":0,"highway":"tertiary","name":"Rue de la Côte Saint-Louis"},"geometry":{"type":"LineString","coordinates":[[2.1841006,48.8476745],[2.18418,48.8476585],[2.1846411,48.8475653],[2.1853903,48.8473811],[2.1856012,48.8473579],[2.1862261,48.847213],[2.1871308,48.8470031],[2.1880286,48.8467635]]}},{"type":"Feature","properties":{"relief":0.493,"sinuosity":0,"highway":"tertiary"},"geometry":{"type":"LineString","coordinates":[[3.0468754,49.0276324],[3.0466005,49.0275515],[3.0462992,49.0274533],[3.0459179,49.0273255],[3.0455585,49.0271963],[3.0448739,49.0269348],[3.0444065,49.0267654],[3.0438747,49.0265921],[3.0426926,49.0262492]]}},{"type":"Feature","properties":{"relief":0.833,"sinuosity":0,"highway":"tertiary"},"geometry":{"type":"LineString","coordinates":[[1.5745622,48.621851],[1.5747446,48.6220142],[1.5748626,48.6221631],[1.5749592,48.62239],[1.5750879,48.6228439],[1.5752059,48.6230567],[1.5753561,48.6232198],[1.5755171,48.6233829],[1.5756029,48.6236311],[1.5756458,48.6238722],[1.5757638,48.6243474]]}},{"type":"Feature","properties":{"relief":0.808,"sinuosity":0.7,"highway":"tertiary","name":"Route du Golf"},"geometry":{"type":"LineString","coordinates":[[2.1381563,48.723758],[2.1381748,48.7235766],[2.1382638,48.7233736],[2.1383018,48.7232899],[2.1382884,48.7231012],[2.1375705,48.7218301],[2.1374797,48.7216671],[2.1374594,48.721574],[2.137439,48.7213885],[2.1374501,48.7212832]]}},{"type":"Feature","properties":{"relief":0.554,"sinuosity":0,"highway":"tertiary","name":"Route du Golf"},"geometry":{"type":"LineString","coordinates":[[2.1374501,48.7212832],[2.1375284,48.721129],[2.1376553,48.7208879],[2.1377379,48.720716],[2.1379204,48.7203261],[2.1380085,48.7200547],[2.1382557,48.7192485],[2.138563,48.7183389]]}},{"type":"Feature","properties":{"relief":0.9,"sinuosity":0,"highway":"tertiary"},"geometry":{"type":"LineString","coordinates":[[3.3975183,49.0194995],[3.3963353,49.0179798],[3.3962519,49.0178653],[3.3961951,49.0177673],[3.3956672,49.0169087]]}},{"type":"Feature","properties":{"relief":0.777,"sinuosity":0.702,"highway":"secondary","name":"Route des Mesnuils"},"geometry":{"type":"LineString","coordinates":[[1.8210241,48.7682647],[1.8212776,48.7680967],[1.8215678,48.7679527],[1.8225657,48.7676612],[1.8229562,48.7675222],[1.8232383,48.7673347],[1.823498,48.767019],[1.8236398,48.7665765]]}},{"type":"Feature","properties":{"relief":0.75,"sinuosity":0,"highway":"secondary","name":"Route de Nailly"},"geometry":{"type":"LineString","coordinates":[[3.2616252,48.2168818],[3.2615521,48.2169181],[3.2606779,48.2173532],[3.2599937,48.217701],[3.2592943,48.2180723],[3.259229,48.2181033],[3.2582999,48.2185462]]}},{"type":"Feature","properties":{"relief":0.45,"sinuosity":0,"highway":"tertiary"},"geometry":{"type":"LineString","coordinates":[[2.2724771,49.2701338],[2.2725614,49.2701523],[2.2726902,49.270184],[2.2727606,49.2702039],[2.2729025,49.2702511],[2.2729833,49.2702831],[2.2731248,49.2703465],[2.2731899,49.2703798],[2.2733059,49.2704463],[2.2733669,49.270485],[2.2734837,49.2705669],[2.2735293,49.2706041],[2.2736406,49.2707062],[2.2736948,49.2707646],[2.2737859,49.2708749],[2.2738391,49.2709439],[2.2742059,49.2714559],[2.2742575,49.2715229],[2.2743998,49.2716871],[2.2744816,49.2717754],[2.2745746,49.2718666],[2.2746156,49.2719015],[2.2747186,49.2719863],[2.2748038,49.2720502]]}},{"type":"Feature","properties":{"relief":0.747,"sinuosity":0,"highway":"secondary","name":"Avenue Charles de Gaulle"},"geometry":{"type":"LineString","coordinates":[[2.3175668,48.6061695],[2.3172903,48.6066088],[2.3171977,48.6067472],[2.3170557,48.6069829],[2.3170093,48.6070597],[2.316988,48.6071275],[2.3169751,48.6072128],[2.3169849,48.6072823],[2.3170058,48.6073491],[2.3170322,48.6074087],[2.3170752,48.6074683],[2.3171214,48.607509],[2.3171977,48.6075629],[2.3176341,48.6078825],[2.3183617,48.6084054]]}},{"type":"Feature","properties":{"relief":0.86,"sinuosity":0.7,"highway":"secondary","name":"Rue Roosevelt"},"geometry":{"type":"LineString","coordinates":[[3.3772367,49.026631],[3.3772412,49.0267016],[3.3772475,49.0268006],[3.377184,49.026947],[3.3770392,49.0270962],[3.3769494,49.027207],[3.3768962,49.0272844],[3.3768489,49.027424],[3.3768434,49.0275844],[3.3768537,49.0278732],[3.3768386,49.027964],[3.3768149,49.0280395],[3.3767282,49.0281803],[3.3766253,49.0282845],[3.3763194,49.0285249],[3.3762333,49.0286193],[3.3761747,49.0287296],[3.3759951,49.0289691]]}},{"type":"Feature","properties":{"relief":0.75,"sinuosity":0,"highway":"secondary","name":"Rue de Montlhéry"},"geometry":{"type":"LineString","coordinates":[[2.181429,48.6899519],[2.1814552,48.6898122],[2.1814611,48.6897781],[2.1814647,48.689757],[2.1815472,48.6892777],[2.1816016,48.6890671],[2.1816605,48.6889099],[2.1817581,48.6887743],[2.1818715,48.6886671],[2.1820264,48.6885625],[2.1822365,48.6884659],[2.1830234,48.688174],[2.1832311,48.6880969],[2.1834778,48.688012]]}},{"type":"Feature","properties":{"relief":0.75,"sinuosity":0,"highway":"secondary","name":"Route de Chartres"},"geometry":{"type":"LineString","coordinates":[[2.1406284,48.6801902],[2.1405131,48.6801485],[2.1404666,48.6801317],[2.1403596,48.680093],[2.1400919,48.6800085],[2.1398797,48.6799311],[2.139816,48.6799037],[2.1396435,48.6798282],[2.1394376,48.6797337],[2.1393409,48.6796899],[2.1392477,48.6796436],[2.1391435,48.6795869],[2.1389709,48.6794803],[2.1388335,48.6793993],[2.1387149,48.6793369],[2.1386044,48.6792871],[2.138437,48.6792111],[2.1363413,48.6782634]]}},{"type":"Feature","properties":{"relief":0.75,"sinuosity":0,"highway":"primary"},"geometry":{"type":"LineString","coordinates":[[2.4055401,49.1023553],[2.4066928,49.1022688],[2.4074588,49.1021743],[2.40833,49.1020173],[2.4090079,49.1018634],[2.4099403,49.1016199]]}},{"type":"Feature","properties":{"relief":0.465,"sinuosity":0,"highway":"tertiary","name":"Rue de la Croix Martin"},"geometry":{"type":"LineString","coordinates":[[1.554834,49.1862638],[1.5545123,49.1862493],[1.5539266,49.1862568],[1.5533438,49.186276],[1.5524656,49.1863543],[1.5520808,49.1863489],[1.5504895,49.1860111]]}},{"type":"Feature","properties":{"relief":0.75,"sinuosity":0,"highway":"primary"},"geometry":{"type":"LineString","coordinates":[[3.4851066,49.0468386],[3.4851756,49.0468574],[3.487873,49.0475926],[3.4885844,49.0477817],[3.4893465,49.0479843]]}},{"type":"Feature","properties":{"relief":0.56,"sinuosity":0,"highway":"tertiary"},"geometry":{"type":"LineString","coordinates":[[1.5996177,49.184099],[1.5994252,49.1841326],[1.5985277,49.1842954],[1.5981604,49.1844245],[1.5975107,49.1847211],[1.5968819,49.1850051],[1.5962274,49.1852267],[1.595839,49.1854094]]}},{"type":"Feature","properties":{"relief":0.73,"sinuosity":0.768,"highway":"secondary","name":"Rue du Haut Grenier"},"geometry":{"type":"LineString","coordinates":[[1.6009243,49.1635823],[1.6009623,49.1635253],[1.6009448,49.1634473],[1.6008641,49.163324],[1.6007557,49.1631715],[1.6006031,49.1629905],[1.600572,49.1629436],[1.6002676,49.1625383],[1.5999939,49.1621885],[1.5999487,49.1621295],[1.5997443,49.1618444],[1.5996902,49.1617038],[1.5997591,49.1615077],[1.5999502,49.1613352],[1.6005302,49.1609031]]}},{"type":"Feature","properties":{"relief":0.4,"sinuosity":0,"highway":"tertiary"},"geometry":{"type":"LineString","coordinates":[[3.4869016,48.2704178],[3.4871896,48.2704348],[3.4874019,48.270431],[3.4901787,48.2703739],[3.495926,48.2702503]]}},{"type":"Feature","properties":{"relief":0.663,"sinuosity":0,"highway":"primary"},"geometry":{"type":"LineString","coordinates":[[3.0368845,49.1021215],[3.0368826,49.1024111],[3.0369071,49.1025475],[3.0369504,49.1026626],[3.0370145,49.1028019],[3.0370392,49.1028394],[3.0371136,49.102923],[3.0371455,49.102962],[3.0373168,49.103117],[3.0385467,49.1040053],[3.0390853,49.104361]]}},{"type":"Feature","properties":{"relief":0.9,"sinuosity":0,"highway":"secondary","name":"Rue Carnot"},"geometry":{"type":"LineString","coordinates":[[3.2943395,48.0819636],[3.2943601,48.0821183],[3.2943582,48.0821432],[3.2943674,48.0822268],[3.2943746,48.0822793],[3.2943833,48.082321],[3.2945659,48.0829956],[3.2946836,48.0833967],[3.2946908,48.0834234],[3.2947009,48.0834609],[3.2947132,48.0835062],[3.2947267,48.0835564],[3.294762,48.083687],[3.2949251,48.084333],[3.2950316,48.0847936]]}},{"type":"Feature","properties":{"relief":0.9,"sinuosity":0,"highway":"secondary","name":"Route de Moret"},"geometry":{"type":"LineString","coordinates":[[2.7720768,48.3274911],[2.7698245,48.3271217],[2.7673738,48.3267136]]}},{"type":"Feature","properties":{"relief":0.96,"sinuosity":0.7,"highway":"tertiary"},"geometry":{"type":"LineString","coordinates":[[3.1697838,48.1410044],[3.1699543,48.1409431],[3.1707126,48.1407243],[3.1711254,48.1405798],[3.1716081,48.1403868],[3.1719407,48.1402614],[3.1722042,48.1401989],[3.1724283,48.140194],[3.1728975,48.140221],[3.1730691,48.1402157],[3.1732283,48.1401844],[3.1733595,48.1401271]]}},{"type":"Feature","properties":{"relief":0.372,"sinuosity":0,"highway":"secondary"},"geometry":{"type":"LineString","coordinates":[[3.4343278,48.3970926],[3.4328043,48.3990315],[3.4316963,48.4004089]]}},{"type":"Feature","properties":{"relief":0.583,"sinuosity":0,"highway":"trunk","name":"La Francilienne"},"geometry":{"type":"LineString","coordinates":[[2.4090493,49.065199],[2.4089712,49.0651981],[2.4083286,49.0653662],[2.407532,49.0655824],[2.406598,49.0658264],[2.405406,49.0661446]]}},{"type":"Feature","properties":{"relief":0.723,"sinuosity":0,"highway":"tertiary"},"geometry":{"type":"LineString","coordinates":[[2.4372896,49.0707307],[2.4397051,49.0722467],[2.4399054,49.0723986],[2.4399599,49.0724523],[2.4400081,49.0725224]]}},{"type":"Feature","properties":{"relief":0.9,"sinuosity":0,"highway":"secondary"},"geometry":{"type":"LineString","coordinates":[[3.5003688,48.2617122],[3.4992848,48.262201],[3.4950766,48.2640983]]}},{"type":"Feature","properties":{"relief":0.39,"sinuosity":0,"highway":"secondary"},"geometry":{"type":"LineString","coordinates":[[3.4877755,48.2671272],[3.4869323,48.2673941],[3.4864642,48.2675423],[3.4861209,48.2676544],[3.4858861,48.2677692],[3.4856608,48.2679323],[3.4854987,48.2680928],[3.4853604,48.2683086],[3.4851153,48.2687585]]}},{"type":"Feature","properties":{"relief":1,"sinuosity":0.7,"highway":"secondary","name":"Rue de la Mairie"},"geometry":{"type":"LineString","coordinates":[[2.2752265,48.4316125],[2.2747604,48.4315208],[2.2744213,48.4314624],[2.2740971,48.4314065],[2.2739445,48.4313793],[2.2738784,48.4313675],[2.2738355,48.431361],[2.2737737,48.4313532],[2.2737194,48.4313448],[2.2731849,48.4313009],[2.2731317,48.4312738],[2.2730502,48.4312338],[2.2729474,48.4311939],[2.2728286,48.4311598],[2.2726426,48.4311151],[2.272398,48.4310706],[2.2721209,48.4310382],[2.2718867,48.4310121],[2.2716825,48.4309901],[2.271526,48.4309279]]}},{"type":"Feature","properties":{"relief":0.743,"sinuosity":0,"highway":"tertiary","name":"Route du Miroir"},"geometry":{"type":"LineString","coordinates":[[3.4435611,48.1724893],[3.4427886,48.1722675],[3.440984,48.1716526],[3.4391019,48.1710028]]}},{"type":"Feature","properties":{"relief":0.57,"sinuosity":0,"highway":"primary","name":"Route de Chartres"},"geometry":{"type":"LineString","coordinates":[[2.038478,48.6243039],[2.0383331,48.6242012],[2.0382049,48.6241038],[2.0380212,48.623964],[2.0378641,48.6238375],[2.0377083,48.6236982],[2.0375817,48.6235849],[2.0374546,48.623462],[2.0373329,48.6233375],[2.0371927,48.6231882],[2.0370844,48.6230645],[2.0369721,48.6229289],[2.0368678,48.6227942],[2.0367698,48.6226601],[2.0366878,48.6225399],[2.0366037,48.6224128],[2.0365194,48.6222785],[2.0364471,48.6221476]]}},{"type":"Feature","properties":{"relief":0.85,"sinuosity":0.942,"highway":"trunk_link"},"geometry":{"type":"LineString","coordinates":[[2.1361281,49.0475329],[2.1359926,49.0477581],[2.1355591,49.0483645],[2.1355351,49.0484074],[2.135525,49.0484489],[2.1355245,49.0484863],[2.1355358,49.0485208],[2.1355659,49.0485607],[2.1356023,49.0485887],[2.1357267,49.0486438],[2.1394964,49.0493629]]}},{"type":"Feature","properties":{"relief":0.683,"sinuosity":0,"highway":"tertiary"},"geometry":{"type":"LineString","coordinates":[[3.1051642,48.7563249],[3.1050646,48.756372],[3.1028884,48.7572881],[3.094415,48.7608781]]}},{"type":"Feature","properties":{"relief":0.508,"sinuosity":0,"highway":"tertiary"},"geometry":{"type":"LineString","coordinates":[[1.7766093,48.9260169],[1.7767622,48.925927],[1.7768883,48.9258336],[1.7770144,48.9257068],[1.7771136,48.9255799],[1.7773819,48.9250194],[1.7775293,48.9247287],[1.7776124,48.9245931],[1.7777844,48.9244131],[1.7778673,48.9243272],[1.7780167,48.9241787],[1.778102,48.924058],[1.7781578,48.923999],[1.7782669,48.9239673],[1.7784037,48.9239506],[1.7786371,48.9239603]]}},{"type":"Feature","properties":{"relief":0.61,"sinuosity":0,"highway":"secondary"},"geometry":{"type":"LineString","coordinates":[[2.3591674,48.2963018],[2.3602431,48.2963185],[2.361492,48.296338],[2.3626616,48.2963403],[2.3643224,48.2962613]]}},{"type":"Feature","properties":{"relief":0.75,"sinuosity":0,"highway":"tertiary"},"geometry":{"type":"LineString","coordinates":[[1.7765249,48.875357],[1.7771006,48.8749894],[1.7773476,48.8748322],[1.7784369,48.8741677],[1.7792954,48.8736763],[1.7797351,48.8734571]]}},{"type":"Feature","properties":{"relief":0.9,"sinuosity":0,"highway":"tertiary","name":"Avenue Laennec"},"geometry":{"type":"LineString","coordinates":[[2.9605369,48.3972793],[2.9605445,48.3973452],[2.9605694,48.3976461],[2.9606156,48.3982037],[2.9606162,48.3983008],[2.9605891,48.3984139],[2.9605167,48.3985777],[2.9604253,48.3987066],[2.9602914,48.3988235],[2.9602526,48.3988494],[2.9601771,48.3988999],[2.9595819,48.3992838],[2.959253,48.3995312]]}},{"type":"Feature","properties":{"relief":0.69,"sinuosity":0,"highway":"secondary","name":"Quai de Seine"},"geometry":{"type":"LineString","coordinates":[[2.4070221,48.7148186],[2.4072932,48.7149816],[2.407566,48.7151202],[2.4078458,48.7152497],[2.408088,48.7153494],[2.4084011,48.7154775],[2.4086922,48.7156176],[2.4088243,48.7156885],[2.4089564,48.7157697],[2.4091267,48.7158822],[2.4098345,48.7163411],[2.4100571,48.7164899]]}},{"type":"Feature","properties":{"relief":0.737,"sinuosity":0.7,"highway":"tertiary"},"geometry":{"type":"LineString","coordinates":[[3.3252976,48.8462025],[3.3248979,48.8471155],[3.324745,48.8476571],[3.3248317,48.8481846],[3.3253093,48.8489413]]}},{"type":"Feature","properties":{"relief":0.637,"sinuosity":0,"highway":"tertiary","name":"Avenue Romain Rolland"},"geometry":{"type":"LineString","coordinates":[[2.3765069,48.9380309],[2.3764173,48.9379893],[2.3763701,48.9379674],[2.3759393,48.9377574],[2.3757667,48.9377168],[2.3752597,48.9376018],[2.3751645,48.9375833],[2.3744347,48.9375344],[2.3741101,48.9375126],[2.3739622,48.9375029],[2.3738186,48.9374933],[2.3731793,48.9374509],[2.3730481,48.9374419],[2.3728253,48.9373945]]}},{"type":"Feature","properties":{"relief":0.75,"sinuosity":0,"highway":"motorway","name":"L'Aquitaine"},"geometry":{"type":"LineString","coordinates":[[2.0079593,48.5775686],[2.0067269,48.5769257],[2.0054498,48.5762777],[2.0039695,48.5755468]]}},{"type":"Feature","properties":{"relief":0.47,"sinuosity":0,"highway":"motorway","name":"L'Aquitaine"},"geometry":{"type":"LineString","coordinates":[[2.0039695,48.5755468],[2.0024657,48.5748212],[2.0010822,48.5741741],[1.9996731,48.5735352]]}},{"type":"Feature","properties":{"relief":0.61,"sinuosity":0,"highway":"trunk"},"geometry":{"type":"LineString","coordinates":[[1.4626415,48.7534981],[1.4621949,48.7534136],[1.4608592,48.7531638],[1.4587287,48.7527637]]}},{"type":"Feature","properties":{"relief":0.75,"sinuosity":0,"highway":"secondary","name":"Rue du Vert Galant"},"geometry":{"type":"LineString","coordinates":[[2.1911515,49.2092447],[2.1913542,49.2090922],[2.1915661,49.208987],[2.1918395,49.2088522],[2.1926135,49.2085665],[2.1937264,49.2080864],[2.1938293,49.2080454],[2.1939321,49.2080043],[2.1939995,49.2079802],[2.1942817,49.2078792],[2.1961131,49.2072251]]}},{"type":"Feature","properties":{"relief":0.452,"sinuosity":0,"highway":"tertiary","name":"Rue du Rhin"},"geometry":{"type":"LineString","coordinates":[[2.4976465,48.8668772],[2.4976418,48.8667836],[2.4976344,48.8666039],[2.4976142,48.8663436],[2.4976075,48.8661118],[2.4976022,48.8659659],[2.4975989,48.8658756],[2.4975888,48.8655941],[2.4975525,48.8654864],[2.4974015,48.865182],[2.497144,48.8647471],[2.4970611,48.8646027],[2.4970466,48.8645776],[2.4970138,48.8645204]]}},{"type":"Feature","properties":{"relief":0.807,"sinuosity":0,"highway":"tertiary"},"geometry":{"type":"LineString","coordinates":[[2.6022478,49.1185098],[2.602246,49.1184784],[2.6022085,49.1178231],[2.6018512,49.1172367],[2.6011482,49.1160828]]}},{"type":"Feature","properties":{"relief":0.603,"sinuosity":0,"highway":"motorway","name":"Autoroute de l’Est"},"geometry":{"type":"LineString","coordinates":[[3.2134149,49.0405822],[3.2155633,49.0404505],[3.2166581,49.0403611],[3.2176972,49.0402667]]}},{"type":"Feature","properties":{"relief":0.75,"sinuosity":0,"highway":"secondary","name":"Rue Hippolyte Pina"},"geometry":{"type":"LineString","coordinates":[[2.5431203,48.8709228],[2.5419385,48.8705482],[2.541788,48.8704992],[2.5416509,48.8704577],[2.540793,48.8701783],[2.5406874,48.8701458],[2.5405155,48.8700742],[2.5402402,48.8699943],[2.5398317,48.8698812],[2.5393149,48.8697041]]}},{"type":"Feature","properties":{"relief":0.75,"sinuosity":0,"highway":"tertiary","name":"Avenue Jean Jaurès"},"geometry":{"type":"LineString","coordinates":[[2.3014159,48.8000873],[2.3015504,48.8002223],[2.3018516,48.8007931],[2.3018926,48.8008783],[2.3020035,48.8010822],[2.3024541,48.8021475],[2.3030348,48.803439]]}},{"type":"Feature","properties":{"relief":0.527,"sinuosity":0,"highway":"secondary","name":"Route du Bignon"},"geometry":{"type":"LineString","coordinates":[[2.8770586,48.1729748],[2.8771291,48.1729549],[2.8776706,48.1728029],[2.8777505,48.172781],[2.8778112,48.1727617],[2.8784012,48.172604],[2.8792434,48.1723615],[2.8797723,48.172164],[2.8799771,48.1720875],[2.8803871,48.1720235],[2.8804303,48.1720203],[2.8814764,48.1719939]]}},{"type":"Feature","properties":{"relief":0.705,"sinuosity":0,"highway":"secondary","name":"Grande Rue"},"geometry":{"type":"LineString","coordinates":[[3.3793449,48.2201641],[3.3793348,48.2201016],[3.3793182,48.2199913],[3.3792989,48.2198635],[3.3792973,48.2198529],[3.3792946,48.2198256],[3.3792478,48.2195212],[3.3792125,48.2191776],[3.3791487,48.2185777],[3.3791381,48.2184985],[3.3791193,48.2183877],[3.3791074,48.2183203],[3.3790579,48.2179678],[3.3790654,48.2176769],[3.3791382,48.2169582]]}},{"type":"Feature","properties":{"relief":0.853,"sinuosity":0,"highway":"tertiary"},"geometry":{"type":"LineString","coordinates":[[3.5778178,49.1307699],[3.5777664,49.1307555],[3.5772552,49.1306058],[3.576404,49.1303632],[3.5754174,49.1300818],[3.5752259,49.1300384],[3.5750799,49.1300148],[3.5749566,49.1299999],[3.5748113,49.1299923],[3.5743088,49.1299814],[3.5741055,49.129976]]}},{"type":"Feature","properties":{"relief":0.563,"sinuosity":0,"highway":"primary"},"geometry":{"type":"LineString","coordinates":[[2.6957927,48.3513576],[2.6953517,48.3537782],[2.6953005,48.3540259]]}},{"type":"Feature","properties":{"relief":0.9,"sinuosity":0,"highway":"tertiary","name":"Rue Alfred de Vigny"},"geometry":{"type":"LineString","coordinates":[[1.4194084,48.9601094],[1.4188522,48.9600306],[1.4180208,48.9600159],[1.4178881,48.9600103],[1.4178224,48.9600067],[1.4177587,48.959997],[1.4177003,48.9599825],[1.4176387,48.9599636],[1.4175288,48.9599186],[1.4174895,48.9599],[1.4173754,48.9598469],[1.4172511,48.9597963],[1.4170868,48.9597324],[1.4169437,48.9596875],[1.4167919,48.959649],[1.4166396,48.9596195],[1.4164382,48.9595892],[1.4162372,48.9595681],[1.4160498,48.9595557],[1.4130929,48.9593602]]}},{"type":"Feature","properties":{"relief":0.68,"sinuosity":0,"highway":"tertiary"},"geometry":{"type":"LineString","coordinates":[[1.5176475,48.6656251],[1.5187167,48.6667722],[1.5201758,48.6683594]]}},{"type":"Feature","properties":{"relief":0.743,"sinuosity":0,"highway":"tertiary","name":"Rue des Graviers"},"geometry":{"type":"LineString","coordinates":[[1.5079421,48.6605803],[1.5071427,48.6608954],[1.5067489,48.6610506],[1.5063036,48.6611712],[1.5061636,48.6612091],[1.5050984,48.6614792],[1.5044713,48.6616463]]}},{"type":"Feature","properties":{"relief":0.595,"sinuosity":0,"highway":"primary"},"geometry":{"type":"LineString","coordinates":[[3.5663171,48.4677942],[3.566473,48.4676459],[3.5666715,48.4674796],[3.5668826,48.4673298],[3.5671248,48.4671879],[3.5674046,48.4670536],[3.567633,48.4669629],[3.5678771,48.4668865],[3.5682694,48.4667733],[3.5685555,48.466708],[3.5691274,48.4665704],[3.578423,48.4643344]]}},{"type":"Feature","properties":{"relief":0.9,"sinuosity":0,"highway":"tertiary"},"geometry":{"type":"LineString","coordinates":[[3.3062361,48.8658067],[3.3069921,48.8654744],[3.3077934,48.8651043],[3.3081983,48.8648999],[3.3084174,48.8647637],[3.3086138,48.8646097],[3.3094148,48.8638891]]}},{"type":"Feature","properties":{"relief":0.765,"sinuosity":0,"highway":"primary","name":"Route Nationale 60"},"geometry":{"type":"LineString","coordinates":[[3.5687893,48.2361923],[3.5692703,48.2361671],[3.5694928,48.2361598],[3.5698473,48.2361388],[3.5707554,48.2360977],[3.5791269,48.2357174]]}},{"type":"Feature","properties":{"relief":0.9,"sinuosity":0,"highway":"primary"},"geometry":{"type":"LineString","coordinates":[[3.396915,48.1742124],[3.3998199,48.1745694],[3.4012761,48.1747485]]}},{"type":"Feature","properties":{"relief":0.533,"sinuosity":0.7,"highway":"tertiary","name":"Rue du Port"},"geometry":{"type":"LineString","coordinates":[[2.4679533,48.8031675],[2.4680152,48.80309],[2.4680222,48.8029013],[2.4679647,48.8026631],[2.4678524,48.8023682],[2.4677373,48.8021242],[2.4677275,48.8021034],[2.4677169,48.8020897],[2.4674395,48.8015447],[2.4672862,48.8012306],[2.4671973,48.8011443],[2.4671697,48.801093],[2.4671486,48.801053],[2.4669775,48.8007629]]}},{"type":"Feature","properties":{"relief":1,"sinuosity":0.7,"highway":"tertiary"},"geometry":{"type":"LineString","coordinates":[[1.9553289,49.2218382],[1.9555398,49.2219674],[1.9557202,49.2220293],[1.9559056,49.2220933],[1.9561733,49.2220999],[1.9578298,49.2220369],[1.9585799,49.2219758],[1.9589741,49.2219617],[1.9592342,49.2220225]]}},{"type":"Feature","properties":{"relief":0.75,"sinuosity":0,"highway":"tertiary"},"geometry":{"type":"LineString","coordinates":[[1.8642411,49.1638198],[1.8647868,49.1638353],[1.8665358,49.1638849],[1.8673297,49.1639095],[1.8679607,49.1639738],[1.8686789,49.1640905]]}},{"type":"Feature","properties":{"relief":0.76,"sinuosity":0,"highway":"trunk_link"},"geometry":{"type":"LineString","coordinates":[[1.4606241,48.7526816],[1.4606699,48.7526843],[1.46074,48.7526908],[1.4608184,48.7527017],[1.460923,48.7527192],[1.4636497,48.7532338],[1.463725,48.7532508],[1.4637863,48.7532664],[1.4638871,48.7532952],[1.4645988,48.7535295]]}},{"type":"Feature","properties":{"relief":0.9,"sinuosity":0,"highway":"secondary"},"geometry":{"type":"LineString","coordinates":[[2.138866,48.5210068],[2.138067,48.5206773],[2.1374157,48.520369],[2.1370247,48.5201667],[2.1363757,48.5198606],[2.1357721,48.5195671],[2.135474,48.5194088]]}},{"type":"Feature","properties":{"relief":1,"sinuosity":0.7,"highway":"tertiary"},"geometry":{"type":"LineString","coordinates":[[1.8192441,49.1873322],[1.8203408,49.1869687],[1.8207357,49.1868071],[1.8214036,49.1864059],[1.8216786,49.1862681],[1.8219969,49.1862079],[1.8223398,49.1862248],[1.8228487,49.1863207]]}},{"type":"Feature","properties":{"relief":0.75,"sinuosity":0,"highway":"tertiary"},"geometry":{"type":"LineString","coordinates":[[1.9104292,49.2310473],[1.9109392,49.2303891],[1.9130567,49.2285776]]}},{"type":"Feature","properties":{"relief":0.807,"sinuosity":0,"highway":"tertiary","name":"Route de Saint-Clair"},"geometry":{"type":"LineString","coordinates":[[1.7752222,49.2204242],[1.775736,49.2202536],[1.7770706,49.2198254],[1.7781821,49.2194407],[1.7795822,49.2190027]]}},{"type":"Feature","properties":{"relief":0.532,"sinuosity":0,"highway":"tertiary"},"geometry":{"type":"LineString","coordinates":[[2.7671921,48.752693],[2.7672485,48.7528011],[2.7673054,48.7529019],[2.7673738,48.7530146],[2.7675864,48.7533249],[2.7679016,48.7537644],[2.7682885,48.7543219],[2.769981,48.7569007]]}},{"type":"Feature","properties":{"relief":1,"sinuosity":0.795,"highway":"tertiary"},"geometry":{"type":"LineString","coordinates":[[3.076833,49.0710548],[3.0771208,49.0717412],[3.0772515,49.0720482],[3.0773396,49.0722165],[3.0774399,49.072299],[3.0775633,49.0723662],[3.0776692,49.0724128],[3.0778208,49.0724391],[3.078064,49.0724656],[3.0795014,49.0725911]]}},{"type":"Feature","properties":{"relief":0.67,"sinuosity":0,"highway":"primary","name":"Boulevard Robespierre"},"geometry":{"type":"LineString","coordinates":[[2.0440511,48.9330717],[2.0443951,48.9330643],[2.0447768,48.9330628],[2.04517,48.9330628],[2.0453296,48.9330631],[2.0453784,48.9330643],[2.0455615,48.9330601],[2.0457327,48.9330563],[2.0457832,48.9330551],[2.0461953,48.9330522],[2.0464868,48.9330566],[2.0467173,48.9330652],[2.0468077,48.9330691],[2.046926,48.9330743],[2.0471075,48.9330877],[2.0472624,48.9330995],[2.0474066,48.9331119],[2.0474229,48.9331135],[2.0476163,48.9331325],[2.0478022,48.9331537],[2.0479618,48.9331722]]}},{"type":"Feature","properties":{"relief":0.75,"sinuosity":0,"highway":"tertiary","name":"Rue des Écoles"},"geometry":{"type":"LineString","coordinates":[[2.2212722,48.5791324],[2.2213114,48.5790907],[2.2213707,48.5790278],[2.221388,48.5790068],[2.2214822,48.578877],[2.2215756,48.5787022],[2.2216569,48.578577],[2.2216934,48.5785208],[2.2216998,48.5785116],[2.221803,48.5783631],[2.221892,48.5782379],[2.2219729,48.5781228],[2.2219995,48.5780836],[2.2221455,48.5778699],[2.2223249,48.577642],[2.222388,48.5775619],[2.222406,48.577539],[2.2227519,48.5771878],[2.2227764,48.5771625],[2.2228562,48.5770358]]}},{"type":"Feature","properties":{"relief":0.733,"sinuosity":0,"highway":"tertiary"},"geometry":{"type":"LineString","coordinates":[[2.967512,49.0259877],[2.9675628,49.0262195],[2.9676544,49.0266797],[2.9676711,49.0267975],[2.9676765,49.0269098],[2.9676671,49.0270285],[2.9676335,49.0270986],[2.9675739,49.0271734],[2.9675132,49.0272343],[2.9668044,49.0277861],[2.9663387,49.0281567],[2.966285,49.0282068]]}},{"type":"Feature","properties":{"relief":0.593,"sinuosity":0,"highway":"tertiary"},"geometry":{"type":"LineString","coordinates":[[1.8713715,48.2834674],[1.8711615,48.2833465],[1.8707212,48.2831476],[1.8682623,48.2822972],[1.8672072,48.281981]]}},{"type":"Feature","properties":{"relief":0.69,"sinuosity":0,"highway":"tertiary","name":"Rue de la Neuville"},"geometry":{"type":"LineString","coordinates":[[1.6394784,49.2774927],[1.6404087,49.2775037],[1.6408162,49.2775917],[1.6418734,49.2779218],[1.6425554,49.2781727],[1.6428787,49.2782592],[1.644088,49.2784668]]}},{"type":"Feature","properties":{"relief":0.893,"sinuosity":0,"highway":"tertiary","name":"Rue Grande"},"geometry":{"type":"LineString","coordinates":[[2.4987567,48.3711702],[2.4986802,48.3713473],[2.4985639,48.3715005],[2.4980257,48.3719594],[2.4978525,48.372146],[2.497459,48.3726144],[2.4973025,48.3727603],[2.4971825,48.3728461],[2.4969602,48.3729316],[2.4966477,48.3730301],[2.4965522,48.3730591],[2.4961153,48.3731885]]}},{"type":"Feature","properties":{"relief":0.9,"sinuosity":0,"highway":"tertiary"},"geometry":{"type":"LineString","coordinates":[[2.1942085,48.5333999],[2.1940602,48.5327398],[2.1938652,48.531871],[2.1938137,48.5316721],[2.1937364,48.53153],[2.1935733,48.5313765],[2.1929183,48.5308124]]}},{"type":"Feature","properties":{"relief":0.9,"sinuosity":0,"highway":"secondary","name":"Rue de Meaux"},"geometry":{"type":"LineString","coordinates":[[2.5850862,48.9367661],[2.5857335,48.9368338],[2.5858449,48.9368437],[2.5863337,48.9368941],[2.5870788,48.9369687],[2.5872226,48.9369851],[2.5883126,48.9370965],[2.588596,48.9371207],[2.5889732,48.9371601]]}},{"type":"Feature","properties":{"relief":0.86,"sinuosity":0,"highway":"secondary","name":"Avenue de Verdun"},"geometry":{"type":"LineString","coordinates":[[2.2383485,48.5765214],[2.2386378,48.5769082],[2.2387249,48.5770197],[2.2388495,48.5771863],[2.2389253,48.5772817],[2.2400566,48.5787622]]}},{"type":"Feature","properties":{"relief":0.9,"sinuosity":0,"highway":"tertiary"},"geometry":{"type":"LineString","coordinates":[[3.5330535,48.9620861],[3.532556,48.9619846],[3.532302,48.9619088],[3.5320797,48.9618107],[3.5299485,48.9606926],[3.528561,48.9599463]]}},{"type":"Feature","properties":{"relief":0.9,"sinuosity":0,"highway":"tertiary","name":"Rue de la Gare"},"geometry":{"type":"LineString","coordinates":[[1.8506805,49.161558],[1.8504043,49.1617269],[1.8502878,49.1618445],[1.8502302,49.1619273],[1.8502046,49.1620287],[1.850192,49.1621262],[1.850201,49.1622414],[1.8502325,49.1624148],[1.8502799,49.1625724],[1.8503819,49.1629004],[1.8504865,49.1631764],[1.8507466,49.1637493],[1.8508003,49.1638756],[1.8508263,49.1639683]]}},{"type":"Feature","properties":{"relief":0.9,"sinuosity":0,"highway":"primary"},"geometry":{"type":"LineString","coordinates":[[3.4196625,48.172054],[3.4195703,48.1721319],[3.419466,48.17222],[3.418807,48.172765],[3.41853,48.172994],[3.4172702,48.1740264]]}},{"type":"Feature","properties":{"relief":0.9,"sinuosity":0,"highway":"secondary"},"geometry":{"type":"LineString","coordinates":[[3.27039,49.0257481],[3.2703106,49.0262308],[3.2703305,49.0265151],[3.27039,49.0267862],[3.2705024,49.0270177],[3.2706412,49.0272888],[3.2710158,49.0279878],[3.2711553,49.0282885]]}},{"type":"Feature","properties":{"relief":0.75,"sinuosity":0,"highway":"secondary"},"geometry":{"type":"LineString","coordinates":[[3.2675581,49.0330196],[3.267171,49.0332501],[3.2665932,49.0335145],[3.2657464,49.0337672],[3.2591727,49.0355217]]}},{"type":"Feature","properties":{"relief":0.75,"sinuosity":0,"highway":"tertiary"},"geometry":{"type":"LineString","coordinates":[[3.3569814,48.9459399],[3.3568943,48.9459342],[3.3547281,48.9455927],[3.3501441,48.9448406]]}},{"type":"Feature","properties":{"relief":0.813,"sinuosity":0,"highway":"tertiary"},"geometry":{"type":"LineString","coordinates":[[3.3972967,48.9056935],[3.3976011,48.9040468],[3.3977084,48.9037268],[3.3979645,48.9030639]]}},{"type":"Feature","properties":{"relief":0.663,"sinuosity":0,"highway":"tertiary"},"geometry":{"type":"LineString","coordinates":[[3.3979645,48.9030639],[3.39805,48.9027365],[3.3980544,48.9025076],[3.3980111,48.9021816],[3.3976534,48.9013175],[3.3975273,48.9009613],[3.397452,48.900618]]}},{"type":"Feature","properties":{"relief":0.75,"sinuosity":0,"highway":"tertiary"},"geometry":{"type":"LineString","coordinates":[[1.9102041,49.2896834],[1.9113929,49.2905361],[1.9114081,49.290546],[1.9125066,49.2912618],[1.9129786,49.2915991]]}},{"type":"Feature","properties":{"relief":0.9,"sinuosity":0,"highway":"secondary","name":"Avenue de la République"},"geometry":{"type":"LineString","coordinates":[[2.4507736,48.7107623],[2.4512668,48.7100896],[2.4514089,48.7099232],[2.4519513,48.7093652],[2.4522079,48.7090929],[2.4523616,48.7089279],[2.4525765,48.7087246],[2.45274,48.7085946]]}},{"type":"Feature","properties":{"relief":0.695,"sinuosity":0,"highway":"motorway","name":"Autoroute du Nord"},"geometry":{"type":"LineString","coordinates":[[2.4525277,48.9523662],[2.4508593,48.9514663],[2.4500719,48.9510397],[2.4490465,48.9504822]]}},{"type":"Feature","properties":{"relief":0.75,"sinuosity":0,"highway":"primary","name":"Route de Calais"},"geometry":{"type":"LineString","coordinates":[[2.3616353,48.9846155],[2.3616905,48.9845847],[2.3617337,48.9845543],[2.361763,48.9845214],[2.361784,48.9844899],[2.3618028,48.9844459],[2.3618273,48.9843886],[2.3619684,48.984039],[2.3626598,48.9823406]]}},{"type":"Feature","properties":{"relief":0.867,"sinuosity":0,"highway":"motorway","name":"Autoroute du Soleil"},"geometry":{"type":"LineString","coordinates":[[2.421547,48.6226906],[2.4219469,48.6224456],[2.4225459,48.6220788],[2.4231478,48.6216967],[2.4237153,48.621313],[2.424184,48.62098],[2.4248012,48.6205105]]}},{"type":"Feature","properties":{"relief":0.75,"sinuosity":0,"highway":"primary"},"geometry":{"type":"LineString","coordinates":[[2.0008963,48.6828004],[2.000932,48.6828245],[2.0010062,48.6828746],[2.0011083,48.6829435],[2.0014643,48.6831837],[2.0018672,48.6834638],[2.0034588,48.684541],[2.0037186,48.6846813]]}},{"type":"Feature","properties":{"relief":0.75,"sinuosity":0,"highway":"primary","name":"Boulevard de la République"},"geometry":{"type":"LineString","coordinates":[[2.2141997,48.8468994],[2.2142319,48.8470229],[2.2142497,48.8470961],[2.2142696,48.8472024],[2.214274,48.8472508],[2.2142804,48.8475166],[2.2142766,48.8477974],[2.2141749,48.8482013],[2.214014,48.8486434],[2.2138953,48.8489905],[2.2138243,48.8492126],[2.213813,48.8492481]]}},{"type":"Feature","properties":{"relief":0.413,"sinuosity":0,"highway":"secondary"},"geometry":{"type":"LineString","coordinates":[[1.4378837,48.5791259],[1.438565,48.5786929],[1.4393589,48.5780044],[1.4400563,48.5775288],[1.4404521,48.5773269],[1.4405713,48.5772661]]}},{"type":"Feature","properties":{"relief":0.75,"sinuosity":0,"highway":"secondary","name":"Grande Rue"},"geometry":{"type":"LineString","coordinates":[[2.3637923,48.4536591],[2.3634766,48.4537288],[2.3633372,48.4537641],[2.3631004,48.4538276],[2.3628734,48.4538842],[2.3623851,48.4540133],[2.3622186,48.4540704],[2.3620182,48.4541711],[2.3616561,48.4543179],[2.3612413,48.454475],[2.3610651,48.454533],[2.3609248,48.4545745],[2.3607561,48.4546175],[2.3606747,48.4546361],[2.36058,48.4546551],[2.360307,48.4547039]]}},{"type":"Feature","properties":{"relief":0.447,"sinuosity":0,"highway":"tertiary"},"geometry":{"type":"LineString","coordinates":[[2.6801696,48.1476047],[2.6791739,48.1474787],[2.6780581,48.1472554],[2.6764703,48.1468946]]}},{"type":"Feature","properties":{"relief":0.379,"sinuosity":0,"highway":"secondary"},"geometry":{"type":"LineString","coordinates":[[2.7156193,48.1699142],[2.7156843,48.1700389],[2.7158029,48.1702846],[2.7159111,48.1706086],[2.7165775,48.1745143]]}},{"type":"Feature","properties":{"relief":0.75,"sinuosity":0,"highway":"tertiary","name":"Rue du Tartelet"},"geometry":{"type":"LineString","coordinates":[[2.0446605,48.6796138],[2.0458013,48.6793388],[2.0459028,48.6793149],[2.0460616,48.6792774],[2.0471047,48.679036],[2.0478362,48.678878],[2.0486125,48.678697]]}},{"type":"Feature","properties":{"relief":0.725,"sinuosity":0.738,"highway":"tertiary"},"geometry":{"type":"LineString","coordinates":[[3.2619228,48.3467794],[3.2619216,48.3468901],[3.2619565,48.3470327],[3.2622771,48.3478456],[3.2624124,48.3479846],[3.2626584,48.3480909],[3.2632427,48.3481726],[3.2635932,48.3483034],[3.2640422,48.3486141]]}},{"type":"Feature","properties":{"relief":0.75,"sinuosity":0,"highway":"tertiary"},"geometry":{"type":"LineString","coordinates":[[3.26788,48.3514875],[3.268206,48.3518717],[3.2684459,48.3523132],[3.2687657,48.3530693],[3.2689625,48.3539562]]}},{"type":"Feature","properties":{"relief":0.9,"sinuosity":0,"highway":"tertiary","name":"Grande Rue"},"geometry":{"type":"LineString","coordinates":[[3.2264146,48.3073509],[3.2277127,48.3078829],[3.2284874,48.3082257],[3.2291845,48.3085312],[3.2300054,48.308785]]}},{"type":"Feature","properties":{"relief":0.548,"sinuosity":0,"highway":"tertiary"},"geometry":{"type":"LineString","coordinates":[[2.6796384,48.173515],[2.6817284,48.1716511],[2.6825,48.170963]]}},{"type":"Feature","properties":{"relief":0.9,"sinuosity":0,"highway":"tertiary"},"geometry":{"type":"LineString","coordinates":[[3.5660379,48.9825173],[3.565859,48.9824159],[3.5657266,48.9823243],[3.5655796,48.9822117],[3.5652218,48.9819077],[3.5645796,48.9813158],[3.5635405,48.9803764]]}},{"type":"Feature","properties":{"relief":0.397,"sinuosity":0,"highway":"tertiary","name":"Rue de Meaux"},"geometry":{"type":"LineString","coordinates":[[2.9898125,48.8331837],[2.990282,48.8326974],[2.9909227,48.8319837],[2.9912801,48.8316283],[2.9929136,48.8301142]]}},{"type":"Feature","properties":{"relief":0.9,"sinuosity":0,"highway":"secondary","name":"Route des Andelys"},"geometry":{"type":"LineString","coordinates":[[1.549275,49.2474594],[1.5507042,49.2476596],[1.5520941,49.247839],[1.5525543,49.2479006],[1.553229,49.2479877]]}},{"type":"Feature","properties":{"relief":0.813,"sinuosity":0,"highway":"tertiary"},"geometry":{"type":"LineString","coordinates":[[3.2589202,48.4694062],[3.2590439,48.4694812],[3.2591562,48.4695308],[3.259245,48.4695616],[3.2593574,48.4695968],[3.259579,48.4696601],[3.2603186,48.4698691],[3.2628855,48.4705951]]}},{"type":"Feature","properties":{"relief":0.394,"sinuosity":0,"highway":"tertiary","name":"Route d'Intreville"},"geometry":{"type":"LineString","coordinates":[[1.9780796,48.3076047],[1.9766572,48.3074737],[1.9747466,48.3073176],[1.9735051,48.3071695]]}},{"type":"Feature","properties":{"relief":0.42,"sinuosity":0,"highway":"secondary","name":"Route de Bray-sur-Seine"},"geometry":{"type":"LineString","coordinates":[[3.2145143,48.4317521],[3.2151174,48.4314559],[3.2160058,48.4310195],[3.2180691,48.4300222]]}},{"type":"Feature","properties":{"relief":0.9,"sinuosity":0,"highway":"tertiary"},"geometry":{"type":"LineString","coordinates":[[1.4175705,48.9264984],[1.4171526,48.9267809],[1.416559,48.9273984],[1.4163817,48.9276103],[1.4160627,48.9278969],[1.4157488,48.9281393],[1.4154196,48.92838],[1.4150909,48.9286136]]}},{"type":"Feature","properties":{"relief":0.703,"sinuosity":0,"highway":"tertiary"},"geometry":{"type":"LineString","coordinates":[[1.5752223,48.3066732],[1.5752303,48.3067951],[1.575338,48.308429],[1.575316,48.3090301],[1.5752303,48.3096219]]}},{"type":"Feature","properties":{"relief":0.75,"sinuosity":0,"highway":"tertiary","name":"Rue du Four à Chaux"},"geometry":{"type":"LineString","coordinates":[[2.1811959,48.5409567],[2.1812823,48.5408976],[2.1813016,48.5408798],[2.181455,48.5406862],[2.1815045,48.5406175],[2.1815306,48.5405796],[2.1815801,48.5405167],[2.181689,48.5403776],[2.18195,48.5400506],[2.1821891,48.5398435],[2.1827774,48.5392513],[2.1830264,48.5390155],[2.1832736,48.5388274]]}},{"type":"Feature","properties":{"relief":0.75,"sinuosity":0,"highway":"tertiary"},"geometry":{"type":"LineString","coordinates":[[3.4053649,48.9821501],[3.4046809,48.9824785],[3.4044608,48.9825841],[3.404178,48.9827198],[3.4034073,48.9830162],[3.403097,48.9831244],[3.4020071,48.9835045]]}},{"type":"Feature","properties":{"relief":0.442,"sinuosity":0,"highway":"secondary"},"geometry":{"type":"LineString","coordinates":[[1.4617103,48.4603053],[1.4624053,48.4616364],[1.462878,48.4624363],[1.4634261,48.4631134]]}},{"type":"Feature","properties":{"relief":0.637,"sinuosity":0,"highway":"tertiary","name":"Rue du Parc"},"geometry":{"type":"LineString","coordinates":[[2.6952745,48.8466033],[2.695017,48.8469705],[2.6947354,48.8473408],[2.6945449,48.8475408],[2.6943316,48.8477401],[2.6941444,48.8479034],[2.6939854,48.8480028],[2.693871,48.8481143],[2.6935799,48.8483275],[2.6929084,48.8488259]]}},{"type":"Feature","properties":{"relief":0.485,"sinuosity":0,"highway":"tertiary","name":"Rue des Sources"},"geometry":{"type":"LineString","coordinates":[[2.6910295,48.8473653],[2.6906379,48.8475083],[2.6900491,48.8477307],[2.6889239,48.8481375],[2.6886087,48.8482534],[2.6881867,48.8484085],[2.6874688,48.8486723]]}},{"type":"Feature","properties":{"relief":0.559,"sinuosity":0,"highway":"motorway","name":"Eco-Autoroute"},"geometry":{"type":"LineString","coordinates":[[2.4977046,48.0872231],[2.4973791,48.0871432],[2.4970501,48.0870604],[2.4967233,48.086976],[2.4963972,48.0868899],[2.4960701,48.0868018],[2.4957481,48.0867127],[2.4954274,48.0866225],[2.4951028,48.086529],[2.4947822,48.0864344],[2.4944622,48.0863379],[2.4941417,48.0862392]]}},{"type":"Feature","properties":{"relief":0.41,"sinuosity":0,"highway":"motorway","name":"Eco-Autoroute"},"geometry":{"type":"LineString","coordinates":[[2.4974194,48.0870596],[2.4977482,48.0871403],[2.4980769,48.0872191],[2.4984121,48.0872977],[2.4987382,48.0873714],[2.4990749,48.0874463],[2.4994061,48.0875181],[2.4997425,48.0875895],[2.5000753,48.0876576],[2.5004115,48.0877239],[2.5007492,48.0877894],[2.5010851,48.0878527]]}},{"type":"Feature","properties":{"relief":0.405,"sinuosity":0,"highway":"secondary"},"geometry":{"type":"LineString","coordinates":[[2.1039133,48.5811413],[2.1030895,48.579732],[2.1016209,48.5772196]]}},{"type":"Feature","properties":{"relief":0.428,"sinuosity":0,"highway":"tertiary","name":"Rue Jules Guesde"},"geometry":{"type":"LineString","coordinates":[[2.5003194,48.8762599],[2.5001707,48.8762193],[2.4994248,48.8760147],[2.4962396,48.8751106]]}},{"type":"Feature","properties":{"relief":0.747,"sinuosity":0,"highway":"tertiary","name":"Quai de la Marine"},"geometry":{"type":"LineString","coordinates":[[2.3408453,48.9358585],[2.3408667,48.9359123],[2.340849,48.9359624],[2.3405915,48.9366913],[2.3405681,48.9367422],[2.3405317,48.9368406],[2.3402482,48.9376676],[2.3401157,48.938054],[2.3400078,48.9384078]]}},{"type":"Feature","properties":{"relief":0.887,"sinuosity":0,"highway":"secondary"},"geometry":{"type":"LineString","coordinates":[[3.1257351,49.2509901],[3.127863,49.2506474],[3.1282188,49.250587],[3.128543,49.2505264],[3.1292917,49.2503874],[3.1313413,49.2500344]]}},{"type":"Feature","properties":{"relief":0.84,"sinuosity":0,"highway":"secondary","name":"Rue Saint-Martin"},"geometry":{"type":"LineString","coordinates":[[2.5452029,48.2356086],[2.5448087,48.2355853],[2.5442127,48.2355479],[2.5432684,48.2354987],[2.5427856,48.2354855],[2.542281,48.2354991],[2.5416313,48.2355501],[2.5410456,48.2356119]]}},{"type":"Feature","properties":{"relief":0.679,"sinuosity":0,"highway":"tertiary"},"geometry":{"type":"LineString","coordinates":[[2.5400823,48.2448847],[2.541291,48.2457711],[2.5414328,48.245882],[2.5419637,48.2463734],[2.5444441,48.248817]]}},{"type":"Feature","properties":{"relief":0.75,"sinuosity":0,"highway":"tertiary","name":"Hameau du Petit Vaudeurs"},"geometry":{"type":"LineString","coordinates":[[3.5342278,48.1368236],[3.5336699,48.1368236],[3.5331978,48.1367807],[3.5326732,48.1366329],[3.532453,48.1365781],[3.5320906,48.1365142],[3.531693,48.1364549],[3.5306014,48.1362652],[3.5302367,48.1362652]]}},{"type":"Feature","properties":{"relief":0.588,"sinuosity":0,"highway":"secondary","name":"Route de Bullion"},"geometry":{"type":"LineString","coordinates":[[2.0173445,48.6224132],[2.0165467,48.6224695],[2.0164152,48.6224775],[2.0154134,48.6224922],[2.0123301,48.6225337]]}},{"type":"Feature","properties":{"relief":0.556,"sinuosity":0,"highway":"tertiary","name":"Rue Saint-Martin"},"geometry":{"type":"LineString","coordinates":[[3.3964487,48.4118245],[3.3966025,48.4117851],[3.3999513,48.4108877],[3.4008685,48.4106478]]}},{"type":"Feature","properties":{"relief":0.773,"sinuosity":0,"highway":"secondary"},"geometry":{"type":"LineString","coordinates":[[2.1151065,49.0716158],[2.11529,49.0717997],[2.1156638,49.0721771],[2.1164054,49.072925],[2.1175531,49.0740714]]}},{"type":"Feature","properties":{"relief":0.561,"sinuosity":0,"highway":"tertiary"},"geometry":{"type":"LineString","coordinates":[[2.6336663,48.5869202],[2.6335357,48.5872021],[2.6328469,48.5887384],[2.6322365,48.5900872]]}},{"type":"Feature","properties":{"relief":0.75,"sinuosity":0,"highway":"secondary"},"geometry":{"type":"LineString","coordinates":[[3.5739979,48.2149813],[3.5729411,48.2158427],[3.5684592,48.2195618]]}},{"type":"Feature","properties":{"relief":0.555,"sinuosity":0,"highway":"motorway"},"geometry":{"type":"LineString","coordinates":[[2.2885241,48.7114241],[2.2888971,48.7123583],[2.2892619,48.713203],[2.2894097,48.713526],[2.2898558,48.7144208]]}},{"type":"Feature","properties":{"relief":0.717,"sinuosity":0,"highway":"secondary","name":"Boulevard de Vaugirard"},"geometry":{"type":"LineString","coordinates":[[2.3199216,48.8420335],[2.3197162,48.8419719],[2.319684,48.8419622],[2.3190689,48.8417819],[2.3188583,48.8417213],[2.3187606,48.8416922],[2.3183062,48.8415639],[2.3180131,48.8414796],[2.3177301,48.8413977],[2.3164165,48.8410255],[2.3161283,48.8409409]]}},{"type":"Feature","properties":{"relief":0.73,"sinuosity":0,"highway":"primary","name":"Route Nationale 7"},"geometry":{"type":"LineString","coordinates":[[2.6756433,48.4158355],[2.6762176,48.4152609],[2.6766442,48.4148456],[2.6768106,48.4146938],[2.6770143,48.414525],[2.6772357,48.4143586],[2.6774998,48.4141803],[2.6781477,48.4137787]]}},{"type":"Feature","properties":{"relief":0.75,"sinuosity":0,"highway":"secondary"},"geometry":{"type":"LineString","coordinates":[[2.7490636,48.8471009],[2.7507115,48.8477607],[2.7524198,48.8483238]]}},{"type":"Feature","properties":{"relief":0.672,"sinuosity":0,"highway":"tertiary"},"geometry":{"type":"LineString","coordinates":[[2.1841882,48.3968732],[2.183098,48.3973454],[2.1826727,48.3975026],[2.1822009,48.3976373],[2.1799511,48.3981662]]}},{"type":"Feature","properties":{"relief":0.509,"sinuosity":0,"highway":"secondary"},"geometry":{"type":"LineString","coordinates":[[2.7253315,48.1498531],[2.7247983,48.1497214],[2.7240643,48.1495037],[2.7238211,48.1493919],[2.7235885,48.1492496],[2.7231196,48.1488957],[2.723042,48.1488417],[2.7225601,48.1484637],[2.7221685,48.1480914]]}},{"type":"Feature","properties":{"relief":0.793,"sinuosity":0,"highway":"tertiary"},"geometry":{"type":"LineString","coordinates":[[2.7192879,48.2278263],[2.7196155,48.2278491],[2.7198269,48.2278479],[2.7200652,48.2278217],[2.7203492,48.2277576],[2.7206331,48.2276793],[2.7214404,48.2274302],[2.7238371,48.2266927]]}},{"type":"Feature","properties":{"relief":0.75,"sinuosity":0,"highway":"tertiary"},"geometry":{"type":"LineString","coordinates":[[3.0670313,48.3058603],[3.0676622,48.3060853],[3.0681682,48.3063509],[3.0690948,48.3069166],[3.0699727,48.3074235],[3.0708627,48.3077945]]}},{"type":"Feature","properties":{"relief":0.547,"sinuosity":0,"highway":"tertiary","name":"Rue des Buttes"},"geometry":{"type":"LineString","coordinates":[[3.0792163,48.3277444],[3.0796859,48.3275708],[3.0797228,48.3275586],[3.0809114,48.3271555],[3.0809676,48.3271364],[3.0824107,48.3266557],[3.0824899,48.3266264],[3.0825327,48.3266129],[3.0833117,48.3263734]]}},{"type":"Feature","properties":{"relief":0.9,"sinuosity":0,"highway":"tertiary"},"geometry":{"type":"LineString","coordinates":[[3.1230661,48.3080191],[3.1233175,48.3077289],[3.123722,48.3073599],[3.1242247,48.3070197],[3.1248835,48.3067487],[3.126667,48.3061039]]}},{"type":"Feature","properties":{"relief":0.374,"sinuosity":0,"highway":"tertiary"},"geometry":{"type":"LineString","coordinates":[[3.1265761,48.2990446],[3.1268516,48.2986039],[3.1271007,48.2980072],[3.1274877,48.2969133],[3.1275023,48.2964979]]}},{"type":"Feature","properties":{"relief":0.385,"sinuosity":0,"highway":"tertiary"},"geometry":{"type":"LineString","coordinates":[[3.1275023,48.2964979],[3.1274378,48.296028],[3.1273235,48.2952343],[3.1272278,48.2950144],[3.1270714,48.2946551],[3.126705,48.2939862]]}},{"type":"Feature","properties":{"relief":0.76,"sinuosity":0,"highway":"tertiary"},"geometry":{"type":"LineString","coordinates":[[3.127606,48.2617555],[3.1282605,48.2622769],[3.128636,48.2625912],[3.1288291,48.2627698],[3.128924,48.2629369],[3.1290222,48.2631269],[3.1291188,48.2633126],[3.1292261,48.263484],[3.1293763,48.2637268],[3.1298913,48.2644696]]}},{"type":"Feature","properties":{"relief":0.412,"sinuosity":0,"highway":"tertiary","name":"Rue de Mandres"},"geometry":{"type":"LineString","coordinates":[[2.5377078,48.713789],[2.5379917,48.7132708],[2.5380427,48.7131892],[2.5380928,48.7131015],[2.5381559,48.712991],[2.5384184,48.7125432],[2.538479,48.7124503],[2.5385262,48.7123778],[2.5386391,48.7121987],[2.5387101,48.7120555],[2.5387343,48.7119914],[2.5388633,48.71165],[2.5389376,48.7114632],[2.5390448,48.7113481]]}},{"type":"Feature","properties":{"relief":0.511,"sinuosity":0,"highway":"tertiary","name":"Rue de Fossoy"},"geometry":{"type":"LineString","coordinates":[[3.1418889,48.2639115],[3.1429804,48.2637125],[3.1432594,48.263634],[3.1433844,48.2635716],[3.1435598,48.263484],[3.1438387,48.2632411],[3.1441391,48.2629555],[3.1444074,48.2627555],[3.1450833,48.2622912]]}},{"type":"Feature","properties":{"relief":0.483,"sinuosity":0,"highway":"tertiary"},"geometry":{"type":"LineString","coordinates":[[3.3502435,48.3618395],[3.3508772,48.3621807],[3.3531482,48.3630084],[3.3538767,48.3633241]]}},{"type":"Feature","properties":{"relief":0.438,"sinuosity":0,"highway":"tertiary","name":"Rue Olympe de Gouges"},"geometry":{"type":"LineString","coordinates":[[2.137093,49.2587618],[2.1372996,49.259028],[2.1378429,49.259568],[2.1391851,49.2607141],[2.1402653,49.2617355]]}},{"type":"Feature","properties":{"relief":0.727,"sinuosity":0,"highway":"tertiary","name":"Rue Talon"},"geometry":{"type":"LineString","coordinates":[[2.0468019,49.2078479],[2.0474714,49.207849],[2.0481491,49.207796],[2.0484944,49.2077928],[2.0488397,49.2078373],[2.0497994,49.207993],[2.0499724,49.2080248],[2.0501107,49.2080502],[2.0503619,49.2080364],[2.0506166,49.2080057]]}},{"type":"Feature","properties":{"relief":0.75,"sinuosity":0,"highway":"tertiary","name":"Route de Chambray"},"geometry":{"type":"LineString","coordinates":[[1.4601722,49.0930272],[1.4602167,49.0930486],[1.4603056,49.0930914],[1.4607613,49.0932752],[1.4612051,49.0934552],[1.4613946,49.0935305],[1.4618237,49.0935796],[1.4618905,49.0935842],[1.4624496,49.0936224],[1.4629116,49.0937123],[1.4631326,49.0937553],[1.4636427,49.0938249],[1.4638031,49.0938432]]}},{"type":"Feature","properties":{"relief":0.731,"sinuosity":0.7,"highway":"tertiary","name":"Rue du Château"},"geometry":{"type":"LineString","coordinates":[[1.7729865,48.5306853],[1.7734183,48.5310424],[1.7737308,48.5313355],[1.7737422,48.5317433],[1.7744596,48.532415],[1.775828,48.5333876]]}},{"type":"Feature","properties":{"relief":0.472,"sinuosity":0,"highway":"tertiary","name":"Rue du Château"},"geometry":{"type":"LineString","coordinates":[[1.775828,48.5333876],[1.7772593,48.5344909],[1.779472,48.5363279]]}},{"type":"Feature","properties":{"relief":0.75,"sinuosity":0,"highway":"trunk"},"geometry":{"type":"LineString","coordinates":[[2.2238462,48.7566197],[2.2239249,48.7570838],[2.2239815,48.7574331],[2.2240242,48.7576664],[2.2240859,48.7579157],[2.2242011,48.7582542],[2.2243608,48.7585973],[2.2245444,48.7589476],[2.2247562,48.7592614]]}},{"type":"Feature","properties":{"relief":0.793,"sinuosity":0,"highway":"primary","name":"Rue Raymond Rambert"},"geometry":{"type":"LineString","coordinates":[[2.4312537,48.9821148],[2.4314109,48.9821432],[2.4315529,48.9821766],[2.4323963,48.9823793],[2.4326078,48.9824301],[2.4335823,48.9826521],[2.433729,48.9826886],[2.4340473,48.9827679],[2.4362804,48.9832996]]}},{"type":"Feature","properties":{"relief":0.753,"sinuosity":0,"highway":"tertiary"},"geometry":{"type":"LineString","coordinates":[[3.3511554,48.7166104],[3.3513936,48.7165979],[3.3516365,48.716612],[3.351958,48.7166167],[3.3521676,48.7165916],[3.3523986,48.7165334],[3.3525843,48.7164706],[3.3548158,48.7154901]]}},{"type":"Feature","properties":{"relief":0.365,"sinuosity":0,"highway":"tertiary"},"geometry":{"type":"LineString","coordinates":[[3.2173976,48.1503876],[3.2176401,48.1506855],[3.2177405,48.1508005],[3.2179134,48.1509579],[3.2181098,48.1510996],[3.2183309,48.1512458],[3.218566,48.1513817],[3.2191084,48.1516607],[3.2195178,48.1518589],[3.2197729,48.1519714],[3.2207349,48.1523656]]}},{"type":"Feature","properties":{"relief":0.84,"sinuosity":0,"highway":"primary","name":"Route de Corbeil"},"geometry":{"type":"LineString","coordinates":[[2.5683251,48.5764527],[2.5679516,48.5766031],[2.5676472,48.5767167],[2.5671315,48.5768857],[2.566945,48.5769413],[2.5648533,48.5775462]]}},{"type":"Feature","properties":{"relief":0.773,"sinuosity":0,"highway":"tertiary"},"geometry":{"type":"LineString","coordinates":[[1.4644023,48.5347853],[1.463676,48.5347501],[1.4628767,48.5347128],[1.4627299,48.5347105],[1.4626112,48.5347022],[1.4624938,48.5346892],[1.462351,48.5346702],[1.4622008,48.5346418],[1.4620694,48.5346169],[1.4619333,48.5345773],[1.4608041,48.5341937],[1.4602971,48.5340072]]}},{"type":"Feature","properties":{"relief":0.524,"sinuosity":0.719,"highway":"tertiary","name":"Rue de la Vallée Verte"},"geometry":{"type":"LineString","coordinates":[[1.5069895,48.5446443],[1.5071082,48.5445172],[1.5073085,48.5442498],[1.5075213,48.5439474],[1.5076501,48.5437912],[1.5077091,48.5436722],[1.5077286,48.5435377],[1.5077018,48.5434364],[1.5075964,48.5433118],[1.5075106,48.5431839],[1.5074737,48.5430539],[1.507473,48.5429122],[1.5074799,48.5427955],[1.5074888,48.5426525],[1.5074555,48.5425368],[1.5073289,48.5423302],[1.5071625,48.5421839]]}},{"type":"Feature","properties":{"relief":0.361,"sinuosity":0,"highway":"tertiary","name":"Rue Albert"},"geometry":{"type":"LineString","coordinates":[[1.4816275,48.5341561],[1.4817438,48.5337983],[1.4818901,48.533545],[1.4824096,48.5330823],[1.483302,48.5324662],[1.4837089,48.5320373]]}},{"type":"Feature","properties":{"relief":0.84,"sinuosity":0,"highway":"secondary","name":"Quai René Richard"},"geometry":{"type":"LineString","coordinates":[[2.7669191,48.4785876],[2.7672364,48.4782361],[2.767405,48.4780418],[2.7677924,48.4775468],[2.7679297,48.4773933],[2.7680008,48.4773213],[2.7681051,48.4772379],[2.7682985,48.4770946],[2.7685017,48.4769489],[2.769329,48.4763656]]}},{"type":"Feature","properties":{"relief":0.604,"sinuosity":0,"highway":"primary","name":"Avenue Victor Hugo"},"geometry":{"type":"LineString","coordinates":[[3.0830588,48.8155683],[3.0824354,48.8151734],[3.0823159,48.8150984],[3.0821798,48.8150107],[3.0819332,48.8148544],[3.0814692,48.8145545],[3.0814356,48.8145336],[3.0813207,48.8144664],[3.0812493,48.8144257],[3.0811094,48.8143447],[3.0810053,48.8142763],[3.0809756,48.8142573],[3.0806044,48.8140197],[3.080244,48.8137891]]}},{"type":"Feature","properties":{"relief":0.582,"sinuosity":0,"highway":"secondary"},"geometry":{"type":"LineString","coordinates":[[3.0367373,48.1392384],[3.0377219,48.1372356],[3.0377448,48.137189],[3.0383817,48.1358933]]}},{"type":"Feature","properties":{"relief":0.84,"sinuosity":0,"highway":"secondary"},"geometry":{"type":"LineString","coordinates":[[3.0425012,48.1300341],[3.0430037,48.1297407],[3.0431568,48.1296461],[3.0474184,48.127222]]}},{"type":"Feature","properties":{"relief":0.63,"sinuosity":0,"highway":"tertiary"},"geometry":{"type":"LineString","coordinates":[[3.0364038,48.1678665],[3.0365411,48.1676538],[3.0366696,48.1674677],[3.0367715,48.1673761],[3.0369354,48.1672816],[3.0376972,48.1669507],[3.0379541,48.1668591],[3.0388666,48.1666612],[3.0391811,48.1665548],[3.0394779,48.1664219]]}},{"type":"Feature","properties":{"relief":0.483,"sinuosity":0.975,"highway":"tertiary"},"geometry":{"type":"LineString","coordinates":[[1.4180677,48.2028948],[1.4177333,48.2031724],[1.4165253,48.2041403],[1.4160603,48.2045878],[1.4160331,48.2046559],[1.4160314,48.2047131],[1.4160567,48.2047721],[1.4161117,48.2048189],[1.4161982,48.2048592],[1.4171796,48.2051464]]}},{"type":"Feature","properties":{"relief":0.595,"sinuosity":1,"highway":"tertiary"},"geometry":{"type":"LineString","coordinates":[[1.4171796,48.2051464],[1.4174235,48.2052336],[1.4181674,48.2055007],[1.4189271,48.2057988],[1.4189635,48.2058371],[1.4189702,48.2058902],[1.4189353,48.2059386],[1.4184264,48.20625],[1.4183607,48.2062799],[1.4182634,48.206319],[1.4170374,48.2067826]]}},{"type":"Feature","properties":{"relief":0.61,"sinuosity":0,"highway":"secondary"},"geometry":{"type":"LineString","coordinates":[[2.7258883,49.1263578],[2.7230773,49.1266598],[2.7217359,49.126785]]}},{"type":"Feature","properties":{"relief":0.57,"sinuosity":0,"highway":"tertiary","name":"Rue Nino Mascitti"},"geometry":{"type":"LineString","coordinates":[[3.084495,49.2571344],[3.0841093,49.2573089],[3.0836428,49.2575199],[3.0829586,49.2578734],[3.0822874,49.2582202],[3.0821811,49.2582961],[3.0821263,49.2583352],[3.0820995,49.2583544],[3.0815893,49.2587189],[3.0809238,49.2591784]]}},{"type":"Feature","properties":{"relief":0.697,"sinuosity":0,"highway":"tertiary"},"geometry":{"type":"LineString","coordinates":[[3.388114,48.3950403],[3.3881641,48.3964883],[3.387984,48.3979959]]}},{"type":"Feature","properties":{"relief":0.642,"sinuosity":0.7,"highway":"tertiary","name":"Rue Émile Débu"},"geometry":{"type":"LineString","coordinates":[[1.4464506,48.5321898],[1.4466505,48.5320454],[1.4467903,48.5319813],[1.4469317,48.5319477],[1.4471107,48.5319596],[1.4475261,48.5321396],[1.4477252,48.5321938],[1.4479006,48.5321957],[1.4486825,48.5321819],[1.4490426,48.5322048],[1.4516347,48.5325644]]}},{"type":"Feature","properties":{"relief":0.472,"sinuosity":0,"highway":"secondary"},"geometry":{"type":"LineString","coordinates":[[3.4820068,49.191985],[3.4826747,49.1921329],[3.4841861,49.1923759],[3.4850151,49.1924714],[3.4875685,49.1925859]]}},{"type":"Feature","properties":{"relief":0.9,"sinuosity":0,"highway":"tertiary"},"geometry":{"type":"LineString","coordinates":[[3.4411804,49.1520405],[3.4414717,49.1516783],[3.4417647,49.1512993],[3.4421425,49.1509779],[3.4431594,49.15024],[3.4435143,49.1499644]]}},{"type":"Feature","properties":{"relief":0.69,"sinuosity":0,"highway":"tertiary","name":"Rue Michel Mur"},"geometry":{"type":"LineString","coordinates":[[2.5858586,48.5781997],[2.5858809,48.5780558],[2.5859506,48.5777128],[2.5859634,48.5775401],[2.5860003,48.5770443],[2.5859922,48.5764501],[2.5860756,48.576174],[2.5860786,48.5759683],[2.5860807,48.5759089],[2.5860561,48.5757963],[2.5859204,48.5755361]]}},{"type":"Feature","properties":{"relief":0.438,"sinuosity":0,"highway":"secondary"},"geometry":{"type":"LineString","coordinates":[[2.8130161,48.8492069],[2.8128264,48.8491366],[2.8122905,48.8489456],[2.8105986,48.8483211],[2.8103574,48.8482261],[2.8097975,48.8480213],[2.8093686,48.8478644]]}},{"type":"Feature","properties":{"relief":0.9,"sinuosity":0,"highway":"secondary","name":"Avenue de l'Europe"},"geometry":{"type":"LineString","coordinates":[[2.7656183,48.8534788],[2.7657868,48.8535738],[2.7667587,48.854134],[2.7670553,48.8542996],[2.7674822,48.8545378],[2.7675135,48.8545547],[2.7676828,48.8546518],[2.7678452,48.8547446],[2.7685461,48.8551455]]}},{"type":"Feature","properties":{"relief":1,"sinuosity":0.813,"highway":"tertiary","name":"Rue du Lavoir"},"geometry":{"type":"LineString","coordinates":[[1.5254769,48.8467132],[1.5249029,48.8466708],[1.5247419,48.8467097],[1.5246668,48.8467485],[1.5245789,48.8468685],[1.524522,48.8471227],[1.5244228,48.848052],[1.5242471,48.8484798],[1.5242013,48.8485451],[1.5241464,48.8485663]]}},{"type":"Feature","properties":{"relief":0.827,"sinuosity":0,"highway":"tertiary"},"geometry":{"type":"LineString","coordinates":[[1.5052188,48.8457411],[1.5055646,48.8457977],[1.5058853,48.8458225],[1.5062322,48.8458248],[1.5073786,48.8458417],[1.5084571,48.8457664],[1.5103462,48.845545]]}},{"type":"Feature","properties":{"relief":0.85,"sinuosity":0.7,"highway":"secondary","name":"Route de Rouvres"},"geometry":{"type":"LineString","coordinates":[[1.461954,48.8467876],[1.4619754,48.8467247],[1.4620563,48.846487],[1.4623008,48.8461813],[1.4624975,48.8459548],[1.4626568,48.8458235],[1.4630627,48.8455441],[1.4631582,48.845509],[1.4635704,48.8453575],[1.4639996,48.8451716],[1.4645067,48.844916]]}},{"type":"Feature","properties":{"relief":0.445,"sinuosity":0,"highway":"motorway","name":"Eco-Autoroute"},"geometry":{"type":"LineString","coordinates":[[2.0934772,48.0927732],[2.0931329,48.0927545],[2.0927785,48.0927372],[2.0924324,48.0927226],[2.0917413,48.0927],[2.0913955,48.092692],[2.0910455,48.0926863],[2.0906971,48.0926826],[2.0903487,48.0926816],[2.0900003,48.0926824],[2.0896531,48.0926858]]}},{"type":"Feature","properties":{"relief":0.9,"sinuosity":0,"highway":"trunk"},"geometry":{"type":"LineString","coordinates":[[1.9529905,48.8008756],[1.9551391,48.8003713],[1.9558527,48.8001942],[1.9565362,48.8000456],[1.9575008,48.7998573]]}},{"type":"Feature","properties":{"relief":0.913,"sinuosity":0.807,"highway":"tertiary"},"geometry":{"type":"LineString","coordinates":[[3.0398642,49.0778498],[3.039714,49.0776776],[3.0394468,49.0775028],[3.0391507,49.0773403],[3.0388514,49.0772182],[3.0385402,49.0771233],[3.038154,49.077046],[3.0377141,49.0769828],[3.0375158,49.0769653],[3.0373171,49.0769863],[3.0371348,49.0770495],[3.0370167,49.0771303],[3.0368826,49.0772358],[3.036711,49.0773201],[3.0365876,49.0773728]]}},{"type":"Feature","properties":{"relief":0.9,"sinuosity":0,"highway":"tertiary"},"geometry":{"type":"LineString","coordinates":[[3.171148,49.0957899],[3.172023,49.09577],[3.172675,49.09565],[3.17329,49.09544],[3.1744056,49.0950103],[3.174944,49.0948123]]}},{"type":"Feature","properties":{"relief":0.603,"sinuosity":0,"highway":"secondary"},"geometry":{"type":"LineString","coordinates":[[3.2775016,49.1635634],[3.2779887,49.1633933],[3.2784693,49.1632285],[3.2788912,49.1630807],[3.279025,49.1630322],[3.2791346,49.1629886],[3.2792372,49.1629422],[3.2793224,49.162899],[3.2794143,49.1628448],[3.2795012,49.1627837],[3.2795846,49.1627163],[3.2796637,49.1626449],[3.2797292,49.1625773],[3.2798038,49.1624874],[3.2798947,49.1623733],[3.2799869,49.1622638],[3.2800533,49.1621893],[3.2801398,49.1621095],[3.2802156,49.1620481],[3.2802907,49.1619894],[3.2803564,49.161949]]}},{"type":"Feature","properties":{"relief":0.75,"sinuosity":0,"highway":"tertiary"},"geometry":{"type":"LineString","coordinates":[[3.5728436,49.2055327],[3.5726323,49.2059905],[3.5724203,49.2064497],[3.5723976,49.2066743],[3.5724673,49.2068984],[3.5725707,49.207065],[3.5733746,49.2077722],[3.5737216,49.2081594]]}},{"type":"Feature","properties":{"relief":0.75,"sinuosity":0,"highway":"primary","name":"Route de Paris"},"geometry":{"type":"LineString","coordinates":[[3.61579,48.0811222],[3.6145191,48.081824],[3.6129153,48.0827148],[3.6113212,48.0835903]]}},{"type":"Feature","properties":{"relief":0.59,"sinuosity":0,"highway":"secondary"},"geometry":{"type":"LineString","coordinates":[[2.0437496,49.0826617],[2.0439418,49.0826764],[2.0440967,49.0826918],[2.0442447,49.0827083],[2.044424,49.0827379],[2.0445897,49.0827736],[2.0490452,49.083851]]}},{"type":"Feature","properties":{"relief":0.624,"sinuosity":0,"highway":"tertiary"},"geometry":{"type":"LineString","coordinates":[[1.4084706,48.5778091],[1.4105975,48.5764039],[1.4108333,48.5762601],[1.411039,48.5761455],[1.4145924,48.5743428]]}},{"type":"Feature","properties":{"relief":0.643,"sinuosity":0,"highway":"tertiary"},"geometry":{"type":"LineString","coordinates":[[1.417181,48.572466],[1.4172704,48.572363],[1.4173303,48.5722875],[1.4173749,48.5722044],[1.4176905,48.5713677],[1.4177617,48.5712087],[1.417835,48.5710571],[1.4180453,48.5706945],[1.4187277,48.5694386]]}},{"type":"Feature","properties":{"relief":0.525,"sinuosity":0,"highway":"tertiary","name":"Route de Montgrésin"},"geometry":{"type":"LineString","coordinates":[[2.5450314,49.151474],[2.5431057,49.1514312],[2.5423624,49.1513746],[2.54164,49.1512536],[2.5405981,49.1508533]]}},{"type":"Feature","properties":{"relief":0.9,"sinuosity":0,"highway":"primary"},"geometry":{"type":"LineString","coordinates":[[3.4873143,48.2162413],[3.4878208,48.2165732],[3.4880662,48.2167269],[3.4882477,48.2168284],[3.4884202,48.2169191],[3.4885803,48.2169933],[3.4887,48.2170408],[3.4893456,48.2173003],[3.4912686,48.2180506]]}},{"type":"Feature","properties":{"relief":0.75,"sinuosity":0,"highway":"tertiary","name":"Route des Sièges"},"geometry":{"type":"LineString","coordinates":[[3.4848973,48.1951405],[3.4853798,48.1947099],[3.4860393,48.1941268],[3.486417,48.193808],[3.4867326,48.1935815],[3.487834,48.1928747]]}},{"type":"Feature","properties":{"relief":0.74,"sinuosity":0,"highway":"tertiary","name":"Route de Bouilly"},"geometry":{"type":"LineString","coordinates":[[2.2437472,48.0825917],[2.2441554,48.0826281],[2.2449843,48.0826933],[2.245789,48.0826359],[2.2469369,48.0824639],[2.2478918,48.0822274]]}},{"type":"Feature","properties":{"relief":0.415,"sinuosity":0,"highway":"tertiary"},"geometry":{"type":"LineString","coordinates":[[2.7937511,48.1282457],[2.7965325,48.1272408],[2.7969306,48.127097],[2.7999861,48.1263866]]}},{"type":"Feature","properties":{"relief":0.432,"sinuosity":0,"highway":"tertiary","name":"Hameau de Corbelin"},"geometry":{"type":"LineString","coordinates":[[2.8101691,48.0758576],[2.8109604,48.075389],[2.8111622,48.0752499],[2.8116631,48.0748675],[2.812205,48.0743854],[2.81251,48.0741717],[2.8131137,48.0738478]]}},{"type":"Feature","properties":{"relief":0.461,"sinuosity":0,"highway":"tertiary","name":"Route de Montabon"},"geometry":{"type":"LineString","coordinates":[[2.750315,48.080466],[2.7504521,48.080546],[2.7506044,48.0806879],[2.7512534,48.0816013],[2.7513963,48.0817786],[2.7521402,48.0825349],[2.752555,48.0830562]]}},{"type":"Feature","properties":{"relief":0.589,"sinuosity":0,"highway":"tertiary","name":"Route de Nargis"},"geometry":{"type":"LineString","coordinates":[[2.7323394,48.0802435],[2.7328552,48.0806305],[2.7331091,48.0808616],[2.7332512,48.0810432],[2.7333121,48.0812142],[2.7333807,48.0814112],[2.7334724,48.0815979],[2.7340355,48.0825867]]}},{"type":"Feature","properties":{"relief":0.75,"sinuosity":0,"highway":"primary","name":"Avenue de Paris"},"geometry":{"type":"LineString","coordinates":[[2.36519,48.8008663],[2.3651549,48.8009909],[2.3651326,48.8010687],[2.3650936,48.8011943],[2.3649992,48.8014977],[2.3647414,48.8023362],[2.3646972,48.8024797],[2.3646502,48.8026239],[2.3646057,48.8027444],[2.3645741,48.8028196],[2.3645198,48.802919],[2.3645017,48.8029629],[2.3644807,48.8030186],[2.3644383,48.8031629],[2.3643658,48.8033993]]}},{"type":"Feature","properties":{"relief":0.409,"sinuosity":0,"highway":"secondary"},"geometry":{"type":"LineString","coordinates":[[1.5500756,48.5708199],[1.5504744,48.5710754],[1.5519976,48.572103],[1.552768,48.5725911],[1.5535528,48.5730902]]}},{"type":"Feature","properties":{"relief":0.75,"sinuosity":0,"highway":"secondary"},"geometry":{"type":"LineString","coordinates":[[1.5598777,48.5757058],[1.5601991,48.5758648],[1.5604105,48.5759969],[1.5605579,48.5761065],[1.5606764,48.5762055],[1.56116,48.5766425],[1.5615113,48.5769483],[1.5618662,48.5772005],[1.5622822,48.5774284],[1.562839,48.5777003]]}},{"type":"Feature","properties":{"relief":0.642,"sinuosity":0,"highway":"primary","name":"Avenue de Fontainebleau"},"geometry":{"type":"LineString","coordinates":[[2.5360809,48.5329896],[2.536594,48.5327952],[2.5371426,48.5325918],[2.5373464,48.5325171],[2.5387313,48.5320118],[2.5388542,48.5319731],[2.5396359,48.5316897]]}},{"type":"Feature","properties":{"relief":0.643,"sinuosity":0,"highway":"primary","name":"Avenue de Fontainebleau"},"geometry":{"type":"LineString","coordinates":[[2.5396359,48.5316897],[2.5402712,48.5314572],[2.5404277,48.5313985],[2.541108,48.5311536],[2.5414974,48.531018],[2.5418847,48.5308789],[2.5419202,48.5308644],[2.5424578,48.5306711],[2.5428871,48.5305167],[2.5432408,48.5303876]]}},{"type":"Feature","properties":{"relief":0.483,"sinuosity":0,"highway":"tertiary"},"geometry":{"type":"LineString","coordinates":[[2.5154454,48.5317449],[2.5155638,48.5318246],[2.5156116,48.5318533],[2.5157337,48.5319252],[2.5159711,48.5320451],[2.5164337,48.5322511],[2.516659,48.5323506],[2.5170359,48.532514],[2.5173792,48.5326641],[2.5197991,48.5337175]]}},{"type":"Feature","properties":{"relief":0.379,"sinuosity":0,"highway":"tertiary","name":"Route de Saintry"},"geometry":{"type":"LineString","coordinates":[[2.4895502,48.576272],[2.4893629,48.5765098],[2.4892915,48.5766303],[2.4892259,48.576745],[2.4891087,48.5769993],[2.4890131,48.5772179],[2.4887358,48.5778431],[2.4886913,48.5779415],[2.4886555,48.5780708],[2.4886379,48.5782241],[2.4886349,48.57834],[2.4886467,48.5785082],[2.4886643,48.5786459],[2.4887647,48.5790732]]}},{"type":"Feature","properties":{"relief":0.597,"sinuosity":0,"highway":"tertiary","name":"Route de Morsang-sur-Seine à Villededon"},"geometry":{"type":"LineString","coordinates":[[2.4953898,48.5738665],[2.4959453,48.5741687],[2.4963841,48.5744023],[2.4967271,48.5746],[2.4967699,48.5746257],[2.4970488,48.5747932],[2.4973533,48.5749943],[2.4987504,48.5759171]]}},{"type":"Feature","properties":{"relief":0.78,"sinuosity":0,"highway":"tertiary","name":"Route de Morsang-sur-Seine à Villededon"},"geometry":{"type":"LineString","coordinates":[[2.4987504,48.5759171],[2.4988012,48.5759472],[2.4988445,48.5759729],[2.4989581,48.5760159],[2.4990553,48.5760265],[2.4993355,48.5760211],[2.4995107,48.5760403],[2.4996943,48.5760937],[2.499872,48.5761826],[2.5016823,48.577278],[2.5035504,48.5784315]]}},{"type":"Feature","properties":{"relief":0.9,"sinuosity":0,"highway":"tertiary"},"geometry":{"type":"LineString","coordinates":[[2.2717701,49.2063827],[2.2745427,49.2076658],[2.275521,49.2080347]]}},{"type":"Feature","properties":{"relief":0.75,"sinuosity":0,"highway":"secondary"},"geometry":{"type":"LineString","coordinates":[[2.2796242,49.2086296],[2.2796389,49.2084894],[2.2797182,49.2080619],[2.2804809,49.2050392]]}},{"type":"Feature","properties":{"relief":0.576,"sinuosity":0,"highway":"primary","name":"Ancienne Route de Bourgogne"},"geometry":{"type":"LineString","coordinates":[[2.6786916,48.4747463],[2.6786304,48.4747956],[2.6785711,48.4748526],[2.6785276,48.4749095],[2.6784566,48.4750192],[2.6783857,48.475118],[2.6783077,48.4752121],[2.6782154,48.4753124],[2.6780877,48.4754253],[2.6778962,48.4755632],[2.6772071,48.4759984],[2.6761486,48.476681]]}},{"type":"Feature","properties":{"relief":0.9,"sinuosity":0,"highway":"primary","name":"Ancienne Route de Bourgogne"},"geometry":{"type":"LineString","coordinates":[[2.6636699,48.490681],[2.663959,48.4897692],[2.664813,48.4870928]]}},{"type":"Feature","properties":{"relief":0.616,"sinuosity":0,"highway":"primary","name":"Ancienne Route de Bourgogne"},"geometry":{"type":"LineString","coordinates":[[2.6656494,48.4847371],[2.6654255,48.4854473],[2.6652281,48.4860686],[2.6648783,48.4871068],[2.664027,48.4897783]]}},{"type":"Feature","properties":{"relief":0.517,"sinuosity":0,"highway":"tertiary","name":"Route de Saligny"},"geometry":{"type":"LineString","coordinates":[[3.3036277,48.2120048],[3.3036843,48.2120073],[3.3045985,48.212054],[3.3054506,48.212185],[3.3068834,48.2123473],[3.3084741,48.2124853]]}},{"type":"Feature","properties":{"relief":0.565,"sinuosity":0,"highway":"secondary"},"geometry":{"type":"LineString","coordinates":[[2.8846451,48.2602177],[2.8846285,48.2603427],[2.884585,48.2606691],[2.8844734,48.2611148],[2.8843189,48.2614919],[2.8832687,48.2632266]]}},{"type":"Feature","properties":{"relief":0.642,"sinuosity":0,"highway":"primary","name":"Route de Barville"},"geometry":{"type":"LineString","coordinates":[[2.3599808,48.1203745],[2.3605814,48.1201579],[2.3612908,48.1198915],[2.3613871,48.1198547],[2.3616391,48.1197745],[2.3621812,48.1196552],[2.3622719,48.1196396],[2.3632908,48.1194068],[2.3649149,48.1189732]]}},{"type":"Feature","properties":{"relief":0.847,"sinuosity":0,"highway":"secondary","name":"Rue de la Vallée"},"geometry":{"type":"LineString","coordinates":[[2.0006874,49.0824485],[2.0014295,49.0819561],[2.0021931,49.0814632],[2.0022979,49.0813953],[2.002444,49.0813026],[2.0026231,49.0811959],[2.0027995,49.0811138],[2.0028631,49.0810817],[2.0029483,49.0810501],[2.0030522,49.081018],[2.0031736,49.0809858],[2.0032829,49.0809596],[2.0034224,49.0809346],[2.003533,49.0809183],[2.0036504,49.080906]]}},{"type":"Feature","properties":{"relief":0.75,"sinuosity":0,"highway":"tertiary"},"geometry":{"type":"LineString","coordinates":[[3.3549968,48.196949],[3.354778,48.1969046],[3.3545076,48.1968701],[3.3539346,48.1967958],[3.3534757,48.1967353],[3.3531819,48.1967096],[3.3529697,48.1966905],[3.3516928,48.1966829],[3.3510048,48.1966765]]}},{"type":"Feature","properties":{"relief":0.75,"sinuosity":0,"highway":"tertiary"},"geometry":{"type":"LineString","coordinates":[[3.171583,48.2737464],[3.1719907,48.2739749],[3.1723946,48.2741886],[3.1735882,48.2748203],[3.1737408,48.2749038],[3.174189,48.2751488],[3.1744572,48.2752416],[3.1747469,48.2753273]]}},{"type":"Feature","properties":{"relief":0.442,"sinuosity":0,"highway":"primary","name":"Route Nationale de Paris à Toulouse"},"geometry":{"type":"LineString","coordinates":[[2.1810899,48.4643937],[2.1816481,48.4652796],[2.1823244,48.4662217],[2.184712,48.4693221]]}},{"type":"Feature","properties":{"relief":0.374,"sinuosity":0,"highway":"tertiary"},"geometry":{"type":"LineString","coordinates":[[1.7202889,49.1621852],[1.7226681,49.1635693],[1.7234323,49.1640106]]}},{"type":"Feature","properties":{"relief":0.575,"sinuosity":0,"highway":"tertiary"},"geometry":{"type":"LineString","coordinates":[[1.7298298,49.1672461],[1.7307211,49.1676208],[1.7317956,49.1680683],[1.732215,49.168239],[1.7324239,49.1683242],[1.7325555,49.1683782],[1.7326468,49.1684122],[1.7327274,49.1684369],[1.732807,49.1684503],[1.7329064,49.1684573],[1.7330021,49.1684598],[1.733102,49.1684537],[1.7338176,49.1683697]]}},{"type":"Feature","properties":{"relief":0.773,"sinuosity":0,"highway":"primary","name":"Ancienne Route de Bourgogne"},"geometry":{"type":"LineString","coordinates":[[2.7190337,48.4436388],[2.7201228,48.4431238],[2.7226139,48.4419322]]}},{"type":"Feature","properties":{"relief":0.9,"sinuosity":0,"highway":"tertiary","name":"Route Blanche"},"geometry":{"type":"LineString","coordinates":[[1.484347,48.8038528],[1.4863464,48.8031907],[1.4864347,48.8031621],[1.489257,48.8022466]]}},{"type":"Feature","properties":{"relief":0.85,"sinuosity":0.7,"highway":"primary"},"geometry":{"type":"LineString","coordinates":[[1.4777057,48.8941435],[1.4778666,48.8938396],[1.4779557,48.8937422],[1.4780876,48.8936415],[1.4780633,48.8936166],[1.478039,48.8935917],[1.4780206,48.8935453],[1.4786672,48.8923095],[1.4788154,48.8919789],[1.4789052,48.8917474]]}},{"type":"Feature","properties":{"relief":0.9,"sinuosity":0,"highway":"tertiary"},"geometry":{"type":"LineString","coordinates":[[1.4594761,48.9145257],[1.4595165,48.9145384],[1.4602026,48.9147533],[1.4616686,48.915201],[1.4624043,48.915347],[1.4632146,48.9154586]]}},{"type":"Feature","properties":{"relief":0.75,"sinuosity":0,"highway":"primary","name":"Rue Saint-Taurin"},"geometry":{"type":"LineString","coordinates":[[1.4193566,48.9842669],[1.4200704,48.9823343],[1.4201066,48.9822011],[1.4201206,48.9820906],[1.4201285,48.9817951]]}},{"type":"Feature","properties":{"relief":0.73,"sinuosity":0.731,"highway":"tertiary","name":"Rue de Pailly"},"geometry":{"type":"LineString","coordinates":[[3.3064022,48.3518042],[3.3066887,48.3516959],[3.3068189,48.3516027],[3.3069808,48.3514869],[3.3077167,48.3508],[3.3079358,48.3506955],[3.308284,48.3506021],[3.3091997,48.3505835],[3.3096884,48.350632]]}},{"type":"Feature","properties":{"relief":0.75,"sinuosity":0,"highway":"primary","name":"Route de Rouen"},"geometry":{"type":"LineString","coordinates":[[1.4487408,49.1138951],[1.4476044,49.1149341],[1.4470573,49.115434],[1.4428279,49.1193063]]}},{"type":"Feature","properties":{"relief":0.637,"sinuosity":0,"highway":"tertiary"},"geometry":{"type":"LineString","coordinates":[[3.0728364,48.4437037],[3.0746487,48.4425955],[3.0751801,48.442214],[3.0756023,48.4418417]]}},{"type":"Feature","properties":{"relief":0.75,"sinuosity":0,"highway":"tertiary"},"geometry":{"type":"LineString","coordinates":[[3.0792846,48.4407873],[3.0796168,48.4405392],[3.0799042,48.4403167],[3.0802777,48.4401143],[3.0803451,48.4400886],[3.0803805,48.4400751],[3.0808502,48.4398961],[3.081491,48.4397868],[3.0825001,48.4396953],[3.0831135,48.4395315]]}},{"type":"Feature","properties":{"relief":0.75,"sinuosity":0,"highway":"tertiary"},"geometry":{"type":"LineString","coordinates":[[3.0832999,49.04375],[3.082931,49.0432954],[3.0825104,49.0428449],[3.081858,49.04228],[3.0809342,49.0415045]]}},{"type":"Feature","properties":{"relief":0.9,"sinuosity":0,"highway":"primary"},"geometry":{"type":"LineString","coordinates":[[1.8871078,49.119095],[1.8870867,49.1187329],[1.8870601,49.1184486],[1.88702,49.1181822],[1.8869789,49.1179442],[1.8869172,49.1176924],[1.8868312,49.1174128],[1.886709,49.117067],[1.8865648,49.1167233],[1.8864025,49.116392]]}},{"type":"Feature","properties":{"relief":0.402,"sinuosity":0,"highway":"secondary","name":"Rue Pasteur"},"geometry":{"type":"LineString","coordinates":[[2.0284135,49.073206],[2.0283394,49.073034],[2.0282657,49.0728388],[2.0279207,49.0720463],[2.0278915,49.0719801],[2.0278739,49.0718939],[2.0277902,49.0714524],[2.0277856,49.0714042],[2.0277441,49.0709688],[2.0277472,49.0706204]]}},{"type":"Feature","properties":{"relief":0.737,"sinuosity":0,"highway":"secondary"},"geometry":{"type":"LineString","coordinates":[[3.5824496,48.1717579],[3.5820982,48.1724484],[3.5811047,48.1745623]]}},{"type":"Feature","properties":{"relief":0.723,"sinuosity":0,"highway":"secondary"},"geometry":{"type":"LineString","coordinates":[[3.5979924,48.1296832],[3.5979983,48.1292392],[3.5979098,48.128772],[3.5976255,48.1279771],[3.5973187,48.1274241],[3.5967388,48.1265169]]}},{"type":"Feature","properties":{"relief":0.723,"sinuosity":0,"highway":"tertiary"},"geometry":{"type":"LineString","coordinates":[[3.6138017,48.1294692],[3.6140031,48.129199],[3.6141244,48.129038],[3.615076,48.1277749],[3.6153493,48.1274121],[3.6155149,48.1271868]]}},{"type":"Feature","properties":{"relief":0.9,"sinuosity":0,"highway":"primary","name":"Avenue Claude Trébignaud"},"geometry":{"type":"LineString","coordinates":[[2.2567391,48.8030895],[2.2558825,48.8022606],[2.2551075,48.8012598],[2.2543511,48.8002581]]}},{"type":"Feature","properties":{"relief":0.75,"sinuosity":0,"highway":"secondary","name":"Route Grande Paroisse"},"geometry":{"type":"LineString","coordinates":[[2.9463924,48.3897514],[2.9471396,48.3897818],[2.9483787,48.389871],[2.9491447,48.3899281],[2.9496772,48.3899435],[2.9503031,48.3899281]]}},{"type":"Feature","properties":{"relief":0.75,"sinuosity":0,"highway":"tertiary","name":"Avenue Albert Gravé"},"geometry":{"type":"LineString","coordinates":[[2.9449582,48.3756717],[2.945,48.3756763],[2.9463843,48.3758293],[2.9465093,48.375843],[2.9477841,48.375979],[2.9486586,48.3760792],[2.9487923,48.3760945]]}},{"type":"Feature","properties":{"relief":0.361,"sinuosity":0,"highway":"secondary","name":"Route des Bruyères"},"geometry":{"type":"LineString","coordinates":[[2.0968822,48.577975],[2.0971422,48.5778189],[2.0973761,48.577654],[2.0978793,48.5772202],[2.0980388,48.5771105],[2.0982101,48.5770201],[2.098924,48.57672],[2.0995894,48.5763557],[2.0996563,48.5763324],[2.0997771,48.5763265]]}},{"type":"Feature","properties":{"relief":0.412,"sinuosity":0,"highway":"secondary"},"geometry":{"type":"LineString","coordinates":[[1.964704,48.0827332],[1.9654336,48.0824465],[1.9664801,48.0818153],[1.968079,48.0809686]]}},{"type":"Feature","properties":{"relief":0.545,"sinuosity":0,"highway":"tertiary"},"geometry":{"type":"LineString","coordinates":[[2.0002379,48.2600481],[2.0005482,48.2601495],[2.0012059,48.2603644],[2.0037569,48.2611981]]}},{"type":"Feature","properties":{"relief":0.65,"sinuosity":0,"highway":"tertiary"},"geometry":{"type":"LineString","coordinates":[[2.0073334,48.2623345],[2.0085565,48.2627273],[2.0094647,48.2630266],[2.0109989,48.2636194]]}},{"type":"Feature","properties":{"relief":0.9,"sinuosity":0,"highway":"tertiary","name":"Avenue de Mousseau"},"geometry":{"type":"LineString","coordinates":[[2.4499286,48.6308993],[2.4500552,48.6308286],[2.4502945,48.630682],[2.4505887,48.6304734],[2.4514295,48.6298771],[2.451586,48.629772],[2.4517747,48.6296454],[2.4520277,48.6294665],[2.4527128,48.6289839]]}},{"type":"Feature","properties":{"relief":0.9,"sinuosity":0,"highway":"secondary","name":"Grande Rue"},"geometry":{"type":"LineString","coordinates":[[3.3492427,48.2133647],[3.3494623,48.2134156],[3.3500955,48.2135901],[3.3504368,48.2136961],[3.3510989,48.2138526],[3.3513643,48.2139086],[3.3524737,48.2141282],[3.352536,48.2141372],[3.3525918,48.2141498],[3.3528313,48.2142041]]}},{"type":"Feature","properties":{"relief":0.9,"sinuosity":0,"highway":"tertiary"},"geometry":{"type":"LineString","coordinates":[[3.2992269,48.3534098],[3.301942,48.3516623],[3.3023465,48.3515167]]}},{"type":"Feature","properties":{"relief":0.505,"sinuosity":0,"highway":"secondary"},"geometry":{"type":"LineString","coordinates":[[3.0401864,48.2425929],[3.0388476,48.2433041],[3.0386062,48.2434676],[3.038394,48.2436291],[3.0346751,48.2467273]]}},{"type":"Feature","properties":{"relief":0.75,"sinuosity":0,"highway":"primary","name":"Route de la Roche"},"geometry":{"type":"LineString","coordinates":[[2.1857208,48.5849316],[2.1853516,48.584822],[2.1849921,48.5847329],[2.1845489,48.5846531],[2.1837934,48.5845267],[2.1834281,48.5844842],[2.1829477,48.5844542],[2.1825096,48.584436],[2.1813165,48.5844008]]}},{"type":"Feature","properties":{"relief":0.787,"sinuosity":0,"highway":"secondary"},"geometry":{"type":"LineString","coordinates":[[3.3900089,48.3528617],[3.3919687,48.3524266],[3.3941836,48.3519233]]}},{"type":"Feature","properties":{"relief":0.9,"sinuosity":0,"highway":"secondary"},"geometry":{"type":"LineString","coordinates":[[3.3941836,48.3519233],[3.3942446,48.3519098],[3.3966256,48.3513845],[3.3971836,48.3512672],[3.3976612,48.3512169],[3.3976991,48.3512129],[3.3983378,48.3511689]]}},{"type":"Feature","properties":{"relief":0.69,"sinuosity":0,"highway":"tertiary"},"geometry":{"type":"LineString","coordinates":[[3.4890601,48.1454729],[3.4887522,48.1451959],[3.4884088,48.144838],[3.4881669,48.1446058],[3.4880251,48.1445203],[3.4878362,48.1444433],[3.4872697,48.1443257],[3.4869974,48.1442496],[3.4868272,48.144171],[3.4866799,48.1440747],[3.4865603,48.1439443]]}},{"type":"Feature","properties":{"relief":0.69,"sinuosity":0,"highway":"tertiary"},"geometry":{"type":"LineString","coordinates":[[3.4895529,48.1593033],[3.4893058,48.1595164],[3.4886517,48.1599164],[3.4880294,48.1602885],[3.4876486,48.1605779],[3.4867459,48.1617735]]}},{"type":"Feature","properties":{"relief":0.543,"sinuosity":0,"highway":"tertiary"},"geometry":{"type":"LineString","coordinates":[[3.1850912,48.1271717],[3.1851341,48.1275155],[3.1853084,48.1283099],[3.1855217,48.1298733]]}},{"type":"Feature","properties":{"relief":0.7,"sinuosity":0,"highway":"tertiary"},"geometry":{"type":"LineString","coordinates":[[3.1725486,48.1264696],[3.1721945,48.1266056],[3.1718394,48.1267231],[3.1711635,48.1269236],[3.1701764,48.1272387],[3.1693519,48.1275366],[3.1689335,48.1276655]]}},{"type":"Feature","properties":{"relief":0.491,"sinuosity":0,"highway":"secondary","name":"Avenue Charles Floquet"},"geometry":{"type":"LineString","coordinates":[[2.4502438,48.9404877],[2.4503542,48.9404787],[2.4504902,48.9404644],[2.4515302,48.9403801],[2.4520278,48.9403264],[2.4526833,48.9402313],[2.4527942,48.9402152],[2.4529041,48.9401976],[2.4529647,48.9401879],[2.4536459,48.9400712],[2.4539647,48.9400164],[2.4545458,48.9399257]]}},{"type":"Feature","properties":{"relief":0.9,"sinuosity":0,"highway":"tertiary","name":"Rue Ambroise Thomas"},"geometry":{"type":"LineString","coordinates":[[2.2381816,48.9360745],[2.2381394,48.9361577],[2.2374892,48.9367641],[2.2372805,48.936973],[2.2372656,48.9369894],[2.2372479,48.9370085],[2.2372135,48.9370539],[2.2371835,48.9370823],[2.2363349,48.9378859],[2.2362476,48.9379685],[2.2361979,48.9380156],[2.2361383,48.9380793],[2.2352068,48.9390744]]}},{"type":"Feature","properties":{"relief":0.381,"sinuosity":0,"highway":"tertiary","name":"Route de Saint-Robert"},"geometry":{"type":"LineString","coordinates":[[1.9566218,48.6588706],[1.9576893,48.6583003],[1.9579199,48.6581734],[1.9580707,48.6580777],[1.9581911,48.6579553],[1.9582643,48.6578497],[1.9583165,48.6577223],[1.9583495,48.6575872],[1.95835,48.6574079],[1.9583507,48.6564819]]}},{"type":"Feature","properties":{"relief":0.75,"sinuosity":0,"highway":"secondary"},"geometry":{"type":"LineString","coordinates":[[3.3552752,48.0969335],[3.3542666,48.0969908],[3.3537946,48.0970481],[3.3531723,48.0971628],[3.3504257,48.0975927]]}},{"type":"Feature","properties":{"relief":0.695,"sinuosity":0.7,"highway":"secondary"},"geometry":{"type":"LineString","coordinates":[[3.3972276,48.1132145],[3.3977077,48.1138627],[3.3978579,48.1140418],[3.3979008,48.1142281],[3.3979437,48.1145074],[3.3979545,48.1146937],[3.398051,48.1148154],[3.3982334,48.1149014],[3.3985338,48.1149802],[3.3986733,48.1150805],[3.3987175,48.1151506],[3.3987591,48.1152165],[3.3987913,48.1153455],[3.3988128,48.1155675]]}},{"type":"Feature","properties":{"relief":0.583,"sinuosity":0,"highway":"primary","name":"Route de Montereau"},"geometry":{"type":"LineString","coordinates":[[2.7222342,48.2697274],[2.7224549,48.269727],[2.7228414,48.2697584],[2.7242301,48.2699128],[2.7247666,48.2699828],[2.7253009,48.2700446],[2.7257474,48.2701055],[2.7259544,48.2701288],[2.726337,48.2701718]]}},{"type":"Feature","properties":{"relief":0.82,"sinuosity":0,"highway":"tertiary"},"geometry":{"type":"LineString","coordinates":[[2.9430893,48.2084591],[2.9441952,48.2085812],[2.9477975,48.2087045]]}},{"type":"Feature","properties":{"relief":0.737,"sinuosity":0,"highway":"tertiary"},"geometry":{"type":"LineString","coordinates":[[2.939291,48.2183761],[2.9392911,48.2182674],[2.9392854,48.2181489],[2.9392739,48.2180402],[2.939136,48.2167548],[2.9391333,48.2166345],[2.9391392,48.2165121],[2.9391568,48.2164093],[2.9391947,48.2162248],[2.9392385,48.2160812],[2.9393055,48.2158948],[2.9394453,48.2156347]]}},{"type":"Feature","properties":{"relief":0.9,"sinuosity":0,"highway":"motorway","name":"Autoroute de Normandie"},"geometry":{"type":"LineString","coordinates":[[2.1843116,48.8363534],[2.1838097,48.8362534],[2.1830592,48.8361187],[2.1824221,48.8360209],[2.181811,48.8359345],[2.1714473,48.8346923]]}},{"type":"Feature","properties":{"relief":0.404,"sinuosity":0,"highway":"tertiary"},"geometry":{"type":"LineString","coordinates":[[3.3093986,48.6664494],[3.3075889,48.6660251],[3.3072388,48.6659356],[3.3052795,48.6640545]]}},{"type":"Feature","properties":{"relief":0.47,"sinuosity":0,"highway":"tertiary","name":"Route de Provins"},"geometry":{"type":"LineString","coordinates":[[3.342794,48.6669012],[3.3434166,48.6682139],[3.3436407,48.668987],[3.3436839,48.6691358],[3.3437114,48.6692513],[3.3442076,48.6713259]]}},{"type":"Feature","properties":{"relief":0.63,"sinuosity":0,"highway":"tertiary"},"geometry":{"type":"LineString","coordinates":[[3.3971391,49.177165],[3.3974742,49.176925],[3.3977816,49.17666],[3.3981802,49.1762444],[3.3984418,49.1759582],[3.3987153,49.1756022],[3.3994244,49.1747166]]}},{"type":"Feature","properties":{"relief":0.59,"sinuosity":0,"highway":"tertiary"},"geometry":{"type":"LineString","coordinates":[[2.0911636,48.2997432],[2.0915543,48.3001168],[2.0929848,48.3013939],[2.0932158,48.301551],[2.0935941,48.3017114]]}},{"type":"Feature","properties":{"relief":0.623,"sinuosity":0,"highway":"tertiary"},"geometry":{"type":"LineString","coordinates":[[2.8123547,49.2278006],[2.8126772,49.2271466],[2.8131235,49.2262417],[2.8132855,49.2257981],[2.8134801,49.2252652]]}},{"type":"Feature","properties":{"relief":0.456,"sinuosity":0,"highway":"tertiary"},"geometry":{"type":"LineString","coordinates":[[2.0463529,48.1217141],[2.0470395,48.1218],[2.0487132,48.1223014],[2.0507517,48.1230032]]}},{"type":"Feature","properties":{"relief":0.853,"sinuosity":0,"highway":"tertiary","name":"Rue de la Fontaine"},"geometry":{"type":"LineString","coordinates":[[2.8543401,48.2731635],[2.8545879,48.2731635],[2.8548908,48.2731635],[2.855053,48.2731576],[2.8553089,48.2731249],[2.8557018,48.2730546],[2.8559325,48.2730011],[2.8562063,48.2729238],[2.8564595,48.2728123],[2.8568314,48.2726366],[2.8568961,48.2725995],[2.8569281,48.2725811],[2.8569404,48.2725723],[2.857062,48.272486],[2.857248,48.2723404],[2.8576618,48.2719016]]}},{"type":"Feature","properties":{"relief":0.673,"sinuosity":0,"highway":"tertiary"},"geometry":{"type":"LineString","coordinates":[[3.0356219,48.4629206],[3.0386839,48.4615993],[3.0397332,48.4611468]]}},{"type":"Feature","properties":{"relief":0.577,"sinuosity":0,"highway":"tertiary"},"geometry":{"type":"LineString","coordinates":[[2.8295432,48.1719522],[2.8293168,48.1724779],[2.8292193,48.1727227],[2.8291209,48.1729848],[2.8290901,48.1730667],[2.829094,48.1732471],[2.8291608,48.1734426],[2.8292589,48.1736561],[2.8293704,48.1739178],[2.82943,48.1742516],[2.8294155,48.1745597]]}},{"type":"Feature","properties":{"relief":0.677,"sinuosity":0,"highway":"tertiary"},"geometry":{"type":"LineString","coordinates":[[1.4963761,48.8472377],[1.496715,48.8477911],[1.4969457,48.8484512],[1.4971227,48.8490301],[1.4972729,48.8494537],[1.4974446,48.8497361]]}},{"type":"Feature","properties":{"relief":0.9,"sinuosity":0,"highway":"tertiary"},"geometry":{"type":"LineString","coordinates":[[1.4647535,48.814612],[1.464678,48.8145505],[1.4645962,48.8144937],[1.4642507,48.8142814],[1.4639541,48.8141133],[1.4628431,48.8135339],[1.4615586,48.8128749]]}},{"type":"Feature","properties":{"relief":0.887,"sinuosity":0,"highway":"secondary"},"geometry":{"type":"LineString","coordinates":[[3.2445977,49.1629049],[3.2418573,49.1618444],[3.240889,49.1615977]]}},{"type":"Feature","properties":{"relief":0.75,"sinuosity":0,"highway":"secondary"},"geometry":{"type":"LineString","coordinates":[[3.1826144,49.1616074],[3.1811279,49.1621611],[3.1808384,49.162322],[3.1753171,49.1653489]]}},{"type":"Feature","properties":{"relief":0.39,"sinuosity":0,"highway":"tertiary","name":"Route de Rassy"},"geometry":{"type":"LineString","coordinates":[[3.2648055,49.1651049],[3.2649835,49.1646832],[3.2652631,49.1642569],[3.2660604,49.1632314],[3.2666712,49.1624349]]}},{"type":"Feature","properties":{"relief":0.773,"sinuosity":0.714,"highway":"tertiary"},"geometry":{"type":"LineString","coordinates":[[3.2606037,49.2693447],[3.2608697,49.2697742],[3.2610366,49.26988],[3.2612723,49.2699485],[3.2618451,49.2700853],[3.2626286,49.2701526],[3.2630914,49.270202],[3.2637492,49.2702987],[3.2639077,49.2703488]]}},{"type":"Feature","properties":{"relief":0.9,"sinuosity":0,"highway":"tertiary"},"geometry":{"type":"LineString","coordinates":[[3.3063873,49.2880413],[3.3070998,49.2887083],[3.3081241,49.2896287],[3.3102947,49.2915785]]}},{"type":"Feature","properties":{"relief":0.382,"sinuosity":0,"highway":"tertiary"},"geometry":{"type":"LineString","coordinates":[[2.6341903,48.0660761],[2.6334109,48.0667706],[2.6333134,48.0668596],[2.6331913,48.0669774],[2.6330794,48.0670908],[2.6326212,48.0675736],[2.6321718,48.0680283],[2.6320738,48.0681326],[2.6314994,48.0686866]]}},{"type":"Feature","properties":{"relief":0.597,"sinuosity":0,"highway":"tertiary"},"geometry":{"type":"LineString","coordinates":[[2.8126241,48.1969731],[2.8121931,48.1969596],[2.8107629,48.1969329],[2.8106975,48.1969317],[2.8098607,48.1968602],[2.8087083,48.1966594]]}},{"type":"Feature","properties":{"relief":0.559,"sinuosity":0,"highway":"tertiary"},"geometry":{"type":"LineString","coordinates":[[2.8148605,48.1782204],[2.8142382,48.1782204],[2.8133585,48.1782061],[2.8119208,48.1781489],[2.8110625,48.1781489]]}},{"type":"Feature","properties":{"relief":0.75,"sinuosity":0,"highway":"tertiary"},"geometry":{"type":"LineString","coordinates":[[2.829648,48.2155209],[2.8296996,48.215577],[2.8297419,48.215623],[2.829767,48.2156503],[2.8300888,48.2160649],[2.8303678,48.2165082],[2.8308613,48.2171516],[2.8312261,48.2175662],[2.8315758,48.2178814]]}},{"type":"Feature","properties":{"relief":0.75,"sinuosity":0,"highway":"secondary"},"geometry":{"type":"LineString","coordinates":[[2.8209425,48.2160122],[2.8205423,48.2171682],[2.8204659,48.2173348],[2.8204042,48.2174694],[2.8202263,48.2177413],[2.81947,48.2186375]]}},{"type":"Feature","properties":{"relief":0.525,"sinuosity":0.821,"highway":"tertiary","name":"Grande Rue"},"geometry":{"type":"LineString","coordinates":[[1.8170777,48.1271053],[1.8162725,48.1275958],[1.8162977,48.1276665],[1.8163939,48.1277666],[1.8166815,48.1281297],[1.8166839,48.1281899],[1.8165477,48.1282724],[1.8160367,48.1285453],[1.815698,48.1286941],[1.8150322,48.1289208]]}},{"type":"Feature","properties":{"relief":0.475,"sinuosity":0,"highway":"tertiary","name":"Rue de Patay"},"geometry":{"type":"LineString","coordinates":[[1.8114232,48.1265638],[1.8139479,48.1276147],[1.814238,48.1277516],[1.8143408,48.1278603],[1.8146089,48.1283601]]}},{"type":"Feature","properties":{"relief":0.72,"sinuosity":0,"highway":"motorway"},"geometry":{"type":"LineString","coordinates":[[2.335913,48.7574619],[2.3364229,48.7579352],[2.3382243,48.7595852]]}},{"type":"Feature","properties":{"relief":0.727,"sinuosity":0,"highway":"tertiary","name":"Boulevard du Président Roosevelt"},"geometry":{"type":"LineString","coordinates":[[2.1386516,48.8877665],[2.1386029,48.8877424],[2.1383196,48.8876025],[2.1382895,48.887589],[2.1382545,48.8875733],[2.137655,48.8873106],[2.1374752,48.8872378],[2.1373805,48.8871953],[2.1371833,48.8871069],[2.1369335,48.8870081],[2.1366468,48.8869046],[2.1364241,48.8868242],[2.1361981,48.8867448],[2.1360294,48.8866855],[2.1350531,48.8863909]]}},{"type":"Feature","properties":{"relief":0.697,"sinuosity":0.782,"highway":"tertiary","name":"Route de Provins"},"geometry":{"type":"LineString","coordinates":[[3.3116777,48.5335621],[3.3116228,48.5334193],[3.3115627,48.5332033],[3.3114769,48.5330157],[3.3113224,48.5328282],[3.3111765,48.5327372],[3.3110048,48.5326804],[3.3107731,48.5326122],[3.3104984,48.5325497],[3.3102839,48.5324929],[3.3101094,48.5324142],[3.3100574,48.5323673],[3.3100006,48.5322939],[3.3099234,48.5321632],[3.3098719,48.5320211],[3.3098719,48.5318676],[3.3099405,48.5317256],[3.3100779,48.5315835]]}},{"type":"Feature","properties":{"relief":0.9,"sinuosity":0,"highway":"tertiary"},"geometry":{"type":"LineString","coordinates":[[3.1013313,48.9815317],[3.1013071,48.9817356],[3.1012365,48.9819752],[3.1009783,48.9827616],[3.1009619,48.9828622],[3.1009486,48.9829436],[3.1010008,48.9831672],[3.1010125,48.9832079],[3.1011174,48.9835721],[3.1011972,48.984126]]}},{"type":"Feature","properties":{"relief":0.9,"sinuosity":0,"highway":"secondary"},"geometry":{"type":"LineString","coordinates":[[3.5685521,48.5764925],[3.568269,48.5766744],[3.5680444,48.5768208],[3.5678731,48.576947],[3.5676062,48.5771457],[3.5672126,48.5774419],[3.5669585,48.5776328],[3.5666306,48.5778693],[3.5664676,48.5779771],[3.566296,48.5780818],[3.5660981,48.5781913],[3.5657045,48.578392]]}},{"type":"Feature","properties":{"relief":0.9,"sinuosity":0,"highway":"secondary"},"geometry":{"type":"LineString","coordinates":[[1.5988078,48.5641737],[1.5983094,48.5644232],[1.5978919,48.5646757],[1.5967462,48.5655145],[1.596342,48.5657276],[1.5959525,48.5658949]]}},{"type":"Feature","properties":{"relief":0.553,"sinuosity":0,"highway":"tertiary"},"geometry":{"type":"LineString","coordinates":[[3.4852837,49.1764308],[3.4874515,49.1764134],[3.4878156,49.1764343],[3.4884674,49.1765057],[3.489537,49.1766485]]}},{"type":"Feature","properties":{"relief":0.75,"sinuosity":0,"highway":"secondary","name":"Grande Rue"},"geometry":{"type":"LineString","coordinates":[[3.3976048,48.252456],[3.3970699,48.25245],[3.3964347,48.2524539],[3.3958307,48.2524662],[3.3957254,48.2524715],[3.3952827,48.2524884],[3.3949889,48.2525176],[3.3944457,48.2525906],[3.3941072,48.2526361],[3.3940348,48.2526467],[3.3939842,48.2526541],[3.3936628,48.2527011]]}},{"type":"Feature","properties":{"relief":0.743,"sinuosity":0,"highway":"primary","name":"Route Paris-Genève"},"geometry":{"type":"LineString","coordinates":[[3.4442678,48.1530528],[3.4438852,48.1531297],[3.4435186,48.1531866],[3.4433371,48.1532207],[3.443149,48.1532648],[3.4425586,48.1534147],[3.442161,48.1535202],[3.4418642,48.1536088],[3.4416182,48.1536995],[3.4415434,48.1537339],[3.441307,48.1538428],[3.4410478,48.1539533],[3.4404639,48.154199]]}},{"type":"Feature","properties":{"relief":0.45,"sinuosity":0,"highway":"tertiary"},"geometry":{"type":"LineString","coordinates":[[3.5134664,48.0851759],[3.5133292,48.0850221],[3.5130665,48.0847276],[3.513049,48.0847079],[3.5127441,48.0842638],[3.5124631,48.0836005],[3.5124337,48.0833035],[3.512387,48.0828326],[3.5125205,48.081815]]}},{"type":"Feature","properties":{"relief":0.806,"sinuosity":0.7,"highway":"secondary"},"geometry":{"type":"LineString","coordinates":[[3.2610227,49.2414853],[3.261314,49.2415399],[3.2615786,49.2416072],[3.2620717,49.2418099],[3.2623759,49.2418629],[3.2626761,49.2418651],[3.2630416,49.2418254],[3.2635203,49.2417871],[3.2639008,49.2417812],[3.2651363,49.2418466]]}},{"type":"Feature","properties":{"relief":0.9,"sinuosity":0,"highway":"secondary"},"geometry":{"type":"LineString","coordinates":[[3.2931934,48.7997144],[3.291511,48.8013817],[3.29111,48.8017823],[3.2903503,48.8025292]]}},{"type":"Feature","properties":{"relief":0.598,"sinuosity":0,"highway":"secondary"},"geometry":{"type":"LineString","coordinates":[[3.2651187,48.8196493],[3.2643752,48.8197907],[3.263909,48.8198029],[3.263243,48.8197522],[3.2627951,48.8196765],[3.2623074,48.8195645],[3.2619435,48.8194521],[3.2606128,48.8190411]]}},{"type":"Feature","properties":{"relief":0.441,"sinuosity":0,"highway":"primary","name":"Cours de Vincennes"},"geometry":{"type":"LineString","coordinates":[[2.4109214,48.8471278],[2.4107958,48.8471234],[2.4107707,48.8471256],[2.4107126,48.8471308],[2.410297,48.8471682],[2.4097679,48.8472139],[2.4092967,48.8472554],[2.4089241,48.8472892],[2.4088678,48.847294],[2.4078414,48.8473834],[2.4077322,48.847392],[2.4072076,48.8474391]]}},{"type":"Feature","properties":{"relief":0.86,"sinuosity":0,"highway":"secondary","name":"Route de la Ferté-Alais"},"geometry":{"type":"LineString","coordinates":[[2.257978,48.5766003],[2.2578447,48.577183],[2.2577095,48.5777221],[2.2575592,48.5783199],[2.257512,48.5785075],[2.257467,48.5786944],[2.2573343,48.5792698]]}},{"type":"Feature","properties":{"relief":0.85,"sinuosity":0.712,"highway":"secondary","name":"Rue de l'Hautil"},"geometry":{"type":"LineString","coordinates":[[2.0265628,48.9840131],[2.026608,48.9833705],[2.0266325,48.9832091],[2.0266508,48.9830718],[2.0267229,48.9829405],[2.0268552,48.9828358],[2.0270537,48.982741],[2.0275318,48.9825532],[2.0278064,48.9823797],[2.0280949,48.98211],[2.0281935,48.9819301],[2.0282192,48.9818831]]}},{"type":"Feature","properties":{"relief":0.547,"sinuosity":0,"highway":"secondary"},"geometry":{"type":"LineString","coordinates":[[3.2142825,48.1706414],[3.2168628,48.1718297],[3.2185953,48.1726251]]}},{"type":"Feature","properties":{"relief":0.71,"sinuosity":0,"highway":"trunk","name":"Tunnel de Chennevières"},"geometry":{"type":"LineString","coordinates":[[1.91396,48.7983659],[1.9121261,48.7979051],[1.9111579,48.7976378],[1.9081745,48.7968268]]}},{"type":"Feature","properties":{"relief":0.75,"sinuosity":0,"highway":"secondary"},"geometry":{"type":"LineString","coordinates":[[3.4412444,48.3510162],[3.441371,48.3513914],[3.4415006,48.3516812],[3.4416811,48.3520285],[3.4419196,48.3523985],[3.4430184,48.3538927]]}},{"type":"Feature","properties":{"relief":0.75,"sinuosity":0,"highway":"secondary"},"geometry":{"type":"LineString","coordinates":[[3.4441208,48.426736],[3.4437086,48.4280595],[3.4435691,48.428411],[3.4420685,48.4317449]]}},{"type":"Feature","properties":{"relief":0.75,"sinuosity":0,"highway":"primary"},"geometry":{"type":"LineString","coordinates":[[3.530337,48.5666049],[3.5322378,48.5675014],[3.5331713,48.5679429],[3.533235,48.5679713],[3.5336782,48.5681792]]}},{"type":"Feature","properties":{"relief":0.9,"sinuosity":0,"highway":"primary"},"geometry":{"type":"LineString","coordinates":[[3.5395457,48.5757418],[3.5405645,48.5772087],[3.5415022,48.5785277]]}},{"type":"Feature","properties":{"relief":0.683,"sinuosity":0,"highway":"tertiary","name":"Rue Jeanne d'Arc"},"geometry":{"type":"LineString","coordinates":[[1.4150237,48.5159909],[1.4151832,48.515905],[1.4154722,48.5157119],[1.4160305,48.5152615],[1.4163938,48.5150089],[1.4167943,48.5148194],[1.4174982,48.5146325],[1.4175924,48.5146094],[1.4180145,48.5145059]]}},{"type":"Feature","properties":{"relief":0.421,"sinuosity":0,"highway":"tertiary"},"geometry":{"type":"LineString","coordinates":[[3.2611142,48.6233497],[3.2630293,48.6245021],[3.2631768,48.6245952],[3.263544,48.624814],[3.2640903,48.6251038]]}},{"type":"Feature","properties":{"relief":0.84,"sinuosity":0,"highway":"secondary"},"geometry":{"type":"LineString","coordinates":[[3.5802767,48.3090841],[3.5806114,48.3077391],[3.5809176,48.3065151]]}},{"type":"Feature","properties":{"relief":0.4,"sinuosity":0,"highway":"primary"},"geometry":{"type":"LineString","coordinates":[[3.2612749,48.4104737],[3.2636497,48.410904],[3.2650823,48.411203]]}},{"type":"Feature","properties":{"relief":0.753,"sinuosity":0,"highway":"tertiary","name":"Rue de Dampierre"},"geometry":{"type":"LineString","coordinates":[[1.9010105,48.7124437],[1.9005976,48.7124944],[1.8983796,48.7127669],[1.8973647,48.7129305],[1.8970887,48.7129866]]}},{"type":"Feature","properties":{"relief":0.73,"sinuosity":0.7,"highway":"primary"},"geometry":{"type":"LineString","coordinates":[[2.0445089,48.5794756],[2.044659,48.5795248],[2.0449448,48.579679],[2.0451389,48.5797423],[2.0453823,48.5797998],[2.0457874,48.5798403],[2.0461264,48.5798672],[2.0465094,48.579912],[2.0468347,48.5800107],[2.0471609,48.5801492],[2.0474584,48.5802686],[2.0478007,48.5804412],[2.0481464,48.5806498]]}},{"type":"Feature","properties":{"relief":0.9,"sinuosity":0,"highway":"tertiary"},"geometry":{"type":"LineString","coordinates":[[3.5756341,49.2726891],[3.5757731,49.2726523],[3.5759388,49.2726079],[3.5769184,49.2722498],[3.5773194,49.2720997],[3.5777535,49.2719081],[3.5786656,49.2713929],[3.5794614,49.2709224]]}},{"type":"Feature","properties":{"relief":0.396,"sinuosity":0,"highway":"primary","name":"Route Nationale"},"geometry":{"type":"LineString","coordinates":[[1.9687749,48.2608447],[1.969416,48.2618379],[1.9700176,48.2628529],[1.9704359,48.2636528]]}},{"type":"Feature","properties":{"relief":0.54,"sinuosity":0,"highway":"primary","name":"Route Nationale"},"geometry":{"type":"LineString","coordinates":[[1.970629,48.2644839],[1.97019,48.2636821],[1.9698386,48.2629797],[1.9694291,48.2621867],[1.9686186,48.2609142]]}},{"type":"Feature","properties":{"relief":0.86,"sinuosity":0,"highway":"tertiary","name":"Route de la Brosse"},"geometry":{"type":"LineString","coordinates":[[2.0414844,48.7113046],[2.0414399,48.71135],[2.0413908,48.7114207],[2.0413293,48.71151],[2.0413215,48.711525],[2.0412725,48.7116379],[2.0411999,48.7117375],[2.0410226,48.7119121],[2.0404272,48.7123842],[2.0402231,48.7125453],[2.0401347,48.7125999],[2.0399998,48.7126196],[2.039942,48.7126277],[2.0396803,48.7126392],[2.0395065,48.7126687],[2.0393535,48.7127178],[2.0390579,48.712837],[2.0387752,48.7129619]]}},{"type":"Feature","properties":{"relief":0.577,"sinuosity":0,"highway":"primary"},"geometry":{"type":"LineString","coordinates":[[2.4755807,48.6246982],[2.4756207,48.6246066],[2.4757008,48.6244701],[2.4757563,48.624352],[2.4757963,48.6242074],[2.4762492,48.6218816]]}},{"type":"Feature","properties":{"relief":0.577,"sinuosity":0,"highway":"tertiary","name":"Route de la Vallée"},"geometry":{"type":"LineString","coordinates":[[3.3499274,49.011564],[3.3508933,49.0115892],[3.3515817,49.0115618],[3.3524905,49.0114784],[3.3532736,49.0114092],[3.3538394,49.0113609]]}},{"type":"Feature","properties":{"relief":0.732,"sinuosity":0.711,"highway":"secondary"},"geometry":{"type":"LineString","coordinates":[[3.3066349,49.0748722],[3.3080538,49.0745325],[3.308417,49.0743848],[3.3088737,49.0741033],[3.3093512,49.0739573],[3.309727,49.073985],[3.3101261,49.0741367]]}},{"type":"Feature","properties":{"relief":0.75,"sinuosity":0,"highway":"secondary"},"geometry":{"type":"LineString","coordinates":[[3.4393143,49.231324],[3.4411885,49.2305393],[3.4417643,49.2302983],[3.4421932,49.2301381],[3.4427501,49.2299953]]}},{"type":"Feature","properties":{"relief":0.393,"sinuosity":0.852,"highway":"tertiary","name":"Grande Rue"},"geometry":{"type":"LineString","coordinates":[[3.4448415,49.1894507],[3.4442319,49.1893469],[3.4436055,49.1892751],[3.4427056,49.1891847],[3.4424861,49.1891946],[3.4423134,49.1892234],[3.4420793,49.1893313],[3.4419898,49.1894764],[3.4417031,49.1900548]]}},{"type":"Feature","properties":{"relief":0.85,"sinuosity":0.83,"highway":"tertiary"},"geometry":{"type":"LineString","coordinates":[[3.2162811,49.2611816],[3.2165536,49.2613071],[3.216866,49.2613288],[3.2179688,49.2613843],[3.2182991,49.2614865],[3.2186865,49.2618294],[3.2189197,49.2622471],[3.2188001,49.2626374]]}},{"type":"Feature","properties":{"relief":1,"sinuosity":1,"highway":"tertiary"},"geometry":{"type":"LineString","coordinates":[[3.2175467,49.2679154],[3.2172202,49.2681354],[3.2170468,49.2682374],[3.2168648,49.2683981],[3.2168868,49.2686517],[3.2170303,49.2687823],[3.2173267,49.2688931],[3.2178908,49.2690377],[3.2186686,49.2691917],[3.2188027,49.2693737],[3.2188019,49.2695127]]}},{"type":"Feature","properties":{"relief":0.52,"sinuosity":0,"highway":"tertiary"},"geometry":{"type":"LineString","coordinates":[[3.2634983,49.315737],[3.2631144,49.3154661],[3.2627055,49.3152096],[3.2622514,49.3149886],[3.2617186,49.3147971],[3.2613098,49.3146579],[3.2608898,49.314567],[3.2603182,49.3145117],[3.2575281,49.3143702]]}},{"type":"Feature","properties":{"relief":0.507,"sinuosity":0,"highway":"tertiary","name":"Rue de Marizy"},"geometry":{"type":"LineString","coordinates":[[3.1768806,49.1947043],[3.1745993,49.1947763],[3.1741842,49.1947873],[3.1739178,49.1947819],[3.1736647,49.1947359],[3.1724879,49.1943065]]}},{"type":"Feature","properties":{"relief":0.534,"sinuosity":0,"highway":"tertiary"},"geometry":{"type":"LineString","coordinates":[[2.8671131,49.0706284],[2.8670922,49.0709743],[2.8670773,49.0713803],[2.8670462,49.0722453],[2.8670181,49.0731487]]}},{"type":"Feature","properties":{"relief":0.75,"sinuosity":0,"highway":"tertiary","name":"Route de la Vallée"},"geometry":{"type":"LineString","coordinates":[[3.2593626,48.889086],[3.2599768,48.8890301],[3.260702,48.8889233],[3.2616293,48.8887835],[3.2618883,48.8887702],[3.2621949,48.8887644],[3.263812,48.8887771]]}},{"type":"Feature","properties":{"relief":0.637,"sinuosity":0,"highway":"tertiary","name":"Rue de Charny"},"geometry":{"type":"LineString","coordinates":[[2.7684402,49.0032286],[2.7683306,49.002999],[2.7681464,49.0026405],[2.7680946,49.0025245],[2.7678492,49.0020752],[2.7676846,49.0017786],[2.7671723,49.0007753]]}},{"type":"Feature","properties":{"relief":0.514,"sinuosity":0,"highway":"tertiary"},"geometry":{"type":"LineString","coordinates":[[3.2024303,48.6681174],[3.2027374,48.6677053],[3.2031186,48.6672372],[3.2039322,48.6664157],[3.2057889,48.6645758]]}},{"type":"Feature","properties":{"relief":0.589,"sinuosity":0,"highway":"tertiary","name":"Route de Nangis"},"geometry":{"type":"LineString","coordinates":[[3.1767563,48.6685262],[3.1766407,48.6681283],[3.1763537,48.6671365],[3.1761241,48.6668285],[3.1757195,48.6660975]]}},{"type":"Feature","properties":{"relief":0.75,"sinuosity":0,"highway":"primary"},"geometry":{"type":"LineString","coordinates":[[2.6767468,49.147535],[2.677972,49.1468827],[2.6785145,49.1465939],[2.6786534,49.14652],[2.6788694,49.1463918],[2.6789472,49.1463492],[2.6791494,49.1462047],[2.6793138,49.1460872],[2.6797477,49.1457634]]}},{"type":"Feature","properties":{"relief":0.439,"sinuosity":0,"highway":"trunk"},"geometry":{"type":"LineString","coordinates":[[2.3629379,48.7537868],[2.3625877,48.7537737],[2.3611903,48.7537542],[2.3607979,48.7537601],[2.3595287,48.7537486],[2.3588959,48.7537615]]}},{"type":"Feature","properties":{"relief":0.76,"sinuosity":0,"highway":"primary","name":"Boulevard Gambetta"},"geometry":{"type":"LineString","coordinates":[[2.0459249,48.9310779],[2.046049,48.9309775],[2.0460696,48.9309609],[2.0465714,48.9305581],[2.0467498,48.9304149],[2.0468217,48.9303572],[2.0469033,48.9302917],[2.0470924,48.9301399],[2.0472033,48.9300509],[2.0474247,48.9298732],[2.0477095,48.9296445],[2.0479513,48.9294504],[2.0479788,48.9294283],[2.0480572,48.929368],[2.04813,48.9293121],[2.0481588,48.9292908],[2.0483235,48.9291688],[2.0483577,48.9291434],[2.0487102,48.9288822]]}},{"type":"Feature","properties":{"relief":0.565,"sinuosity":0,"highway":"tertiary"},"geometry":{"type":"LineString","coordinates":[[1.7127318,48.4421237],[1.7125521,48.4425288],[1.7123725,48.4429234],[1.7117299,48.4443351],[1.7116506,48.4445841]]}},{"type":"Feature","properties":{"relief":0.597,"sinuosity":0,"highway":"tertiary"},"geometry":{"type":"LineString","coordinates":[[1.6909146,48.4439056],[1.6909815,48.443872],[1.6918636,48.4434286],[1.6924611,48.4430691],[1.693574,48.4424641],[1.6943433,48.4421344]]}},{"type":"Feature","properties":{"relief":0.86,"sinuosity":0,"highway":"tertiary","name":"Rue de Beauce"},"geometry":{"type":"LineString","coordinates":[[1.6853397,48.4472191],[1.6853873,48.447156],[1.686304,48.4467154],[1.6864654,48.4466412],[1.6867906,48.4464833],[1.6872506,48.4461519],[1.6875574,48.4459753],[1.6880304,48.445703]]}},{"type":"Feature","properties":{"relief":0.427,"sinuosity":0,"highway":"tertiary"},"geometry":{"type":"LineString","coordinates":[[1.7328161,48.4422859],[1.7328933,48.4423086],[1.7342997,48.4427418],[1.7359237,48.4431139],[1.7378826,48.4434915]]}},{"type":"Feature","properties":{"relief":0.698,"sinuosity":0,"highway":"trunk"},"geometry":{"type":"LineString","coordinates":[[2.3608585,48.7533697],[2.3621098,48.7533823],[2.3645262,48.7534458]]}},{"type":"Feature","properties":{"relief":0.44,"sinuosity":0,"highway":"secondary"},"geometry":{"type":"LineString","coordinates":[[1.6668986,48.3067724],[1.6670472,48.306907],[1.6671823,48.3070151],[1.6672973,48.3070957],[1.6674463,48.3071797],[1.6675877,48.307242],[1.6677554,48.3073045],[1.6679507,48.3073659],[1.6681946,48.3074263],[1.6690348,48.3076285],[1.6696009,48.3078029],[1.6698687,48.3079047],[1.6701014,48.3079931],[1.6715008,48.3086202]]}},{"type":"Feature","properties":{"relief":0.447,"sinuosity":0,"highway":"tertiary"},"geometry":{"type":"LineString","coordinates":[[1.6344379,48.3090885],[1.6345002,48.3089708],[1.6345661,48.3088222],[1.6347552,48.3080108],[1.6348252,48.3076758],[1.6350801,48.3064558]]}},{"type":"Feature","properties":{"relief":0.9,"sinuosity":0,"highway":"motorway","name":"Tunnel de la Défense"},"geometry":{"type":"LineString","coordinates":[[2.2344269,48.892809],[2.2346912,48.8927111],[2.2363079,48.8920287],[2.2365439,48.8919445],[2.2367854,48.8918661],[2.2390613,48.8911646]]}},{"type":"Feature","properties":{"relief":0.75,"sinuosity":0,"highway":"primary","name":"Quai du Président Paul Doumer"},"geometry":{"type":"LineString","coordinates":[[2.2586409,48.8918244],[2.2590791,48.8922107],[2.2593709,48.8925248],[2.2597108,48.8928798],[2.2600533,48.893243],[2.2603817,48.8936077],[2.2607189,48.89397]]}},{"type":"Feature","properties":{"relief":0.49,"sinuosity":0,"highway":"trunk"},"geometry":{"type":"LineString","coordinates":[[1.6884745,49.2031687],[1.6882987,49.2032888],[1.6881802,49.203379],[1.688067,49.2034724],[1.6879608,49.2035641],[1.6878594,49.2036606],[1.6877595,49.203759],[1.6876631,49.2038617],[1.687573,49.2039656],[1.6874904,49.2040679],[1.6874116,49.204171],[1.6873359,49.2042845],[1.6872703,49.2043889],[1.6872044,49.2045008],[1.6871478,49.2046122],[1.6870944,49.204726],[1.6870469,49.2048384],[1.6870033,49.2049531],[1.6869684,49.2050692],[1.6869366,49.2051864],[1.6869121,49.2052989],[1.6868884,49.2054178]]}},{"type":"Feature","properties":{"relief":0.767,"sinuosity":0,"highway":"secondary","name":"Route de Saint-Léger"},"geometry":{"type":"LineString","coordinates":[[1.6840243,48.7356271],[1.6864068,48.7352846],[1.6884237,48.7350206]]}},{"type":"Feature","properties":{"relief":0.407,"sinuosity":0,"highway":"motorway_link"},"geometry":{"type":"LineString","coordinates":[[2.5876351,48.8343611],[2.5875533,48.8344336],[2.5850291,48.8348631],[2.5836191,48.8350907]]}},{"type":"Feature","properties":{"relief":0.63,"sinuosity":0,"highway":"tertiary"},"geometry":{"type":"LineString","coordinates":[[2.4498626,48.1668186],[2.4499774,48.1668486],[2.4501317,48.1668824],[2.4503803,48.1669178],[2.4511672,48.166983],[2.4516035,48.16703],[2.4532343,48.167166],[2.4538566,48.1671946]]}},{"type":"Feature","properties":{"relief":0.474,"sinuosity":0,"highway":"secondary"},"geometry":{"type":"LineString","coordinates":[[2.9725011,48.9855294],[2.9720538,48.985299],[2.9717983,48.9851175],[2.9715215,48.9848242],[2.9712608,48.9844877],[2.9704886,48.9835045],[2.9692535,48.9819264]]}},{"type":"Feature","properties":{"relief":0.613,"sinuosity":0,"highway":"secondary","name":"Route de Trilport"},"geometry":{"type":"LineString","coordinates":[[2.9954578,48.9930078],[2.994968,48.9927285],[2.9944462,48.9924911],[2.993243,48.992107],[2.9923486,48.9918557],[2.9912624,48.9916317]]}},{"type":"Feature","properties":{"relief":0.753,"sinuosity":0,"highway":"secondary"},"geometry":{"type":"LineString","coordinates":[[3.3967502,49.2340788],[3.3975657,49.2339008],[3.3982289,49.2338156],[3.3983914,49.2337947],[3.4018634,49.2336513]]}},{"type":"Feature","properties":{"relief":0.737,"sinuosity":0,"highway":"secondary"},"geometry":{"type":"LineString","coordinates":[[3.130557,49.2599538],[3.1302314,49.259965],[3.1299837,49.2599639],[3.1297869,49.2599515],[3.129572,49.2599284],[3.1293545,49.2598926],[3.1281753,49.2596677],[3.1258343,49.2592234]]}},{"type":"Feature","properties":{"relief":0.445,"sinuosity":0,"highway":"secondary","name":"Rue du Général Leclerc"},"geometry":{"type":"LineString","coordinates":[[3.0846026,49.2558179],[3.0844307,49.2557903],[3.0841145,49.2557426],[3.0825317,49.2554907],[3.0820008,49.2554169],[3.0817458,49.2553809],[3.0810145,49.2552685],[3.0802686,49.2551347]]}},{"type":"Feature","properties":{"relief":0.75,"sinuosity":0,"highway":"tertiary"},"geometry":{"type":"LineString","coordinates":[[3.3098875,49.2186496],[3.3096877,49.2186531],[3.3095456,49.2186519],[3.3093525,49.2186466],[3.3091257,49.2186325],[3.3088991,49.2186141],[3.3085934,49.2185863],[3.3080559,49.2185277],[3.3079074,49.2185077],[3.3077719,49.2184858],[3.3076341,49.2184568],[3.3075164,49.2184271],[3.3073986,49.218385],[3.3073166,49.218347],[3.3072227,49.2182935],[3.3071171,49.2182255],[3.3064922,49.2177437]]}},{"type":"Feature","properties":{"relief":0.75,"sinuosity":0,"highway":"primary"},"geometry":{"type":"LineString","coordinates":[[1.8632046,49.187699],[1.8634862,49.187736],[1.863812,49.1877904],[1.8642393,49.1879044],[1.8648001,49.1880806],[1.8651257,49.1882102],[1.8653677,49.1883254],[1.8656065,49.1884471],[1.8693712,49.1905553]]}},{"type":"Feature","properties":{"relief":0.75,"sinuosity":0,"highway":"primary","name":"Rue de la Porte de Paris"},"geometry":{"type":"LineString","coordinates":[[2.0461176,48.7076697],[2.0462467,48.7076706],[2.0465119,48.7076676],[2.0465492,48.7076657],[2.0467127,48.7076573],[2.047043,48.7076465],[2.0473368,48.707618],[2.0477161,48.7075728],[2.0484463,48.7074857],[2.0487064,48.7074579],[2.0488751,48.7074394],[2.0490603,48.7074017],[2.04912,48.7073906],[2.0492505,48.7073662],[2.0493554,48.7073466],[2.0496214,48.7072926],[2.0499036,48.7072353]]}},{"type":"Feature","properties":{"relief":0.626,"sinuosity":0,"highway":"tertiary","name":"Avenue Émile Zola"},"geometry":{"type":"LineString","coordinates":[[2.3620933,48.9475833],[2.3621009,48.9475887],[2.3622105,48.947667],[2.362389,48.9478023],[2.362772,48.9480885],[2.3628581,48.9481499],[2.3630787,48.9483071],[2.3631189,48.9483346],[2.3632338,48.9484101],[2.3633214,48.9484706],[2.3635628,48.9486392],[2.3637954,48.9487968],[2.3644121,48.9492199],[2.3646791,48.9494015],[2.365068,48.9496571]]}},{"type":"Feature","properties":{"relief":0.793,"sinuosity":0,"highway":"secondary"},"geometry":{"type":"LineString","coordinates":[[3.2639717,48.0690317],[3.263705,48.0687067],[3.2632506,48.067806],[3.2626793,48.0669779],[3.2625532,48.0668426],[3.2625222,48.0668145],[3.2623615,48.0666688]]}},{"type":"Feature","properties":{"relief":0.468,"sinuosity":0,"highway":"tertiary"},"geometry":{"type":"LineString","coordinates":[[2.8978832,48.5018124],[2.9010652,48.501482],[2.9103644,48.5005224]]}},{"type":"Feature","properties":{"relief":0.487,"sinuosity":0,"highway":"secondary"},"geometry":{"type":"LineString","coordinates":[[2.8799382,48.5309785],[2.8800662,48.5330904],[2.8800108,48.5339481]]}},{"type":"Feature","properties":{"relief":0.737,"sinuosity":0,"highway":"secondary"},"geometry":{"type":"LineString","coordinates":[[2.8054369,48.2623028],[2.803356,48.2637079],[2.8003426,48.2657769]]}},{"type":"Feature","properties":{"relief":0.478,"sinuosity":0,"highway":"tertiary"},"geometry":{"type":"LineString","coordinates":[[2.7681015,48.2761355],[2.7665551,48.2762344],[2.7660605,48.276231],[2.7657163,48.2762286],[2.7646417,48.2761733],[2.7627458,48.276153]]}},{"type":"Feature","properties":{"relief":0.86,"sinuosity":0.81,"highway":"secondary","name":"Rue Maurice Lalloy"},"geometry":{"type":"LineString","coordinates":[[2.8121936,48.2538774],[2.8122641,48.2539594],[2.8127081,48.2544757],[2.8127927,48.2546447],[2.8128154,48.25469],[2.8128385,48.2547213],[2.8128685,48.2548684],[2.8128261,48.2549972],[2.8126866,48.2551686],[2.8123541,48.2553901],[2.8112597,48.2561473]]}},{"type":"Feature","properties":{"relief":0.9,"sinuosity":0,"highway":"primary","name":"Route de Genève"},"geometry":{"type":"LineString","coordinates":[[3.3503911,48.178502],[3.3516845,48.1782068],[3.3528116,48.1779425],[3.3538442,48.1777033],[3.3549939,48.1774418]]}},{"type":"Feature","properties":{"relief":0.628,"sinuosity":0.7,"highway":"tertiary","name":"Rue du Château"},"geometry":{"type":"LineString","coordinates":[[2.4970249,48.1860735],[2.4970695,48.1860104],[2.4971915,48.1859282],[2.4973856,48.1858679],[2.4979086,48.1859035],[2.4992784,48.1860334],[2.4998843,48.1860923],[2.5000361,48.1861268],[2.5003792,48.1862393],[2.5006154,48.1862931]]}},{"type":"Feature","properties":{"relief":0.598,"sinuosity":0,"highway":"secondary"},"geometry":{"type":"LineString","coordinates":[[2.5010152,48.1115925],[2.4991723,48.112502],[2.4966856,48.1137001]]}},{"type":"Feature","properties":{"relief":0.368,"sinuosity":0,"highway":"tertiary","name":"Route de Mont Saint-Père"},"geometry":{"type":"LineString","coordinates":[[3.4900184,49.1340577],[3.4899057,49.1343506],[3.4897932,49.1344914],[3.489706,49.1345686],[3.4893753,49.134797],[3.4891161,49.1349641],[3.4881443,49.1355904],[3.4874539,49.1360156]]}},{"type":"Feature","properties":{"relief":0.491,"sinuosity":0,"highway":"tertiary"},"geometry":{"type":"LineString","coordinates":[[3.4669737,49.0278264],[3.4673082,49.0272255],[3.4676751,49.0264284],[3.4688828,49.024938]]}},{"type":"Feature","properties":{"relief":0.709,"sinuosity":0,"highway":"primary","name":"Route Nationale"},"geometry":{"type":"LineString","coordinates":[[3.4401924,49.0395428],[3.4413987,49.0395577],[3.4435162,49.0395913],[3.4445891,49.0396093]]}},{"type":"Feature","properties":{"relief":0.71,"sinuosity":0,"highway":"tertiary","name":"Route de Dampierre"},"geometry":{"type":"LineString","coordinates":[[1.9134463,48.7092218],[1.9128979,48.7095034],[1.9119048,48.7098304],[1.9115368,48.7099132],[1.9079128,48.7107291]]}},{"type":"Feature","properties":{"relief":0.408,"sinuosity":0,"highway":"tertiary","name":"Route de Senlisse"},"geometry":{"type":"LineString","coordinates":[[1.9594476,48.69219],[1.9591379,48.6921489],[1.9581491,48.6922831],[1.9562752,48.6925354],[1.9547703,48.6927218]]}},{"type":"Feature","properties":{"relief":0.603,"sinuosity":0,"highway":"secondary"},"geometry":{"type":"LineString","coordinates":[[3.487258,49.211747],[3.4874045,49.2117079],[3.4878537,49.211588],[3.4887709,49.2113582],[3.4898704,49.2110827],[3.4942458,49.2099864]]}},{"type":"Feature","properties":{"relief":0.9,"sinuosity":0,"highway":"secondary"},"geometry":{"type":"LineString","coordinates":[[3.4972038,49.1653882],[3.4962526,49.1635618],[3.4961487,49.163275],[3.4961433,49.1630535],[3.496286,49.1623241]]}},{"type":"Feature","properties":{"relief":0.9,"sinuosity":0,"highway":"secondary"},"geometry":{"type":"LineString","coordinates":[[3.5279463,49.1967728],[3.5305327,49.1970482],[3.5331088,49.1973255]]}},{"type":"Feature","properties":{"relief":0.9,"sinuosity":0,"highway":"secondary"},"geometry":{"type":"LineString","coordinates":[[3.3099321,48.0911419],[3.309581,48.0911076],[3.3092023,48.0910517],[3.3087517,48.0909657],[3.3079073,48.0907421],[3.3072904,48.0905688],[3.3035985,48.0895314]]}},{"type":"Feature","properties":{"relief":0.727,"sinuosity":0,"highway":"secondary"},"geometry":{"type":"LineString","coordinates":[[3.4403078,49.0462718],[3.4411406,49.0462294],[3.4414662,49.0462244],[3.4447008,49.0461747]]}},{"type":"Feature","properties":{"relief":0.783,"sinuosity":0.7,"highway":"secondary","name":"Rue Louis Cesson"},"geometry":{"type":"LineString","coordinates":[[3.4218584,49.1613663],[3.4219113,49.1614456],[3.4219201,49.1615149],[3.4218462,49.161747],[3.4218053,49.1619121],[3.4217916,49.1619895],[3.421809,49.1620942],[3.421849,49.1621763],[3.4220459,49.1624515],[3.4221411,49.1626912],[3.4222286,49.1629299],[3.4223238,49.1631381],[3.422483,49.1633939],[3.4233975,49.1644626]]}},{"type":"Feature","properties":{"relief":0.472,"sinuosity":0.7,"highway":"tertiary"},"geometry":{"type":"LineString","coordinates":[[3.3952615,48.0651017],[3.3954868,48.0652307],[3.3957765,48.0653956],[3.3958945,48.0655677],[3.3960447,48.0657685],[3.3961627,48.0658688],[3.3963881,48.0659979],[3.3966885,48.0660768],[3.3969674,48.0661341],[3.3972356,48.0662273],[3.3974341,48.0663144],[3.3976326,48.0664424],[3.397844,48.0666224],[3.3982656,48.0670518]]}},{"type":"Feature","properties":{"relief":0.9,"sinuosity":0,"highway":"tertiary"},"geometry":{"type":"LineString","coordinates":[[3.4611247,48.0805953],[3.4616826,48.081097],[3.4625838,48.0818281],[3.4635709,48.0826166]]}},{"type":"Feature","properties":{"relief":0.75,"sinuosity":0,"highway":"tertiary"},"geometry":{"type":"LineString","coordinates":[[3.486227,48.0878263],[3.4868739,48.0877912],[3.4882438,48.0876619],[3.4888652,48.0876826],[3.4912727,48.0877626]]}},{"type":"Feature","properties":{"relief":0.553,"sinuosity":0,"highway":"tertiary"},"geometry":{"type":"LineString","coordinates":[[3.4421817,48.0915858],[3.4425475,48.0917148],[3.4427625,48.0917824],[3.4439768,48.0920546],[3.4450068,48.0923125],[3.4453501,48.0924702],[3.4456537,48.0927217]]}},{"type":"Feature","properties":{"relief":0.9,"sinuosity":0,"highway":"tertiary","name":"Route du Saint-Ange"},"geometry":{"type":"LineString","coordinates":[[3.4456082,48.0760821],[3.4454084,48.0760561],[3.4446694,48.0758706],[3.4438942,48.075721],[3.4433606,48.0756463],[3.4431157,48.0756121],[3.4429715,48.0755919],[3.4418707,48.0754887]]}},{"type":"Feature","properties":{"relief":0.557,"sinuosity":0,"highway":"primary","name":"Route de Saint-Cyr"},"geometry":{"type":"LineString","coordinates":[[2.1096817,48.8028787],[2.1117085,48.8026421],[2.1125113,48.80254],[2.1127838,48.8025053],[2.1132669,48.8024488],[2.1137763,48.8023913]]}},{"type":"Feature","properties":{"relief":0.75,"sinuosity":0,"highway":"secondary"},"geometry":{"type":"LineString","coordinates":[[3.627516,49.0256283],[3.6279612,49.0259],[3.6283092,49.0261816],[3.6285865,49.0264531],[3.6286742,49.0265389],[3.6289974,49.0269481],[3.6292308,49.0274602],[3.6293355,49.0279617]]}},{"type":"Feature","properties":{"relief":0.9,"sinuosity":0,"highway":"secondary"},"geometry":{"type":"LineString","coordinates":[[3.5738848,49.00272],[3.5763752,49.0018535],[3.5775383,49.0014488]]}},{"type":"Feature","properties":{"relief":0.588,"sinuosity":0,"highway":"secondary"},"geometry":{"type":"LineString","coordinates":[[1.5968635,48.4913613],[1.5971151,48.4915041],[1.5973563,48.4916102],[1.5977592,48.4917833],[1.5982231,48.4919311],[1.5988388,48.49208],[1.5993421,48.4921786],[1.6013511,48.4924813]]}},{"type":"Feature","properties":{"relief":0.617,"sinuosity":0,"highway":"motorway","name":"Autoroute du Soleil"},"geometry":{"type":"LineString","coordinates":[[2.3198202,48.6941486],[2.3193893,48.6945298],[2.3189421,48.6948991],[2.3183969,48.6953158],[2.3179163,48.695654],[2.3165461,48.6965551]]}},{"type":"Feature","properties":{"relief":0.75,"sinuosity":0,"highway":"tertiary","name":"Route d’Ocquerre"},"geometry":{"type":"LineString","coordinates":[[3.0361567,49.0292671],[3.0364095,49.029315],[3.0365161,49.029337],[3.0366255,49.0293672],[3.0376781,49.0296958],[3.038496,49.0299511],[3.0398836,49.0303852]]}},{"type":"Feature","properties":{"relief":0.486,"sinuosity":0,"highway":"tertiary","name":"Route de la Grange aux Moines"},"geometry":{"type":"LineString","coordinates":[[2.1771699,48.6637008],[2.1776038,48.6637477],[2.1779428,48.6638135],[2.1783222,48.6639216],[2.1787134,48.6640641],[2.1788533,48.6641345],[2.1789223,48.6641769],[2.1789979,48.6642426],[2.1796465,48.6651529],[2.1833878,48.6703921]]}},{"type":"Feature","properties":{"relief":0.75,"sinuosity":0,"highway":"tertiary","name":"Route de Janvry"},"geometry":{"type":"LineString","coordinates":[[2.1341539,48.6662724],[2.1340938,48.6663458],[2.133951,48.6664995],[2.1337786,48.6666596],[2.1335612,48.6668332],[2.1332507,48.6670163],[2.1327395,48.6672872],[2.13181,48.6678036],[2.1311052,48.6681951]]}},{"type":"Feature","properties":{"relief":0.9,"sinuosity":0,"highway":"tertiary"},"geometry":{"type":"LineString","coordinates":[[1.8727003,49.1188079],[1.8724902,49.1186767],[1.8722476,49.1185117],[1.8720441,49.1183548],[1.8718569,49.1181959],[1.8715958,49.1179615],[1.8709498,49.117378],[1.8705918,49.1170543],[1.8702942,49.1168001]]}},{"type":"Feature","properties":{"relief":0.427,"sinuosity":0.7,"highway":"secondary","name":"Route Nationale"},"geometry":{"type":"LineString","coordinates":[[3.3048574,48.9752191],[3.3051678,48.9751541],[3.3054943,48.9751397],[3.3059164,48.9752127],[3.3062558,48.9752421],[3.3064793,48.9752118],[3.3068159,48.9750856],[3.3076856,48.9747502],[3.3079858,48.9746195],[3.3081898,48.9745202],[3.3082857,48.9744765],[3.3084236,48.9744135]]}},{"type":"Feature","properties":{"relief":0.492,"sinuosity":0,"highway":"tertiary"},"geometry":{"type":"LineString","coordinates":[[3.2174579,49.0677861],[3.2185194,49.0674474],[3.2189318,49.0673177],[3.2191578,49.0672501],[3.2193656,49.0671921],[3.2195956,49.0671323],[3.2200643,49.0670181],[3.2202152,49.0669781],[3.2203037,49.0669526],[3.2203808,49.0669236],[3.2204412,49.0668968],[3.2205049,49.0668573],[3.2205532,49.0668182],[3.2205907,49.0667774],[3.2206156,49.0667414],[3.2206336,49.0667062],[3.220643,49.0666662],[3.2206357,49.0666262]]}},{"type":"Feature","properties":{"relief":0.743,"sinuosity":0.7,"highway":"tertiary"},"geometry":{"type":"LineString","coordinates":[[3.364703,48.9840628],[3.3644837,48.9833433],[3.3644606,48.9832785],[3.3643419,48.9829456],[3.3640505,48.9827474],[3.3636727,48.9825984],[3.3634284,48.9824473],[3.3632102,48.9821959],[3.3630403,48.9819274],[3.3629349,48.9816675]]}},{"type":"Feature","properties":{"relief":0.9,"sinuosity":0,"highway":"tertiary","name":"Rue Robert Gerbaux"},"geometry":{"type":"LineString","coordinates":[[3.3982301,48.9834896],[3.395485,48.9837448],[3.3941102,48.9838892]]}},{"type":"Feature","properties":{"relief":0.75,"sinuosity":0,"highway":"secondary","name":"Route de Clermont"},"geometry":{"type":"LineString","coordinates":[[2.2852517,49.1637856],[2.2852599,49.1636875],[2.285259,49.1634419],[2.285258,49.1631914],[2.2852602,49.1629109],[2.2852646,49.1626915],[2.2852768,49.1625063],[2.2852958,49.1623372],[2.2853214,49.1621706],[2.2853383,49.1620936],[2.2853548,49.162018],[2.2854135,49.1617854],[2.2854699,49.1616118],[2.2854953,49.1615337],[2.2855698,49.1613354],[2.2856798,49.161102]]}},{"type":"Feature","properties":{"relief":0.9,"sinuosity":0,"highway":"tertiary"},"geometry":{"type":"LineString","coordinates":[[3.0836994,49.1590947],[3.0835953,49.1592564],[3.083294,49.1596454],[3.0829969,49.1600186],[3.0827919,49.1601791],[3.0826126,49.1602969],[3.082219,49.1604873],[3.0811144,49.1609029]]}},{"type":"Feature","properties":{"relief":0.75,"sinuosity":0,"highway":"tertiary"},"geometry":{"type":"LineString","coordinates":[[3.081744,49.1495791],[3.081822,49.1496279],[3.0826791,49.150204],[3.0831367,49.1504944],[3.0838457,49.1509058],[3.0840859,49.1510839],[3.0843001,49.1512908],[3.084481,49.1515327]]}},{"type":"Feature","properties":{"relief":0.437,"sinuosity":0,"highway":"tertiary"},"geometry":{"type":"LineString","coordinates":[[2.8838949,49.1184999],[2.8845888,49.118341],[2.8852167,49.1181965],[2.8869587,49.1176336],[2.8877387,49.1174198]]}},{"type":"Feature","properties":{"relief":0.401,"sinuosity":0,"highway":"tertiary"},"geometry":{"type":"LineString","coordinates":[[2.9009667,49.1166629],[2.9023657,49.116455],[2.9034987,49.116146],[2.9050522,49.1158258]]}},{"type":"Feature","properties":{"relief":0.603,"sinuosity":0,"highway":"primary","name":"Route de Nemours"},"geometry":{"type":"LineString","coordinates":[[2.7661775,48.2796777],[2.7668756,48.2799193],[2.7684903,48.2804709],[2.7702633,48.2810421]]}},{"type":"Feature","properties":{"relief":0.75,"sinuosity":0,"highway":"tertiary"},"geometry":{"type":"LineString","coordinates":[[1.9118512,49.0818049],[1.912103,49.081627],[1.9126364,49.0812526],[1.9128522,49.0810905],[1.9132192,49.0807735],[1.9135615,49.0805119],[1.9138139,49.0803663],[1.9140525,49.0802658],[1.9147822,49.0799955]]}},{"type":"Feature","properties":{"relief":0.75,"sinuosity":0,"highway":"motorway","name":"Autoroute de Normandie"},"geometry":{"type":"LineString","coordinates":[[2.1818264,48.8358144],[2.1824799,48.8359076],[2.1831355,48.8360111],[2.1837387,48.836117],[2.184371,48.8362421],[2.1848887,48.8363536],[2.1854351,48.8364682],[2.1866891,48.8367951]]}},{"type":"Feature","properties":{"relief":0.617,"sinuosity":0,"highway":"tertiary","name":"Rue Laurent Poli"},"geometry":{"type":"LineString","coordinates":[[2.5673217,48.3513639],[2.5677689,48.3517381],[2.5682123,48.3520932],[2.5687576,48.3526326],[2.5691196,48.3530096],[2.5695427,48.3535282]]}},{"type":"Feature","properties":{"relief":0.75,"sinuosity":0,"highway":"secondary","name":"Rue du Bois-l'Abbé"},"geometry":{"type":"LineString","coordinates":[[2.5425475,48.8100933],[2.5423369,48.8102061],[2.5421307,48.8103144],[2.5416752,48.8105762],[2.5415558,48.8106192],[2.5400629,48.810944],[2.539835,48.8109922],[2.5396931,48.8110222],[2.5394294,48.811078],[2.5393969,48.8110843],[2.5393337,48.8110966]]}},{"type":"Feature","properties":{"relief":0.657,"sinuosity":0.7,"highway":"tertiary"},"geometry":{"type":"LineString","coordinates":[[1.3876568,48.9369665],[1.3870229,48.9373576],[1.3867127,48.9375195],[1.3862407,48.9376274],[1.385971,48.9376948],[1.3853102,48.9377218],[1.3845145,48.9378027],[1.383503,48.938032]]}},{"type":"Feature","properties":{"relief":0.84,"sinuosity":0,"highway":"tertiary","name":"Rue des Fontaines"},"geometry":{"type":"LineString","coordinates":[[1.4329803,48.6225585],[1.4330292,48.6223462],[1.4331597,48.6221466],[1.4335468,48.6218072],[1.4337759,48.6216172],[1.4342549,48.6213161],[1.4346439,48.6210289],[1.4349401,48.6207236],[1.4350998,48.6206255],[1.4353613,48.6205136]]}},{"type":"Feature","properties":{"relief":0.471,"sinuosity":0,"highway":"tertiary"},"geometry":{"type":"LineString","coordinates":[[3.1736155,48.6116146],[3.1717441,48.6110376],[3.1713535,48.6108835],[3.1709823,48.6107074],[3.169655,48.6100688]]}},{"type":"Feature","properties":{"relief":0.555,"sinuosity":0,"highway":"tertiary"},"geometry":{"type":"LineString","coordinates":[[3.1308128,48.6086387],[3.1278123,48.608153],[3.1266915,48.6079803]]}},{"type":"Feature","properties":{"relief":0.893,"sinuosity":0,"highway":"tertiary","name":"Grande Rue"},"geometry":{"type":"LineString","coordinates":[[2.4192454,48.4890972],[2.4192897,48.4890009],[2.4194439,48.4886232],[2.4195241,48.4884223],[2.4197032,48.4879721],[2.4198418,48.4876239],[2.4199117,48.4874569],[2.4200176,48.487278],[2.4201451,48.4870874],[2.4202871,48.4869136],[2.4203974,48.4868049],[2.4207511,48.4865929]]}},{"type":"Feature","properties":{"relief":0.75,"sinuosity":0,"highway":"tertiary","name":"Rue du Pré Château"},"geometry":{"type":"LineString","coordinates":[[3.261429,48.9948285],[3.2614632,48.9948286],[3.2623028,48.9948317],[3.262446,48.9948201],[3.2627685,48.9947572],[3.2631358,48.9946626],[3.2634116,48.9945903],[3.2636885,48.9945487],[3.2638793,48.994537],[3.26406,48.9945372],[3.2644614,48.9945881],[3.2647455,48.9946236],[3.2648298,48.9946334],[3.265008,48.9946536],[3.2651274,48.9946651],[3.265265,48.994691]]}},{"type":"Feature","properties":{"relief":0.9,"sinuosity":0,"highway":"tertiary"},"geometry":{"type":"LineString","coordinates":[[3.2148368,49.002753],[3.2154749,49.0028413],[3.2160075,49.0029948],[3.2164051,49.0031373],[3.2165797,49.0032183],[3.2167437,49.0033108],[3.2169762,49.003503],[3.2171591,49.0037061],[3.2175509,49.0041001],[3.2179684,49.0045325]]}},{"type":"Feature","properties":{"relief":0.9,"sinuosity":0,"highway":"tertiary"},"geometry":{"type":"LineString","coordinates":[[1.8029522,48.9387645],[1.8026893,48.9385408],[1.8015377,48.9375466],[1.7998853,48.9360111]]}},{"type":"Feature","properties":{"relief":0.9,"sinuosity":0,"highway":"tertiary","name":"Route d'Arnouville"},"geometry":{"type":"LineString","coordinates":[[1.7211888,48.89355],[1.7213478,48.8929433],[1.7213959,48.8927841],[1.7214334,48.8926699],[1.7216608,48.891977],[1.7217151,48.8917723],[1.7219381,48.8909325]]}},{"type":"Feature","properties":{"relief":0.542,"sinuosity":0,"highway":"tertiary"},"geometry":{"type":"LineString","coordinates":[[2.7639061,48.5862207],[2.7644796,48.5864379],[2.765105,48.5867179],[2.7655445,48.5868738],[2.765907,48.5869649],[2.7663092,48.5870454],[2.7678619,48.5872357]]}},{"type":"Feature","properties":{"relief":0.55,"sinuosity":0.763,"highway":"tertiary","name":"Rue de Monthurel"},"geometry":{"type":"LineString","coordinates":[[3.5324851,49.0326696],[3.5327125,49.0323017],[3.5329097,49.0321775],[3.5333343,49.032083],[3.5336072,49.0320482],[3.5336906,49.0320035],[3.5338407,49.0318782],[3.5340224,49.0317266],[3.5341403,49.031687],[3.5342771,49.0316637],[3.5345692,49.0316342],[3.534847,49.0316171],[3.5351084,49.0316406],[3.5354295,49.0316981],[3.5355833,49.031734]]}},{"type":"Feature","properties":{"relief":0.75,"sinuosity":0,"highway":"primary"},"geometry":{"type":"LineString","coordinates":[[3.3046339,49.040009],[3.3070211,49.0396172],[3.307329,49.0395665],[3.308775,49.0393287]]}},{"type":"Feature","properties":{"relief":0.683,"sinuosity":0,"highway":"secondary","name":"Rue de Boran"},"geometry":{"type":"LineString","coordinates":[[2.4105195,49.1841663],[2.4103261,49.1841392],[2.4100715,49.1841134],[2.4091039,49.1840325],[2.4085736,49.1839858],[2.4077473,49.1839179],[2.4069424,49.1838482],[2.4068383,49.1838399],[2.4063198,49.183775]]}},{"type":"Feature","properties":{"relief":0.76,"sinuosity":0,"highway":"secondary","name":"Rue de Chantilly"},"geometry":{"type":"LineString","coordinates":[[2.4539831,49.1895852],[2.453812,49.1895082],[2.4536439,49.1894456],[2.4535637,49.1894266],[2.4534929,49.1894091],[2.453368,49.1893885],[2.4532959,49.1893856],[2.453222,49.1893827],[2.4530491,49.1893939],[2.4529061,49.1894155],[2.4521481,49.189521],[2.4519862,49.1895371],[2.451821,49.1895456],[2.4516633,49.1895444],[2.4514614,49.1895332],[2.4509617,49.1894868],[2.4481488,49.1892242]]}},{"type":"Feature","properties":{"relief":0.41,"sinuosity":0,"highway":"tertiary"},"geometry":{"type":"LineString","coordinates":[[3.4875973,48.9800942],[3.4872424,48.979932],[3.4866289,48.9796522],[3.4860171,48.9793755],[3.4853031,48.9790519],[3.4851216,48.9789785],[3.4849264,48.9789059],[3.484624,48.9788043],[3.4841774,48.9786596]]}},{"type":"Feature","properties":{"relief":0.813,"sinuosity":0,"highway":"primary","name":"Route Nationale"},"geometry":{"type":"LineString","coordinates":[[3.5388448,49.0722169],[3.5402006,49.0724792],[3.5403063,49.0724983],[3.5417658,49.0727354],[3.5418976,49.0727568],[3.5423388,49.0728285],[3.5429613,49.0729297]]}},{"type":"Feature","properties":{"relief":0.887,"sinuosity":0,"highway":"trunk","name":"La Francilienne"},"geometry":{"type":"LineString","coordinates":[[2.1845131,48.6598987],[2.1838184,48.6593837],[2.1834219,48.6590535],[2.1830868,48.6587875],[2.1829668,48.6586998],[2.1827783,48.6585688],[2.1826523,48.6584899],[2.1825228,48.6584119],[2.1823833,48.6583339],[2.1822399,48.6582591],[2.182099,48.6581878],[2.1819475,48.658116],[2.181796,48.6580501]]}},{"type":"Feature","properties":{"relief":0.623,"sinuosity":0,"highway":"secondary"},"geometry":{"type":"LineString","coordinates":[[1.4603669,48.5700428],[1.4613816,48.5697587],[1.4616953,48.5696762],[1.4620027,48.5696169],[1.4623638,48.5695873],[1.4637128,48.5696011],[1.4643395,48.5695656]]}},{"type":"Feature","properties":{"relief":0.465,"sinuosity":0,"highway":"tertiary"},"geometry":{"type":"LineString","coordinates":[[3.3937106,48.4989732],[3.3965675,48.4998585],[3.3981492,48.500346]]}},{"type":"Feature","properties":{"relief":0.432,"sinuosity":0,"highway":"tertiary"},"geometry":{"type":"LineString","coordinates":[[1.7357192,48.1256212],[1.736502,48.126748],[1.7366316,48.1268921],[1.736762,48.127037],[1.737247,48.127338],[1.738792,48.127982]]}},{"type":"Feature","properties":{"relief":0.688,"sinuosity":0,"highway":"tertiary","name":"Avenue de Citry"},"geometry":{"type":"LineString","coordinates":[[3.2191279,48.9646772],[3.2174048,48.9640144],[3.2169959,48.9638702],[3.2159779,48.9634866],[3.2158667,48.9634447],[3.2152632,48.9632149]]}},{"type":"Feature","properties":{"relief":0.73,"sinuosity":0,"highway":"primary"},"geometry":{"type":"LineString","coordinates":[[3.2378499,48.2609921],[3.237561,48.2613804],[3.2374153,48.2616303],[3.2372922,48.2618622],[3.2371435,48.2622045],[3.237035,48.2625263],[3.2369342,48.2629258],[3.2367543,48.2637206]]}},{"type":"Feature","properties":{"relief":0.596,"sinuosity":0,"highway":"tertiary","name":"Route de Villebéon"},"geometry":{"type":"LineString","coordinates":[[2.9011599,48.1962777],[2.9037589,48.1974491],[2.9040019,48.1976035],[2.9045112,48.1980207]]}},{"type":"Feature","properties":{"relief":0.75,"sinuosity":0,"highway":"tertiary","name":"Route de Mercey"},"geometry":{"type":"LineString","coordinates":[[1.4181175,49.0882642],[1.4177474,49.0876178],[1.4176723,49.0875247],[1.417565,49.0874351],[1.4174175,49.0873596],[1.4165645,49.0870399],[1.4155801,49.0866763],[1.4151119,49.0865032]]}},{"type":"Feature","properties":{"relief":0.833,"sinuosity":0,"highway":"tertiary"},"geometry":{"type":"LineString","coordinates":[[3.0390849,48.9726477],[3.0369559,48.9713118],[3.0359288,48.9700985]]}},{"type":"Feature","properties":{"relief":0.9,"sinuosity":0,"highway":"secondary","name":"Rue Henri Laroche"},"geometry":{"type":"LineString","coordinates":[[2.9004632,49.2278299],[2.9023224,49.2266999],[2.9025318,49.2265753],[2.902705,49.2264743],[2.9029964,49.2263004],[2.9030648,49.226261],[2.9031026,49.2262043],[2.9031548,49.2260773],[2.9031912,49.2260127]]}},{"type":"Feature","properties":{"relief":0.687,"sinuosity":0,"highway":"tertiary","name":"RD de Varreddes à Esbly"},"geometry":{"type":"LineString","coordinates":[[2.8577791,48.9842863],[2.8574193,48.9841555],[2.8552638,48.9834155],[2.8550634,48.9833406],[2.8539703,48.982949]]}},{"type":"Feature","properties":{"relief":0.86,"sinuosity":0,"highway":"tertiary"},"geometry":{"type":"LineString","coordinates":[[2.8098213,48.9356411],[2.8096765,48.9359248],[2.8095102,48.9361767],[2.8086948,48.9371881],[2.8084571,48.9375411],[2.8082683,48.9378928],[2.8080082,48.9384337]]}},{"type":"Feature","properties":{"relief":0.545,"sinuosity":0,"highway":"secondary"},"geometry":{"type":"LineString","coordinates":[[2.8539262,49.204024],[2.8549452,49.2048433],[2.8552884,49.2051192],[2.8584128,49.2076349]]}},{"type":"Feature","properties":{"relief":0.833,"sinuosity":0,"highway":"primary"},"geometry":{"type":"LineString","coordinates":[[2.8996907,49.1869545],[2.9000504,49.187153],[2.9011297,49.1877485],[2.9023526,49.1884345],[2.9030291,49.1888139]]}},{"type":"Feature","properties":{"relief":0.549,"sinuosity":0,"highway":"tertiary","name":"Rue Victor Hugo"},"geometry":{"type":"LineString","coordinates":[[2.859251,48.9252363],[2.8592127,48.9252176],[2.8591081,48.9251754],[2.8590085,48.9251437],[2.8588442,48.9251111],[2.8585488,48.9250767],[2.8583599,48.9250578],[2.857984,48.9250201],[2.8578417,48.9249894],[2.8577282,48.9249491],[2.8576483,48.924895],[2.8575873,48.9248415],[2.8575431,48.9247887],[2.8574817,48.9247125],[2.8572225,48.9243057],[2.8569846,48.9238656],[2.856802,48.9232747]]}},{"type":"Feature","properties":{"relief":0.797,"sinuosity":0,"highway":"tertiary","name":"Avenue François de Tessan"},"geometry":{"type":"LineString","coordinates":[[2.8880361,48.9352782],[2.8878122,48.9356614],[2.8877634,48.935751],[2.8875965,48.9360524],[2.8874478,48.9363336],[2.887333,48.9365166],[2.8869668,48.9371829],[2.8869406,48.9372283],[2.8868264,48.9374261],[2.8867885,48.9374855],[2.8867292,48.9375995],[2.8866327,48.9377804]]}},{"type":"Feature","properties":{"relief":0.59,"sinuosity":0,"highway":"tertiary"},"geometry":{"type":"LineString","coordinates":[[3.4857342,48.3397496],[3.4864146,48.339701],[3.4867358,48.3396962],[3.4873419,48.3397156],[3.4879771,48.3397787],[3.4883422,48.3398757],[3.4888168,48.3400359],[3.4924265,48.3415925]]}},{"type":"Feature","properties":{"relief":0.75,"sinuosity":0,"highway":"secondary"},"geometry":{"type":"LineString","coordinates":[[3.5963034,49.1151367],[3.5959171,49.1154739],[3.5952731,49.1158494],[3.5919821,49.117877]]}},{"type":"Feature","properties":{"relief":0.75,"sinuosity":0,"highway":"tertiary"},"geometry":{"type":"LineString","coordinates":[[1.5489054,48.7233478],[1.5493742,48.7237376],[1.5509499,48.7246991],[1.5526516,48.7259776]]}},{"type":"Feature","properties":{"relief":0.456,"sinuosity":0,"highway":"tertiary"},"geometry":{"type":"LineString","coordinates":[[1.5507398,48.7043327],[1.5514679,48.7039076],[1.5519518,48.7036946],[1.5548756,48.7030769]]}},{"type":"Feature","properties":{"relief":0.363,"sinuosity":0,"highway":"tertiary","name":"Grande Rue"},"geometry":{"type":"LineString","coordinates":[[1.5088087,48.6868615],[1.5084,48.6870611],[1.5082959,48.6871142],[1.5078181,48.687358],[1.5074308,48.6875131],[1.5065651,48.6878706],[1.5060005,48.6881374],[1.5057194,48.6883557]]}},{"type":"Feature","properties":{"relief":0.425,"sinuosity":0,"highway":"primary"},"geometry":{"type":"LineString","coordinates":[[2.6953371,48.6219882],[2.6953403,48.622117],[2.6953311,48.6223848],[2.6953193,48.6225191],[2.6952647,48.6228277],[2.695215,48.6230448],[2.6950595,48.6236937],[2.6950246,48.6238346],[2.6948613,48.6245389]]}},{"type":"Feature","properties":{"relief":0.643,"sinuosity":0,"highway":"tertiary","name":"Route de la Faisanderie"},"geometry":{"type":"LineString","coordinates":[[2.8347522,49.0272197],[2.8355941,49.0285883],[2.8363301,49.0297684]]}},{"type":"Feature","properties":{"relief":0.41,"sinuosity":0,"highway":"trunk"},"geometry":{"type":"LineString","coordinates":[[2.8438002,48.7141019],[2.8435011,48.713775],[2.8430514,48.713298],[2.8421527,48.7123526],[2.8410604,48.7112614]]}},{"type":"Feature","properties":{"relief":0.78,"sinuosity":0,"highway":"tertiary","name":"Route d'Ableiges"},"geometry":{"type":"LineString","coordinates":[[1.9999503,49.1090277],[2.0000332,49.1092258],[2.0001169,49.1094594],[2.0002113,49.1097408],[2.0002748,49.1099423],[2.0003241,49.1100855],[2.000361,49.1101795],[2.0003991,49.1102369],[2.0004353,49.1102766],[2.0005007,49.1103301],[2.00065,49.1104214],[2.0008855,49.1105639],[2.0013279,49.1108554],[2.0014932,49.110959],[2.0016823,49.1110614],[2.0028923,49.1117158]]}},{"type":"Feature","properties":{"relief":0.37,"sinuosity":0,"highway":"secondary","name":"Route de Méréville"},"geometry":{"type":"LineString","coordinates":[[2.0470633,48.3469226],[2.0474086,48.3469347],[2.0475803,48.3469378],[2.0481998,48.3469725],[2.0489126,48.3470314],[2.0494249,48.3470648],[2.0501795,48.3471183],[2.0506822,48.3471597],[2.0509484,48.3471709]]}},{"type":"Feature","properties":{"relief":0.683,"sinuosity":0,"highway":"tertiary","name":"Rue d'Ussy"},"geometry":{"type":"LineString","coordinates":[[3.0352427,48.9590844],[3.0358797,48.9590967],[3.0370063,48.9591152],[3.038165,48.959146],[3.0387966,48.9591601],[3.0393768,48.9591653]]}},{"type":"Feature","properties":{"relief":0.647,"sinuosity":0,"highway":"primary"},"geometry":{"type":"LineString","coordinates":[[1.6429461,48.8170211],[1.641584,48.8160475],[1.6388522,48.8140991]]}},{"type":"Feature","properties":{"relief":0.873,"sinuosity":0,"highway":"tertiary"},"geometry":{"type":"LineString","coordinates":[[1.5984019,48.2742438],[1.5975988,48.2745492],[1.5963513,48.275017],[1.5945875,48.2756737]]}},{"type":"Feature","properties":{"relief":0.739,"sinuosity":0,"highway":"trunk"},"geometry":{"type":"LineString","coordinates":[[2.8118908,49.1477472],[2.811958,49.1477575],[2.8124569,49.1478285],[2.8130678,49.1479154],[2.8137107,49.1479693],[2.8143518,49.1480035],[2.8148217,49.1480187],[2.8153464,49.1480286],[2.8158461,49.1480275]]}},{"type":"Feature","properties":{"relief":0.807,"sinuosity":0,"highway":"tertiary"},"geometry":{"type":"LineString","coordinates":[[1.5495514,48.7391787],[1.5516542,48.7387542],[1.5517419,48.7387358],[1.5534781,48.7383721]]}},{"type":"Feature","properties":{"relief":0.807,"sinuosity":0,"highway":"tertiary"},"geometry":{"type":"LineString","coordinates":[[1.5514262,48.7509353],[1.55201,48.75088],[1.5520606,48.75087],[1.5524483,48.750793],[1.5531718,48.7505777],[1.5539479,48.7503441],[1.5545202,48.7502189],[1.5549632,48.7501496],[1.5566226,48.74989]]}},{"type":"Feature","properties":{"relief":0.638,"sinuosity":0,"highway":"tertiary"},"geometry":{"type":"LineString","coordinates":[[1.5045265,48.7484146],[1.5046634,48.7484336],[1.5057972,48.7485686],[1.5063623,48.7485943],[1.507267,48.7485686],[1.5078384,48.7485562],[1.5082041,48.7485735],[1.5082792,48.748577],[1.5084901,48.7485969]]}},{"type":"Feature","properties":{"relief":0.61,"sinuosity":0,"highway":"tertiary"},"geometry":{"type":"LineString","coordinates":[[1.4629646,48.7223813],[1.4595434,48.7227062],[1.459154,48.7227321]]}},{"type":"Feature","properties":{"relief":0.635,"sinuosity":0,"highway":"tertiary"},"geometry":{"type":"LineString","coordinates":[[1.4621856,48.7337222],[1.4623762,48.7337833],[1.463136,48.7340362],[1.4639875,48.7343905],[1.4644627,48.7345791],[1.4649181,48.7347446],[1.4653019,48.734876],[1.4666347,48.7353399]]}},{"type":"Feature","properties":{"relief":0.78,"sinuosity":0,"highway":"tertiary"},"geometry":{"type":"LineString","coordinates":[[1.4203149,48.7097127],[1.4201659,48.7096576],[1.420058,48.7096177],[1.4183277,48.7089216],[1.417946,48.708758],[1.4174517,48.7085257],[1.4171583,48.7083699],[1.4168553,48.7082052]]}},{"type":"Feature","properties":{"relief":0.601,"sinuosity":0,"highway":"motorway","name":"La Francilienne"},"geometry":{"type":"LineString","coordinates":[[2.6614236,48.8494447],[2.6615639,48.8487061],[2.6617961,48.8478484],[2.6623941,48.8456196]]}},{"type":"Feature","properties":{"relief":0.613,"sinuosity":0,"highway":"tertiary","name":"Rue Rambure"},"geometry":{"type":"LineString","coordinates":[[2.8127527,49.2215379],[2.8123158,49.2212895],[2.8118867,49.2209517],[2.8114434,49.2205597],[2.8111717,49.2202939],[2.8110349,49.2201848],[2.8106558,49.2198823],[2.8101037,49.2194773]]}},{"type":"Feature","properties":{"relief":0.713,"sinuosity":0,"highway":"tertiary"},"geometry":{"type":"LineString","coordinates":[[1.4756784,48.3955641],[1.4759523,48.3973393],[1.4759963,48.3975777],[1.4760375,48.398083]]}},{"type":"Feature","properties":{"relief":0.683,"sinuosity":0,"highway":"secondary","name":"Route de Croissy"},"geometry":{"type":"LineString","coordinates":[[2.1191326,48.8939418],[2.1193709,48.8937631],[2.1194791,48.8936774],[2.1195741,48.8936065],[2.1196069,48.893582],[2.1199778,48.8933146],[2.1204324,48.892977],[2.1209708,48.8925782],[2.1219613,48.8918426]]}},{"type":"Feature","properties":{"relief":0.499,"sinuosity":0,"highway":"motorway","name":"La Francilienne"},"geometry":{"type":"LineString","coordinates":[[2.6325463,48.9184351],[2.6314432,48.9204717],[2.6305567,48.9221778]]}},{"type":"Feature","properties":{"relief":0.9,"sinuosity":0,"highway":"trunk"},"geometry":{"type":"LineString","coordinates":[[2.1869714,48.710723],[2.1866118,48.7109728],[2.1863231,48.7111488],[2.1859092,48.7113703],[2.1856697,48.7114892],[2.1853277,48.7116328],[2.1848266,48.7118064],[2.1844761,48.7119135],[2.1841529,48.7120007],[2.1820993,48.712473]]}},{"type":"Feature","properties":{"relief":0.38,"sinuosity":0,"highway":"tertiary"},"geometry":{"type":"LineString","coordinates":[[2.245744,48.351028],[2.2455437,48.3512538],[2.2453853,48.3514563],[2.2451069,48.3518465],[2.2447864,48.3523161],[2.2445646,48.3526595],[2.2442755,48.3530888],[2.2438611,48.3536435]]}},{"type":"Feature","properties":{"relief":0.75,"sinuosity":0,"highway":"secondary","name":"Route de Fontainebleau"},"geometry":{"type":"LineString","coordinates":[[2.5416458,48.4027154],[2.5420075,48.4026433],[2.5451248,48.401973],[2.5470149,48.4015657]]}},{"type":"Feature","properties":{"relief":0.435,"sinuosity":0,"highway":"tertiary","name":"Route de Dangu"},"geometry":{"type":"LineString","coordinates":[[1.6394784,49.2774927],[1.6394771,49.277443],[1.6396846,49.276779],[1.6399878,49.276261],[1.640594,49.2752255],[1.642793,49.2722303]]}},{"type":"Feature","properties":{"relief":0.677,"sinuosity":0,"highway":"tertiary"},"geometry":{"type":"LineString","coordinates":[[2.8591818,48.6362257],[2.8583691,48.6360046],[2.8577043,48.6358544],[2.8552961,48.6353158]]}},{"type":"Feature","properties":{"relief":0.75,"sinuosity":0,"highway":"tertiary","name":"Rue de Vauluret"},"geometry":{"type":"LineString","coordinates":[[2.1546691,48.3509262],[2.1548271,48.3512075],[2.155024,48.3515666],[2.1553526,48.3522209],[2.1556391,48.3527696],[2.1557244,48.3529663],[2.1557781,48.3530915],[2.1557991,48.3531825],[2.155817,48.3532966],[2.1558097,48.3534177]]}},{"type":"Feature","properties":{"relief":0.867,"sinuosity":0,"highway":"primary","name":"Route Nationale 20"},"geometry":{"type":"LineString","coordinates":[[2.2265924,48.561023],[2.2277534,48.5625425],[2.2285745,48.5636209]]}},{"type":"Feature","properties":{"relief":0.85,"sinuosity":0.7,"highway":"trunk_link"},"geometry":{"type":"LineString","coordinates":[[2.3608545,48.8157531],[2.3613847,48.8157487],[2.3620116,48.81578],[2.3630181,48.8158994],[2.3633537,48.8159434],[2.3636739,48.8160096],[2.3641197,48.8161741],[2.3644353,48.8163817]]}},{"type":"Feature","properties":{"relief":0.378,"sinuosity":0.7,"highway":"trunk_link"},"geometry":{"type":"LineString","coordinates":[[2.4081245,48.8796337],[2.4080413,48.8796282],[2.4079863,48.8796366],[2.4079401,48.8796561],[2.4074429,48.8799587],[2.4069576,48.8802056],[2.4065113,48.8804049],[2.4058591,48.8806499],[2.4052365,48.8808306],[2.404182,48.8810092]]}},{"type":"Feature","properties":{"relief":0.65,"sinuosity":0,"highway":"tertiary"},"geometry":{"type":"LineString","coordinates":[[3.5802126,48.9364857],[3.5801134,48.9365394],[3.5800289,48.9365975],[3.5799515,48.9366633],[3.5798921,48.9367235],[3.5798465,48.9367808],[3.5797489,48.9369328],[3.579459,48.9375067],[3.5788491,48.9386895],[3.5787816,48.9387885],[3.5787106,48.9388721]]}},{"type":"Feature","properties":{"relief":0.524,"sinuosity":0,"highway":"tertiary"},"geometry":{"type":"LineString","coordinates":[[3.2562802,48.8381305],[3.2583395,48.8373934],[3.2585762,48.8373188],[3.2587358,48.8372727],[3.258897,48.8372334],[3.259063,48.8372039],[3.259236,48.8371778],[3.2597188,48.8371401],[3.2641962,48.8369614]]}},{"type":"Feature","properties":{"relief":0.494,"sinuosity":0,"highway":"tertiary"},"geometry":{"type":"LineString","coordinates":[[3.3048646,48.8346226],[3.306388,48.8346747],[3.3081975,48.8349245],[3.3146675,48.8358177]]}},{"type":"Feature","properties":{"relief":0.409,"sinuosity":0,"highway":"tertiary"},"geometry":{"type":"LineString","coordinates":[[3.2217147,48.8398197],[3.2209756,48.8395918],[3.2205988,48.8394794],[3.2191651,48.8390436],[3.2139632,48.8374563]]}},{"type":"Feature","properties":{"relief":0.362,"sinuosity":0,"highway":"trunk"},"geometry":{"type":"LineString","coordinates":[[2.22904,48.7708426],[2.2289576,48.7709247],[2.2287644,48.7711129],[2.2285098,48.7713379],[2.2282982,48.7715201],[2.2281118,48.7716564],[2.2279077,48.7717935],[2.2277469,48.771896],[2.2275381,48.7720184],[2.2272488,48.7721678],[2.2268718,48.7723507],[2.226489,48.7725153],[2.2259292,48.7727531]]}},{"type":"Feature","properties":{"relief":0.387,"sinuosity":0,"highway":"trunk"},"geometry":{"type":"LineString","coordinates":[[2.1856799,48.7418638],[2.1844907,48.7412725],[2.1834497,48.7407604],[2.1821062,48.7400993]]}},{"type":"Feature","properties":{"relief":0.805,"sinuosity":0,"highway":"secondary"},"geometry":{"type":"LineString","coordinates":[[1.5660706,48.7108718],[1.5664334,48.7117121],[1.5669031,48.7124193],[1.5671781,48.7127504],[1.5691661,48.7151627]]}},{"type":"Feature","properties":{"relief":0.53,"sinuosity":0,"highway":"primary"},"geometry":{"type":"LineString","coordinates":[[1.5949941,48.7018628],[1.5961582,48.7028149],[1.5963344,48.7029627],[1.59958,48.7056031]]}},{"type":"Feature","properties":{"relief":0.53,"sinuosity":0,"highway":"tertiary","name":"Rue des Closeaux"},"geometry":{"type":"LineString","coordinates":[[1.5975236,48.6799095],[1.5972227,48.6801599],[1.5966919,48.6805234],[1.5962431,48.6807713],[1.5961198,48.6808414],[1.5955393,48.6811225],[1.5950865,48.6813648],[1.5942997,48.6818266]]}},{"type":"Feature","properties":{"relief":0.611,"sinuosity":0,"highway":"primary"},"geometry":{"type":"LineString","coordinates":[[2.6745482,48.6003673],[2.6747643,48.6003159],[2.6748327,48.6003043],[2.6749793,48.6002794],[2.6752415,48.6002386],[2.6754777,48.6002018],[2.6757484,48.6001622],[2.6760365,48.6001374],[2.6765116,48.6001119],[2.6770528,48.6000744],[2.6774297,48.6000207],[2.6781901,48.599882],[2.6785593,48.5997989]]}},{"type":"Feature","properties":{"relief":0.403,"sinuosity":0.757,"highway":"tertiary","name":"Avenue de la Gare"},"geometry":{"type":"LineString","coordinates":[[1.8233299,48.2652163],[1.8232173,48.2651306],[1.8230939,48.264877],[1.8227238,48.2641021],[1.8224626,48.2635653],[1.8213421,48.263407]]}},{"type":"Feature","properties":{"relief":0.408,"sinuosity":0,"highway":"secondary"},"geometry":{"type":"LineString","coordinates":[[1.7315002,48.2851544],[1.7322271,48.2855786],[1.7325595,48.2857388],[1.7329887,48.2859184],[1.733847,48.286278],[1.7347483,48.2867046]]}},{"type":"Feature","properties":{"relief":0.447,"sinuosity":0,"highway":"secondary"},"geometry":{"type":"LineString","coordinates":[[1.5175201,48.3961007],[1.5173284,48.3964062],[1.516394,48.3980762],[1.5156482,48.3994375]]}},{"type":"Feature","properties":{"relief":0.881,"sinuosity":0,"highway":"primary"},"geometry":{"type":"LineString","coordinates":[[2.0535781,48.8779523],[2.052522,48.8776248],[2.0513799,48.8772588],[2.0509101,48.8770898],[2.0507932,48.8770324],[2.0504773,48.8768399],[2.0469342,48.8746232]]}},{"type":"Feature","properties":{"relief":0.452,"sinuosity":0,"highway":"tertiary"},"geometry":{"type":"LineString","coordinates":[[3.1241149,48.5114886],[3.124604,48.5114808],[3.1250412,48.5114135],[3.1255255,48.5112945],[3.1278056,48.5105698]]}},{"type":"Feature","properties":{"relief":0.787,"sinuosity":0,"highway":"tertiary"},"geometry":{"type":"LineString","coordinates":[[1.7347689,48.0820223],[1.7347366,48.0820232],[1.7344317,48.0820317],[1.7341233,48.0820617],[1.7338117,48.0821167],[1.7321733,48.0825083],[1.7314583,48.08266],[1.730715,48.082785]]}},{"type":"Feature","properties":{"relief":0.563,"sinuosity":0,"highway":"tertiary"},"geometry":{"type":"LineString","coordinates":[[1.7603992,48.0826354],[1.7605427,48.0826063],[1.7639336,48.0821717],[1.7645279,48.0822027]]}},{"type":"Feature","properties":{"relief":0.395,"sinuosity":0,"highway":"tertiary","name":"Rue de l'Ocre"},"geometry":{"type":"LineString","coordinates":[[1.7296291,48.5459392],[1.7297504,48.545951],[1.7299259,48.5459959],[1.7322979,48.5470019],[1.7332766,48.5475099]]}},{"type":"Feature","properties":{"relief":0.703,"sinuosity":0,"highway":"motorway","name":"Autoroute du Soleil"},"geometry":{"type":"LineString","coordinates":[[2.9005773,48.1506563],[2.9010196,48.1503026],[2.9014761,48.1499297],[2.9021176,48.1493907],[2.9027577,48.1488378],[2.9033868,48.1482875]]}},{"type":"Feature","properties":{"relief":0.39,"sinuosity":0,"highway":"motorway","name":"Autoroute du Soleil"},"geometry":{"type":"LineString","coordinates":[[2.944977,48.1319228],[2.9459734,48.1318028],[2.9470208,48.1316712],[2.9480401,48.131536],[2.9489601,48.1314054]]}},{"type":"Feature","properties":{"relief":0.78,"sinuosity":0,"highway":"tertiary"},"geometry":{"type":"LineString","coordinates":[[2.4075327,48.1739154],[2.4074905,48.1739272],[2.4073182,48.1739981],[2.4069077,48.1741761],[2.4055774,48.1747771],[2.4052555,48.1748916],[2.4045689,48.1751062],[2.4027664,48.1756142]]}},{"type":"Feature","properties":{"relief":0.779,"sinuosity":0,"highway":"tertiary"},"geometry":{"type":"LineString","coordinates":[[3.2181734,48.8014104],[3.2164665,48.8013321],[3.215845,48.80135],[3.2146533,48.8014183],[3.2142267,48.8014467]]}},{"type":"Feature","properties":{"relief":0.598,"sinuosity":0,"highway":"secondary"},"geometry":{"type":"LineString","coordinates":[[1.7293459,49.1474767],[1.7298071,49.1475133],[1.7301883,49.1475176],[1.7305309,49.1474905],[1.7309179,49.1474502],[1.7313109,49.1473682],[1.7317215,49.1472434],[1.7321381,49.14708],[1.7324123,49.1469335],[1.7330598,49.1465547]]}},{"type":"Feature","properties":{"relief":0.491,"sinuosity":0,"highway":"primary","name":"Rue du Houx"},"geometry":{"type":"LineString","coordinates":[[2.5389335,49.0982585],[2.5391547,49.0981907],[2.5396622,49.0980295],[2.5407012,49.0977231],[2.5409528,49.0976267],[2.5412993,49.0974939],[2.5418574,49.09728],[2.5421455,49.0972041],[2.542676,49.0971613]]}},{"type":"Feature","properties":{"relief":0.75,"sinuosity":0,"highway":"secondary"},"geometry":{"type":"LineString","coordinates":[[3.4404872,49.2795111],[3.4408824,49.2796811],[3.4413729,49.2798493],[3.442052,49.2800537],[3.4426956,49.28021],[3.4459901,49.2808352]]}},{"type":"Feature","properties":{"relief":0.476,"sinuosity":0,"highway":"secondary"},"geometry":{"type":"LineString","coordinates":[[1.5720699,48.5302339],[1.5723025,48.530401],[1.5727212,48.5308942],[1.5730192,48.5314124],[1.5731603,48.5316901],[1.5733349,48.5320339],[1.5735653,48.5324916],[1.573966,48.5331167]]}},{"type":"Feature","properties":{"relief":0.451,"sinuosity":0,"highway":"tertiary"},"geometry":{"type":"LineString","coordinates":[[1.5954127,48.350578],[1.5968933,48.3499149],[1.5984928,48.3491873],[1.598981,48.34895]]}},{"type":"Feature","properties":{"relief":0.579,"sinuosity":0,"highway":"tertiary"},"geometry":{"type":"LineString","coordinates":[[3.0823187,48.5642159],[3.082729,48.5623125],[3.0827442,48.5622003],[3.0827401,48.5621413],[3.082738,48.5621121],[3.0827125,48.5619214],[3.0826187,48.5614842]]}},{"type":"Feature","properties":{"relief":0.86,"sinuosity":0,"highway":"tertiary","name":"Route de Versailles"},"geometry":{"type":"LineString","coordinates":[[2.0223494,48.7121254],[2.0221657,48.7121653],[2.0219591,48.7122307],[2.0218371,48.7122892],[2.0217378,48.712348],[2.0216453,48.7124051],[2.0215467,48.7124958],[2.0214555,48.7125975],[2.0213959,48.7126993],[2.0213529,48.7128104],[2.0213382,48.7128958],[2.0213362,48.712967],[2.021369,48.7132303],[2.0213965,48.7134559],[2.0214046,48.7135276],[2.0214026,48.7136037],[2.0213818,48.7136997],[2.0213308,48.7138191],[2.0212631,48.7139103],[2.0211746,48.714016],[2.0209292,48.7142833]]}},{"type":"Feature","properties":{"relief":0.67,"sinuosity":0,"highway":"trunk"},"geometry":{"type":"LineString","coordinates":[[2.4988317,48.9711888],[2.4967504,48.971757],[2.4940982,48.97245]]}},{"type":"Feature","properties":{"relief":0.794,"sinuosity":0.771,"highway":"tertiary"},"geometry":{"type":"LineString","coordinates":[[1.5088529,48.0788053],[1.5085427,48.0788416],[1.5083232,48.07884],[1.5068253,48.0783803],[1.5061549,48.0780984],[1.5061051,48.078105],[1.5060121,48.0781066],[1.5043921,48.0788524]]}},{"type":"Feature","properties":{"relief":0.465,"sinuosity":0,"highway":"tertiary"},"geometry":{"type":"LineString","coordinates":[[2.4530157,49.0661921],[2.4526545,49.0661764],[2.452585,49.0661733],[2.4525204,49.0661705],[2.4524532,49.0661676],[2.4523858,49.0661647],[2.4522482,49.0661587],[2.4521817,49.0661558],[2.4521165,49.0661529],[2.4519166,49.0661441],[2.4518514,49.0661412],[2.4515069,49.066126],[2.449954,49.0660678],[2.4497186,49.0660639],[2.4495343,49.0660697],[2.4493709,49.0660957],[2.4492197,49.0661292],[2.4488195,49.0662294]]}},{"type":"Feature","properties":{"relief":0.9,"sinuosity":0,"highway":"secondary"},"geometry":{"type":"LineString","coordinates":[[2.9013591,49.2490095],[2.9022089,49.2502081],[2.9024351,49.2505021],[2.9025181,49.2506101],[2.9027158,49.2508561],[2.902921,49.2510809],[2.903096,49.2512428],[2.9031814,49.2513217]]}},{"type":"Feature","properties":{"relief":0.406,"sinuosity":0,"highway":"secondary"},"geometry":{"type":"LineString","coordinates":[[2.5624725,49.0700529],[2.5625618,49.0704343],[2.5626012,49.0706588],[2.5626244,49.0708699],[2.5626602,49.0714465],[2.5626953,49.0720972],[2.5627408,49.0728404]]}},{"type":"Feature","properties":{"relief":0.813,"sinuosity":0,"highway":"primary","name":"Rue de la Prairie de Rocourt"},"geometry":{"type":"LineString","coordinates":[[2.4946955,49.0953036],[2.4947438,49.0952853],[2.4948331,49.0952485],[2.495236,49.0950823],[2.4969124,49.0944218],[2.4971831,49.0943366],[2.4974022,49.0942899],[2.4977018,49.0942558],[2.4980007,49.0942444],[2.4986171,49.0942179]]}},{"type":"Feature","properties":{"relief":0.75,"sinuosity":0,"highway":"tertiary"},"geometry":{"type":"LineString","coordinates":[[1.3959911,48.6208198],[1.3962241,48.6210213],[1.3981238,48.6221846],[1.4007335,48.6234073]]}},{"type":"Feature","properties":{"relief":0.402,"sinuosity":0,"highway":"primary"},"geometry":{"type":"LineString","coordinates":[[3.5728446,48.8735848],[3.5742772,48.8736189],[3.5754033,48.873627],[3.5795138,48.873669]]}},{"type":"Feature","properties":{"relief":0.394,"sinuosity":0,"highway":"secondary"},"geometry":{"type":"LineString","coordinates":[[1.3996695,48.304478],[1.399856,48.3049827],[1.4000305,48.3053694],[1.4002962,48.3056954],[1.4007198,48.3061097],[1.4023693,48.3076016]]}},{"type":"Feature","properties":{"relief":0.9,"sinuosity":0,"highway":"tertiary"},"geometry":{"type":"LineString","coordinates":[[2.1202007,48.7099985],[2.1201232,48.710509],[2.1200673,48.7108706],[2.1199217,48.7118119],[2.1198858,48.7120232],[2.1198815,48.7120485],[2.1198131,48.7122648],[2.1196917,48.7124232],[2.1195262,48.7125676]]}},{"type":"Feature","properties":{"relief":0.507,"sinuosity":0,"highway":"tertiary"},"geometry":{"type":"LineString","coordinates":[[2.9471822,48.2230781],[2.9472673,48.2230225],[2.9473247,48.222985],[2.9474264,48.2228938],[2.9475253,48.2227967],[2.9476126,48.2226842],[2.9485463,48.2214685],[2.949361,48.2204076]]}},{"type":"Feature","properties":{"relief":0.477,"sinuosity":0,"highway":"tertiary"},"geometry":{"type":"LineString","coordinates":[[2.9548546,48.2175791],[2.9550319,48.2174918],[2.9551888,48.2174181],[2.9552215,48.2174058],[2.9553748,48.2173483],[2.9555724,48.2172921],[2.9557351,48.217263],[2.9558949,48.2172378],[2.9577166,48.2170541],[2.9578793,48.2170289],[2.9579544,48.2170043],[2.9580333,48.2169785],[2.9582048,48.2168931],[2.9583472,48.2167883]]}},{"type":"Feature","properties":{"relief":0.9,"sinuosity":0,"highway":"motorway","name":"Autoroute du Nord"},"geometry":{"type":"LineString","coordinates":[[2.6110988,49.2055264],[2.6113689,49.2058546],[2.6127758,49.2073135],[2.6130154,49.2075348],[2.6147332,49.2090597]]}},{"type":"Feature","properties":{"relief":0.504,"sinuosity":0,"highway":"motorway"},"geometry":{"type":"LineString","coordinates":[[2.3378561,48.7597284],[2.3363838,48.7583779],[2.3356394,48.7576927],[2.3352545,48.7573408]]}},{"type":"Feature","properties":{"relief":0.697,"sinuosity":0.7,"highway":"tertiary","name":"Rue Jules Ferry"},"geometry":{"type":"LineString","coordinates":[[3.3468495,48.5323153],[3.3471177,48.5335444],[3.3472465,48.5339138],[3.3472789,48.5339393],[3.3475361,48.5341411],[3.347762,48.5346876],[3.3480151,48.5356861]]}},{"type":"Feature","properties":{"relief":0.677,"sinuosity":0,"highway":"tertiary"},"geometry":{"type":"LineString","coordinates":[[3.3054302,48.4780407],[3.3060045,48.4781461],[3.3077098,48.4783388],[3.3085568,48.4784404],[3.3089855,48.4785051],[3.309392,48.4785855]]}},{"type":"Feature","properties":{"relief":0.566,"sinuosity":0,"highway":"tertiary"},"geometry":{"type":"LineString","coordinates":[[3.3082325,48.5225398],[3.3073914,48.5218519],[3.3071928,48.5217276],[3.3052131,48.5200943]]}},{"type":"Feature","properties":{"relief":0.73,"sinuosity":0,"highway":"tertiary","name":"Rue Grande"},"geometry":{"type":"LineString","coordinates":[[3.2921614,48.4887566],[3.2921685,48.4886398],[3.29232,48.4882391],[3.292471,48.4878611],[3.2925658,48.4875863],[3.2926344,48.4874205],[3.2927023,48.4872913],[3.2928854,48.4869878],[3.2930148,48.4866629],[3.293035,48.4863304],[3.2931166,48.4858459]]}},{"type":"Feature","properties":{"relief":0.657,"sinuosity":0,"highway":"tertiary"},"geometry":{"type":"LineString","coordinates":[[1.6893081,48.7701407],[1.6886681,48.7702684],[1.6879701,48.7704226],[1.6874706,48.7705666],[1.6870185,48.7707564],[1.6860769,48.7711755],[1.6857491,48.771307]]}},{"type":"Feature","properties":{"relief":0.8,"sinuosity":0,"highway":"tertiary","name":"Route de la Grange aux Cercles"},"geometry":{"type":"LineString","coordinates":[[2.2850505,48.6680484],[2.2847584,48.667765],[2.2845736,48.6675856],[2.2842217,48.6673079],[2.2835608,48.6668827],[2.2832175,48.6667694],[2.2830888,48.6667183],[2.2823573,48.6665243]]}},{"type":"Feature","properties":{"relief":0.85,"sinuosity":0.7,"highway":"tertiary"},"geometry":{"type":"LineString","coordinates":[[3.2818665,49.070928],[3.2817483,49.0711604],[3.281456,49.0713785],[3.2811011,49.0715339],[3.2808351,49.0716535],[3.2806028,49.0717849],[3.2803505,49.0721529],[3.278962,49.0744929]]}},{"type":"Feature","properties":{"relief":0.75,"sinuosity":0,"highway":"tertiary"},"geometry":{"type":"LineString","coordinates":[[3.2637123,49.0582393],[3.2629869,49.0582123],[3.2623699,49.0581577],[3.2608394,49.0580071],[3.2603073,49.0579442],[3.2599933,49.0578907],[3.2597008,49.0578202]]}},{"type":"Feature","properties":{"relief":0.603,"sinuosity":0,"highway":"tertiary"},"geometry":{"type":"LineString","coordinates":[[3.2150304,49.0549614],[3.215717,49.0547224],[3.2164627,49.0544833],[3.2172459,49.0542232],[3.2176107,49.0540896],[3.2179,49.054027],[3.2181443,49.0540117],[3.2183783,49.0540242],[3.2192522,49.0541247]]}},{"type":"Feature","properties":{"relief":0.82,"sinuosity":0,"highway":"motorway"},"geometry":{"type":"LineString","coordinates":[[2.471378,48.8945676],[2.4716985,48.8941488],[2.47196,48.893782],[2.4722376,48.8933641],[2.4723651,48.8931463],[2.4725139,48.8928738],[2.4726534,48.8925679],[2.472758,48.8923201],[2.4728653,48.8919956]]}},{"type":"Feature","properties":{"relief":0.84,"sinuosity":0,"highway":"tertiary","name":"Rue du Bout d'en Bas"},"geometry":{"type":"LineString","coordinates":[[1.6442214,49.217432],[1.6441312,49.2174032],[1.6434512,49.2171859],[1.6431227,49.2171068],[1.6426625,49.2170439],[1.6418755,49.2170523],[1.6415956,49.2171266],[1.6412099,49.217277],[1.6409292,49.2174284]]}},{"type":"Feature","properties":{"relief":0.807,"sinuosity":0,"highway":"primary","name":"Rue Louis Faussard"},"geometry":{"type":"LineString","coordinates":[[3.0628011,49.1159024],[3.0628902,49.1159748],[3.0629461,49.1160294],[3.0630935,49.1161858],[3.0632799,49.1164359],[3.0635033,49.1167392],[3.0636274,49.1169076],[3.0636486,49.1169392],[3.0638513,49.1172101],[3.0640394,49.1174654],[3.0646318,49.1182693]]}},{"type":"Feature","properties":{"relief":0.743,"sinuosity":0,"highway":"motorway","name":"La Francilienne"},"geometry":{"type":"LineString","coordinates":[[2.6281183,48.9362312],[2.6281551,48.9367306],[2.6282873,48.9383512],[2.6282988,48.9389419]]}},{"type":"Feature","properties":{"relief":0.524,"sinuosity":0,"highway":"motorway","name":"La Francilienne"},"geometry":{"type":"LineString","coordinates":[[2.6312273,48.9204105],[2.6323226,48.9183785],[2.6341582,48.9149538]]}},{"type":"Feature","properties":{"relief":0.454,"sinuosity":0,"highway":"tertiary"},"geometry":{"type":"LineString","coordinates":[[3.1373591,48.1719981],[3.1366831,48.1732836],[3.1363971,48.1739007],[3.1361843,48.1743601],[3.1356591,48.1754934]]}},{"type":"Feature","properties":{"relief":0.807,"sinuosity":0,"highway":"tertiary"},"geometry":{"type":"LineString","coordinates":[[3.6465615,49.1601973],[3.6481528,49.1609763],[3.6488166,49.1613093],[3.6511899,49.1628612]]}},{"type":"Feature","properties":{"relief":0.61,"sinuosity":0,"highway":"tertiary"},"geometry":{"type":"LineString","coordinates":[[1.4654769,48.7429849],[1.4641388,48.7429808],[1.4627847,48.7429554],[1.4601625,48.7428929]]}},{"type":"Feature","properties":{"relief":0.9,"sinuosity":0,"highway":"primary","name":"Avenue de Paris"},"geometry":{"type":"LineString","coordinates":[[2.3640588,48.8040952],[2.3641,48.8039674],[2.3642573,48.803496],[2.3643379,48.8032396],[2.3643758,48.8031187],[2.3643959,48.8030521],[2.3644176,48.8029811],[2.3644532,48.8028954],[2.3644983,48.8028092],[2.364537,48.8027326],[2.3646157,48.8024947],[2.3646515,48.8023786],[2.3647161,48.8021687],[2.3647615,48.8020227],[2.3648146,48.8018562],[2.3648692,48.8016759],[2.3649427,48.8014342]]}},{"type":"Feature","properties":{"relief":0.599,"sinuosity":0,"highway":"secondary","name":"Chemin du Parc"},"geometry":{"type":"LineString","coordinates":[[2.1825469,49.0252434],[2.1824676,49.0251975],[2.1819088,49.024772],[2.181357,49.0243196],[2.1810797,49.0240797],[2.1808833,49.0238875],[2.1807543,49.0237484],[2.1805496,49.0235084],[2.1801733,49.0230579]]}},{"type":"Feature","properties":{"relief":0.9,"sinuosity":0,"highway":"tertiary","name":"Rue Courtier"},"geometry":{"type":"LineString","coordinates":[[2.9453012,48.8959195],[2.9456734,48.895961],[2.9460352,48.8960055],[2.9463796,48.8960545],[2.9466996,48.8961145],[2.9470714,48.8962099],[2.9472112,48.8962587],[2.9473501,48.8963072],[2.947509,48.896346],[2.9476967,48.8963698],[2.9479113,48.8963742],[2.948195,48.8963633],[2.9483405,48.8963486],[2.9484806,48.8963107],[2.948604,48.8962578],[2.9487305,48.8961798],[2.9488021,48.896118],[2.9490102,48.8959391]]}},{"type":"Feature","properties":{"relief":0.663,"sinuosity":0,"highway":"secondary"},"geometry":{"type":"LineString","coordinates":[[2.5099647,48.2609069],[2.5101995,48.2615545],[2.5103798,48.26187],[2.5106546,48.2622135],[2.5107954,48.2623409],[2.5109291,48.2624618],[2.5113568,48.2627325],[2.5122039,48.2631987]]}},{"type":"Feature","properties":{"relief":0.625,"sinuosity":0.7,"highway":"tertiary"},"geometry":{"type":"LineString","coordinates":[[1.4639875,48.1249244],[1.4629037,48.1246923],[1.4625337,48.1246505],[1.4624672,48.124643],[1.4620529,48.1246207],[1.4619151,48.1246242],[1.4616645,48.1246306],[1.4613723,48.1246405],[1.4610616,48.1247269],[1.4607693,48.1248306],[1.460318,48.1248997]]}},{"type":"Feature","properties":{"relief":0.668,"sinuosity":0,"highway":"secondary"},"geometry":{"type":"LineString","coordinates":[[1.41621,48.1690617],[1.4169383,48.1688267],[1.4172833,48.168685],[1.4176183,48.168525],[1.4182617,48.1681717],[1.4189825,48.1677352],[1.4191756,48.1676183],[1.4233884,48.1650672]]}},{"type":"Feature","properties":{"relief":0.461,"sinuosity":0,"highway":"tertiary"},"geometry":{"type":"LineString","coordinates":[[1.5973758,48.3271954],[1.5976065,48.3281418],[1.5978941,48.3292825],[1.5980011,48.3296437],[1.5980919,48.3298638]]}},{"type":"Feature","properties":{"relief":0.873,"sinuosity":0,"highway":"tertiary","name":"Rue de la Tourelle"},"geometry":{"type":"LineString","coordinates":[[1.5995739,48.2941431],[1.5995305,48.2941081],[1.5993619,48.2939599],[1.5985548,48.2932366],[1.5979527,48.2927304],[1.5974651,48.2923538],[1.5971616,48.2921002]]}},{"type":"Feature","properties":{"relief":0.82,"sinuosity":0,"highway":"tertiary"},"geometry":{"type":"LineString","coordinates":[[2.0546172,48.5767645],[2.0546246,48.5768403],[2.0546401,48.5772057],[2.054645,48.5774067],[2.0546473,48.5775846],[2.0547104,48.5779973],[2.0548713,48.578331],[2.0556041,48.5792841]]}},{"type":"Feature","properties":{"relief":0.561,"sinuosity":0,"highway":"tertiary","name":"Route de Mézières"},"geometry":{"type":"LineString","coordinates":[[2.4370102,48.3551708],[2.4373557,48.354834],[2.4374726,48.3547198],[2.4406287,48.3517129]]}},{"type":"Feature","properties":{"relief":0.737,"sinuosity":0,"highway":"trunk","name":"La Francilienne"},"geometry":{"type":"LineString","coordinates":[[2.180764,48.6561969],[2.1809155,48.6563266],[2.1811654,48.6565221],[2.1828088,48.6577426],[2.1834717,48.6582456]]}},{"type":"Feature","properties":{"relief":0.565,"sinuosity":0,"highway":"tertiary","name":"Route d'Herbeauvilliers"},"geometry":{"type":"LineString","coordinates":[[2.4479191,48.2866704],[2.4501997,48.2865451],[2.4507403,48.2865131],[2.4530984,48.2863775]]}},{"type":"Feature","properties":{"relief":0.9,"sinuosity":0,"highway":"tertiary","name":"Route de Villeneuve"},"geometry":{"type":"LineString","coordinates":[[3.5314201,48.1918762],[3.5322921,48.1927212],[3.5327258,48.1931414],[3.5331581,48.1935212],[3.5337761,48.1937557],[3.5341194,48.1938416]]}},{"type":"Feature","properties":{"relief":0.486,"sinuosity":0,"highway":"tertiary"},"geometry":{"type":"LineString","coordinates":[[3.3096472,48.6364547],[3.3071449,48.6362865],[3.3052208,48.6361745]]}},{"type":"Feature","properties":{"relief":0.54,"sinuosity":0.7,"highway":"tertiary"},"geometry":{"type":"LineString","coordinates":[[3.3098655,48.6618413],[3.3088278,48.6621079],[3.3086132,48.6622167],[3.3079523,48.662867],[3.3052795,48.6640545]]}},{"type":"Feature","properties":{"relief":0.496,"sinuosity":0,"highway":"tertiary"},"geometry":{"type":"LineString","coordinates":[[3.3510282,48.7045057],[3.3510524,48.7045449],[3.3522088,48.706156],[3.353801,48.7074165]]}},{"type":"Feature","properties":{"relief":0.476,"sinuosity":0,"highway":"tertiary"},"geometry":{"type":"LineString","coordinates":[[3.3552025,48.7097565],[3.3554146,48.7105556],[3.3556729,48.7112042],[3.3558774,48.7121271],[3.3565361,48.7140424]]}},{"type":"Feature","properties":{"relief":0.833,"sinuosity":0,"highway":"tertiary"},"geometry":{"type":"LineString","coordinates":[[3.4040723,48.6664158],[3.4057473,48.6683553],[3.4057725,48.6683845],[3.4061427,48.6686955]]}},{"type":"Feature","properties":{"relief":0.453,"sinuosity":0.7,"highway":"tertiary"},"geometry":{"type":"LineString","coordinates":[[3.3975624,48.6895929],[3.3972776,48.6898116],[3.3970706,48.6901305],[3.3969939,48.6904939],[3.3970582,48.6914052],[3.3970148,48.6915972],[3.3968193,48.6922395]]}},{"type":"Feature","properties":{"relief":0.373,"sinuosity":0,"highway":"primary"},"geometry":{"type":"LineString","coordinates":[[3.3062894,48.6952101],[3.3093307,48.69478],[3.3102302,48.6946509]]}},{"type":"Feature","properties":{"relief":0.755,"sinuosity":0.767,"highway":"tertiary","name":"Rue de la Ferte Gaucher"},"geometry":{"type":"LineString","coordinates":[[3.3974494,48.6963327],[3.3976079,48.6964706],[3.3977714,48.6966489],[3.3978543,48.6968308],[3.3981251,48.6978292],[3.3980837,48.698106],[3.3979428,48.6982466],[3.3979028,48.6982865],[3.3972824,48.6986363]]}},{"type":"Feature","properties":{"relief":0.9,"sinuosity":0,"highway":"trunk_link"},"geometry":{"type":"LineString","coordinates":[[2.1387028,49.0493237],[2.1369375,49.0490522],[2.1357037,49.0488449],[2.1351303,49.0487432],[2.1346766,49.0486396]]}},{"type":"Feature","properties":{"relief":0.555,"sinuosity":0,"highway":"secondary"},"geometry":{"type":"LineString","coordinates":[[3.5461157,48.713604],[3.5456193,48.7115346],[3.5449737,48.7090242]]}},{"type":"Feature","properties":{"relief":0.597,"sinuosity":0,"highway":"tertiary"},"geometry":{"type":"LineString","coordinates":[[3.600262,48.5315221],[3.6006687,48.5319184],[3.6008482,48.5321215],[3.6009556,48.5322703],[3.6010467,48.5324101],[3.6011483,48.5325978],[3.6016719,48.5335706],[3.6017293,48.5337182],[3.6017856,48.5338945]]}},{"type":"Feature","properties":{"relief":0.643,"sinuosity":0,"highway":"tertiary"},"geometry":{"type":"LineString","coordinates":[[1.911235,49.0163016],[1.9114781,49.016636],[1.911729,49.0169675],[1.9121654,49.0175259],[1.9123045,49.0177028],[1.9131721,49.0188414]]}},{"type":"Feature","properties":{"relief":0.49,"sinuosity":0,"highway":"primary"},"geometry":{"type":"LineString","coordinates":[[1.9587056,49.1530931],[1.9578676,49.1534176],[1.9568023,49.1538356],[1.9552028,49.1544663]]}},{"type":"Feature","properties":{"relief":0.9,"sinuosity":0,"highway":"primary"},"geometry":{"type":"LineString","coordinates":[[3.6028112,48.8055784],[3.6037229,48.8047054],[3.6076005,48.8011976]]}},{"type":"Feature","properties":{"relief":0.9,"sinuosity":0,"highway":"tertiary","name":"Rue Lecomte"},"geometry":{"type":"LineString","coordinates":[[3.5782246,48.8086644],[3.5770669,48.8084016],[3.5749261,48.8079468],[3.574361,48.8077526]]}},{"type":"Feature","properties":{"relief":0.703,"sinuosity":0,"highway":"tertiary"},"geometry":{"type":"LineString","coordinates":[[3.4383377,48.9370741],[3.4379698,48.9374302],[3.4375051,48.9377545],[3.436992,48.938028],[3.4356269,48.9385685],[3.4345136,48.9390073]]}},{"type":"Feature","properties":{"relief":0.9,"sinuosity":0,"highway":"secondary"},"geometry":{"type":"LineString","coordinates":[[1.981703,49.117223],[1.9817298,49.1173788],[1.9818051,49.1179091],[1.9817941,49.118863],[1.9817048,49.12064]]}},{"type":"Feature","properties":{"relief":0.9,"sinuosity":0,"highway":"tertiary","name":"Rue de Couilly"},"geometry":{"type":"LineString","coordinates":[[2.8381889,48.8927548],[2.8383538,48.8926093],[2.8385255,48.892485],[2.8387803,48.8923086],[2.839247,48.8920187],[2.8402013,48.8914728],[2.8407662,48.8911496],[2.8410769,48.8909823]]}},{"type":"Feature","properties":{"relief":0.684,"sinuosity":0,"highway":"tertiary","name":"Chemin de Saclas"},"geometry":{"type":"LineString","coordinates":[[2.1348115,48.4118494],[2.1353423,48.4122994],[2.1376118,48.4142529]]}},{"type":"Feature","properties":{"relief":0.9,"sinuosity":0,"highway":"tertiary","name":"Rue de Morainviliiers"},"geometry":{"type":"LineString","coordinates":[[1.958273,48.923475],[1.9575309,48.9235683],[1.9561603,48.923657],[1.9555307,48.9237273],[1.9546947,48.9237858],[1.9539514,48.9238881]]}},{"type":"Feature","properties":{"relief":0.75,"sinuosity":0,"highway":"primary","name":"Route de Rouen"},"geometry":{"type":"LineString","coordinates":[[1.5524207,49.0335625],[1.5529505,49.0334427],[1.5533307,49.033371],[1.5537997,49.0333098],[1.5555447,49.0331224],[1.5562957,49.0330585]]}},{"type":"Feature","properties":{"relief":0.747,"sinuosity":0,"highway":"tertiary","name":"Route de Flins"},"geometry":{"type":"LineString","coordinates":[[1.8682891,48.9347737],[1.8682902,48.934818],[1.868243,48.9349787],[1.8681409,48.9351154],[1.8679053,48.9353064],[1.8675199,48.9355116],[1.8671853,48.9357019],[1.8664768,48.9361299],[1.8658886,48.9364302],[1.8656095,48.9365714]]}},{"type":"Feature","properties":{"relief":0.75,"sinuosity":0,"highway":"tertiary","name":"Route de Flins"},"geometry":{"type":"LineString","coordinates":[[1.8656095,48.9365714],[1.86536,48.9366977],[1.8652141,48.9367715],[1.864205,48.9372595],[1.8633722,48.9376768],[1.863364,48.9376865],[1.8632698,48.9378015],[1.8631434,48.9380237],[1.8630032,48.9382768],[1.8629528,48.9383921]]}},{"type":"Feature","properties":{"relief":0.9,"sinuosity":0,"highway":"secondary"},"geometry":{"type":"LineString","coordinates":[[2.2714061,49.2501609],[2.2721075,49.2497175],[2.2727805,49.2492977],[2.2730661,49.2491194],[2.2731613,49.2490589],[2.2732255,49.2490197],[2.2733799,49.248937],[2.2735466,49.2488561],[2.2737696,49.2487696],[2.27402,49.24868],[2.27442,49.24854]]}},{"type":"Feature","properties":{"relief":0.9,"sinuosity":0,"highway":"tertiary"},"geometry":{"type":"LineString","coordinates":[[2.224163,49.205615],[2.2241831,49.2056272],[2.2249312,49.2060808],[2.2256486,49.2066389],[2.2274911,49.2078564]]}},{"type":"Feature","properties":{"relief":0.599,"sinuosity":0.7,"highway":"tertiary"},"geometry":{"type":"LineString","coordinates":[[3.0388338,48.8919007],[3.0386909,48.8928098],[3.0373954,48.8940569],[3.0367778,48.8963177]]}},{"type":"Feature","properties":{"relief":0.9,"sinuosity":0,"highway":"tertiary"},"geometry":{"type":"LineString","coordinates":[[3.2452257,48.9810166],[3.2448529,48.9821509],[3.2447265,48.982655],[3.2447557,48.9829868],[3.2448687,48.9833693],[3.2449404,48.9836122]]}},{"type":"Feature","properties":{"relief":0.463,"sinuosity":0,"highway":"trunk"},"geometry":{"type":"LineString","coordinates":[[2.7155043,49.0704891],[2.716099,49.0709326],[2.7161781,49.0709982],[2.7186384,49.0728613]]}},{"type":"Feature","properties":{"relief":0.444,"sinuosity":0,"highway":"trunk"},"geometry":{"type":"LineString","coordinates":[[2.7223107,49.0756721],[2.7235472,49.0766192],[2.7243378,49.0772177],[2.7262327,49.0786453]]}},{"type":"Feature","properties":{"relief":0.518,"sinuosity":0,"highway":"motorway"},"geometry":{"type":"LineString","coordinates":[[3.0351586,48.3737915],[3.0357711,48.3737604],[3.0364229,48.3737297],[3.0377571,48.3736779],[3.047859,48.3733428]]}},{"type":"Feature","properties":{"relief":0.75,"sinuosity":0,"highway":"primary"},"geometry":{"type":"LineString","coordinates":[[2.1805847,48.6746523],[2.1818584,48.6747446],[2.1822126,48.6747694],[2.1828448,48.6748094],[2.1831792,48.6748299],[2.1849918,48.6749462]]}},{"type":"Feature","properties":{"relief":0.9,"sinuosity":0,"highway":"primary"},"geometry":{"type":"LineString","coordinates":[[2.1854006,48.6750874],[2.1850491,48.675067],[2.184829,48.6750562],[2.1842847,48.6750553],[2.1835728,48.6750614],[2.1830728,48.6750799],[2.1826238,48.6750974],[2.1825146,48.6751027],[2.181973,48.6751358],[2.1812983,48.675179]]}},{"type":"Feature","properties":{"relief":0.363,"sinuosity":0,"highway":"tertiary"},"geometry":{"type":"LineString","coordinates":[[1.9615342,48.2802123],[1.9605816,48.280125],[1.9536638,48.2794933]]}},{"type":"Feature","properties":{"relief":0.807,"sinuosity":0,"highway":"tertiary"},"geometry":{"type":"LineString","coordinates":[[1.912153,48.3062446],[1.9125649,48.3066691],[1.9133052,48.3072686],[1.9141206,48.3081606],[1.9148179,48.3088385]]}},{"type":"Feature","properties":{"relief":0.75,"sinuosity":0,"highway":"secondary","name":"Avenue de l'Europe"},"geometry":{"type":"LineString","coordinates":[[2.7685771,48.855332],[2.7684129,48.8552411],[2.7683254,48.8551914],[2.767746,48.8548627],[2.7677157,48.854845],[2.767547,48.8547534],[2.7673798,48.8546567],[2.7662275,48.8539977],[2.7661686,48.853964],[2.7656923,48.8536888],[2.7656629,48.8536691]]}},{"type":"Feature","properties":{"relief":0.603,"sinuosity":0,"highway":"secondary","name":"Avenue de la République"},"geometry":{"type":"LineString","coordinates":[[1.9161295,48.8019014],[1.9156536,48.8021131],[1.9150771,48.8023737],[1.9147646,48.8025539],[1.9146275,48.802641],[1.9143409,48.8029221],[1.9140379,48.8032208],[1.9138835,48.8033708],[1.9136534,48.8036159],[1.9135197,48.8037584]]}},{"type":"Feature","properties":{"relief":0.873,"sinuosity":0,"highway":"secondary"},"geometry":{"type":"LineString","coordinates":[[1.5982763,48.2955196],[1.5980321,48.2959242],[1.5974602,48.2968734],[1.5972466,48.2971796],[1.5969369,48.2975352],[1.5962773,48.2981556]]}},{"type":"Feature","properties":{"relief":0.572,"sinuosity":0,"highway":"secondary"},"geometry":{"type":"LineString","coordinates":[[1.5893826,48.3047554],[1.5890265,48.3050412],[1.5886043,48.3053913],[1.5882826,48.3056671],[1.5878514,48.3060847],[1.587398,48.3065024],[1.5855309,48.3082517]]}},{"type":"Feature","properties":{"relief":0.71,"sinuosity":0,"highway":"tertiary","name":"Allée de la Vicomte"},"geometry":{"type":"LineString","coordinates":[[3.3573723,49.1078186],[3.3542281,49.1075841],[3.3523827,49.1074384]]}},{"type":"Feature","properties":{"relief":0.75,"sinuosity":0,"highway":"primary"},"geometry":{"type":"LineString","coordinates":[[1.5544474,49.2589259],[1.5533019,49.2594024],[1.551084,49.260349]]}},{"type":"Feature","properties":{"relief":0.84,"sinuosity":0,"highway":"primary"},"geometry":{"type":"LineString","coordinates":[[1.5075248,49.2785986],[1.506076,49.2792098],[1.5050411,49.2796363],[1.5047476,49.2797587],[1.5039125,49.2801069]]}},{"type":"Feature","properties":{"relief":0.498,"sinuosity":0,"highway":"tertiary"},"geometry":{"type":"LineString","coordinates":[[2.9965402,49.1414195],[2.9964287,49.1416197],[2.9961003,49.1420153],[2.9958028,49.1423335],[2.9956573,49.1424376],[2.995477,49.1425213],[2.9938884,49.143076],[2.9920471,49.1439764]]}},{"type":"Feature","properties":{"relief":1,"sinuosity":0.7,"highway":"secondary","name":"Rue des Valentins"},"geometry":{"type":"LineString","coordinates":[[1.9973502,48.6221743],[1.9971455,48.62239],[1.9970642,48.6224756],[1.9970203,48.6225252],[1.9965554,48.6230641],[1.996458,48.6232105],[1.9964218,48.6232831],[1.9963408,48.6233552],[1.9962856,48.6233848],[1.9961741,48.6234447],[1.9959501,48.6235411],[1.9957678,48.62361],[1.9955724,48.6237081],[1.995437,48.6238235],[1.9954159,48.6238555],[1.9953947,48.6238874],[1.995338,48.6239733],[1.9952989,48.6241093],[1.9952911,48.6242298]]}},{"type":"Feature","properties":{"relief":1,"sinuosity":0.739,"highway":"secondary","name":"Rue du Chat Noir"},"geometry":{"type":"LineString","coordinates":[[1.9922134,48.6217647],[1.9922015,48.6217752],[1.9911163,48.6227348],[1.9908486,48.6229954],[1.9903553,48.6233288],[1.9901496,48.6234309],[1.9899664,48.623428],[1.9893624,48.62332]]}},{"type":"Feature","properties":{"relief":0.375,"sinuosity":0,"highway":"tertiary"},"geometry":{"type":"LineString","coordinates":[[1.8224435,48.3719637],[1.822524,48.3718322],[1.8225805,48.3717217],[1.8226294,48.3715901],[1.8226549,48.3714215],[1.8225918,48.3683045]]}},{"type":"Feature","properties":{"relief":0.417,"sinuosity":0,"highway":"tertiary"},"geometry":{"type":"LineString","coordinates":[[1.8225918,48.3683045],[1.8225888,48.3682622],[1.8225641,48.3679194],[1.822524,48.3676633],[1.8224526,48.3672069],[1.8222115,48.3660246],[1.8221826,48.3657502]]}},{"type":"Feature","properties":{"relief":0.488,"sinuosity":0,"highway":"primary"},"geometry":{"type":"LineString","coordinates":[[2.1387453,48.621198],[2.1376021,48.6214636],[2.1360514,48.6217953],[2.1355562,48.6219048],[2.1350345,48.6220253]]}},{"type":"Feature","properties":{"relief":0.444,"sinuosity":0,"highway":"secondary","name":"Route de Plailly"},"geometry":{"type":"LineString","coordinates":[[2.545004,49.1293686],[2.5448511,49.1293879],[2.5447625,49.1293991],[2.5413189,49.1295182],[2.5394351,49.1295778]]}},{"type":"Feature","properties":{"relief":0.8,"sinuosity":0,"highway":"secondary","name":"Avenue de Paris"},"geometry":{"type":"LineString","coordinates":[[1.7763925,48.4646805],[1.7771409,48.4649653],[1.7771702,48.4649772],[1.7775004,48.4651113],[1.7783139,48.4654455],[1.7788114,48.4656502],[1.77888,48.4656792],[1.7791662,48.4658034],[1.7794217,48.4659264]]}},{"type":"Feature","properties":{"relief":0.65,"sinuosity":0,"highway":"tertiary","name":"Rue de la Mairie"},"geometry":{"type":"LineString","coordinates":[[1.6571101,48.4894719],[1.6571383,48.4890615],[1.6572232,48.4887903],[1.6572888,48.48861],[1.6573811,48.4884347],[1.6575849,48.4881431],[1.657797,48.4879275],[1.6579501,48.4877795],[1.6592238,48.4868512]]}},{"type":"Feature","properties":{"relief":0.508,"sinuosity":0,"highway":"tertiary","name":"Rue de l'Aqueduc"},"geometry":{"type":"LineString","coordinates":[[1.603412,48.5755259],[1.6032189,48.5758595],[1.6030151,48.5762002],[1.6028649,48.5765126],[1.6028112,48.576761],[1.6028005,48.5770734],[1.602822,48.5774425],[1.6028756,48.5777832],[1.6030258,48.5783936]]}},{"type":"Feature","properties":{"relief":0.9,"sinuosity":0,"highway":"secondary"},"geometry":{"type":"LineString","coordinates":[[1.6399949,48.5398255],[1.6400549,48.5397247],[1.6401471,48.5396154],[1.6405052,48.5393048],[1.641648,48.5385387],[1.6419966,48.5383621],[1.6432491,48.5378769]]}},{"type":"Feature","properties":{"relief":0.82,"sinuosity":0,"highway":"secondary","name":"Route d'Ymeray"},"geometry":{"type":"LineString","coordinates":[[1.6890956,48.5168848],[1.6889895,48.5169232],[1.6879815,48.5174053],[1.6873244,48.5177006],[1.6865156,48.5179886],[1.686022,48.518156],[1.6855018,48.5182942]]}},{"type":"Feature","properties":{"relief":0.793,"sinuosity":0,"highway":"trunk","name":"La Francilienne"},"geometry":{"type":"LineString","coordinates":[[2.2259064,49.0723421],[2.2264038,49.0724664],[2.2267444,49.0725463],[2.227352,49.072679],[2.2278469,49.0727598],[2.2285952,49.0728652],[2.2290055,49.0729206],[2.2294264,49.0729472],[2.2301054,49.0729863]]}},{"type":"Feature","properties":{"relief":0.636,"sinuosity":0,"highway":"trunk","name":"La Francilienne"},"geometry":{"type":"LineString","coordinates":[[2.2314316,49.0731596],[2.2307155,49.0731508],[2.2300047,49.0731297],[2.229395,49.0730833],[2.2289707,49.073048],[2.2285911,49.0730084],[2.2277865,49.0728872],[2.227309,49.0728099]]}},{"type":"Feature","properties":{"relief":0.75,"sinuosity":0,"highway":"tertiary","name":"Rue du 8 Mai 1945"},"geometry":{"type":"LineString","coordinates":[[3.2615452,48.9879969],[3.261639,48.9880938],[3.2619747,48.9888378],[3.262844,48.9904114]]}},{"type":"Feature","properties":{"relief":0.61,"sinuosity":0,"highway":"secondary","name":"Route Nationale 449 d'Arpajon à Malesherbes"},"geometry":{"type":"LineString","coordinates":[[2.3553943,48.4411951],[2.3555682,48.4414869],[2.355876,48.4420033],[2.3559518,48.442108],[2.3559727,48.4421365],[2.3560774,48.4422676],[2.3563513,48.4425764],[2.3564768,48.4427122],[2.3567013,48.4429448],[2.3570845,48.4433339],[2.3573025,48.4435717]]}},{"type":"Feature","properties":{"relief":0.767,"sinuosity":0,"highway":"secondary"},"geometry":{"type":"LineString","coordinates":[[3.2602937,48.542099],[3.2609679,48.5419855],[3.2621236,48.5417715],[3.2626534,48.5416719],[3.2630813,48.5415748],[3.2634475,48.5414663],[3.2636968,48.5413704],[3.2639337,48.5412664]]}},{"type":"Feature","properties":{"relief":0.769,"sinuosity":0.7,"highway":"secondary"},"geometry":{"type":"LineString","coordinates":[[3.2212288,48.5335632],[3.2208636,48.5335424],[3.220496,48.5335622],[3.2189685,48.5338708],[3.2184416,48.5340681],[3.2179748,48.5343472],[3.2172091,48.5347719]]}},{"type":"Feature","properties":{"relief":0.479,"sinuosity":0,"highway":"tertiary"},"geometry":{"type":"LineString","coordinates":[[1.5951178,48.4964895],[1.5955888,48.4968797],[1.5963916,48.4974786],[1.5975263,48.498305],[1.5986421,48.4990467]]}},{"type":"Feature","properties":{"relief":0.397,"sinuosity":0,"highway":"tertiary"},"geometry":{"type":"LineString","coordinates":[[1.5987149,48.5141776],[1.5971834,48.5148837],[1.5951286,48.5159084]]}},{"type":"Feature","properties":{"relief":0.75,"sinuosity":0,"highway":"primary","name":"Route de Lizy"},"geometry":{"type":"LineString","coordinates":[[3.1281454,49.0248793],[3.127457,49.0249284],[3.1269247,49.0249344],[3.1264186,49.0248936],[3.125792,49.0247941],[3.1250675,49.0245915],[3.1242146,49.0243025]]}},{"type":"Feature","properties":{"relief":0.86,"sinuosity":0,"highway":"tertiary","name":"Rue de Villiers"},"geometry":{"type":"LineString","coordinates":[[3.2994324,48.3992827],[3.2989223,48.3985732],[3.2986552,48.3981378],[3.2984245,48.3976944],[3.298048,48.39713],[3.2977175,48.3968622]]}},{"type":"Feature","properties":{"relief":0.677,"sinuosity":0,"highway":"tertiary","name":"Route de Noyen"},"geometry":{"type":"LineString","coordinates":[[3.3059079,48.4689115],[3.3074617,48.4683483],[3.3085611,48.4679473],[3.3110019,48.4670303]]}},{"type":"Feature","properties":{"relief":0.683,"sinuosity":0,"highway":"tertiary"},"geometry":{"type":"LineString","coordinates":[[3.1145343,48.4880077],[3.1149884,48.4877442],[3.1154962,48.4875108],[3.1161495,48.4873339],[3.1168365,48.4871664],[3.1180854,48.4868402]]}},{"type":"Feature","properties":{"relief":0.75,"sinuosity":0,"highway":"secondary"},"geometry":{"type":"LineString","coordinates":[[1.7338753,49.051176],[1.7332488,49.0521272],[1.7326448,49.0530215],[1.7323071,49.0535215]]}},{"type":"Feature","properties":{"relief":0.438,"sinuosity":0,"highway":"secondary","name":"Avenue de la Résistance"},"geometry":{"type":"LineString","coordinates":[[2.5121237,48.8906538],[2.5121611,48.8907543],[2.5121673,48.8907792],[2.5122609,48.8910686],[2.5123653,48.8913584],[2.5124292,48.8915794],[2.5124537,48.8916577],[2.5124621,48.8916856],[2.5124909,48.8917813],[2.5127656,48.8925891],[2.5128043,48.8926969],[2.5128366,48.8927871],[2.5130461,48.8933646]]}},{"type":"Feature","properties":{"relief":0.438,"sinuosity":0,"highway":"motorway","name":"Autoroute du Nord"},"geometry":{"type":"LineString","coordinates":[[2.5926094,49.1578024],[2.5921782,49.1574672],[2.5915458,49.1569899],[2.5912305,49.1567353],[2.5860304,49.1525995]]}},{"type":"Feature","properties":{"relief":0.617,"sinuosity":0,"highway":"tertiary","name":"Rue Jean-Philippe Rameau"},"geometry":{"type":"LineString","coordinates":[[2.3183623,48.6895179],[2.3181759,48.6896931],[2.317926,48.689895],[2.3176474,48.69012],[2.3171441,48.6904725],[2.3168628,48.6907087],[2.3167393,48.6908709],[2.3167227,48.6909027],[2.3166534,48.6910286],[2.3166094,48.6911433],[2.3165944,48.6912335],[2.3165669,48.691326],[2.3165649,48.6914181],[2.3165718,48.6915067]]}},{"type":"Feature","properties":{"relief":0.85,"sinuosity":0.725,"highway":"tertiary","name":"Rue Corblin"},"geometry":{"type":"LineString","coordinates":[[1.5555954,49.2147833],[1.5554135,49.2149323],[1.5551127,49.2151022],[1.5541854,49.2152629],[1.5530698,49.2154636],[1.5528178,49.2154539],[1.5526218,49.2154251],[1.5523913,49.2153756],[1.5522823,49.2153502],[1.552196,49.215319],[1.5515989,49.2151197]]}},{"type":"Feature","properties":{"relief":0.75,"sinuosity":0,"highway":"motorway","name":"Autoroute de Normandie"},"geometry":{"type":"LineString","coordinates":[[2.0016562,48.9222765],[2.0018519,48.922033],[2.0021781,48.9216181],[2.0026754,48.9209968],[2.0030871,48.9204762],[2.003414,48.9200283]]}},{"type":"Feature","properties":{"relief":0.747,"sinuosity":0,"highway":"secondary"},"geometry":{"type":"LineString","coordinates":[[2.6768808,48.5128905],[2.6772355,48.5123054],[2.6777297,48.511493],[2.6780275,48.5110136],[2.6782541,48.5106711]]}},{"type":"Feature","properties":{"relief":0.435,"sinuosity":0,"highway":"secondary","name":"Route Départementale 40 de Cernay-la-Ville à Gometz-la-Ville"},"geometry":{"type":"LineString","coordinates":[[2.0223238,48.6672912],[2.0226364,48.6673049],[2.0246472,48.6673118],[2.0250588,48.6673324],[2.0254911,48.6673634],[2.0259652,48.6674081],[2.0312165,48.6678654]]}},{"type":"Feature","properties":{"relief":0.522,"sinuosity":0,"highway":"tertiary","name":"Avenue de la Convention"},"geometry":{"type":"LineString","coordinates":[[2.1705575,48.9382204],[2.1705342,48.9381972],[2.1700875,48.9377317],[2.1700299,48.9376634],[2.1695365,48.9371139],[2.1695082,48.9370824],[2.1694799,48.9370481],[2.1691567,48.9366557],[2.1690861,48.9365456],[2.1689106,48.9362806],[2.1685915,48.9358959]]}},{"type":"Feature","properties":{"relief":0.603,"sinuosity":0,"highway":"trunk"},"geometry":{"type":"LineString","coordinates":[[2.9362859,49.206892],[2.936643,49.2070537],[2.9377245,49.2074826],[2.9394329,49.2081197]]}},{"type":"Feature","properties":{"relief":0.723,"sinuosity":0,"highway":"trunk"},"geometry":{"type":"LineString","coordinates":[[2.8615603,49.1654287],[2.8611365,49.1650534],[2.8606081,49.1645746],[2.8601682,49.164073],[2.8581345,49.1616668]]}},{"type":"Feature","properties":{"relief":0.75,"sinuosity":0,"highway":"motorway","name":"L'Européenne"},"geometry":{"type":"LineString","coordinates":[[2.172698,49.2035747],[2.1734306,49.2032478],[2.1845967,49.198076]]}},{"type":"Feature","properties":{"relief":0.362,"sinuosity":0,"highway":"tertiary","name":"Rue de Bernes"},"geometry":{"type":"LineString","coordinates":[[2.320034,49.1578093],[2.3199191,49.1578307],[2.3198694,49.1578401],[2.3179936,49.1581946],[2.3179083,49.1582111],[2.3175588,49.1582787],[2.3174138,49.1583067],[2.3162707,49.1585021]]}},{"type":"Feature","properties":{"relief":0.75,"sinuosity":0,"highway":"trunk"},"geometry":{"type":"LineString","coordinates":[[1.9592563,48.799726],[1.9583389,48.7998414],[1.9575472,48.7999751],[1.956608,48.8001592],[1.9559285,48.800304],[1.9551892,48.8004812]]}},{"type":"Feature","properties":{"relief":0.9,"sinuosity":0,"highway":"trunk"},"geometry":{"type":"LineString","coordinates":[[1.7781584,48.7994383],[1.7759424,48.799122],[1.7737291,48.7987958]]}},{"type":"Feature","properties":{"relief":0.723,"sinuosity":0,"highway":"trunk","name":"La Francilienne"},"geometry":{"type":"LineString","coordinates":[[2.2887413,48.6227443],[2.2874774,48.6226106],[2.2863724,48.6225019],[2.2847422,48.6223632]]}},{"type":"Feature","properties":{"relief":0.45,"sinuosity":0,"highway":"trunk","name":"La Francilienne"},"geometry":{"type":"LineString","coordinates":[[2.2761611,48.6221881],[2.2752996,48.6222438],[2.2744928,48.6223105],[2.2736922,48.6223845],[2.2728083,48.6224927],[2.2720989,48.6225933]]}},{"type":"Feature","properties":{"relief":0.65,"sinuosity":0,"highway":"tertiary","name":"Avenue d'Orléans"},"geometry":{"type":"LineString","coordinates":[[1.9939083,48.305729],[1.9939194,48.3057584],[1.9940919,48.3062725],[1.9941948,48.3065029],[1.994493,48.30703],[1.9950674,48.3080242],[1.9951778,48.3082062]]}},{"type":"Feature","properties":{"relief":0.421,"sinuosity":0,"highway":"primary","name":"Route Nationale de Paris à Toulouse"},"geometry":{"type":"LineString","coordinates":[[2.0493159,48.3529968],[2.0471075,48.3522618],[2.0459756,48.3518831],[2.0453735,48.351673]]}},{"type":"Feature","properties":{"relief":0.554,"sinuosity":0,"highway":"primary","name":"Route Nationale de Paris à Toulouse"},"geometry":{"type":"LineString","coordinates":[[2.0899158,48.3807739],[2.0909515,48.381612],[2.0921735,48.3824105],[2.0935466,48.383279]]}},{"type":"Feature","properties":{"relief":1,"sinuosity":0.7,"highway":"tertiary"},"geometry":{"type":"LineString","coordinates":[[2.1514409,48.354499],[2.1514617,48.3544201],[2.1514705,48.3542997],[2.1514502,48.3540173],[2.1514418,48.3538377],[2.1514809,48.3536859],[2.1515676,48.3534834],[2.1515681,48.3533721],[2.15157,48.3532673],[2.1515171,48.3531562],[2.1513861,48.3530062],[2.1511799,48.3527748],[2.1510768,48.3526673],[2.1510211,48.3525951],[2.1510155,48.3525192],[2.151035,48.3523914],[2.1510991,48.3522285],[2.1511885,48.3520766]]}},{"type":"Feature","properties":{"relief":0.9,"sinuosity":0,"highway":"primary"},"geometry":{"type":"LineString","coordinates":[[3.1732402,48.3047176],[3.1727294,48.3049332],[3.1707868,48.3057532],[3.1679115,48.3069619]]}},{"type":"Feature","properties":{"relief":0.75,"sinuosity":0,"highway":"primary"},"geometry":{"type":"LineString","coordinates":[[3.1679115,48.3069619],[3.1668453,48.307407],[3.165802,48.307862],[3.1617778,48.3095448]]}},{"type":"Feature","properties":{"relief":0.522,"sinuosity":0,"highway":"tertiary"},"geometry":{"type":"LineString","coordinates":[[2.724993,49.016235],[2.7245355,49.0161942],[2.7229628,49.0159474],[2.720956,49.0156237]]}},{"type":"Feature","properties":{"relief":0.663,"sinuosity":0,"highway":"tertiary"},"geometry":{"type":"LineString","coordinates":[[1.9251701,49.0728932],[1.924808,49.0725746],[1.9241019,49.072017],[1.9227881,49.0709985]]}},{"type":"Feature","properties":{"relief":0.69,"sinuosity":0,"highway":"tertiary"},"geometry":{"type":"LineString","coordinates":[[1.5074654,49.219006],[1.5077007,49.2190792],[1.5088874,49.2194647],[1.5100925,49.2198988],[1.5118647,49.2205316]]}},{"type":"Feature","properties":{"relief":0.75,"sinuosity":0,"highway":"tertiary"},"geometry":{"type":"LineString","coordinates":[[1.4763089,49.2069512],[1.4763006,49.207386],[1.4762931,49.2082547],[1.4762907,49.208521],[1.4762874,49.2089068],[1.4762744,49.209801]]}},{"type":"Feature","properties":{"relief":0.9,"sinuosity":0,"highway":"tertiary"},"geometry":{"type":"LineString","coordinates":[[1.8084844,49.1194092],[1.808063,49.1190567],[1.8066153,49.1180591],[1.8064753,49.1179626],[1.8062687,49.1177978],[1.8036564,49.1148063]]}},{"type":"Feature","properties":{"relief":0.423,"sinuosity":0,"highway":"tertiary","name":"Rue de Paris"},"geometry":{"type":"LineString","coordinates":[[3.128056,48.6666824],[3.1278682,48.6668231],[3.1274614,48.6671257],[3.1258916,48.6682936],[3.1258092,48.6683588],[3.1257041,48.6684419],[3.1241325,48.6696022]]}},{"type":"Feature","properties":{"relief":0.721,"sinuosity":0,"highway":"secondary","name":"Rue du Docteur Vaillant"},"geometry":{"type":"LineString","coordinates":[[2.0722347,48.8028169],[2.0719992,48.8024924],[2.0719675,48.8024156],[2.0718704,48.8021798],[2.071783,48.8019679],[2.0717708,48.8019383],[2.0717436,48.8018693],[2.0715367,48.8012753],[2.0714884,48.8011412],[2.0714056,48.8009139],[2.071285,48.8005723],[2.0711843,48.8003046]]}},{"type":"Feature","properties":{"relief":0.456,"sinuosity":0,"highway":"motorway","name":"Eco-Autoroute"},"geometry":{"type":"LineString","coordinates":[[2.635084,48.074821],[2.6347825,48.074939],[2.6344844,48.0750532],[2.6341787,48.0751699],[2.6338773,48.0752826],[2.633575,48.0753942],[2.6332707,48.0755034],[2.6329638,48.0756126],[2.6326592,48.0757199],[2.6323477,48.0758275],[2.6320352,48.0759338],[2.6317218,48.076039]]}},{"type":"Feature","properties":{"relief":0.602,"sinuosity":0,"highway":"motorway","name":"Eco-Autoroute"},"geometry":{"type":"LineString","coordinates":[[2.6307188,48.0762647],[2.6310341,48.0761642],[2.6313502,48.0760616],[2.6316655,48.0759585],[2.6318921,48.0758827],[2.6319777,48.075854],[2.6322892,48.0757477],[2.6325992,48.0756408],[2.632907,48.0755315],[2.6332137,48.075423],[2.6335129,48.0753146],[2.6338184,48.0752022],[2.634116,48.075091]]}},{"type":"Feature","properties":{"relief":0.637,"sinuosity":0,"highway":"tertiary","name":"Route de Bray"},"geometry":{"type":"LineString","coordinates":[[1.6431691,49.1252715],[1.6428519,49.1248023],[1.6427368,49.1246449],[1.6425661,49.1244115],[1.6423595,49.1241929],[1.6422951,49.1241087],[1.642216,49.1239841],[1.6419531,49.1236396],[1.6417548,49.1233991],[1.6412981,49.1229364]]}},{"type":"Feature","properties":{"relief":0.9,"sinuosity":0,"highway":"secondary"},"geometry":{"type":"LineString","coordinates":[[1.5682649,49.0296916],[1.5680649,49.0295792],[1.5678862,49.0294604],[1.5677941,49.029395],[1.5677414,49.0293576],[1.5676019,49.0292456],[1.5674561,49.0291073],[1.5669739,49.0285434],[1.5666444,49.0281482],[1.5664713,49.0279093],[1.5661914,49.0274781]]}},{"type":"Feature","properties":{"relief":0.727,"sinuosity":0,"highway":"tertiary"},"geometry":{"type":"LineString","coordinates":[[1.7638799,49.1626762],[1.7638284,49.1625639],[1.7636911,49.162446],[1.7629244,49.1619452],[1.762601,49.1617669],[1.7619916,49.1615143],[1.7602417,49.1607511]]}},{"type":"Feature","properties":{"relief":0.623,"sinuosity":0,"highway":"tertiary"},"geometry":{"type":"LineString","coordinates":[[1.4543368,49.0286685],[1.4545164,49.028525],[1.45511,49.0280875],[1.4563534,49.0271544],[1.457285,49.0264834]]}},{"type":"Feature","properties":{"relief":0.9,"sinuosity":0,"highway":"tertiary","name":"Route de la Genevraye"},"geometry":{"type":"LineString","coordinates":[[2.770333,48.3185315],[2.7701309,48.3185492],[2.7698183,48.3185766],[2.7697496,48.3185827],[2.7695816,48.3185938],[2.7694291,48.3186059],[2.769115,48.3186265],[2.768959,48.3186376],[2.7684288,48.3186697],[2.7683366,48.3186776],[2.768284,48.3186799],[2.7681617,48.3186889],[2.7672934,48.3187525],[2.7670798,48.3187681],[2.7670155,48.3187713],[2.766866,48.3187884],[2.7663468,48.3188048]]}},{"type":"Feature","properties":{"relief":0.85,"sinuosity":0.7,"highway":"tertiary","name":"Rue de la Vallée"},"geometry":{"type":"LineString","coordinates":[[1.3950782,49.1170336],[1.3953868,49.1172802],[1.395561,49.1174195],[1.3957693,49.1180899],[1.3958259,49.118272],[1.3958315,49.118344],[1.3959126,49.1188661],[1.395838,49.1191285],[1.3956006,49.1197499]]}},{"type":"Feature","properties":{"relief":0.363,"sinuosity":0,"highway":"tertiary"},"geometry":{"type":"LineString","coordinates":[[1.8194351,49.0818116],[1.8201985,49.0818357],[1.8205557,49.0818608],[1.8219779,49.0820516],[1.8223382,49.0820886],[1.8226261,49.0821043],[1.8235147,49.0821296]]}},{"type":"Feature","properties":{"relief":0.9,"sinuosity":0,"highway":"secondary"},"geometry":{"type":"LineString","coordinates":[[3.546375,48.982996],[3.5455833,48.9824169],[3.5453517,48.9821818],[3.5451948,48.9819573],[3.5444933,48.9805957]]}},{"type":"Feature","properties":{"relief":0.8,"sinuosity":0,"highway":"primary"},"geometry":{"type":"LineString","coordinates":[[2.6812672,48.3068952],[2.6814081,48.3073619],[2.681698,48.3082159],[2.6819381,48.3089816],[2.6825184,48.3108638]]}},{"type":"Feature","properties":{"relief":0.753,"sinuosity":0,"highway":"motorway_link"},"geometry":{"type":"LineString","coordinates":[[2.542589,49.0326337],[2.5426065,49.0326729],[2.5426213,49.0327132],[2.542635,49.0327615],[2.5426444,49.0328105],[2.5426493,49.0328563],[2.5426502,49.0329089],[2.5426458,49.0329643],[2.5426398,49.0330014],[2.5426273,49.0330524],[2.5426143,49.033092],[2.5425958,49.0331368],[2.5425738,49.0331806],[2.5425485,49.0332231],[2.5425203,49.0332639],[2.5424919,49.0333],[2.5424606,49.0333355],[2.5423047,49.0334938],[2.5412157,49.0346087],[2.5411477,49.0347058],[2.5410977,49.0348249],[2.5410808,49.0349586]]}},{"type":"Feature","properties":{"relief":0.759,"sinuosity":0,"highway":"tertiary"},"geometry":{"type":"LineString","coordinates":[[1.6425988,49.1649794],[1.6424108,49.1649717],[1.6415901,49.1649963],[1.6410077,49.1650218],[1.6404819,49.1650516],[1.63983,49.1651099],[1.6394654,49.1651428],[1.6391972,49.1651551],[1.6388002,49.1651569],[1.6381885,49.1651394]]}},{"type":"Feature","properties":{"relief":0.63,"sinuosity":0,"highway":"tertiary"},"geometry":{"type":"LineString","coordinates":[[1.6263038,49.1644588],[1.6260085,49.1643866],[1.6256547,49.1642905],[1.6254045,49.1641755],[1.6250816,49.1639615],[1.621863,49.1615762]]}},{"type":"Feature","properties":{"relief":0.813,"sinuosity":0,"highway":"tertiary"},"geometry":{"type":"LineString","coordinates":[[1.6428178,49.1748194],[1.6422636,49.1750847],[1.6417123,49.1754502],[1.6401712,49.1767876]]}},{"type":"Feature","properties":{"relief":0.605,"sinuosity":0,"highway":"secondary","name":"Route de l'Abbaye"},"geometry":{"type":"LineString","coordinates":[[1.6416337,49.1520601],[1.6426576,49.151863],[1.6429818,49.1517785],[1.6431728,49.1517071],[1.6439023,49.1513945],[1.644393,49.1511933],[1.6449534,49.1510326],[1.6455445,49.1508777]]}},{"type":"Feature","properties":{"relief":0.684,"sinuosity":0,"highway":"tertiary","name":"Route de Bray et Lu"},"geometry":{"type":"LineString","coordinates":[[1.6904595,49.1231974],[1.6904319,49.1232226],[1.6903605,49.1232854],[1.690189,49.12343],[1.6897098,49.1238191],[1.6896235,49.1238851],[1.6895141,49.1239623],[1.6894368,49.1240072],[1.6892993,49.1240666],[1.6891927,49.124104],[1.6891335,49.1241211],[1.689092,49.1241285],[1.6890156,49.124131],[1.6889439,49.1241315],[1.6888617,49.1241366],[1.6886682,49.1241735],[1.6879038,49.1243483],[1.6878145,49.1243786],[1.6877245,49.1244195],[1.6875862,49.1244943],[1.6871713,49.1247284]]}},{"type":"Feature","properties":{"relief":0.373,"sinuosity":0,"highway":"tertiary","name":"Rue de la Bonne Mare"},"geometry":{"type":"LineString","coordinates":[[1.3734734,48.8936126],[1.3750224,48.8927135],[1.3765467,48.8918103]]}},{"type":"Feature","properties":{"relief":0.49,"sinuosity":0,"highway":"tertiary"},"geometry":{"type":"LineString","coordinates":[[1.687794,48.5893677],[1.6876045,48.5895878],[1.6870711,48.5903237],[1.6868457,48.5907092],[1.6862328,48.5919112]]}},{"type":"Feature","properties":{"relief":0.51,"sinuosity":0,"highway":"tertiary","name":"Rue du Four à Chaux"},"geometry":{"type":"LineString","coordinates":[[1.729988,48.5230982],[1.7302026,48.5231835],[1.7304815,48.5233114],[1.731018,48.523553],[1.7312433,48.5236454],[1.7314471,48.5237022],[1.7318548,48.5237662],[1.7321552,48.5238301],[1.73252,48.5239012],[1.7328204,48.5239722],[1.7330779,48.5239936],[1.7334534,48.5239936],[1.7337002,48.5239793]]}},{"type":"Feature","properties":{"relief":0.479,"sinuosity":0,"highway":"tertiary","name":"Rue du Onze Novembre"},"geometry":{"type":"LineString","coordinates":[[1.5516445,48.5443009],[1.5516606,48.5435418],[1.551672,48.5435155],[1.5516821,48.5434921],[1.5518524,48.543223],[1.5520106,48.5429966],[1.5521836,48.5427542],[1.5523754,48.5425314],[1.5526262,48.542289],[1.5529031,48.5420419],[1.5530215,48.5419046]]}},{"type":"Feature","properties":{"relief":0.75,"sinuosity":0,"highway":"tertiary","name":"Rue des Gaudières"},"geometry":{"type":"LineString","coordinates":[[1.5939015,48.5510475],[1.5939658,48.5510572],[1.5940522,48.5510655],[1.5941112,48.55107],[1.594191,48.5510746],[1.5944216,48.5510546],[1.5948936,48.5509622],[1.5951511,48.5509409],[1.5954623,48.550948],[1.595576,48.5509453],[1.5960631,48.5509338],[1.5966424,48.5509338],[1.5976939,48.5509694]]}},{"type":"Feature","properties":{"relief":0.75,"sinuosity":0,"highway":"secondary"},"geometry":{"type":"LineString","coordinates":[[1.5798208,48.5771233],[1.5797723,48.5776414],[1.5796509,48.5795011],[1.5793334,48.5803105]]}},{"type":"Feature","properties":{"relief":0.9,"sinuosity":0,"highway":"primary","name":"Route de Bourgogne"},"geometry":{"type":"LineString","coordinates":[[2.6588843,48.4878601],[2.6615215,48.4868732],[2.6617216,48.4867934],[2.6618851,48.4867208],[2.6620397,48.4866399],[2.6622513,48.4865179]]}},{"type":"Feature","properties":{"relief":0.398,"sinuosity":0,"highway":"tertiary","name":"Rue du Morin"},"geometry":{"type":"LineString","coordinates":[[3.1325115,48.8165911],[3.1315533,48.8166777],[3.1310438,48.8166839],[3.1304967,48.8166583],[3.1296681,48.8165991],[3.1255513,48.8162882]]}},{"type":"Feature","properties":{"relief":0.75,"sinuosity":0,"highway":"tertiary","name":"Rue du Montoir"},"geometry":{"type":"LineString","coordinates":[[2.8558515,48.3991654],[2.8556757,48.3987926],[2.8549247,48.3978352],[2.8546801,48.3975324],[2.8537918,48.3964324]]}},{"type":"Feature","properties":{"relief":0.9,"sinuosity":0,"highway":"tertiary","name":"Rue du Moussel"},"geometry":{"type":"LineString","coordinates":[[1.4022492,48.8468053],[1.4036131,48.8472649],[1.4039627,48.8473867],[1.4042007,48.8474697],[1.4051341,48.8477098],[1.4058852,48.8478651]]}},{"type":"Feature","properties":{"relief":0.53,"sinuosity":0,"highway":"motorway"},"geometry":{"type":"LineString","coordinates":[[2.2297799,48.9788998],[2.2281763,48.9795405],[2.2262975,48.9802758]]}},{"type":"Feature","properties":{"relief":0.88,"sinuosity":0,"highway":"tertiary"},"geometry":{"type":"LineString","coordinates":[[2.9193391,48.8930524],[2.9202732,48.8927288],[2.921678,48.8922518],[2.9221675,48.8921182],[2.9225088,48.8920388],[2.9229587,48.8919383]]}},{"type":"Feature","properties":{"relief":0.73,"sinuosity":0,"highway":"tertiary"},"geometry":{"type":"LineString","coordinates":[[2.9086508,48.8894038],[2.9083836,48.8901078],[2.9082012,48.8907236],[2.9081508,48.8912209],[2.908301,48.8916861],[2.9088986,48.8925298]]}},{"type":"Feature","properties":{"relief":0.75,"sinuosity":0,"highway":"secondary"},"geometry":{"type":"LineString","coordinates":[[2.85762,48.22117],[2.8569147,48.2213185],[2.8560808,48.2215139],[2.8558933,48.2215558],[2.8543027,48.222002],[2.8524595,48.2225944]]}},{"type":"Feature","properties":{"relief":0.703,"sinuosity":0,"highway":"tertiary","name":"Route de Mortcerf"},"geometry":{"type":"LineString","coordinates":[[2.920271,48.801917],[2.9205263,48.8022262],[2.9219983,48.803832],[2.9222855,48.8041328]]}},{"type":"Feature","properties":{"relief":0.57,"sinuosity":0,"highway":"secondary","name":"Avenue du Général Leclerc"},"geometry":{"type":"LineString","coordinates":[[2.8695264,48.7127821],[2.869587,48.7121296],[2.8695887,48.7121126],[2.8697762,48.7101749]]}},{"type":"Feature","properties":{"relief":0.9,"sinuosity":0,"highway":"tertiary"},"geometry":{"type":"LineString","coordinates":[[3.4430237,49.2568414],[3.4414543,49.2568923],[3.4405185,49.2569772],[3.4388686,49.2571723]]}},{"type":"Feature","properties":{"relief":0.853,"sinuosity":0.7,"highway":"secondary"},"geometry":{"type":"LineString","coordinates":[[3.3957702,49.2770964],[3.3958698,49.2771282],[3.3960057,49.2772234],[3.3962634,49.2775215],[3.3966496,49.2779127],[3.3968729,49.278085],[3.3970103,49.2781706],[3.3971492,49.2782457],[3.3978506,49.2785116],[3.3985532,49.2787573]]}},{"type":"Feature","properties":{"relief":0.9,"sinuosity":0,"highway":"secondary"},"geometry":{"type":"LineString","coordinates":[[3.5771732,49.2446017],[3.5798549,49.2439129],[3.5805159,49.2437352],[3.58081,49.2436758]]}},{"type":"Feature","properties":{"relief":0.813,"sinuosity":0,"highway":"tertiary"},"geometry":{"type":"LineString","coordinates":[[3.3105408,49.1147082],[3.3103156,49.114462],[3.3100265,49.1141615],[3.3096881,49.113859],[3.3089471,49.113294],[3.308789,49.1131586],[3.3086354,49.1129853],[3.3074186,49.1109759]]}},{"type":"Feature","properties":{"relief":0.71,"sinuosity":0,"highway":"primary","name":"Boulevard des Batignolles"},"geometry":{"type":"LineString","coordinates":[[2.3203489,48.8822056],[2.3201821,48.882173],[2.319637,48.8820668],[2.3191894,48.8819748],[2.3188878,48.8819143],[2.3188114,48.8818992],[2.3187398,48.8818847],[2.3182733,48.8817944],[2.317738,48.8816907],[2.3170382,48.8815346],[2.3168365,48.8814911],[2.3167272,48.8814672]]}},{"type":"Feature","properties":{"relief":0.86,"sinuosity":0,"highway":"primary","name":"Boulevard des Batignolles"},"geometry":{"type":"LineString","coordinates":[[2.3165826,48.8812564],[2.3168991,48.8812753],[2.3169167,48.8812763],[2.3169504,48.8812791],[2.3169834,48.8812814],[2.3173474,48.8813516],[2.3188336,48.8816383],[2.3189219,48.8816565],[2.3203697,48.8819572]]}},{"type":"Feature","properties":{"relief":0.807,"sinuosity":0,"highway":"secondary"},"geometry":{"type":"LineString","coordinates":[[3.5731737,48.3611292],[3.5763136,48.3605034],[3.5775088,48.3602638]]}},{"type":"Feature","properties":{"relief":0.631,"sinuosity":0,"highway":"primary"},"geometry":{"type":"LineString","coordinates":[[2.9572142,48.3558524],[2.9572876,48.3544162],[2.9574349,48.3511919]]}},{"type":"Feature","properties":{"relief":0.383,"sinuosity":0.844,"highway":"tertiary"},"geometry":{"type":"LineString","coordinates":[[2.8154506,48.0765695],[2.8146862,48.0760056],[2.8145957,48.075975],[2.8144755,48.0759631],[2.8143553,48.0759723],[2.8142075,48.0760083],[2.8139435,48.0761651],[2.8133033,48.0766061],[2.813013,48.076728],[2.8125633,48.076813],[2.8118482,48.0768965]]}},{"type":"Feature","properties":{"relief":0.737,"sinuosity":0.7,"highway":"tertiary"},"geometry":{"type":"LineString","coordinates":[[2.7695311,49.0258248],[2.7694002,49.0258318],[2.7691842,49.0257722],[2.768817,49.025474],[2.7683481,49.0251164],[2.7678687,49.024752],[2.7676659,49.024638],[2.7674157,49.0244929],[2.7671997,49.0244083],[2.7669416,49.0243686],[2.7666018,49.0243496]]}},{"type":"Feature","properties":{"relief":0.78,"sinuosity":0,"highway":"secondary"},"geometry":{"type":"LineString","coordinates":[[3.345088,48.8019146],[3.3469206,48.8028055],[3.3479043,48.803295],[3.348164,48.8034279]]}},{"type":"Feature","properties":{"relief":0.75,"sinuosity":0,"highway":"primary"},"geometry":{"type":"LineString","coordinates":[[2.8579544,48.3632063],[2.8573217,48.363385],[2.8547598,48.3640278],[2.8537496,48.3642813]]}},{"type":"Feature","properties":{"relief":0.467,"sinuosity":0,"highway":"secondary","name":"Route de Fontainebleau"},"geometry":{"type":"LineString","coordinates":[[2.7645792,48.3014776],[2.7647449,48.3013807],[2.7654658,48.3011509],[2.7661439,48.3008582],[2.7674704,48.3002768],[2.7699539,48.2992159]]}},{"type":"Feature","properties":{"relief":0.59,"sinuosity":0,"highway":"tertiary"},"geometry":{"type":"LineString","coordinates":[[1.5518413,48.4188394],[1.5527412,48.418884],[1.5531638,48.4189206],[1.553598,48.418977],[1.5555816,48.4192679]]}},{"type":"Feature","properties":{"relief":0.71,"sinuosity":0.702,"highway":"tertiary"},"geometry":{"type":"LineString","coordinates":[[3.3595289,49.0285567],[3.3594866,49.0285423],[3.3591846,49.0284653],[3.3589396,49.0283916],[3.3584442,49.0282217],[3.3582215,49.0281021],[3.3578182,49.0277579],[3.357583,49.027518],[3.3574845,49.027352],[3.3574153,49.0269198],[3.3573399,49.0267178],[3.3568069,49.0261974]]}},{"type":"Feature","properties":{"relief":0.75,"sinuosity":0,"highway":"secondary"},"geometry":{"type":"LineString","coordinates":[[1.7437006,48.982628],[1.7447603,48.9821335],[1.7455964,48.9817246],[1.7488325,48.9802119]]}},{"type":"Feature","properties":{"relief":0.75,"sinuosity":0,"highway":"secondary"},"geometry":{"type":"LineString","coordinates":[[3.5316052,49.1204747],[3.5324826,49.1193108],[3.5327885,49.118905],[3.5332899,49.1181639]]}},{"type":"Feature","properties":{"relief":0.9,"sinuosity":0,"highway":"secondary"},"geometry":{"type":"LineString","coordinates":[[3.5332899,49.1181639],[3.5342726,49.1168743],[3.535039,49.1158204]]}},{"type":"Feature","properties":{"relief":0.75,"sinuosity":0,"highway":"tertiary"},"geometry":{"type":"LineString","coordinates":[[3.5305381,49.1494678],[3.5321346,49.1495189],[3.5327913,49.149568],[3.5347884,49.1499227]]}},{"type":"Feature","properties":{"relief":0.51,"sinuosity":0,"highway":"secondary","name":"Rue de Reims"},"geometry":{"type":"LineString","coordinates":[[3.5741878,49.2016737],[3.5743721,49.201685],[3.5779106,49.2019014],[3.5782027,49.2019193]]}},{"type":"Feature","properties":{"relief":0.9,"sinuosity":0,"highway":"tertiary"},"geometry":{"type":"LineString","coordinates":[[3.4442638,48.8744294],[3.4440664,48.8744984],[3.4425944,48.8750192],[3.4423313,48.8751257],[3.4420996,48.8752602],[3.4419985,48.8753317],[3.4418577,48.8754524],[3.4417135,48.8755829],[3.4416393,48.8757571],[3.4415505,48.8762925]]}},{"type":"Feature","properties":{"relief":0.85,"sinuosity":0.7,"highway":"tertiary"},"geometry":{"type":"LineString","coordinates":[[3.4416593,48.8788624],[3.4420566,48.8789607],[3.4422808,48.878972],[3.4433167,48.8789514],[3.4437215,48.8789514],[3.4441139,48.8790207],[3.445099,48.8792114],[3.4454544,48.8792797]]}},{"type":"Feature","properties":{"relief":0.9,"sinuosity":0,"highway":"tertiary"},"geometry":{"type":"LineString","coordinates":[[3.4864352,48.8765802],[3.4869438,48.8762102],[3.4875282,48.8757807],[3.4878903,48.8755148],[3.4880861,48.8753714],[3.4882486,48.8752451],[3.4883496,48.8751681],[3.4884291,48.8750991],[3.4884965,48.8750305],[3.4885575,48.8749599],[3.4886177,48.8748822],[3.4886584,48.8748229],[3.488697,48.8747615],[3.4887332,48.8746834],[3.4887587,48.8746112],[3.4887868,48.8745211]]}},{"type":"Feature","properties":{"relief":0.75,"sinuosity":0,"highway":"tertiary"},"geometry":{"type":"LineString","coordinates":[[3.4887868,48.8745211],[3.4888081,48.8744394],[3.4888203,48.874346],[3.488828,48.8742539],[3.4888237,48.8741758],[3.4888165,48.8740934],[3.4887712,48.8739183],[3.4887256,48.8738002],[3.4886755,48.873684],[3.4886254,48.8735837],[3.4885696,48.8734816],[3.4885113,48.8734015],[3.4884455,48.8733268],[3.4883791,48.8732606],[3.4883087,48.8731976],[3.4881932,48.873118],[3.4880915,48.8730613],[3.4879781,48.8730057],[3.4877864,48.8729321],[3.4876777,48.8728986],[3.4875782,48.8728756],[3.487378,48.8728355],[3.4871662,48.8728019],[3.4867866,48.8727459]]}},{"type":"Feature","properties":{"relief":0.9,"sinuosity":0,"highway":"tertiary","name":"Route de Verdon"},"geometry":{"type":"LineString","coordinates":[[3.5764364,48.9465344],[3.5783998,48.946862],[3.5791937,48.9471016],[3.580154,48.9474891]]}},{"type":"Feature","properties":{"relief":0.9,"sinuosity":0,"highway":"secondary"},"geometry":{"type":"LineString","coordinates":[[3.5564996,48.9382921],[3.5564907,48.9382748],[3.5558749,48.9368077],[3.5552522,48.9353379]]}},{"type":"Feature","properties":{"relief":0.9,"sinuosity":0,"highway":"secondary"},"geometry":{"type":"LineString","coordinates":[[3.5767459,49.0113722],[3.5794833,49.0123597],[3.5798536,49.0125604],[3.5801435,49.0127822]]}},{"type":"Feature","properties":{"relief":0.9,"sinuosity":0,"highway":"secondary"},"geometry":{"type":"LineString","coordinates":[[3.3417411,48.9816269],[3.3423537,48.9825308],[3.3428677,48.9832893],[3.3430442,48.9835624],[3.3432071,48.9839323],[3.3435425,48.9848684]]}},{"type":"Feature","properties":{"relief":0.9,"sinuosity":0,"highway":"tertiary","name":"Rue de la Ferté Milon"},"geometry":{"type":"LineString","coordinates":[[3.1866082,49.1645291],[3.1839913,49.1633874],[3.1816958,49.1623828]]}},{"type":"Feature","properties":{"relief":0.743,"sinuosity":0,"highway":"tertiary"},"geometry":{"type":"LineString","coordinates":[[3.2631317,48.9490034],[3.2627385,48.949083],[3.2624115,48.9491782],[3.2617777,48.9494479],[3.2614239,48.9496199],[3.2612433,48.9497678],[3.2608355,48.9501268],[3.2600677,48.9506026]]}},{"type":"Feature","properties":{"relief":0.75,"sinuosity":0,"highway":"primary","name":"Rue d'Épernay"},"geometry":{"type":"LineString","coordinates":[[3.5743281,49.0490535],[3.5744681,49.0490196],[3.57478,49.0489719],[3.5748255,49.0489696],[3.5750504,49.0489583],[3.5752308,49.0489641],[3.5755888,49.049024],[3.5758857,49.0491014],[3.5763598,49.0492518],[3.577577,49.0496381],[3.5776599,49.0496644],[3.5777469,49.049692],[3.5785173,49.049939]]}},{"type":"Feature","properties":{"relief":0.9,"sinuosity":0,"highway":"tertiary","name":"Rue Médard Bourgeotte"},"geometry":{"type":"LineString","coordinates":[[3.5789288,49.054184],[3.57871,49.0541398],[3.5785818,49.0541278],[3.5784708,49.0541357],[3.5781861,49.0542029],[3.5780057,49.0542469],[3.5779017,49.0542584],[3.5775034,49.0542561],[3.5771205,49.0542539],[3.5770551,49.0542539],[3.5766477,49.0542694],[3.576548,49.0542868],[3.5762038,49.0544049],[3.576094,49.0544248],[3.5759484,49.0544433],[3.5758372,49.0544664],[3.5753943,49.0545701],[3.574904,49.0547567]]}},{"type":"Feature","properties":{"relief":0.9,"sinuosity":0,"highway":"tertiary","name":"Rue de la Mairie"},"geometry":{"type":"LineString","coordinates":[[2.8568144,48.2391935],[2.856862,48.2392824],[2.8569216,48.2393936],[2.8569646,48.2396294],[2.8569924,48.240002],[2.8570676,48.2402235],[2.8571641,48.2404093],[2.8572767,48.2405877],[2.8573387,48.2406924],[2.8573572,48.2407237],[2.857486,48.2410738],[2.8575948,48.2413541],[2.8576834,48.24148],[2.857773,48.2415277],[2.8578658,48.2415658]]}},{"type":"Feature","properties":{"relief":0.9,"sinuosity":0,"highway":"secondary"},"geometry":{"type":"LineString","coordinates":[[3.5275347,49.0278498],[3.5281918,49.0256941],[3.5282582,49.0254296],[3.5283107,49.0251225]]}},{"type":"Feature","properties":{"relief":0.75,"sinuosity":0,"highway":"tertiary"},"geometry":{"type":"LineString","coordinates":[[3.5382852,49.0286728],[3.5384096,49.0283874],[3.5385503,49.0280226],[3.5386643,49.0278178],[3.5387318,49.0277308],[3.5388918,49.0275245],[3.5399608,49.0266495],[3.5406204,49.0259336]]}},{"type":"Feature","properties":{"relief":0.37,"sinuosity":0,"highway":"tertiary"},"geometry":{"type":"LineString","coordinates":[[3.4901901,48.9369083],[3.4898338,48.9366969],[3.4895982,48.9365438],[3.4888089,48.9359538],[3.488314,48.93558],[3.4881245,48.9354136],[3.4879789,48.9352213],[3.487395,48.9343112]]}},{"type":"Feature","properties":{"relief":0.59,"sinuosity":0,"highway":"primary","name":"Rue Principale"},"geometry":{"type":"LineString","coordinates":[[3.3976694,49.0896376],[3.3976262,49.0892112],[3.3976034,49.0890053],[3.3975759,49.0887054],[3.3974733,49.0876436],[3.3973921,49.0869029]]}},{"type":"Feature","properties":{"relief":0.9,"sinuosity":0,"highway":"tertiary"},"geometry":{"type":"LineString","coordinates":[[3.3048056,49.2470153],[3.3056458,49.2465766],[3.3068575,49.2459298],[3.3076382,49.245458],[3.3082739,49.2450287]]}},{"type":"Feature","properties":{"relief":0.9,"sinuosity":0,"highway":"tertiary"},"geometry":{"type":"LineString","coordinates":[[3.3513529,49.0336894],[3.3516207,49.0333556],[3.3519069,49.0329536],[3.3522866,49.0322353],[3.3524488,49.0320387],[3.3527015,49.0318028],[3.3532533,49.0314204]]}},{"type":"Feature","properties":{"relief":0.75,"sinuosity":0,"highway":"tertiary"},"geometry":{"type":"LineString","coordinates":[[3.5298953,48.9791714],[3.5312941,48.9787363],[3.5319998,48.9785259],[3.5328312,48.9783158],[3.5329336,48.9782899],[3.5346447,48.9778538]]}},{"type":"Feature","properties":{"relief":0.9,"sinuosity":0,"highway":"secondary"},"geometry":{"type":"LineString","coordinates":[[3.5976103,49.0708954],[3.5980538,49.0711497],[3.599084,49.0717406],[3.6004292,49.0727232]]}},{"type":"Feature","properties":{"relief":0.9,"sinuosity":0,"highway":"tertiary"},"geometry":{"type":"LineString","coordinates":[[3.533173,48.9669904],[3.5314075,48.9670643],[3.5306831,48.9671315],[3.5295277,48.9672162],[3.527121,48.9673207]]}},{"type":"Feature","properties":{"relief":0.69,"sinuosity":0,"highway":"secondary","name":"Route des Templiers"},"geometry":{"type":"LineString","coordinates":[[1.5045278,49.2535589],[1.5049665,49.253475],[1.5074104,49.2530256],[1.5079875,49.2529195],[1.5084501,49.2528352]]}},{"type":"Feature","properties":{"relief":0.9,"sinuosity":0,"highway":"motorway","name":"Autoroute de l’Est"},"geometry":{"type":"LineString","coordinates":[[3.3086287,49.0506962],[3.3078125,49.0505073],[3.3068992,49.0503129],[3.3061203,49.0501489],[3.3052708,49.0499807],[3.3042666,49.0497944]]}},{"type":"Feature","properties":{"relief":0.75,"sinuosity":0,"highway":"motorway","name":"Autoroute de l’Est"},"geometry":{"type":"LineString","coordinates":[[3.2642086,49.0459589],[3.2634867,49.0458302],[3.2626574,49.045663],[3.2618221,49.0454809],[3.2608927,49.0452593],[3.2601475,49.0450663]]}},{"type":"Feature","properties":{"relief":0.75,"sinuosity":0,"highway":"secondary"},"geometry":{"type":"LineString","coordinates":[[1.4174238,48.9382283],[1.4177707,48.9375746],[1.4178628,48.9371489],[1.4179538,48.9366634],[1.4179929,48.9362859],[1.4180163,48.9359573],[1.4182274,48.9351972]]}},{"type":"Feature","properties":{"relief":0.75,"sinuosity":0,"highway":"motorway","name":"Autoroute de l’Est"},"geometry":{"type":"LineString","coordinates":[[3.130934,49.0025046],[3.1296257,49.0019595],[3.1286357,49.0015603],[3.1277054,49.0012042],[3.1264528,49.0007443]]}},{"type":"Feature","properties":{"relief":0.833,"sinuosity":0,"highway":"motorway","name":"Autoroute de l’Est"},"geometry":{"type":"LineString","coordinates":[[3.038687,48.9468792],[3.0381215,48.9460895],[3.0377272,48.9455459],[3.0373489,48.9450214],[3.0369854,48.9445533]]}},{"type":"Feature","properties":{"relief":0.9,"sinuosity":0,"highway":"motorway","name":"Autoroute de l’Est"},"geometry":{"type":"LineString","coordinates":[[3.0319523,48.9400822],[3.031529,48.9397231],[3.031133,48.9393386],[3.030669,48.938872],[3.0303502,48.9385104],[3.0299549,48.9380471],[3.0294563,48.9374405]]}},{"type":"Feature","properties":{"relief":0.75,"sinuosity":0,"highway":"motorway","name":"Autoroute de l’Est"},"geometry":{"type":"LineString","coordinates":[[2.9938542,48.9202457],[2.9907729,48.9193719],[2.9895071,48.9190085]]}},{"type":"Feature","properties":{"relief":0.88,"sinuosity":0,"highway":"motorway","name":"Autoroute de l’Est"},"geometry":{"type":"LineString","coordinates":[[2.9072821,48.8935174],[2.906196,48.892754],[2.9047138,48.8916968]]}},{"type":"Feature","properties":{"relief":0.743,"sinuosity":0,"highway":"motorway","name":"Autoroute de l’Est"},"geometry":{"type":"LineString","coordinates":[[2.9037837,48.8910575],[2.9031634,48.8906404],[2.9024543,48.8901844],[2.9012219,48.8894123],[2.9004599,48.8889598]]}},{"type":"Feature","properties":{"relief":0.75,"sinuosity":0,"highway":"tertiary","name":"Rue du Fond du Val"},"geometry":{"type":"LineString","coordinates":[[1.390853,49.1629622],[1.3909763,49.1628856],[1.39114,49.162784],[1.391328,49.1627046],[1.3916723,49.1625593],[1.3920666,49.1623453],[1.3930778,49.1617437],[1.3938887,49.1612378]]}},{"type":"Feature","properties":{"relief":0.703,"sinuosity":0,"highway":"primary","name":"Route de Melun"},"geometry":{"type":"LineString","coordinates":[[2.5723143,48.4872983],[2.5724119,48.4873983],[2.5725387,48.4875283],[2.5730448,48.4879683],[2.5732633,48.4881391],[2.5734905,48.48831],[2.5736832,48.4884406],[2.5738977,48.4885765],[2.5740665,48.4886789],[2.5742711,48.4887913],[2.5754738,48.4894295]]}},{"type":"Feature","properties":{"relief":0.397,"sinuosity":0,"highway":"secondary"},"geometry":{"type":"LineString","coordinates":[[1.8648368,48.3227122],[1.8654634,48.3228149],[1.8658668,48.3228777],[1.8662208,48.3229462],[1.8666875,48.3230671],[1.8674268,48.3233022],[1.8681167,48.3235016],[1.8685973,48.3236082]]}},{"type":"Feature","properties":{"relief":0.502,"sinuosity":0,"highway":"motorway","name":"Autoroute du Soleil"},"geometry":{"type":"LineString","coordinates":[[2.7658945,48.2230093],[2.7666442,48.2223132],[2.7669801,48.222016],[2.7675941,48.2214918],[2.7679749,48.2211713],[2.7681688,48.2210081],[2.768635,48.2206342]]}},{"type":"Feature","properties":{"relief":0.75,"sinuosity":0,"highway":"tertiary","name":"Route des Crêtes"},"geometry":{"type":"LineString","coordinates":[[1.688176,49.08576],[1.6880637,49.0857664],[1.6876762,49.085804],[1.6873252,49.085838],[1.6841926,49.0860971]]}},{"type":"Feature","properties":{"relief":0.654,"sinuosity":0,"highway":"trunk"},"geometry":{"type":"LineString","coordinates":[[1.9581033,49.0719437],[1.9577598,49.0720396],[1.9574225,49.0721426],[1.9571095,49.0722475],[1.9565693,49.0724412],[1.9531232,49.073781]]}},{"type":"Feature","properties":{"relief":0.663,"sinuosity":0,"highway":"trunk"},"geometry":{"type":"LineString","coordinates":[[1.9529534,49.0737512],[1.954344,49.0732044],[1.9557703,49.07265],[1.9568385,49.0722406]]}},{"type":"Feature","properties":{"relief":0.421,"sinuosity":0,"highway":"tertiary"},"geometry":{"type":"LineString","coordinates":[[1.510066,48.2637384],[1.5098879,48.2636148],[1.5097429,48.263534],[1.5096688,48.2634884],[1.5081062,48.2625976],[1.5080483,48.262557],[1.5079433,48.2624834],[1.5078041,48.2623797],[1.504936,48.2602466]]}},{"type":"Feature","properties":{"relief":0.69,"sinuosity":0,"highway":"primary"},"geometry":{"type":"LineString","coordinates":[[1.6395766,49.2386188],[1.6409269,49.2387092],[1.6427497,49.238853],[1.6440233,49.2389376]]}},{"type":"Feature","properties":{"relief":0.59,"sinuosity":0,"highway":"secondary","name":"Avenue Gambetta"},"geometry":{"type":"LineString","coordinates":[[1.4637893,48.453983],[1.4637347,48.4539968],[1.4623828,48.454333],[1.4620795,48.4544226],[1.4617588,48.454515],[1.4611828,48.4546678],[1.4605691,48.454822],[1.4605036,48.4548391],[1.4595867,48.4550789]]}},{"type":"Feature","properties":{"relief":0.9,"sinuosity":0,"highway":"trunk","name":"La Francilienne"},"geometry":{"type":"LineString","coordinates":[[2.226434,48.6319969],[2.2274728,48.6316667],[2.2281494,48.6314637],[2.2289078,48.6312593],[2.2295243,48.6311089],[2.2300017,48.6310011]]}},{"type":"Feature","properties":{"relief":0.9,"sinuosity":0,"highway":"secondary","name":"Avenue Charles de Gaulle"},"geometry":{"type":"LineString","coordinates":[[2.3212494,48.9815701],[2.3213185,48.9816321],[2.3213957,48.9816948],[2.3214699,48.9817482],[2.3215482,48.9817996],[2.3216417,48.9818509],[2.3217433,48.9819023],[2.3218287,48.9819403],[2.3219263,48.9819763],[2.3221625,48.9820564],[2.3228916,48.9823071],[2.3229574,48.9823297],[2.3231862,48.9824084],[2.3234188,48.9824884],[2.3235698,48.9825403],[2.3236894,48.9825814],[2.3247097,48.982932]]}},{"type":"Feature","properties":{"relief":0.483,"sinuosity":0,"highway":"tertiary","name":"Route de Villeneuve"},"geometry":{"type":"LineString","coordinates":[[3.0236594,48.7135639],[3.022273,48.7128038],[3.0222279,48.712779],[3.0204651,48.7120162]]}},{"type":"Feature","properties":{"relief":0.75,"sinuosity":0,"highway":"tertiary","name":"Rue du Général de Gaulle"},"geometry":{"type":"LineString","coordinates":[[2.5444953,48.7778612],[2.5438677,48.7775964],[2.5437413,48.7775504],[2.543657,48.7775159],[2.5433819,48.7774108],[2.5427838,48.7771924],[2.5415245,48.7767157],[2.5413536,48.7766636],[2.5413132,48.7766564],[2.5412359,48.7766462],[2.5411196,48.7766631]]}},{"type":"Feature","properties":{"relief":0.417,"sinuosity":0,"highway":"secondary","name":"Route de Meaux"},"geometry":{"type":"LineString","coordinates":[[2.8650074,48.7578482],[2.865026,48.7577337],[2.8650572,48.7574075],[2.8650808,48.7571815],[2.8650991,48.7570099],[2.8652369,48.7557188],[2.8652289,48.7555385],[2.8652611,48.7553543],[2.8653549,48.7544096]]}},{"type":"Feature","properties":{"relief":0.658,"sinuosity":0,"highway":"secondary","name":"Route de Coulommiers"},"geometry":{"type":"LineString","coordinates":[[2.8736289,48.7564222],[2.8738119,48.7564827],[2.8739337,48.7565232],[2.8742056,48.7566308],[2.8744114,48.7567219],[2.8748479,48.7569438],[2.875715,48.7573983],[2.8758699,48.75748],[2.876924,48.7580348]]}},{"type":"Feature","properties":{"relief":0.528,"sinuosity":0,"highway":"tertiary"},"geometry":{"type":"LineString","coordinates":[[2.9093487,48.7549906],[2.9094707,48.7552405],[2.9101041,48.7567196],[2.9107135,48.7581239]]}},{"type":"Feature","properties":{"relief":0.576,"sinuosity":0,"highway":"secondary","name":"Rue de Chartres"},"geometry":{"type":"LineString","coordinates":[[1.4928155,48.3955524],[1.4928187,48.3957914],[1.4928259,48.3959409],[1.4929396,48.3967516],[1.4929308,48.3968981],[1.4929155,48.3970089],[1.4929002,48.3971196],[1.4928306,48.3977273],[1.4928214,48.3978079],[1.492812,48.3979622],[1.4928101,48.397994],[1.4928037,48.3981007]]}},{"type":"Feature","properties":{"relief":0.9,"sinuosity":0,"highway":"motorway_link"},"geometry":{"type":"LineString","coordinates":[[1.585299,49.0299281],[1.5854238,49.0297453],[1.5855881,49.0294898],[1.5857396,49.0292163],[1.585926,49.0287133],[1.5860538,49.0280856],[1.5860684,49.0274555]]}},{"type":"Feature","properties":{"relief":0.597,"sinuosity":0,"highway":"trunk"},"geometry":{"type":"LineString","coordinates":[[2.8593258,48.7587214],[2.8592487,48.7583255],[2.8591686,48.7578641],[2.8591044,48.7574722],[2.8590518,48.7571153],[2.8587139,48.7544461]]}},{"type":"Feature","properties":{"relief":0.38,"sinuosity":0,"highway":"trunk"},"geometry":{"type":"LineString","coordinates":[[2.8576025,48.7457793],[2.8573513,48.7437416],[2.8572527,48.7429864]]}},{"type":"Feature","properties":{"relief":0.563,"sinuosity":0,"highway":"primary"},"geometry":{"type":"LineString","coordinates":[[2.055386,48.845412],[2.0539197,48.8474095],[2.0536823,48.8477501]]}},{"type":"Feature","properties":{"relief":0.752,"sinuosity":0,"highway":"tertiary","name":"Rue de la Gruette"},"geometry":{"type":"LineString","coordinates":[[1.461437,48.6693322],[1.4614586,48.6694605],[1.4615786,48.6697413],[1.4619416,48.6701922],[1.461966,48.6702226],[1.4626652,48.6709078],[1.4628233,48.6710673],[1.4628531,48.6710953],[1.4629539,48.6711903],[1.4630214,48.6712464],[1.4630741,48.6712937],[1.463744,48.6719119]]}},{"type":"Feature","properties":{"relief":0.9,"sinuosity":0,"highway":"secondary"},"geometry":{"type":"LineString","coordinates":[[2.0479254,49.1795409],[2.047927,49.1796616],[2.0479159,49.1798733],[2.0478922,49.1800558],[2.0478434,49.1802971],[2.047771,49.1805628],[2.0475627,49.1813173],[2.0472959,49.1823064]]}},{"type":"Feature","properties":{"relief":0.413,"sinuosity":0,"highway":"primary"},"geometry":{"type":"LineString","coordinates":[[2.2001799,48.3097029],[2.2002332,48.3090317],[2.2005824,48.3048183]]}},{"type":"Feature","properties":{"relief":0.75,"sinuosity":0,"highway":"primary","name":"Avenue de Soissons"},"geometry":{"type":"LineString","coordinates":[[3.3944438,49.0711078],[3.3949136,49.0726824],[3.3953161,49.0740597]]}},{"type":"Feature","properties":{"relief":0.39,"sinuosity":0,"highway":"trunk"},"geometry":{"type":"LineString","coordinates":[[1.5957489,48.3663354],[1.5976561,48.364859],[1.5989222,48.36393]]}},{"type":"Feature","properties":{"relief":0.723,"sinuosity":0.709,"highway":"tertiary"},"geometry":{"type":"LineString","coordinates":[[1.7773245,48.1711414],[1.7772655,48.1715134],[1.7772203,48.1715771],[1.7770777,48.1717782],[1.7766861,48.1719749],[1.7749963,48.1725044],[1.7745189,48.1727548]]}},{"type":"Feature","properties":{"relief":0.9,"sinuosity":0.7,"highway":"tertiary"},"geometry":{"type":"LineString","coordinates":[[1.5946534,48.5887687],[1.5946491,48.5887239],[1.594657,48.5886881],[1.5946866,48.5886343],[1.5947347,48.5885897],[1.5949104,48.5885134],[1.5964446,48.5881657],[1.5978179,48.5877967],[1.5988908,48.5874915]]}},{"type":"Feature","properties":{"relief":0.587,"sinuosity":0,"highway":"tertiary"},"geometry":{"type":"LineString","coordinates":[[1.4167648,48.6703534],[1.4168285,48.6710449],[1.4173674,48.6721853],[1.4178604,48.6741889]]}},{"type":"Feature","properties":{"relief":0.661,"sinuosity":0,"highway":"tertiary"},"geometry":{"type":"LineString","coordinates":[[3.5763502,48.8916325],[3.5764655,48.8916932],[3.5765782,48.8917443],[3.5767083,48.8917981],[3.5768853,48.8918686],[3.5773413,48.8920423],[3.5787573,48.8925339],[3.5789273,48.8925944],[3.5790572,48.892645],[3.5791418,48.8926816],[3.579241,48.8927288],[3.579332,48.8927751],[3.5794321,48.8928293],[3.5795501,48.8928994],[3.5797331,48.8930159]]}},{"type":"Feature","properties":{"relief":0.9,"sinuosity":0,"highway":"tertiary","name":"Rue de la Perotte"},"geometry":{"type":"LineString","coordinates":[[1.382171,48.6236413],[1.3820999,48.6233929],[1.3819848,48.6230741],[1.3818804,48.6228835],[1.3818073,48.6227649],[1.3816913,48.6226352],[1.3814877,48.6224445],[1.3811562,48.6222094],[1.3809082,48.6220512],[1.3806859,48.6218954],[1.3804927,48.6217696],[1.3802875,48.6216468],[1.3799168,48.6214819]]}},{"type":"Feature","properties":{"relief":0.623,"sinuosity":0,"highway":"tertiary"},"geometry":{"type":"LineString","coordinates":[[1.3818449,48.5769095],[1.3816625,48.5771295],[1.3815981,48.5772076],[1.3799673,48.5779103],[1.3787443,48.5784072]]}},{"type":"Feature","properties":{"relief":0.522,"sinuosity":0,"highway":"secondary"},"geometry":{"type":"LineString","coordinates":[[1.5953172,48.3740232],[1.5959011,48.373654],[1.5981744,48.3722167]]}},{"type":"Feature","properties":{"relief":0.667,"sinuosity":0,"highway":"tertiary","name":"Rue du Clos"},"geometry":{"type":"LineString","coordinates":[[3.2160505,48.6229073],[3.2173006,48.6229922],[3.217355,48.6229959],[3.2195737,48.6240686]]}},{"type":"Feature","properties":{"relief":0.518,"sinuosity":0,"highway":"tertiary"},"geometry":{"type":"LineString","coordinates":[[3.1406307,48.5753505],[3.1407253,48.5756343],[3.1408551,48.5758789],[3.1410267,48.5760739],[3.1416735,48.5765936],[3.1418231,48.5767784],[3.1418693,48.5769604],[3.1418627,48.5771307],[3.1417681,48.577496],[3.1416801,48.5776954]]}},{"type":"Feature","properties":{"relief":0.75,"sinuosity":0,"highway":"secondary"},"geometry":{"type":"LineString","coordinates":[[3.0802152,48.4144978],[3.081627,48.414885],[3.0837711,48.4154579]]}},{"type":"Feature","properties":{"relief":0.67,"sinuosity":0,"highway":"tertiary","name":"Route de Néron"},"geometry":{"type":"LineString","coordinates":[[1.5487486,48.6205603],[1.5489954,48.6205886],[1.5513772,48.6212766],[1.5517875,48.6213878],[1.5535947,48.6219008]]}},{"type":"Feature","properties":{"relief":0.611,"sinuosity":0,"highway":"tertiary"},"geometry":{"type":"LineString","coordinates":[[1.5077483,48.3254897],[1.5065027,48.3248673],[1.5025834,48.323013]]}},{"type":"Feature","properties":{"relief":0.567,"sinuosity":0,"highway":"tertiary"},"geometry":{"type":"LineString","coordinates":[[1.5106299,48.3375458],[1.5102736,48.337679],[1.5078935,48.338604],[1.5059979,48.3393628]]}},{"type":"Feature","properties":{"relief":0.63,"sinuosity":0,"highway":"tertiary","name":"Grande Rue de Vacheresses"},"geometry":{"type":"LineString","coordinates":[[1.5287355,48.6212105],[1.529,48.6216156],[1.5292244,48.621918],[1.5294633,48.6221995],[1.5295047,48.6222624],[1.5295282,48.6222979],[1.529676,48.6226335],[1.5297566,48.6227342],[1.5299241,48.6228696],[1.5303927,48.6232804],[1.5308377,48.6236236]]}},{"type":"Feature","properties":{"relief":0.76,"sinuosity":0,"highway":"tertiary"},"geometry":{"type":"LineString","coordinates":[[1.5087238,48.6058677],[1.50853,48.6059909],[1.5080353,48.6062729],[1.5073098,48.6066962],[1.5065204,48.6071102],[1.5056443,48.6073797]]}},{"type":"Feature","properties":{"relief":0.9,"sinuosity":0,"highway":"primary","name":"Avenue de Mantes"},"geometry":{"type":"LineString","coordinates":[[1.6450943,48.9994377],[1.6428034,48.9996259],[1.6414073,48.999742],[1.6413136,48.9997507]]}},{"type":"Feature","properties":{"relief":0.596,"sinuosity":0,"highway":"secondary","name":"Rue du Vexin"},"geometry":{"type":"LineString","coordinates":[[1.867766,49.0429858],[1.8675222,49.0431565],[1.8674482,49.0432193],[1.8673353,49.0433369],[1.8672552,49.0434298],[1.867221,49.0434943],[1.8671873,49.0435769],[1.8671522,49.0436894],[1.8671435,49.043798],[1.8671486,49.0438762],[1.8671652,49.0439661],[1.8671931,49.0440627],[1.8672357,49.0441471],[1.8673058,49.0442584],[1.8673666,49.0443384],[1.8675349,49.0445008],[1.867961,49.0448789],[1.8679746,49.0448914],[1.8683651,49.0452383]]}},{"type":"Feature","properties":{"relief":0.376,"sinuosity":0,"highway":"tertiary"},"geometry":{"type":"LineString","coordinates":[[1.6862894,48.535317],[1.6875241,48.5351415],[1.6883708,48.5350097],[1.6889374,48.5348896],[1.6892645,48.5348137],[1.6899491,48.5346445]]}},{"type":"Feature","properties":{"relief":0.75,"sinuosity":0,"highway":"tertiary"},"geometry":{"type":"LineString","coordinates":[[1.6936494,48.5334699],[1.6939179,48.5333768],[1.6941,48.5333136],[1.6944219,48.5331573],[1.694851,48.5329015],[1.6954089,48.5324753],[1.6962029,48.531779],[1.6966106,48.5313953]]}},{"type":"Feature","properties":{"relief":0.75,"sinuosity":0,"highway":"secondary"},"geometry":{"type":"LineString","coordinates":[[1.7039535,48.5334263],[1.7030616,48.5325215],[1.7025342,48.5319211],[1.7021965,48.5314282],[1.7018749,48.5310518]]}},{"type":"Feature","properties":{"relief":0.71,"sinuosity":0,"highway":"secondary","name":"Route de la Ferté-Alais"},"geometry":{"type":"LineString","coordinates":[[2.2572465,48.5795551],[2.2572539,48.5794096],[2.2572713,48.5792636],[2.257388,48.5786874],[2.2574276,48.5785037],[2.2576245,48.5777228],[2.257789,48.5771754],[2.257978,48.5766003]]}},{"type":"Feature","properties":{"relief":0.69,"sinuosity":0,"highway":"secondary"},"geometry":{"type":"LineString","coordinates":[[1.6444098,48.6768268],[1.6443554,48.6768671],[1.6438108,48.6772639],[1.6433425,48.6775342],[1.6429766,48.6777194],[1.6421221,48.6780268],[1.6412646,48.6782827]]}},{"type":"Feature","properties":{"relief":0.477,"sinuosity":0,"highway":"tertiary","name":"Route de Longjumeau"},"geometry":{"type":"LineString","coordinates":[[2.2980462,48.7134745],[2.2980193,48.7132991],[2.2980099,48.7132432],[2.2980035,48.7131947],[2.297998,48.7131559],[2.2979365,48.7127174],[2.2979064,48.7124547],[2.2978847,48.712318],[2.297872,48.7122232],[2.2977537,48.7114341],[2.297725,48.7112508],[2.297625,48.7105277]]}},{"type":"Feature","properties":{"relief":0.9,"sinuosity":0,"highway":"secondary","name":"Chemin de Sainte-Claire"},"geometry":{"type":"LineString","coordinates":[[2.2256601,48.660436],[2.2263721,48.6602377],[2.227211,48.6600154],[2.2280162,48.6598305],[2.2288168,48.6596562],[2.2310257,48.6591844]]}},{"type":"Feature","properties":{"relief":0.75,"sinuosity":0,"highway":"tertiary"},"geometry":{"type":"LineString","coordinates":[[1.5939641,48.741409],[1.5956561,48.7412464],[1.5962462,48.7412752],[1.5982217,48.7416574]]}},{"type":"Feature","properties":{"relief":0.649,"sinuosity":0.7,"highway":"secondary","name":"Rue de la Fée"},"geometry":{"type":"LineString","coordinates":[[1.535722,48.7138854],[1.5358039,48.71364],[1.5358488,48.7135848],[1.5358713,48.7135199],[1.5359455,48.713255],[1.5360093,48.7130298],[1.5360228,48.7128863],[1.5360142,48.7127575],[1.535917,48.7125753],[1.5356053,48.7121099],[1.5354578,48.711846],[1.5353747,48.7116174],[1.5352621,48.711224]]}},{"type":"Feature","properties":{"relief":0.853,"sinuosity":0,"highway":"secondary","name":"Route de Longnes"},"geometry":{"type":"LineString","coordinates":[[1.5544451,48.9383459],[1.553894,48.9386829],[1.5535677,48.9388617],[1.5532966,48.938983],[1.553021,48.9390799],[1.5512128,48.939596],[1.5509602,48.9396607]]}},{"type":"Feature","properties":{"relief":0.75,"sinuosity":0,"highway":"tertiary","name":"Rue de Bu"},"geometry":{"type":"LineString","coordinates":[[1.5240458,48.8485557],[1.5232667,48.848383],[1.5229777,48.8482633],[1.5224084,48.8479523],[1.5216252,48.8475993],[1.5213355,48.8474298],[1.5211746,48.8472463],[1.5210673,48.846985]]}},{"type":"Feature","properties":{"relief":0.9,"sinuosity":0,"highway":"primary","name":"Boulevard de l'Europe"},"geometry":{"type":"LineString","coordinates":[[1.6879815,48.9178],[1.6862598,48.917063],[1.6861328,48.917004],[1.685161,48.9165802],[1.6839793,48.9160717]]}},{"type":"Feature","properties":{"relief":0.577,"sinuosity":0,"highway":"tertiary"},"geometry":{"type":"LineString","coordinates":[[1.5500916,48.1335528],[1.5508846,48.1333568],[1.5529494,48.1325489],[1.5532788,48.1324093],[1.5538364,48.1321556]]}},{"type":"Feature","properties":{"relief":0.554,"sinuosity":0.7,"highway":"secondary","name":"Rue Saint-Jacques"},"geometry":{"type":"LineString","coordinates":[[1.5955863,48.2124886],[1.5956897,48.2125226],[1.5957853,48.2125413],[1.5959312,48.2125456],[1.5961608,48.2125056],[1.596429,48.2124698],[1.5966222,48.2124698],[1.5968367,48.2124984],[1.5970513,48.2125127],[1.597223,48.2125199],[1.5973946,48.2124984],[1.5979847,48.2123268],[1.6004266,48.2116805]]}},{"type":"Feature","properties":{"relief":0.9,"sinuosity":0,"highway":"motorway"},"geometry":{"type":"LineString","coordinates":[[3.2352546,48.2179674],[3.234681,48.2173181],[3.2341413,48.216721],[3.232984,48.2155763]]}},{"type":"Feature","properties":{"relief":0.813,"sinuosity":0,"highway":"primary","name":"Boulevard Jacques Duclos"},"geometry":{"type":"LineString","coordinates":[[2.0918903,49.0158413],[2.0922325,49.0160771],[2.092576,49.0162944],[2.0929026,49.0164862],[2.0958356,49.0182328]]}},{"type":"Feature","properties":{"relief":0.663,"sinuosity":0,"highway":"tertiary","name":"Rue des Acacias"},"geometry":{"type":"LineString","coordinates":[[1.417412,48.4522702],[1.4173905,48.4533027],[1.4173876,48.4534443],[1.4174703,48.4538542],[1.417733,48.4542872],[1.4178218,48.454588],[1.4178019,48.4547421],[1.4177904,48.4548309]]}},{"type":"Feature","properties":{"relief":0.9,"sinuosity":0,"highway":"tertiary"},"geometry":{"type":"LineString","coordinates":[[1.7425457,48.9375925],[1.7426505,48.9375412],[1.7442679,48.9366867],[1.7443414,48.9366576],[1.7445596,48.9365532],[1.7458587,48.9359316]]}},{"type":"Feature","properties":{"relief":1,"sinuosity":0.791,"highway":"secondary","name":"Grande Rue"},"geometry":{"type":"LineString","coordinates":[[1.6409847,48.4434917],[1.6411763,48.4435081],[1.6414964,48.4435755],[1.6417751,48.4436465],[1.6419626,48.443657],[1.6421617,48.4436441],[1.6425773,48.4435933],[1.6430968,48.4435041],[1.6432913,48.4434416],[1.643454,48.4433554],[1.643548,48.4432504],[1.6437495,48.4428876],[1.6439071,48.4427136],[1.6441918,48.4424659]]}},{"type":"Feature","properties":{"relief":0.539,"sinuosity":0,"highway":"motorway"},"geometry":{"type":"LineString","coordinates":[[2.0488554,48.9099881],[2.0475006,48.9109447],[2.0469306,48.9113491],[2.0457555,48.9121863]]}},{"type":"Feature","properties":{"relief":0.753,"sinuosity":0,"highway":"tertiary","name":"Route de Coulomb"},"geometry":{"type":"LineString","coordinates":[[1.5296601,48.6660778],[1.5292202,48.6663045],[1.5285979,48.6665951],[1.5282224,48.6668501],[1.5279435,48.6671123],[1.5277289,48.6673887],[1.527289,48.6680264]]}},{"type":"Feature","properties":{"relief":0.422,"sinuosity":0,"highway":"secondary"},"geometry":{"type":"LineString","coordinates":[[1.640607,48.4076365],[1.6414083,48.407496],[1.6422617,48.4073365],[1.6468956,48.4064713]]}},{"type":"Feature","properties":{"relief":0.643,"sinuosity":0,"highway":"tertiary","name":"Rue du Bois Belleau"},"geometry":{"type":"LineString","coordinates":[[3.0800749,49.0897853],[3.0802059,49.089872],[3.0805158,49.090053],[3.0806565,49.090139],[3.0807455,49.0902256],[3.0810133,49.0904798],[3.0813031,49.0907491],[3.081429,49.0908776],[3.0815712,49.0910001],[3.081657,49.0910634],[3.0817462,49.0911214],[3.0818266,49.0911721],[3.0821962,49.0913036],[3.0832994,49.0915713]]}},{"type":"Feature","properties":{"relief":0.483,"sinuosity":0.764,"highway":"tertiary"},"geometry":{"type":"LineString","coordinates":[[1.4175925,48.5130264],[1.4175274,48.5129432],[1.417401,48.5127816],[1.4173165,48.5126396],[1.417271,48.5125134],[1.4172429,48.5124029],[1.4172212,48.5122437],[1.4172126,48.5120572],[1.4172191,48.5119352],[1.4172472,48.511578],[1.4172386,48.511426],[1.4172169,48.5113241],[1.4171736,48.5111993],[1.4171,48.5110759],[1.4170415,48.5110142],[1.4169679,48.5109698],[1.4168813,48.510931],[1.416773,48.5109095],[1.4166474,48.5108966],[1.4162792,48.5108779]]}},{"type":"Feature","properties":{"relief":0.9,"sinuosity":0,"highway":"tertiary","name":"Rue du Gué"},"geometry":{"type":"LineString","coordinates":[[3.1658696,48.4419596],[3.1657376,48.4421906],[3.1651701,48.4430873],[3.1642328,48.4438166],[3.1641452,48.4438817],[3.1639348,48.4440851],[3.1637903,48.4442818]]}},{"type":"Feature","properties":{"relief":0.813,"sinuosity":0,"highway":"secondary","name":"Avenue Carnot"},"geometry":{"type":"LineString","coordinates":[[2.09192,49.0155317],[2.0919477,49.0154136],[2.0920883,49.014814],[2.0921442,49.0145756],[2.0921868,49.0144306],[2.0926522,49.0128448]]}},{"type":"Feature","properties":{"relief":0.793,"sinuosity":0,"highway":"secondary"},"geometry":{"type":"LineString","coordinates":[[2.5432343,49.0858152],[2.5427865,49.0860081],[2.5425381,49.0861215],[2.5423359,49.0862276],[2.5421548,49.0863278],[2.5419925,49.0864323],[2.5418557,49.0865277],[2.541735,49.0866238],[2.5416184,49.0867239],[2.5414412,49.086894],[2.5414185,49.0869154],[2.5412458,49.0870975],[2.5409612,49.0874046],[2.5406541,49.0877295]]}},{"type":"Feature","properties":{"relief":0.9,"sinuosity":0,"highway":"tertiary"},"geometry":{"type":"LineString","coordinates":[[1.6893062,49.1181928],[1.6890554,49.1174036],[1.6890483,49.1173013],[1.689045,49.1172235],[1.6891674,49.1164366],[1.6892323,49.1155716]]}},{"type":"Feature","properties":{"relief":0.85,"sinuosity":1,"highway":"tertiary","name":"Rue du Professeur Mariller"},"geometry":{"type":"LineString","coordinates":[[1.8838722,48.7572178],[1.8842041,48.7574646],[1.8844173,48.7575399],[1.884632,48.7575902],[1.8850964,48.7577136],[1.8852508,48.7577933],[1.885326,48.757913],[1.885288,48.7580723],[1.8851857,48.7581624],[1.8850153,48.7582405],[1.8848986,48.7582668],[1.8847452,48.7582718],[1.8844074,48.7582465],[1.8842726,48.7582496],[1.8841379,48.7582673],[1.883983,48.7583693]]}},{"type":"Feature","properties":{"relief":0.83,"sinuosity":0.7,"highway":"tertiary"},"geometry":{"type":"LineString","coordinates":[[1.7122223,48.4855693],[1.7119863,48.4855266],[1.7117395,48.4855835],[1.7103233,48.4867782],[1.7088749,48.4877524]]}},{"type":"Feature","properties":{"relief":0.637,"sinuosity":0,"highway":"secondary"},"geometry":{"type":"LineString","coordinates":[[1.9260154,48.6681739],[1.926483,48.6678088],[1.9268592,48.6674987],[1.9277882,48.6666784],[1.9285067,48.6660004]]}},{"type":"Feature","properties":{"relief":0.84,"sinuosity":0,"highway":"secondary"},"geometry":{"type":"LineString","coordinates":[[3.5079321,48.4443963],[3.5074548,48.4435717],[3.5061609,48.4413149]]}},{"type":"Feature","properties":{"relief":0.867,"sinuosity":0,"highway":"tertiary"},"geometry":{"type":"LineString","coordinates":[[3.4773749,48.5317311],[3.4782844,48.531966],[3.4800649,48.5324258],[3.483295,48.5332635]]}},{"type":"Feature","properties":{"relief":0.75,"sinuosity":0,"highway":"tertiary"},"geometry":{"type":"LineString","coordinates":[[3.4938746,48.5332395],[3.4940642,48.533199],[3.4973273,48.5324262],[3.4973984,48.5324094]]}},{"type":"Feature","properties":{"relief":0.61,"sinuosity":0,"highway":"primary"},"geometry":{"type":"LineString","coordinates":[[2.5277301,48.6673645],[2.5276882,48.6676714],[2.5276364,48.6678977],[2.5275148,48.6682796],[2.5273795,48.668568],[2.527174,48.6689432],[2.5270221,48.669221],[2.5255357,48.6717982]]}},{"type":"Feature","properties":{"relief":0.867,"sinuosity":0,"highway":"secondary","name":"Avenue du Général de Gaulle"},"geometry":{"type":"LineString","coordinates":[[2.7216102,48.839239],[2.72468,48.839606],[2.7255726,48.8397128]]}},{"type":"Feature","properties":{"relief":0.867,"sinuosity":0,"highway":"motorway_link"},"geometry":{"type":"LineString","coordinates":[[2.2519532,48.7105304],[2.2519559,48.7106852],[2.252035,48.7109082],[2.2521557,48.7112551],[2.2523783,48.7119144],[2.2525057,48.7122569],[2.2526425,48.712617],[2.2529228,48.7133179]]}},{"type":"Feature","properties":{"relief":0.858,"sinuosity":0,"highway":"tertiary"},"geometry":{"type":"LineString","coordinates":[[1.5527248,49.2438398],[1.5525967,49.2436896],[1.5525055,49.2434996],[1.5524532,49.2433262],[1.5524183,49.2431073],[1.5524116,49.2429191],[1.5524421,49.2427217],[1.5525055,49.2425076],[1.5525837,49.2423154],[1.5527026,49.2421267],[1.5528712,49.2419232],[1.5530956,49.2417178],[1.5533347,49.2415589],[1.554257,49.2410156]]}},{"type":"Feature","properties":{"relief":0.534,"sinuosity":0,"highway":"tertiary"},"geometry":{"type":"LineString","coordinates":[[1.5535493,49.2311771],[1.5533991,49.2305746],[1.5531845,49.229916],[1.5529561,49.2294715],[1.5527911,49.2291011],[1.552594,49.2287805],[1.5500546,49.2250228]]}},{"type":"Feature","properties":{"relief":0.78,"sinuosity":0,"highway":"motorway"},"geometry":{"type":"LineString","coordinates":[[2.1822256,48.9954335],[2.1823385,48.9953666],[2.1845978,48.9940286],[2.1856759,48.9934608]]}},{"type":"Feature","properties":{"relief":0.579,"sinuosity":0,"highway":"motorway","name":"Tunnel de Nogent"},"geometry":{"type":"LineString","coordinates":[[2.4930628,48.8443938],[2.4929987,48.8446189],[2.4928724,48.8449568],[2.4927506,48.8452314],[2.4925081,48.8456972],[2.4923229,48.8460872],[2.4922209,48.8463656],[2.4920929,48.8467434],[2.4915518,48.8483993]]}},{"type":"Feature","properties":{"relief":0.54,"sinuosity":0,"highway":"secondary"},"geometry":{"type":"LineString","coordinates":[[3.3991239,48.0887498],[3.3986089,48.0889361],[3.3976965,48.0892004],[3.3950577,48.089961]]}},{"type":"Feature","properties":{"relief":0.9,"sinuosity":0,"highway":"tertiary"},"geometry":{"type":"LineString","coordinates":[[3.3499785,48.1056312],[3.3526486,48.1069119],[3.3539897,48.107193]]}},{"type":"Feature","properties":{"relief":0.596,"sinuosity":0,"highway":"tertiary"},"geometry":{"type":"LineString","coordinates":[[1.8699634,48.2947103],[1.8694036,48.2951189],[1.8685196,48.2957692],[1.8675974,48.2964455],[1.8671981,48.2967318]]}},{"type":"Feature","properties":{"relief":0.567,"sinuosity":0,"highway":"primary","name":"Avenue de Paris"},"geometry":{"type":"LineString","coordinates":[[2.1376047,48.8002473],[2.1375859,48.8002523],[2.1375101,48.8002724],[2.1365927,48.8005192],[2.1364568,48.8005558],[2.1362751,48.8006046],[2.1356344,48.8007769],[2.1346097,48.8010524],[2.1344298,48.8011004],[2.1343916,48.8011107],[2.134284,48.8011399],[2.1341118,48.8011863],[2.1339531,48.8012289]]}},{"type":"Feature","properties":{"relief":0.485,"sinuosity":0,"highway":"tertiary","name":"Route de Hanches"},"geometry":{"type":"LineString","coordinates":[[1.6868075,48.5860496],[1.6878268,48.5855174],[1.6885295,48.5850099],[1.68942,48.5843818],[1.6900852,48.5840553]]}},{"type":"Feature","properties":{"relief":0.9,"sinuosity":0,"highway":"secondary","name":"Route de Sens"},"geometry":{"type":"LineString","coordinates":[[3.2629078,48.2193605],[3.2628608,48.2195787],[3.2625285,48.2211648],[3.2623521,48.2219883]]}},{"type":"Feature","properties":{"relief":0.85,"sinuosity":0.784,"highway":"tertiary","name":"Route des Clérimois"},"geometry":{"type":"LineString","coordinates":[[3.3996791,48.2020271],[3.3990517,48.2019544],[3.3987388,48.2019064],[3.3985749,48.2018812],[3.3979003,48.2017776],[3.3976534,48.201747],[3.3975628,48.2017779],[3.397476,48.2018573],[3.3971203,48.2022409],[3.3969231,48.2023894],[3.3967631,48.202483],[3.3964712,48.2025574]]}},{"type":"Feature","properties":{"relief":0.75,"sinuosity":0,"highway":"tertiary"},"geometry":{"type":"LineString","coordinates":[[3.5422991,48.2141291],[3.54198,48.2148007],[3.5412253,48.2163887],[3.5403005,48.2185547]]}},{"type":"Feature","properties":{"relief":0.72,"sinuosity":0,"highway":"secondary","name":"Faubourg de Villeperrot"},"geometry":{"type":"LineString","coordinates":[[3.2178519,48.2763824],[3.2160206,48.2779304],[3.2156283,48.2782184]]}},{"type":"Feature","properties":{"relief":0.98,"sinuosity":0.7,"highway":"tertiary","name":"Hameau de Beauciard"},"geometry":{"type":"LineString","coordinates":[[3.5775375,48.114155],[3.5767156,48.1140874],[3.5762983,48.113927],[3.5758052,48.1136344],[3.5747978,48.1132882],[3.5747499,48.1132795],[3.5741782,48.1131757],[3.5739201,48.1130508]]}},{"type":"Feature","properties":{"relief":0.409,"sinuosity":0,"highway":"primary","name":"Route d'Étampes"},"geometry":{"type":"LineString","coordinates":[[2.3203629,48.4068553],[2.3198065,48.406988],[2.3194405,48.4070409],[2.3172506,48.4072987],[2.3160646,48.4074299]]}},{"type":"Feature","properties":{"relief":0.78,"sinuosity":0,"highway":"tertiary"},"geometry":{"type":"LineString","coordinates":[[3.3171713,48.8001665],[3.3172998,48.8004158],[3.3173038,48.8004268],[3.317338,48.8005213],[3.3173568,48.8006494],[3.3173642,48.8007921],[3.3173521,48.8008967],[3.3173139,48.8010505],[3.3172086,48.801277],[3.3171321,48.8014528],[3.3170919,48.8015654],[3.3170383,48.8017527],[3.31699,48.8019784],[3.316931,48.8022885],[3.3168877,48.8025246],[3.3167553,48.8031395]]}},{"type":"Feature","properties":{"relief":0.447,"sinuosity":0,"highway":"secondary","name":"Boulevard du Courcerin"},"geometry":{"type":"LineString","coordinates":[[2.6356844,48.8239331],[2.6340568,48.8242762],[2.6313522,48.8248226]]}},{"type":"Feature","properties":{"relief":0.717,"sinuosity":0,"highway":"motorway","name":"Autoroute de l’Est"},"geometry":{"type":"LineString","coordinates":[[2.7242821,48.8289257],[2.7226782,48.829007],[2.713482,48.8295456]]}},{"type":"Feature","properties":{"relief":0.8,"sinuosity":0,"highway":"tertiary","name":"Avenue du Maréchal Juin"},"geometry":{"type":"LineString","coordinates":[[2.503366,48.936028],[2.5033875,48.9360456],[2.5034163,48.936069],[2.5034733,48.9361113],[2.5035216,48.9361518],[2.5036202,48.9362227],[2.5040882,48.9365605],[2.5042768,48.9367011],[2.5045106,48.9368693],[2.504978,48.9372136],[2.505153,48.9373426],[2.505674,48.9377265],[2.5062982,48.9381868]]}},{"type":"Feature","properties":{"relief":0.67,"sinuosity":0.7,"highway":"trunk_link"},"geometry":{"type":"LineString","coordinates":[[2.5855399,48.848488],[2.5856786,48.8485641],[2.5857575,48.8486055],[2.5858191,48.848624],[2.5859058,48.8486378],[2.5860573,48.8486397],[2.5865421,48.8485628],[2.5868408,48.84854],[2.5870941,48.8485534],[2.5873253,48.8485983],[2.5875799,48.8486781],[2.5878379,48.8487697],[2.5881354,48.8488763],[2.5884301,48.8489524],[2.5887532,48.8489903],[2.5890834,48.8490092],[2.5894852,48.8489824]]}},{"type":"Feature","properties":{"relief":0.683,"sinuosity":0,"highway":"motorway","name":"Autoroute de l’Est"},"geometry":{"type":"LineString","coordinates":[[3.0366362,48.9439354],[3.0370541,48.9444149],[3.0374756,48.9449774],[3.0378485,48.9455006],[3.0382562,48.9460556],[3.0388054,48.9468334]]}},{"type":"Feature","properties":{"relief":0.486,"sinuosity":0,"highway":"tertiary","name":"Avenue Émile Zola"},"geometry":{"type":"LineString","coordinates":[[2.3650867,48.9498182],[2.3649516,48.9497253],[2.3648301,48.9496416],[2.3646071,48.9494711],[2.3644182,48.9493172],[2.3636963,48.9488272],[2.3634736,48.9486867],[2.3632592,48.9485548],[2.363227,48.948535],[2.3631385,48.9484719],[2.3630254,48.9483931],[2.3627513,48.9481931],[2.3622905,48.9478556]]}},{"type":"Feature","properties":{"relief":0.9,"sinuosity":0,"highway":"secondary","name":"Rue de Marnes"},"geometry":{"type":"LineString","coordinates":[[2.184499,48.8276281],[2.1843783,48.8277517],[2.1843548,48.8277739],[2.1843363,48.8277933],[2.1842532,48.8278798],[2.1841626,48.8279758],[2.1840933,48.8280376],[2.1839216,48.828142],[2.1822115,48.8290623],[2.1808941,48.8297679]]}},{"type":"Feature","properties":{"relief":0.512,"sinuosity":0,"highway":"trunk"},"geometry":{"type":"LineString","coordinates":[[1.7665563,49.1612816],[1.7656984,49.1619686],[1.7649339,49.1626211],[1.764663,49.1628702],[1.7636414,49.1638461]]}},{"type":"Feature","properties":{"relief":0.9,"sinuosity":0,"highway":"trunk"},"geometry":{"type":"LineString","coordinates":[[1.778983,49.1520542],[1.7779708,49.1528066],[1.7765112,49.1538912]]}},{"type":"Feature","properties":{"relief":0.75,"sinuosity":0,"highway":"trunk"},"geometry":{"type":"LineString","coordinates":[[1.7738966,49.1557105],[1.7762056,49.1539978],[1.7779846,49.152669]]}},{"type":"Feature","properties":{"relief":0.455,"sinuosity":0.7,"highway":"tertiary","name":"Avenue Franklin"},"geometry":{"type":"LineString","coordinates":[[2.4977944,48.892496],[2.4978715,48.8924845],[2.4979287,48.8925038],[2.4979845,48.8925262],[2.4982553,48.8927909],[2.4986388,48.8932107],[2.499095,48.8936456],[2.4996247,48.8941773],[2.5000507,48.8946142]]}},{"type":"Feature","properties":{"relief":0.82,"sinuosity":0,"highway":"tertiary","name":"Route de Villemomble"},"geometry":{"type":"LineString","coordinates":[[2.4861902,48.8926866],[2.4866281,48.8925791],[2.4866575,48.8925716],[2.4868825,48.8925144],[2.487479,48.8923629],[2.4875473,48.8923455],[2.4875754,48.8923387],[2.4883516,48.8921498],[2.4889905,48.8920054],[2.4891033,48.8919821],[2.4892412,48.8919487],[2.489483,48.8918901],[2.4898088,48.8917874]]}},{"type":"Feature","properties":{"relief":0.597,"sinuosity":0,"highway":"tertiary"},"geometry":{"type":"LineString","coordinates":[[1.4640382,49.1887335],[1.463317,49.1888212],[1.4629742,49.188866],[1.4627405,49.1888966],[1.4619756,49.1889859],[1.4609912,49.1891139],[1.4605325,49.1891761],[1.4602549,49.189241]]}},{"type":"Feature","properties":{"relief":0.75,"sinuosity":0,"highway":"tertiary"},"geometry":{"type":"LineString","coordinates":[[1.4186223,49.1812098],[1.4178391,49.180803],[1.4172383,49.1805996],[1.4164658,49.1804874],[1.4153178,49.1803331],[1.4142986,49.180249]]}},{"type":"Feature","properties":{"relief":0.76,"sinuosity":0,"highway":"primary"},"geometry":{"type":"LineString","coordinates":[[3.0863712,48.3347328],[3.0834139,48.3354029],[3.0822015,48.3356823]]}},{"type":"Feature","properties":{"relief":0.75,"sinuosity":0,"highway":"trunk","name":"La Francilienne"},"geometry":{"type":"LineString","coordinates":[[2.2299715,48.6314148],[2.2297012,48.6314789],[2.229067,48.6316429],[2.2283818,48.6318318],[2.2277149,48.6320283],[2.2266904,48.6323461],[2.2243985,48.6330756]]}},{"type":"Feature","properties":{"relief":0.535,"sinuosity":0,"highway":"secondary","name":"Route de Cormeilles"},"geometry":{"type":"LineString","coordinates":[[2.2288109,48.9581714],[2.2282167,48.9585963],[2.2277482,48.9589466],[2.2271833,48.9593689],[2.2269917,48.959495],[2.226734,48.9596646],[2.2263004,48.9599105],[2.2262891,48.9599165],[2.2260898,48.9600226]]}},{"type":"Feature","properties":{"relief":0.9,"sinuosity":0,"highway":"secondary"},"geometry":{"type":"LineString","coordinates":[[2.3415833,49.0704502],[2.3428827,49.0715281],[2.344195,49.0725967]]}},{"type":"Feature","properties":{"relief":0.849,"sinuosity":0,"highway":"primary","name":"Boulevard de Pontoise"},"geometry":{"type":"LineString","coordinates":[[2.1825266,48.9806251],[2.1824623,48.9807037],[2.1824517,48.9807204],[2.1823757,48.9808396],[2.1822868,48.9809792],[2.1822039,48.9811411],[2.1821044,48.9813656],[2.1820885,48.9814091],[2.1819478,48.9817933],[2.1819454,48.9818028],[2.1818206,48.9823021],[2.1818063,48.9823594],[2.1818228,48.9835924]]}},{"type":"Feature","properties":{"relief":0.682,"sinuosity":0,"highway":"primary","name":"Route Nationale de Paris à Toulouse"},"geometry":{"type":"LineString","coordinates":[[2.1938405,48.4842301],[2.1939237,48.4843611],[2.1947287,48.4856129],[2.1965379,48.4885433]]}},{"type":"Feature","properties":{"relief":0.76,"sinuosity":0,"highway":"tertiary","name":"Avenue du Bois de la Pie"},"geometry":{"type":"LineString","coordinates":[[2.5127643,48.9816287],[2.5133123,48.9821319],[2.5138831,48.9829246],[2.5145185,48.9837943],[2.5145974,48.9839063]]}},{"type":"Feature","properties":{"relief":0.702,"sinuosity":0,"highway":"secondary"},"geometry":{"type":"LineString","coordinates":[[2.0443703,49.2497754],[2.0445126,49.2498006],[2.0447044,49.249841],[2.0455297,49.2500197],[2.0460864,49.2501409],[2.0462184,49.2501663],[2.0463719,49.2501886],[2.0465422,49.250207],[2.0466536,49.2502158],[2.0468261,49.2502199],[2.0469674,49.2502145],[2.0471506,49.2502024],[2.0472919,49.2501847],[2.0474254,49.2501633],[2.047597,49.2501309],[2.0477961,49.2500867],[2.0488511,49.249843]]}},{"type":"Feature","properties":{"relief":0.399,"sinuosity":0,"highway":"secondary"},"geometry":{"type":"LineString","coordinates":[[2.1780481,48.2039185],[2.1790224,48.2036718],[2.1796363,48.2035197],[2.1807419,48.2032342],[2.1845093,48.2022849]]}},{"type":"Feature","properties":{"relief":0.55,"sinuosity":0,"highway":"trunk_link"},"geometry":{"type":"LineString","coordinates":[[2.4496559,48.9777991],[2.4497653,48.9777576],[2.450218,48.9777457],[2.4510573,48.9777062],[2.4516716,48.9776763],[2.4523341,48.9776094],[2.4532031,48.9774245],[2.4540105,48.9772538]]}},{"type":"Feature","properties":{"relief":0.9,"sinuosity":0,"highway":"primary","name":"Avenue de Verdun"},"geometry":{"type":"LineString","coordinates":[[2.2884886,48.8039637],[2.2883628,48.8038836],[2.288325,48.8038596],[2.2877909,48.8035207],[2.287582,48.8033882],[2.2871368,48.8031059],[2.2866211,48.8027804],[2.2861654,48.8025184],[2.2860547,48.8024473],[2.2850148,48.8017792]]}},{"type":"Feature","properties":{"relief":0.733,"sinuosity":0,"highway":"secondary","name":"Avenue Louis Breguet"},"geometry":{"type":"LineString","coordinates":[[2.1862524,48.7812298],[2.1852695,48.7813787],[2.1849898,48.7814202],[2.1849588,48.7814248],[2.1823204,48.7818232]]}},{"type":"Feature","properties":{"relief":0.773,"sinuosity":0,"highway":"tertiary","name":"Rue de la Croix des Pèlerins"},"geometry":{"type":"LineString","coordinates":[[1.4176189,48.7560406],[1.4176237,48.7562238],[1.4176511,48.7567835],[1.4176698,48.7569579],[1.4176857,48.7571314],[1.4176972,48.7572871],[1.4177004,48.7574054],[1.4176961,48.7575286],[1.4176765,48.7577332],[1.4176573,48.7578765],[1.4176179,48.7580711],[1.4175785,48.7582275],[1.4175334,48.7583868],[1.4174808,48.7585331],[1.4173947,48.7587595]]}},{"type":"Feature","properties":{"relief":0.707,"sinuosity":0,"highway":"secondary"},"geometry":{"type":"LineString","coordinates":[[1.4204262,48.6064697],[1.41978,48.6063187],[1.4191634,48.6061909],[1.4188034,48.6061337],[1.4183884,48.6060815],[1.4174422,48.6059589],[1.4168474,48.605864]]}},{"type":"Feature","properties":{"relief":0.459,"sinuosity":0,"highway":"secondary"},"geometry":{"type":"LineString","coordinates":[[1.4153291,48.5817277],[1.4157555,48.5817911],[1.4163906,48.5818942],[1.416683,48.5819735],[1.4169588,48.5820661],[1.4188533,48.5828385]]}},{"type":"Feature","properties":{"relief":0.67,"sinuosity":0,"highway":"secondary"},"geometry":{"type":"LineString","coordinates":[[1.5512405,48.609545],[1.5525034,48.6076619],[1.5530904,48.6067295]]}},{"type":"Feature","properties":{"relief":0.399,"sinuosity":0,"highway":"tertiary","name":"Chêne Brulé"},"geometry":{"type":"LineString","coordinates":[[1.5091938,48.6759492],[1.5082668,48.6756994],[1.5075694,48.6754302],[1.5068399,48.6751327],[1.506636,48.6750689],[1.5063728,48.6750282],[1.5058099,48.6750264],[1.5056183,48.6750291]]}},{"type":"Feature","properties":{"relief":0.571,"sinuosity":0,"highway":"secondary","name":"Route de la Boissière"},"geometry":{"type":"LineString","coordinates":[[1.5981196,48.684887],[1.5962285,48.6852356],[1.594978,48.6855273],[1.5941671,48.6857165]]}},{"type":"Feature","properties":{"relief":0.8,"sinuosity":0,"highway":"secondary"},"geometry":{"type":"LineString","coordinates":[[1.6890897,49.1490555],[1.6890037,49.1490578],[1.6888429,49.1490621],[1.6885123,49.1490662],[1.6879768,49.1490441],[1.6873482,49.1489697],[1.6867398,49.1488627],[1.686227,49.1487452],[1.6857562,49.1486025],[1.6852627,49.1484031]]}},{"type":"Feature","properties":{"relief":0.687,"sinuosity":0,"highway":"primary","name":"Avenue de l'Europe"},"geometry":{"type":"LineString","coordinates":[[1.6890434,48.9734379],[1.6888311,48.9733177],[1.6880406,48.9728695],[1.6872359,48.9724063],[1.6867212,48.9720402],[1.6862976,48.9716574]]}},{"type":"Feature","properties":{"relief":0.88,"sinuosity":0,"highway":"secondary"},"geometry":{"type":"LineString","coordinates":[[1.7237414,48.9360226],[1.7237297,48.936161],[1.7237116,48.9363134],[1.7236841,48.9364434],[1.7236555,48.9365412],[1.7236277,48.9366376],[1.7235607,48.9368112],[1.7234929,48.9369559],[1.72345,48.9370332],[1.7234098,48.9371028],[1.7232963,48.9372775],[1.7226502,48.9381591],[1.722518,48.9383379],[1.7224027,48.9385012]]}},{"type":"Feature","properties":{"relief":0.42,"sinuosity":0,"highway":"secondary","name":"Route de Paris à Cherbourg"},"geometry":{"type":"LineString","coordinates":[[1.7738453,48.9620654],[1.7741512,48.9620501],[1.7759921,48.9618976],[1.7810349,48.9615104]]}},{"type":"Feature","properties":{"relief":0.9,"sinuosity":0,"highway":"tertiary","name":"Route de Septeuil"},"geometry":{"type":"LineString","coordinates":[[1.7932897,48.9396224],[1.7931201,48.9392441],[1.7928052,48.9385346],[1.792645,48.9379877],[1.792354,48.9368934]]}},{"type":"Feature","properties":{"relief":0.59,"sinuosity":0,"highway":"tertiary","name":"Route de Mousseaux"},"geometry":{"type":"LineString","coordinates":[[1.6862439,49.0622203],[1.687399,49.0622941],[1.6902449,49.0624628]]}},{"type":"Feature","properties":{"relief":0.716,"sinuosity":0,"highway":"tertiary"},"geometry":{"type":"LineString","coordinates":[[1.7557017,49.0720646],[1.7556063,49.0721167],[1.755252,49.0723321],[1.7546109,49.0728144],[1.7544853,49.0729063],[1.75432,49.0730162],[1.7541506,49.0731147],[1.753978,49.0731962],[1.7537125,49.0733091],[1.7531242,49.0735458],[1.752186,49.0739236]]}},{"type":"Feature","properties":{"relief":0.697,"sinuosity":0,"highway":"secondary"},"geometry":{"type":"LineString","coordinates":[[1.8206727,49.0153377],[1.8217016,49.0157414],[1.8227864,49.0162753],[1.8237488,49.0167243],[1.8240745,49.0168763]]}},{"type":"Feature","properties":{"relief":0.697,"sinuosity":0.727,"highway":"tertiary","name":"Route de Flins"},"geometry":{"type":"LineString","coordinates":[[1.8667242,48.9302358],[1.8667834,48.9303965],[1.8669138,48.9305056],[1.8670578,48.9305686],[1.8671903,48.9305987],[1.8673625,48.9306131],[1.8677547,48.9305866],[1.8680498,48.930575],[1.8682692,48.9305974],[1.8685334,48.9306899],[1.8686997,48.9307778],[1.868866,48.9308656],[1.8694291,48.931285],[1.8696985,48.9315058]]}},{"type":"Feature","properties":{"relief":0.9,"sinuosity":0,"highway":"primary","name":"Rue Christian Pouillard"},"geometry":{"type":"LineString","coordinates":[[1.881306,48.892183],[1.8810242,48.8922589],[1.8806536,48.8923906],[1.8797362,48.8927545],[1.8793407,48.8929126],[1.8787332,48.8931525],[1.8784737,48.8932397],[1.8782417,48.8933041],[1.8776603,48.8934333]]}},{"type":"Feature","properties":{"relief":0.478,"sinuosity":0,"highway":"primary"},"geometry":{"type":"LineString","coordinates":[[1.8578015,48.8027126],[1.8570872,48.8026193],[1.8565392,48.8025477],[1.8553497,48.8023914],[1.8541009,48.8022329]]}},{"type":"Feature","properties":{"relief":0.677,"sinuosity":0,"highway":"secondary","name":"Rue de Versailles"},"geometry":{"type":"LineString","coordinates":[[1.8196591,48.7801781],[1.8206828,48.7803164],[1.8211991,48.7803448],[1.8221161,48.7803548],[1.8225493,48.7803508],[1.8232032,48.7803781],[1.8238906,48.7804716]]}},{"type":"Feature","properties":{"relief":0.767,"sinuosity":0,"highway":"tertiary","name":"Rue des Epochettes"},"geometry":{"type":"LineString","coordinates":[[3.1514373,48.8465868],[3.1503386,48.8465876],[3.1501021,48.8465974],[3.1498042,48.8468199],[3.1481742,48.8479612]]}},{"type":"Feature","properties":{"relief":0.75,"sinuosity":0,"highway":"primary"},"geometry":{"type":"LineString","coordinates":[[1.7353713,48.8857289],[1.734606,48.886042],[1.7314287,48.8871004]]}},{"type":"Feature","properties":{"relief":0.76,"sinuosity":0,"highway":"tertiary","name":"Rue de Saint-Prix"},"geometry":{"type":"LineString","coordinates":[[2.271687,49.0041299],[2.2717848,49.004255],[2.271831,49.0043267],[2.2718885,49.0043942],[2.2719115,49.0044213],[2.2720557,49.0045907],[2.2721176,49.0046626],[2.2734659,49.0062289]]}},{"type":"Feature","properties":{"relief":0.84,"sinuosity":0,"highway":"secondary","name":"Route de Moret"},"geometry":{"type":"LineString","coordinates":[[2.7195208,48.3106723],[2.7203503,48.3109199],[2.7208169,48.3110454],[2.7211082,48.311095],[2.7213717,48.3111292],[2.7216829,48.3111414],[2.7222322,48.3111352],[2.7226551,48.3111442],[2.7230332,48.3112055],[2.7234583,48.3113301]]}},{"type":"Feature","properties":{"relief":0.75,"sinuosity":0,"highway":"primary","name":"Rue Jules Guesde"},"geometry":{"type":"LineString","coordinates":[[2.5452277,48.8799602],[2.5451563,48.879993],[2.5450489,48.8800402],[2.544966,48.8800758],[2.5439095,48.8805164],[2.5434622,48.8806918],[2.5431234,48.8808093],[2.5430453,48.8808368],[2.5422902,48.8810881],[2.5419557,48.8811925]]}},{"type":"Feature","properties":{"relief":0.9,"sinuosity":0,"highway":"primary","name":"Rue Jules Guesde"},"geometry":{"type":"LineString","coordinates":[[2.5421129,48.8810578],[2.5424594,48.8809487],[2.5425826,48.8809073],[2.5427341,48.8808549],[2.5430231,48.8807608],[2.543075,48.880742],[2.5435463,48.8805712],[2.5436104,48.8805465],[2.5439147,48.8804197],[2.5443897,48.8802348],[2.544644,48.8801295],[2.544946,48.8799968],[2.544995,48.8799741],[2.5452885,48.8798344]]}},{"type":"Feature","properties":{"relief":0.625,"sinuosity":0.7,"highway":"primary","name":"Avenue Maurice Berteaux"},"geometry":{"type":"LineString","coordinates":[[2.175096,48.9359698],[2.1748617,48.936102],[2.1745965,48.9362516],[2.1742126,48.9364743],[2.173951,48.936614],[2.1738326,48.9367295],[2.1737971,48.9367616],[2.1737686,48.936789],[2.1736959,48.9368591],[2.1735741,48.936952],[2.1734504,48.9370258],[2.1733332,48.9370762],[2.1732309,48.9371162],[2.1730996,48.9371543],[2.1728348,48.9372299],[2.1728132,48.9372361],[2.172662,48.9372836],[2.1720837,48.9375871]]}},{"type":"Feature","properties":{"relief":0.677,"sinuosity":0,"highway":"trunk"},"geometry":{"type":"LineString","coordinates":[[1.8214127,48.8009569],[1.823358,48.8009909],[1.8250698,48.800994],[1.8306532,48.8008005]]}},{"type":"Feature","properties":{"relief":0.737,"sinuosity":0,"highway":"trunk"},"geometry":{"type":"LineString","coordinates":[[1.7364701,48.7986509],[1.7353908,48.7985153],[1.7344764,48.7984295],[1.7337558,48.7983853],[1.7323769,48.7983381]]}},{"type":"Feature","properties":{"relief":0.657,"sinuosity":0,"highway":"trunk"},"geometry":{"type":"LineString","coordinates":[[1.6898031,48.7974098],[1.6885365,48.7972952],[1.6875549,48.7972283],[1.6863586,48.7971699],[1.6851804,48.7971274]]}},{"type":"Feature","properties":{"relief":0.787,"sinuosity":0,"highway":"trunk"},"geometry":{"type":"LineString","coordinates":[[1.6862407,48.7970564],[1.6875736,48.797126],[1.6885529,48.7971921],[1.68982,48.7973071],[1.690978,48.7974387]]}},{"type":"Feature","properties":{"relief":0.833,"sinuosity":0,"highway":"primary","name":"Avenue Charles de Gaulle"},"geometry":{"type":"LineString","coordinates":[[2.1045261,48.8920038],[2.1045519,48.8921188],[2.1045769,48.8923223],[2.104601,48.8924699],[2.1046554,48.8928037],[2.1046699,48.892893],[2.1047282,48.8931389],[2.1048253,48.8934801],[2.1049667,48.8938537],[2.1050355,48.8940656],[2.1051425,48.894428],[2.1051659,48.8944845]]}},{"type":"Feature","properties":{"relief":0.539,"sinuosity":0,"highway":"secondary","name":"Route de Chalou"},"geometry":{"type":"LineString","coordinates":[[2.0300799,48.3956214],[2.0303041,48.3957512],[2.0305573,48.3959616],[2.0310911,48.3966205],[2.0312949,48.3969464],[2.0313673,48.3971922],[2.0313646,48.3974575],[2.0313244,48.3977443],[2.0312118,48.3980684]]}},{"type":"Feature","properties":{"relief":0.72,"sinuosity":0,"highway":"secondary","name":"Boulevard Robert Ballanger"},"geometry":{"type":"LineString","coordinates":[[2.5451667,48.9576189],[2.5449265,48.9575334],[2.5444921,48.9573789],[2.5443845,48.957336],[2.5441148,48.9572297],[2.5421748,48.956607],[2.5420241,48.9565587],[2.5416725,48.956447]]}},{"type":"Feature","properties":{"relief":0.9,"sinuosity":0,"highway":"primary","name":"Route de Quarante Sous"},"geometry":{"type":"LineString","coordinates":[[2.0051062,48.9202003],[2.00497,48.9204072],[2.0048392,48.9205833],[2.0046337,48.9207911],[2.0044738,48.9209263],[2.0042713,48.9210717],[2.0041023,48.9211845],[2.0038389,48.9213177],[2.0036879,48.921388],[2.0035151,48.921457],[2.0027023,48.9217982],[2.0023479,48.9219462]]}},{"type":"Feature","properties":{"relief":0.737,"sinuosity":0,"highway":"primary","name":"Avenue d'Ormesson"},"geometry":{"type":"LineString","coordinates":[[2.6765968,48.2555653],[2.6793676,48.2569635],[2.680593,48.2575838]]}},{"type":"Feature","properties":{"relief":0.833,"sinuosity":0.948,"highway":"tertiary","name":"Avenue Sadi Lecointe"},"geometry":{"type":"LineString","coordinates":[[2.1837356,48.7831875],[2.1827629,48.7833361],[2.1826362,48.7833436],[2.1824799,48.7833378],[2.1823465,48.7833109],[2.1822292,48.7832751],[2.1821071,48.7832212],[2.1820045,48.7831562],[2.1819261,48.7830886],[2.1818429,48.7829712],[2.1816763,48.7825033],[2.1816526,48.7824368],[2.1816307,48.7823753],[2.1815854,48.7822478],[2.1815972,48.7821685],[2.1816568,48.7820728],[2.1816746,48.7820335],[2.1816741,48.7820095],[2.1816675,48.7819892],[2.1816474,48.7819222]]}},{"type":"Feature","properties":{"relief":0.75,"sinuosity":0,"highway":"motorway","name":"L'Européenne"},"geometry":{"type":"LineString","coordinates":[[2.3233159,49.0835311],[2.3232288,49.0835676],[2.3210887,49.084494],[2.3162034,49.0867448]]}},{"type":"Feature","properties":{"relief":0.75,"sinuosity":0,"highway":"primary"},"geometry":{"type":"LineString","coordinates":[[3.2957094,48.1271492],[3.2962879,48.128147],[3.2970357,48.1294218],[3.2971552,48.129638]]}},{"type":"Feature","properties":{"relief":0.683,"sinuosity":0,"highway":"primary"},"geometry":{"type":"LineString","coordinates":[[3.2176542,48.3075997],[3.2172759,48.3068589],[3.2166767,48.3056684],[3.2160739,48.3044659]]}},{"type":"Feature","properties":{"relief":0.697,"sinuosity":0,"highway":"primary"},"geometry":{"type":"LineString","coordinates":[[3.0901605,48.8497381],[3.0901458,48.849573],[3.0901333,48.8493632],[3.0901139,48.8491994],[3.0900973,48.8491018],[3.090069,48.8489838],[3.0900208,48.8488147],[3.088284,48.8435229]]}},{"type":"Feature","properties":{"relief":0.75,"sinuosity":0,"highway":"primary"},"geometry":{"type":"LineString","coordinates":[[3.166531,49.0108583],[3.1669445,49.0109835],[3.1676055,49.0111156],[3.1751564,49.012576]]}},{"type":"Feature","properties":{"relief":0.75,"sinuosity":0,"highway":"primary","name":"Avenue Alphonse Boulingre"},"geometry":{"type":"LineString","coordinates":[[2.8572383,48.8880743],[2.8579989,48.8895342],[2.8586698,48.8908386]]}},{"type":"Feature","properties":{"relief":0.84,"sinuosity":0,"highway":"tertiary","name":"Route de Grez"},"geometry":{"type":"LineString","coordinates":[[2.7177918,48.3245106],[2.7196985,48.3245019],[2.7201384,48.3245804],[2.723121,48.3254365]]}},{"type":"Feature","properties":{"relief":0.75,"sinuosity":0,"highway":"primary"},"geometry":{"type":"LineString","coordinates":[[3.5350008,48.1194909],[3.5332179,48.1197909],[3.5313664,48.1200895],[3.5306452,48.1202063]]}},{"type":"Feature","properties":{"relief":0.518,"sinuosity":0,"highway":"tertiary"},"geometry":{"type":"LineString","coordinates":[[2.9938912,48.4706496],[2.9937755,48.4706965],[2.9919943,48.4706812],[2.9901831,48.4706342],[2.9890626,48.4706072]]}},{"type":"Feature","properties":{"relief":0.75,"sinuosity":0,"highway":"primary"},"geometry":{"type":"LineString","coordinates":[[2.2702223,48.7190396],[2.2705678,48.7192982],[2.2709796,48.7195822],[2.2716883,48.7200326],[2.2731439,48.7208544]]}},{"type":"Feature","properties":{"relief":0.384,"sinuosity":0,"highway":"primary"},"geometry":{"type":"LineString","coordinates":[[2.4986669,49.0242497],[2.4985017,49.024048],[2.4983419,49.0238388],[2.498205,49.0236454],[2.498074,49.0234404],[2.4977981,49.0230035],[2.4974551,49.0224689],[2.4971096,49.0219269]]}},{"type":"Feature","properties":{"relief":0.9,"sinuosity":0,"highway":"primary","name":"Route de Montmirail"},"geometry":{"type":"LineString","coordinates":[[3.4353656,48.9845554],[3.4360416,48.9834865],[3.4366531,48.9825589],[3.4372539,48.9816047]]}},{"type":"Feature","properties":{"relief":0.49,"sinuosity":0,"highway":"primary","name":"Route de Montmirail"},"geometry":{"type":"LineString","coordinates":[[3.441288,48.9752673],[3.4422399,48.9737839],[3.4424956,48.9733855],[3.4436592,48.9715721]]}},{"type":"Feature","properties":{"relief":0.9,"sinuosity":0,"highway":"secondary","name":"Rue Raymond Poincaré"},"geometry":{"type":"LineString","coordinates":[[2.2096172,49.1149346],[2.209718,49.1152732],[2.2097841,49.1154848],[2.2098309,49.115634],[2.2098826,49.115849],[2.2099623,49.1162677],[2.2099922,49.1164999],[2.2100024,49.1167267],[2.2099974,49.1170207],[2.2099901,49.1170978],[2.2099742,49.1171893],[2.2098879,49.1175247]]}},{"type":"Feature","properties":{"relief":0.9,"sinuosity":0,"highway":"secondary"},"geometry":{"type":"LineString","coordinates":[[3.3460074,49.1437582],[3.3471293,49.143441],[3.3493684,49.1428078],[3.3529791,49.1417726]]}},{"type":"Feature","properties":{"relief":0.75,"sinuosity":0,"highway":"secondary"},"geometry":{"type":"LineString","coordinates":[[2.1801089,48.4221356],[2.1803116,48.4220506],[2.181682,48.4214474],[2.1822646,48.4212017],[2.1929763,48.4164754]]}},{"type":"Feature","properties":{"relief":0.708,"sinuosity":0,"highway":"primary","name":"Avenue de Neuville"},"geometry":{"type":"LineString","coordinates":[[1.6869915,48.7823201],[1.6886214,48.7837135],[1.6887341,48.7838098],[1.6935041,48.7879048]]}},{"type":"Feature","properties":{"relief":0.48,"sinuosity":0,"highway":"trunk","name":"Contournement Est de Roissy"},"geometry":{"type":"LineString","coordinates":[[2.5815698,49.0276438],[2.5816372,49.0275719],[2.5819679,49.027219],[2.5820599,49.0270892],[2.5823457,49.0266862],[2.5824189,49.026583],[2.5825585,49.0263661],[2.582745,49.0260762],[2.5829475,49.0256787],[2.5831653,49.0250418]]}},{"type":"Feature","properties":{"relief":0.767,"sinuosity":0,"highway":"secondary","name":"Grande Rue"},"geometry":{"type":"LineString","coordinates":[[2.3153182,48.6800822],[2.3153968,48.6800405],[2.3155291,48.6799649],[2.3156455,48.6798975],[2.3157541,48.6798333],[2.3157924,48.6798116],[2.3161066,48.6796338],[2.3162632,48.6795451],[2.316358,48.6794868],[2.3171169,48.6790523],[2.3171651,48.6790251],[2.3172394,48.678983],[2.3178651,48.678624],[2.3179284,48.6785877],[2.3180675,48.678506],[2.3181695,48.6784468]]}},{"type":"Feature","properties":{"relief":0.9,"sinuosity":0,"highway":"primary"},"geometry":{"type":"LineString","coordinates":[[3.2627356,48.2331277],[3.262391,48.2333259],[3.2620811,48.2335234],[3.2616761,48.2338155],[3.2613932,48.2340343],[3.2611397,48.2342594],[3.2606462,48.2347989],[3.2603115,48.2351815]]}},{"type":"Feature","properties":{"relief":0.76,"sinuosity":0,"highway":"primary"},"geometry":{"type":"LineString","coordinates":[[2.2290178,48.7360834],[2.2286691,48.7363226],[2.2282766,48.7366044],[2.228089,48.7367444],[2.227844,48.7369399],[2.2276244,48.7371214],[2.2272663,48.7374387],[2.2268575,48.7378384],[2.2263941,48.7383248]]}},{"type":"Feature","properties":{"relief":0.75,"sinuosity":0,"highway":"primary","name":"Route Nationale de Paris à Toulouse"},"geometry":{"type":"LineString","coordinates":[[2.2076177,48.5305799],[2.2081353,48.5325258],[2.2083794,48.5334351]]}},{"type":"Feature","properties":{"relief":0.75,"sinuosity":0,"highway":"secondary"},"geometry":{"type":"LineString","coordinates":[[2.1353501,48.3658724],[2.135816,48.3660983],[2.1362314,48.3662405],[2.1369869,48.3663827],[2.1426827,48.3669392]]}},{"type":"Feature","properties":{"relief":0.9,"sinuosity":0,"highway":"secondary","name":"Avenue Charles de Gaulle"},"geometry":{"type":"LineString","coordinates":[[2.4498641,48.6943927],[2.4500105,48.6944683],[2.4500882,48.6945085],[2.450132,48.6945232],[2.4508078,48.6947508],[2.4511833,48.6948739],[2.451353,48.6949261],[2.4516824,48.695017],[2.4528071,48.6953275],[2.4533554,48.6954715]]}},{"type":"Feature","properties":{"relief":0.63,"sinuosity":0,"highway":"primary","name":"Quai de Seine"},"geometry":{"type":"LineString","coordinates":[[2.3425947,48.9369076],[2.3424598,48.9373043],[2.3423531,48.937547],[2.3422176,48.9378591],[2.3421009,48.9381175],[2.341776,48.9388562],[2.3414507,48.9396538]]}},{"type":"Feature","properties":{"relief":0.591,"sinuosity":0,"highway":"tertiary","name":"Route de Sens"},"geometry":{"type":"LineString","coordinates":[[2.72394,48.2982528],[2.7217621,48.2997588],[2.7202601,48.3006295]]}},{"type":"Feature","properties":{"relief":0.81,"sinuosity":0.812,"highway":"tertiary","name":"Grande Rue"},"geometry":{"type":"LineString","coordinates":[[3.3531994,48.305897],[3.3532258,48.3058288],[3.3533991,48.3053131],[3.353412,48.3052131],[3.3533832,48.3051531],[3.3532969,48.3051006],[3.3531268,48.3050238],[3.3523951,48.3047512],[3.3521838,48.3046957],[3.351977,48.3046414],[3.3515534,48.3045481],[3.3512563,48.3044237],[3.351099,48.3043299],[3.351017,48.304281]]}},{"type":"Feature","properties":{"relief":0.9,"sinuosity":0,"highway":"tertiary"},"geometry":{"type":"LineString","coordinates":[[3.3929799,48.3392432],[3.393816,48.3398434],[3.3953558,48.3404772],[3.3957434,48.3406408],[3.3978677,48.3415378]]}},{"type":"Feature","properties":{"relief":0.386,"sinuosity":0,"highway":"primary","name":"Route Nationale"},"geometry":{"type":"LineString","coordinates":[[3.1280475,48.3236729],[3.1277659,48.3237929],[3.1269062,48.3241311],[3.1246579,48.3250154]]}},{"type":"Feature","properties":{"relief":0.873,"sinuosity":0,"highway":"tertiary"},"geometry":{"type":"LineString","coordinates":[[3.3511271,48.3082311],[3.3514489,48.3078816],[3.3520073,48.3072266],[3.3524501,48.306793],[3.3526482,48.3065991],[3.35297,48.3062972],[3.3531598,48.305999]]}},{"type":"Feature","properties":{"relief":0.8,"sinuosity":0,"highway":"primary","name":"Avenue de la Division Leclerc"},"geometry":{"type":"LineString","coordinates":[[2.2799103,48.6704378],[2.2798382,48.6702561],[2.2791879,48.668575],[2.2785853,48.6670412]]}},{"type":"Feature","properties":{"relief":0.65,"sinuosity":0,"highway":"trunk","name":"Avenue de la Division Leclerc"},"geometry":{"type":"LineString","coordinates":[[2.2787697,48.6671742],[2.2791929,48.6682704],[2.279313,48.668618],[2.279431,48.6689059],[2.2795891,48.6693188],[2.2796719,48.6695289]]}},{"type":"Feature","properties":{"relief":0.405,"sinuosity":0,"highway":"motorway","name":"Autoroute de Normandie"},"geometry":{"type":"LineString","coordinates":[[1.461316,49.0352941],[1.4621791,49.0347573],[1.4630009,49.034256],[1.4644382,49.0334252]]}},{"type":"Feature","properties":{"relief":0.69,"sinuosity":0,"highway":"motorway","name":"Autoroute de Normandie"},"geometry":{"type":"LineString","coordinates":[[1.4746684,49.0286651],[1.4764534,49.0280079],[1.4781238,49.0274418]]}},{"type":"Feature","properties":{"relief":0.84,"sinuosity":0,"highway":"motorway","name":"Autoroute de Normandie"},"geometry":{"type":"LineString","coordinates":[[1.4830642,49.0261103],[1.4815726,49.0265263],[1.4806242,49.0268022],[1.4796758,49.0270929],[1.4781779,49.0275802]]}},{"type":"Feature","properties":{"relief":0.9,"sinuosity":0,"highway":"trunk"},"geometry":{"type":"LineString","coordinates":[[1.4153235,48.6248389],[1.4156427,48.6237183],[1.4163575,48.6212816]]}},{"type":"Feature","properties":{"relief":0.371,"sinuosity":0,"highway":"trunk"},"geometry":{"type":"LineString","coordinates":[[1.4171441,48.6185786],[1.4177736,48.616412],[1.4180792,48.6153526]]}},{"type":"Feature","properties":{"relief":0.455,"sinuosity":0,"highway":"trunk"},"geometry":{"type":"LineString","coordinates":[[1.4314027,48.5787872],[1.4317944,48.5780656],[1.4323461,48.5771325],[1.4329515,48.5760856]]}},{"type":"Feature","properties":{"relief":0.524,"sinuosity":0,"highway":"trunk"},"geometry":{"type":"LineString","coordinates":[[1.4540408,48.534777],[1.4542953,48.5344122],[1.4545603,48.533988],[1.4548076,48.5335618],[1.4550141,48.5331332],[1.4551401,48.5328529],[1.4552663,48.5325273],[1.4554298,48.5320763]]}},{"type":"Feature","properties":{"relief":0.88,"sinuosity":0,"highway":"tertiary","name":"Route de Courtoin"},"geometry":{"type":"LineString","coordinates":[[3.0817601,48.1157077],[3.0844852,48.1161662],[3.0864111,48.1165799]]}},{"type":"Feature","properties":{"relief":0.637,"sinuosity":0,"highway":"primary","name":"Faubourg de Nangis"},"geometry":{"type":"LineString","coordinates":[[2.9066724,48.549919],[2.9057845,48.5497566],[2.9054832,48.5497033],[2.9043817,48.5495035],[2.9042061,48.5494742],[2.9041627,48.5494689],[2.9039798,48.5494493],[2.9037729,48.5494467],[2.9023084,48.5494373]]}},{"type":"Feature","properties":{"relief":0.376,"sinuosity":0,"highway":"motorway_link"},"geometry":{"type":"LineString","coordinates":[[2.4635738,48.0827603],[2.4636794,48.0827465],[2.4638921,48.0827063],[2.4640017,48.0826772],[2.4641347,48.0826333],[2.464323,48.0825498],[2.4643962,48.0825111],[2.4644623,48.0824717],[2.4646231,48.0823533],[2.4647024,48.0822876],[2.4649626,48.082055],[2.465144,48.0819233],[2.4652487,48.0818633],[2.4654406,48.0817873],[2.4655172,48.0817682],[2.4655945,48.0817559],[2.4657544,48.0817465],[2.4658537,48.0817516],[2.4659374,48.0817631],[2.4661275,48.0818171],[2.4662401,48.0818702],[2.4663598,48.0819478],[2.4665122,48.0820867],[2.4665813,48.0821669]]}},{"type":"Feature","properties":{"relief":0.683,"sinuosity":0,"highway":"tertiary"},"geometry":{"type":"LineString","coordinates":[[3.1135925,48.1266729],[3.1140324,48.1269952],[3.1145045,48.1272387],[3.1149551,48.1274392],[3.1152984,48.1276111],[3.1156418,48.1277973],[3.1158563,48.1279548],[3.1164142,48.1283702]]}},{"type":"Feature","properties":{"relief":0.492,"sinuosity":0,"highway":"tertiary","name":"Rue Jacques Leriche"},"geometry":{"type":"LineString","coordinates":[[3.1822644,48.0808996],[3.1825234,48.0811328],[3.182651,48.0813986],[3.183154,48.0825647],[3.1832666,48.0829809],[3.183353,48.083154],[3.1834715,48.0833563]]}},{"type":"Feature","properties":{"relief":0.494,"sinuosity":0,"highway":"tertiary","name":"Voie Romaine"},"geometry":{"type":"LineString","coordinates":[[1.4863374,48.2546176],[1.4861923,48.2557903],[1.4857986,48.2627574]]}},{"type":"Feature","properties":{"relief":0.406,"sinuosity":0,"highway":"tertiary","name":"Route de Noyen"},"geometry":{"type":"LineString","coordinates":[[3.3257714,48.4415006],[3.3276887,48.4422271],[3.3287089,48.4425675],[3.3299111,48.4429307]]}},{"type":"Feature","properties":{"relief":0.452,"sinuosity":0,"highway":"secondary"},"geometry":{"type":"LineString","coordinates":[[2.0489618,48.0867779],[2.0487827,48.0868998],[2.0485943,48.0870194],[2.0484518,48.0871049],[2.0480966,48.0872906],[2.047948,48.0873576],[2.0476333,48.0874922],[2.0472818,48.0876351],[2.0469133,48.0877586],[2.0464957,48.0878754],[2.0459446,48.0879948],[2.0456164,48.0880522]]}},{"type":"Feature","properties":{"relief":0.867,"sinuosity":0,"highway":"secondary","name":"Boulevard Robert Schuman"},"geometry":{"type":"LineString","coordinates":[[2.4095677,48.6235538],[2.4107096,48.6229686],[2.4115098,48.6225873],[2.4118662,48.6223823],[2.4121732,48.6222364],[2.4123245,48.6221725],[2.4125062,48.6221051],[2.4132192,48.6217719]]}},{"type":"Feature","properties":{"relief":0.526,"sinuosity":0,"highway":"tertiary"},"geometry":{"type":"LineString","coordinates":[[3.1965889,48.1266392],[3.1967711,48.1267541],[3.196928,48.1268779],[3.1974577,48.1272563],[3.1998082,48.1282829]]}},{"type":"Feature","properties":{"relief":0.65,"sinuosity":0,"highway":"tertiary"},"geometry":{"type":"LineString","coordinates":[[3.6139275,48.9357423],[3.6139736,48.93581],[3.6140715,48.9359474],[3.6141767,48.936087],[3.6144381,48.9364116],[3.6154859,48.9376984],[3.6155842,48.9378318],[3.6156573,48.9379397],[3.6157143,48.9380273]]}},{"type":"Feature","properties":{"relief":0.511,"sinuosity":0,"highway":"primary"},"geometry":{"type":"LineString","coordinates":[[3.2215204,48.1615737],[3.2198238,48.1613221],[3.2162949,48.1606197]]}},{"type":"Feature","properties":{"relief":0.767,"sinuosity":0,"highway":"trunk"},"geometry":{"type":"LineString","coordinates":[[1.4559022,48.5304268],[1.4558565,48.5307828],[1.4558037,48.5311419],[1.4556975,48.5316041],[1.4555793,48.5320517],[1.4554164,48.532515],[1.4552315,48.5329783]]}},{"type":"Feature","properties":{"relief":0.432,"sinuosity":0,"highway":"trunk"},"geometry":{"type":"LineString","coordinates":[[1.4184624,48.6146748],[1.4178989,48.6165794],[1.4172887,48.6186867]]}},{"type":"Feature","properties":{"relief":0.75,"sinuosity":0,"highway":"trunk"},"geometry":{"type":"LineString","coordinates":[[1.4164062,48.6217009],[1.4158313,48.6236702],[1.4155719,48.6245763]]}},{"type":"Feature","properties":{"relief":0.482,"sinuosity":0,"highway":"trunk"},"geometry":{"type":"LineString","coordinates":[[2.1378757,48.7883604],[2.1368971,48.7884054],[2.1361849,48.7884407],[2.1354077,48.7884775],[2.1346399,48.7885481],[2.1339776,48.7886272]]}},{"type":"Feature","properties":{"relief":0.683,"sinuosity":0,"highway":"tertiary","name":"Rue du 8 Mai 1945"},"geometry":{"type":"LineString","coordinates":[[2.2385424,49.163518],[2.2384091,49.1634004],[2.2380091,49.1630475],[2.237807,49.1628648],[2.237631,49.1626774],[2.2374863,49.1624454],[2.2373978,49.1621827],[2.2373445,49.162023],[2.2373011,49.1618929],[2.2371908,49.1614802],[2.237156,49.1612346]]}},{"type":"Feature","properties":{"relief":0.641,"sinuosity":0,"highway":"motorway","name":"Eco-Autoroute"},"geometry":{"type":"LineString","coordinates":[[2.3599786,48.0981149],[2.362714,48.097708],[2.3634037,48.097608],[2.3640913,48.0975102]]}},{"type":"Feature","properties":{"relief":0.405,"sinuosity":0,"highway":"motorway","name":"Eco-Autoroute"},"geometry":{"type":"LineString","coordinates":[[2.3661686,48.09732],[2.365484,48.0974099],[2.3648018,48.0975025],[2.3641192,48.0975968],[2.3634329,48.097694],[2.362745,48.0977945],[2.3598497,48.0982248]]}},{"type":"Feature","properties":{"relief":0.75,"sinuosity":0,"highway":"motorway"},"geometry":{"type":"LineString","coordinates":[[3.2342679,48.2166629],[3.2348219,48.2172698],[3.2353851,48.2179257],[3.235821,48.2184913],[3.2365747,48.2195306]]}},{"type":"Feature","properties":{"relief":0.69,"sinuosity":0,"highway":"tertiary"},"geometry":{"type":"LineString","coordinates":[[2.6757721,48.317564],[2.6759661,48.3175494],[2.6761024,48.3175762],[2.6762273,48.3176259],[2.6775967,48.3182664],[2.6786243,48.3186966],[2.6792256,48.3189252]]}},{"type":"Feature","properties":{"relief":0.468,"sinuosity":0,"highway":"secondary","name":"Route de Chaville à Bièvres"},"geometry":{"type":"LineString","coordinates":[[2.1821724,48.7755291],[2.1838707,48.7742151],[2.1840751,48.7740571],[2.1852866,48.7731314]]}},{"type":"Feature","properties":{"relief":0.717,"sinuosity":0,"highway":"trunk","name":"La Francilienne"},"geometry":{"type":"LineString","coordinates":[[2.423672,48.6217934],[2.4230605,48.6221627],[2.4230502,48.6221692],[2.4220751,48.6227693],[2.4217768,48.6229597],[2.4215591,48.6231076],[2.421206,48.6233522],[2.4209438,48.6235202],[2.4205367,48.6237678]]}},{"type":"Feature","properties":{"relief":0.532,"sinuosity":0,"highway":"motorway","name":"Autoroute du Soleil"},"geometry":{"type":"LineString","coordinates":[[2.862403,48.1708696],[2.8611405,48.1716935],[2.8604914,48.1721013],[2.8598655,48.1724878],[2.8591678,48.1729063]]}},{"type":"Feature","properties":{"relief":0.414,"sinuosity":0,"highway":"motorway","name":"Autoroute du Soleil"},"geometry":{"type":"LineString","coordinates":[[2.8590001,48.1727659],[2.8596518,48.1723754],[2.8602138,48.1720316],[2.8607865,48.171672],[2.8618912,48.1709543]]}},{"type":"Feature","properties":{"relief":0.522,"sinuosity":0,"highway":"secondary"},"geometry":{"type":"LineString","coordinates":[[2.9519534,48.2084556],[2.9495743,48.2090008],[2.9428101,48.2105484]]}},{"type":"Feature","properties":{"relief":0.737,"sinuosity":0,"highway":"primary","name":"Route d'Orléans"},"geometry":{"type":"LineString","coordinates":[[2.6763759,48.3910497],[2.6764611,48.3910812],[2.6780169,48.3917279],[2.6785917,48.3919651],[2.6797594,48.3924447]]}},{"type":"Feature","properties":{"relief":0.9,"sinuosity":0,"highway":"primary"},"geometry":{"type":"LineString","coordinates":[[2.4818158,48.4414708],[2.4821078,48.4418869],[2.4823698,48.4421997],[2.4827332,48.4425831],[2.4829451,48.4427844],[2.4833544,48.4431358],[2.4838975,48.4435377],[2.4843432,48.4438222]]}},{"type":"Feature","properties":{"relief":0.743,"sinuosity":0,"highway":"tertiary","name":"Route de Nemours"},"geometry":{"type":"LineString","coordinates":[[2.4969464,48.3839956],[2.4971109,48.3837876],[2.497702,48.3830838],[2.497989,48.3827318],[2.4982085,48.3824186],[2.4988774,48.3810529]]}},{"type":"Feature","properties":{"relief":0.893,"sinuosity":0,"highway":"secondary","name":"Route de Fontainebleau à Treuzy-Levelay"},"geometry":{"type":"LineString","coordinates":[[2.7626399,48.3527954],[2.7627413,48.3526801],[2.7629278,48.3525894],[2.7632403,48.3524604],[2.7633319,48.3524216],[2.7638114,48.3522171],[2.7640671,48.3520589],[2.7641924,48.3519683],[2.764338,48.3518257],[2.7653299,48.3508773]]}},{"type":"Feature","properties":{"relief":0.75,"sinuosity":0,"highway":"secondary","name":"Route de Fontainebleau à Treuzy-Levelay"},"geometry":{"type":"LineString","coordinates":[[2.7653299,48.3508773],[2.7659227,48.3502954],[2.766526,48.3497327],[2.7676777,48.3487756]]}},{"type":"Feature","properties":{"relief":0.446,"sinuosity":0,"highway":"secondary","name":"Route de la Glandée"},"geometry":{"type":"LineString","coordinates":[[2.6282496,48.486061],[2.6283282,48.4864528],[2.628421,48.4868157],[2.6284677,48.4869962],[2.628617,48.4874814],[2.6286852,48.4876749],[2.6289442,48.488348],[2.6292547,48.4891291]]}},{"type":"Feature","properties":{"relief":0.381,"sinuosity":0,"highway":"motorway"},"geometry":{"type":"LineString","coordinates":[[2.6798887,48.5871387],[2.6769651,48.5870709],[2.6759471,48.587048]]}},{"type":"Feature","properties":{"relief":0.486,"sinuosity":0,"highway":"primary","name":"Route de Bray"},"geometry":{"type":"LineString","coordinates":[[2.9920305,48.3800619],[2.9930827,48.3802349],[2.9935415,48.380308],[2.9938302,48.380354],[2.9949975,48.3805452],[2.9964486,48.3807732]]}},{"type":"Feature","properties":{"relief":0.496,"sinuosity":0,"highway":"secondary","name":"Route de Fontainebleau"},"geometry":{"type":"LineString","coordinates":[[2.9050457,48.4974541],[2.9048896,48.4973699],[2.9035408,48.4966142],[2.8985688,48.4948145]]}},{"type":"Feature","properties":{"relief":0.617,"sinuosity":0,"highway":"tertiary","name":"Route de Fontaineroux"},"geometry":{"type":"LineString","coordinates":[[2.7859006,48.4432175],[2.7861259,48.4431067],[2.7870612,48.4428078],[2.7883143,48.4425801],[2.7902256,48.4423359]]}},{"type":"Feature","properties":{"relief":0.553,"sinuosity":0,"highway":"secondary","name":"Quai des Vallées"},"geometry":{"type":"LineString","coordinates":[[2.7524408,48.486672],[2.7514147,48.486871],[2.7508749,48.4869825],[2.7493706,48.4873394],[2.7477127,48.4875723]]}},{"type":"Feature","properties":{"relief":0.479,"sinuosity":0,"highway":"primary","name":"Rue de la Picardie"},"geometry":{"type":"LineString","coordinates":[[2.9919697,48.5768468],[2.9922551,48.5767025],[2.9924138,48.5765952],[2.9940183,48.5754577],[2.9956847,48.5742827]]}},{"type":"Feature","properties":{"relief":0.713,"sinuosity":0,"highway":"motorway_link"},"geometry":{"type":"LineString","coordinates":[[2.6335926,48.6145393],[2.633275,48.6145336],[2.6329405,48.6145431],[2.6327759,48.6145639],[2.6326235,48.6145893],[2.632505,48.614618],[2.6323711,48.6146614],[2.6322569,48.6147076],[2.6321616,48.6147583],[2.6320691,48.6148184],[2.63198,48.6148836],[2.6319149,48.6149434],[2.6318674,48.6149907],[2.6318049,48.6150702],[2.6317676,48.6151362],[2.6317151,48.6152431],[2.631669,48.615383],[2.6314214,48.6162113]]}},{"type":"Feature","properties":{"relief":0.9,"sinuosity":0,"highway":"tertiary"},"geometry":{"type":"LineString","coordinates":[[3.5921964,48.8450042],[3.5927534,48.8461589],[3.5933659,48.8473424],[3.5934948,48.8476597]]}},{"type":"Feature","properties":{"relief":0.421,"sinuosity":0,"highway":"tertiary"},"geometry":{"type":"LineString","coordinates":[[1.4638138,48.5828429],[1.4634879,48.5825475],[1.4632209,48.5822598],[1.4630411,48.5820439],[1.4628439,48.5817509],[1.4627498,48.5815419],[1.4626996,48.581294],[1.462654,48.5810455],[1.4625982,48.5809103],[1.4625256,48.5807998],[1.4624137,48.5806579],[1.4613352,48.5795019]]}},{"type":"Feature","properties":{"relief":0.576,"sinuosity":0,"highway":"tertiary"},"geometry":{"type":"LineString","coordinates":[[1.4613352,48.5795019],[1.4608769,48.5789915],[1.4604064,48.5784453],[1.4601821,48.5781717],[1.4599325,48.57786],[1.4597412,48.5775867],[1.4595707,48.5773127],[1.4593912,48.5769838]]}},{"type":"Feature","properties":{"relief":0.9,"sinuosity":0,"highway":"primary","name":"Rocade F 13"},"geometry":{"type":"LineString","coordinates":[[1.8025964,48.9816721],[1.8028587,48.9824932],[1.8035976,48.985286]]}},{"type":"Feature","properties":{"relief":0.75,"sinuosity":0,"highway":"secondary","name":"Rue Salvador Allende"},"geometry":{"type":"LineString","coordinates":[[2.4051286,49.2140231],[2.4053933,49.2141826],[2.4055856,49.2142997],[2.4058198,49.2144384],[2.4059242,49.2144991],[2.4062032,49.2146655],[2.4067964,49.2150194],[2.4072083,49.2152643],[2.407384,49.2153661],[2.4074382,49.2153974],[2.4074918,49.2154263],[2.4075516,49.2154546],[2.4076112,49.2154824],[2.407675,49.215507],[2.4077399,49.2155323],[2.4078336,49.2155657],[2.4079477,49.2156027],[2.4079696,49.2156097],[2.4080202,49.2156243],[2.4080698,49.2156357]]}},{"type":"Feature","properties":{"relief":0.596,"sinuosity":0,"highway":"motorway","name":"Autoroute du Soleil"},"geometry":{"type":"LineString","coordinates":[[2.5359495,48.437015],[2.5356205,48.4375802],[2.5354519,48.4378566],[2.5352933,48.4381053],[2.5307232,48.4451443]]}},{"type":"Feature","properties":{"relief":0.431,"sinuosity":0,"highway":"motorway","name":"Autoroute du Soleil"},"geometry":{"type":"LineString","coordinates":[[3.0345397,48.0934177],[3.0355914,48.0924741],[3.0366442,48.0915443],[3.0376513,48.0906646]]}},{"type":"Feature","properties":{"relief":0.548,"sinuosity":0,"highway":"motorway","name":"Autoroute du Soleil"},"geometry":{"type":"LineString","coordinates":[[2.9050869,48.1470665],[2.9035583,48.1484298],[2.9029226,48.1489908],[2.9022867,48.1495384]]}},{"type":"Feature","properties":{"relief":0.644,"sinuosity":0,"highway":"motorway_link"},"geometry":{"type":"LineString","coordinates":[[3.3953102,49.0789298],[3.3954513,49.0789234],[3.3957799,49.0789735],[3.3961371,49.0790391],[3.3979541,49.0793967],[3.3994944,49.0797475]]}},{"type":"Feature","properties":{"relief":0.482,"sinuosity":0,"highway":"primary","name":"Route des Deux Plateaux"},"geometry":{"type":"LineString","coordinates":[[1.9578808,48.8311175],[1.9578789,48.8315836],[1.9578569,48.8318897],[1.9577778,48.8322625],[1.9575179,48.8330487],[1.9574288,48.8334582],[1.9573992,48.8337077]]}},{"type":"Feature","properties":{"relief":0.566,"sinuosity":0,"highway":"tertiary"},"geometry":{"type":"LineString","coordinates":[[3.441807,48.2429769],[3.4422576,48.2427769],[3.4424188,48.2427098],[3.4426009,48.242634],[3.444575,48.2419766],[3.4477078,48.2410477]]}},{"type":"Feature","properties":{"relief":0.8,"sinuosity":0,"highway":"secondary"},"geometry":{"type":"LineString","coordinates":[[3.3993908,48.2845827],[3.3990671,48.2840912],[3.3987024,48.2837349],[3.3982732,48.2833637],[3.3977797,48.2829781],[3.3974364,48.2826926],[3.3971327,48.282267]]}},{"type":"Feature","properties":{"relief":0.65,"sinuosity":0,"highway":"secondary"},"geometry":{"type":"LineString","coordinates":[[3.3960384,48.2797681],[3.3964064,48.2789513],[3.3967465,48.2783972],[3.3969182,48.2780688],[3.3976048,48.2776689],[3.3980554,48.2774261]]}},{"type":"Feature","properties":{"relief":0.86,"sinuosity":0,"highway":"secondary"},"geometry":{"type":"LineString","coordinates":[[3.4044927,48.2635292],[3.4045356,48.2632864],[3.4046429,48.2629864],[3.4053972,48.2616408],[3.4057373,48.2611008]]}},{"type":"Feature","properties":{"relief":1,"sinuosity":0.754,"highway":"tertiary"},"geometry":{"type":"LineString","coordinates":[[3.39569,48.2186343],[3.3958704,48.2185391],[3.3960635,48.2183818],[3.3963123,48.2181965],[3.3964773,48.2181321],[3.3966637,48.2181062],[3.3968528,48.218108],[3.3970016,48.2181303],[3.3971733,48.2181714],[3.3981536,48.2184475],[3.3982428,48.2184683],[3.3984447,48.2185155],[3.3986726,48.2185494],[3.3993378,48.2186093]]}},{"type":"Feature","properties":{"relief":0.873,"sinuosity":0,"highway":"tertiary","name":"Grande Rue"},"geometry":{"type":"LineString","coordinates":[[1.9989451,49.1658865],[1.9993372,49.1659118],[2.0001078,49.1659594],[2.0003566,49.1659724],[2.0004733,49.1659759],[2.0006923,49.1659758],[2.0007646,49.1659752],[2.0011318,49.1659706],[2.0013034,49.165968],[2.0014067,49.1659654],[2.0014778,49.1659706],[2.0015744,49.1659822],[2.002096,49.1660478],[2.0021477,49.1660525],[2.0022409,49.1660575],[2.0027765,49.1660362]]}},{"type":"Feature","properties":{"relief":0.9,"sinuosity":0,"highway":"secondary","name":"Chemin de Pont-sur-Yonne"},"geometry":{"type":"LineString","coordinates":[[3.26115,48.2854995],[3.26119,48.2855172],[3.2612443,48.2855399],[3.261428,48.2856149],[3.2615688,48.2856604],[3.2616949,48.285697],[3.2618774,48.2857433],[3.263007,48.2860296],[3.2633264,48.2861038],[3.2636355,48.2861628],[3.2640365,48.2862217],[3.2661505,48.2865069]]}},{"type":"Feature","properties":{"relief":0.75,"sinuosity":0,"highway":"secondary"},"geometry":{"type":"LineString","coordinates":[[3.0818253,48.9362622],[3.0819474,48.9363897],[3.0829492,48.9374386],[3.0883266,48.9431833]]}},{"type":"Feature","properties":{"relief":0.86,"sinuosity":0,"highway":"tertiary"},"geometry":{"type":"LineString","coordinates":[[3.3682215,48.3092552],[3.368424,48.3090911],[3.3685957,48.3089412],[3.3689645,48.3085191],[3.3690758,48.3083476],[3.3708278,48.305135]]}},{"type":"Feature","properties":{"relief":0.518,"sinuosity":0,"highway":"secondary"},"geometry":{"type":"LineString","coordinates":[[3.3054113,48.3440684],[3.3079922,48.3444536],[3.3137444,48.3452822]]}},{"type":"Feature","properties":{"relief":0.548,"sinuosity":0,"highway":"secondary"},"geometry":{"type":"LineString","coordinates":[[3.3526267,48.3508092],[3.3546228,48.3511673],[3.3552333,48.3513337],[3.3557412,48.3515128],[3.3593685,48.3529074]]}},{"type":"Feature","properties":{"relief":0.717,"sinuosity":0,"highway":"primary","name":"Boulevard Brune"},"geometry":{"type":"LineString","coordinates":[[2.3184024,48.8248992],[2.3182728,48.824915],[2.3182367,48.824921],[2.3166795,48.8252627],[2.316239,48.8253603],[2.3149127,48.8256542],[2.314516,48.8257416]]}},{"type":"Feature","properties":{"relief":0.637,"sinuosity":0,"highway":"secondary"},"geometry":{"type":"LineString","coordinates":[[3.0389769,48.2336581],[3.0378735,48.232435],[3.037034,48.2314996],[3.0363463,48.2307334]]}},{"type":"Feature","properties":{"relief":0.653,"sinuosity":0.692,"highway":"secondary"},"geometry":{"type":"LineString","coordinates":[[2.9941691,48.2153899],[2.9941895,48.2155433],[2.9940761,48.2159401],[2.9937074,48.216444],[2.9923388,48.2181561]]}},{"type":"Feature","properties":{"relief":0.783,"sinuosity":0,"highway":"secondary"},"geometry":{"type":"LineString","coordinates":[[2.0472687,49.1616162],[2.0472585,49.1619153],[2.0472585,49.1621479],[2.0472788,49.1623593],[2.0473114,49.1625573],[2.0474008,49.1628963],[2.0474699,49.1630797],[2.0475532,49.1632645],[2.0476529,49.1634532],[2.0477342,49.1635901],[2.0478439,49.163759],[2.047974,49.1639264],[2.0482708,49.164288]]}},{"type":"Feature","properties":{"relief":0.489,"sinuosity":0,"highway":"secondary"},"geometry":{"type":"LineString","coordinates":[[3.012751,48.2608298],[3.0124359,48.261103],[3.0122763,48.2613467],[3.0121797,48.2616422],[3.011941,48.2625645],[3.011819,48.2628904],[3.0116715,48.2631395],[3.0114488,48.2634037]]}},{"type":"Feature","properties":{"relief":0.84,"sinuosity":0,"highway":"secondary"},"geometry":{"type":"LineString","coordinates":[[3.0678031,48.2187432],[3.0681609,48.2179005],[3.0682306,48.2177558],[3.0683419,48.2176233],[3.07057,48.2156789]]}},{"type":"Feature","properties":{"relief":0.75,"sinuosity":0,"highway":"tertiary"},"geometry":{"type":"LineString","coordinates":[[3.5289004,48.3059417],[3.5278977,48.3070425],[3.5248656,48.3101761]]}},{"type":"Feature","properties":{"relief":0.603,"sinuosity":0,"highway":"tertiary","name":"Route de Sens"},"geometry":{"type":"LineString","coordinates":[[3.3085881,48.1823741],[3.3085433,48.1822932],[3.3084183,48.1821104],[3.3080629,48.1816933],[3.3067542,48.180232],[3.3064758,48.1799225]]}},{"type":"Feature","properties":{"relief":0.75,"sinuosity":0,"highway":"tertiary"},"geometry":{"type":"LineString","coordinates":[[1.9091141,49.2762712],[1.9092125,49.2762993],[1.9092956,49.2763124],[1.9093935,49.2763159],[1.909499,49.2763],[1.90961,49.2762693],[1.9097033,49.2762363],[1.9104225,49.2759125],[1.9106153,49.2758382],[1.9107749,49.275791],[1.9109297,49.2757663],[1.9110437,49.275752],[1.9111772,49.2757498],[1.9113301,49.2757542],[1.9114961,49.2757669],[1.9124874,49.275854],[1.912921,49.2759057]]}},{"type":"Feature","properties":{"relief":0.75,"sinuosity":0,"highway":"primary","name":"Boulevard de Stalingrad"},"geometry":{"type":"LineString","coordinates":[[2.3794008,48.8014753],[2.3793299,48.8015569],[2.3793105,48.8015791],[2.3792287,48.8016482],[2.3789963,48.8019349],[2.3786598,48.8023631],[2.3785905,48.8024513],[2.378226,48.8029208],[2.3781395,48.8031045],[2.3780478,48.8032203],[2.37802,48.8032561],[2.3778752,48.803439],[2.3777659,48.8035831],[2.3777533,48.8036005],[2.3776302,48.8037531]]}},{"type":"Feature","properties":{"relief":0.75,"sinuosity":0,"highway":"secondary","name":"Route de Giverny"},"geometry":{"type":"LineString","coordinates":[[1.5088003,49.0873836],[1.5085067,49.0875586],[1.5081391,49.0878345],[1.5077868,49.0881154],[1.5070847,49.0885549],[1.5056146,49.0894081]]}},{"type":"Feature","properties":{"relief":0.397,"sinuosity":0,"highway":"tertiary","name":"Rue de la Gare"},"geometry":{"type":"LineString","coordinates":[[2.3204101,49.0642094],[2.3200052,49.0642485],[2.3191391,49.064324],[2.3189108,49.0643423],[2.318107,49.0644069],[2.3168019,49.064511]]}},{"type":"Feature","properties":{"relief":0.599,"sinuosity":0.708,"highway":"tertiary"},"geometry":{"type":"LineString","coordinates":[[1.6863626,48.567028],[1.6871923,48.566771],[1.6874577,48.5667115],[1.687643,48.5667099],[1.6878619,48.5667692],[1.6880653,48.5668666],[1.6882353,48.5669396],[1.6884783,48.5669516],[1.6886662,48.5669092],[1.6891275,48.5667885],[1.6900575,48.5664811]]}},{"type":"Feature","properties":{"relief":0.557,"sinuosity":0,"highway":"motorway","name":"L'Autoroute de l'Arbre"},"geometry":{"type":"LineString","coordinates":[[2.7209985,48.1338281],[2.7217058,48.1342503],[2.7223826,48.1346342],[2.7230695,48.1350116],[2.7237642,48.1353731],[2.7244505,48.1357144]]}},{"type":"Feature","properties":{"relief":0.697,"sinuosity":0,"highway":"motorway"},"geometry":{"type":"LineString","coordinates":[[2.2059005,49.026545],[2.2050025,49.0271206],[2.204244,49.0276818],[2.2035377,49.0282314],[2.2032939,49.0284397]]}},{"type":"Feature","properties":{"relief":0.634,"sinuosity":0,"highway":"primary","name":"Avenue John Fitzgerald Kennedy"},"geometry":{"type":"LineString","coordinates":[[2.5126915,48.9396656],[2.5127146,48.9395347],[2.5127236,48.9394711],[2.5127481,48.9393082],[2.5127955,48.9391822],[2.5128172,48.9391356],[2.5128545,48.9390545],[2.5129148,48.938935],[2.5130363,48.9387377],[2.5131844,48.9385519],[2.5133178,48.9383811],[2.513616,48.9379991],[2.5136468,48.9379605],[2.5137005,48.9379111],[2.513862,48.9377071],[2.5139537,48.937592],[2.5143215,48.9371164]]}},{"type":"Feature","properties":{"relief":0.76,"sinuosity":0,"highway":"tertiary","name":"Rue de Claye"},"geometry":{"type":"LineString","coordinates":[[2.7063413,48.8907997],[2.7065014,48.8910124],[2.708095,48.8929294],[2.708441,48.8933315]]}},{"type":"Feature","properties":{"relief":0.508,"sinuosity":0,"highway":"motorway","name":"Autoroute de l’Est"},"geometry":{"type":"LineString","coordinates":[[3.4394479,49.0964522],[3.4412173,49.0970891],[3.4429147,49.0977221]]}},{"type":"Feature","properties":{"relief":0.813,"sinuosity":0,"highway":"motorway"},"geometry":{"type":"LineString","coordinates":[[3.1469265,48.1285468],[3.1459737,48.1275283],[3.1450032,48.1265696],[3.1440069,48.1256613]]}},{"type":"Feature","properties":{"relief":0.86,"sinuosity":0,"highway":"motorway"},"geometry":{"type":"LineString","coordinates":[[3.171534,48.1549161],[3.1719989,48.1555547],[3.1724466,48.1562184],[3.1728815,48.1568891],[3.1734524,48.1578232]]}},{"type":"Feature","properties":{"relief":0.75,"sinuosity":0,"highway":"motorway"},"geometry":{"type":"LineString","coordinates":[[3.5830034,48.2414321],[3.5823715,48.2415225],[3.5817763,48.2416116],[3.5811473,48.2417105],[3.5754246,48.2426262]]}},{"type":"Feature","properties":{"relief":0.9,"sinuosity":0,"highway":"motorway","name":"Autoroute de Normandie"},"geometry":{"type":"LineString","coordinates":[[1.9552553,48.9394033],[1.9557375,48.939072],[1.9557825,48.9390418],[1.956708,48.9384484],[1.9586632,48.9373765]]}},{"type":"Feature","properties":{"relief":0.767,"sinuosity":0,"highway":"motorway","name":"Autoroute du Soleil"},"geometry":{"type":"LineString","coordinates":[[2.3162927,48.6965498],[2.3176625,48.6956547],[2.3182453,48.6952477],[2.3187316,48.694881],[2.3191908,48.6945085]]}},{"type":"Feature","properties":{"relief":0.9,"sinuosity":0,"highway":"primary","name":"Route des Deux Plateaux"},"geometry":{"type":"LineString","coordinates":[[1.9583919,48.8032423],[1.9585653,48.8030581],[1.9587671,48.8028891],[1.9589812,48.8027434],[1.9592732,48.8025907],[1.959525,48.8024839],[1.9598358,48.802382],[1.9601526,48.8023024],[1.9604511,48.8022484],[1.9609914,48.8021536],[1.9624832,48.8018977]]}},{"type":"Feature","properties":{"relief":0.75,"sinuosity":0,"highway":"primary","name":"Route de Rouen"},"geometry":{"type":"LineString","coordinates":[[1.4610308,49.1046647],[1.4614231,49.1044174],[1.4615464,49.1043409],[1.4616644,49.1042786],[1.4617503,49.1042417],[1.4619119,49.1041782],[1.462191,49.104067],[1.4624248,49.1039817],[1.4626375,49.1038986],[1.4632299,49.1036673],[1.4638885,49.1034102],[1.4648463,49.1030362]]}},{"type":"Feature","properties":{"relief":0.867,"sinuosity":0,"highway":"motorway","name":"Autoroute de Normandie"},"geometry":{"type":"LineString","coordinates":[[1.3997758,49.0743398],[1.4021617,49.0732907],[1.4045246,49.0722096]]}},{"type":"Feature","properties":{"relief":0.723,"sinuosity":0,"highway":"tertiary"},"geometry":{"type":"LineString","coordinates":[[3.4902734,48.3785403],[3.4882807,48.3781992],[3.4863284,48.3778587]]}},{"type":"Feature","properties":{"relief":0.561,"sinuosity":0,"highway":"motorway"},"geometry":{"type":"LineString","coordinates":[[2.1874508,48.9928141],[2.1861108,48.9934076],[2.1855799,48.9936779],[2.182425,48.9955001]]}},{"type":"Feature","properties":{"relief":0.444,"sinuosity":0,"highway":"motorway"},"geometry":{"type":"LineString","coordinates":[[2.314208,48.9380524],[2.314927,48.9378936],[2.3154155,48.937772],[2.3160739,48.9375654],[2.3166148,48.9373688],[2.3169857,48.937218],[2.3175754,48.9369535]]}},{"type":"Feature","properties":{"relief":0.9,"sinuosity":0,"highway":"primary","name":"Avenue Jean Jaurès"},"geometry":{"type":"LineString","coordinates":[[2.5411594,48.8609777],[2.5412744,48.8610248],[2.541328,48.8610461],[2.5416577,48.8611793],[2.5425279,48.861531],[2.5427142,48.8616056],[2.5438141,48.8620479],[2.5446668,48.8623908]]}},{"type":"Feature","properties":{"relief":0.73,"sinuosity":0.7,"highway":"secondary"},"geometry":{"type":"LineString","coordinates":[[3.4919742,48.6232626],[3.4919381,48.6232764],[3.4893646,48.623358],[3.4885648,48.6235003],[3.4871499,48.6236426]]}},{"type":"Feature","properties":{"relief":0.9,"sinuosity":0,"highway":"tertiary"},"geometry":{"type":"LineString","coordinates":[[3.3495792,48.1164854],[3.3499332,48.116378],[3.3502873,48.1162634],[3.3504621,48.1162132],[3.3506372,48.1161062],[3.3507808,48.1159983],[3.3511322,48.1157154],[3.3520468,48.1149454],[3.3525189,48.1145801]]}},{"type":"Feature","properties":{"relief":0.51,"sinuosity":0,"highway":"tertiary","name":"Rue Saint-Victor"},"geometry":{"type":"LineString","coordinates":[[2.9910219,48.2356215],[2.9912175,48.2359214],[2.9915483,48.2362221],[2.991608,48.2362823],[2.9917579,48.2364336],[2.9918401,48.2365654],[2.9918832,48.2366711],[2.9919079,48.2367617],[2.9918975,48.2371063],[2.9919181,48.2372147],[2.9919551,48.2372587],[2.9922941,48.2375181],[2.9928325,48.2380687]]}},{"type":"Feature","properties":{"relief":0.597,"sinuosity":0,"highway":"trunk"},"geometry":{"type":"LineString","coordinates":[[2.9954122,49.2332568],[2.995023,49.2331584],[2.994457,49.2330236],[2.9933694,49.2328064],[2.9924735,49.2326593],[2.9915629,49.2325217]]}},{"type":"Feature","properties":{"relief":0.63,"sinuosity":0,"highway":"trunk"},"geometry":{"type":"LineString","coordinates":[[2.9916005,49.2324385],[2.9925124,49.2325691],[2.9933935,49.2327144],[2.9945161,49.2329404],[2.9951625,49.2330875],[2.995761,49.2332451]]}},{"type":"Feature","properties":{"relief":0.82,"sinuosity":0,"highway":"primary"},"geometry":{"type":"LineString","coordinates":[[2.3157559,48.5998912],[2.3164486,48.6005799],[2.3165948,48.6007293],[2.3170728,48.6011557],[2.3175957,48.6016277],[2.3181536,48.6021019]]}},{"type":"Feature","properties":{"relief":0.767,"sinuosity":0,"highway":"secondary","name":"Route de Machault"},"geometry":{"type":"LineString","coordinates":[[2.7805487,48.441646],[2.7807811,48.4417074],[2.7834712,48.4424816],[2.7840228,48.4426079]]}},{"type":"Feature","properties":{"relief":0.813,"sinuosity":0,"highway":"primary"},"geometry":{"type":"LineString","coordinates":[[1.4189872,48.4681612],[1.41811,48.4687659],[1.4173212,48.4693219],[1.413326,48.4721378]]}},{"type":"Feature","properties":{"relief":0.45,"sinuosity":0,"highway":"tertiary","name":"Route des Crêtes"},"geometry":{"type":"LineString","coordinates":[[1.7050937,49.0701452],[1.7050456,49.0702417],[1.7048951,49.070535],[1.7048238,49.0706907],[1.704739,49.0708916],[1.7046906,49.0710374],[1.7046675,49.071129],[1.7046576,49.0712094],[1.7046587,49.0712716],[1.7046756,49.0713903],[1.7046834,49.071618],[1.7046782,49.0718822],[1.7046715,49.0722249],[1.7046818,49.0724454],[1.7047511,49.0727811]]}},{"type":"Feature","properties":{"relief":0.71,"sinuosity":0,"highway":"tertiary","name":"Rue Charles de Gaulle"},"geometry":{"type":"LineString","coordinates":[[2.8714226,48.9383674],[2.8713503,48.9382625],[2.8713046,48.9382003],[2.8712401,48.9381159],[2.8710989,48.9379328],[2.8709329,48.9377335],[2.870372,48.9370596],[2.8702816,48.9369541],[2.8699547,48.9365352],[2.8696729,48.936321],[2.8696657,48.9363143],[2.869522,48.9362093],[2.8690418,48.9359363]]}},{"type":"Feature","properties":{"relief":0.41,"sinuosity":0,"highway":"motorway","name":"L'Aquitaine"},"geometry":{"type":"LineString","coordinates":[[1.8513728,48.0826936],[1.8512459,48.0818493],[1.8512107,48.0816183],[1.8510925,48.0809391],[1.8510747,48.0808368],[1.8510068,48.0804526],[1.8509232,48.0799806]]}},{"type":"Feature","properties":{"relief":0.75,"sinuosity":0,"highway":"secondary"},"geometry":{"type":"LineString","coordinates":[[3.2810489,48.2639712],[3.2814686,48.2634585],[3.2817589,48.2630453],[3.2821561,48.2623895],[3.2824534,48.261772],[3.2827207,48.2609414]]}},{"type":"Feature","properties":{"relief":0.81,"sinuosity":1,"highway":"tertiary","name":"Route de la Grande Croix"},"geometry":{"type":"LineString","coordinates":[[3.3726592,48.306804],[3.3725707,48.3069021],[3.3724889,48.3070734],[3.3724012,48.3075008],[3.3724312,48.3076594],[3.3725648,48.3078648],[3.3728068,48.3080493],[3.3731528,48.3081759],[3.3734379,48.3082082],[3.3746623,48.3081083]]}},{"type":"Feature","properties":{"relief":0.539,"sinuosity":0,"highway":"tertiary"},"geometry":{"type":"LineString","coordinates":[[3.4903105,48.2987463],[3.4887907,48.2990704],[3.4876835,48.2993066],[3.4872253,48.2994107],[3.4871014,48.2994389],[3.4856386,48.2997712]]}},{"type":"Feature","properties":{"relief":0.75,"sinuosity":0,"highway":"tertiary"},"geometry":{"type":"LineString","coordinates":[[3.5274266,48.2796071],[3.5296547,48.2803953],[3.5298364,48.2803597],[3.5300436,48.2802777],[3.5339018,48.2784367]]}},{"type":"Feature","properties":{"relief":0.493,"sinuosity":0,"highway":"secondary","name":"Route d’Ozouer le Voulgis"},"geometry":{"type":"LineString","coordinates":[[2.811832,48.6646668],[2.8119153,48.6646744],[2.8121032,48.6646979],[2.8123196,48.6647326],[2.8126247,48.6647862],[2.8128541,48.6648322],[2.8151997,48.6654956],[2.8162623,48.6658024]]}},{"type":"Feature","properties":{"relief":0.9,"sinuosity":0,"highway":"primary","name":"Boulevard Raymond Poincaré"},"geometry":{"type":"LineString","coordinates":[[2.185676,48.8384555],[2.1852347,48.8384088],[2.185171,48.8384021],[2.1846053,48.8383709],[2.1841442,48.83835],[2.1820847,48.8382568]]}},{"type":"Feature","properties":{"relief":0.723,"sinuosity":0,"highway":"tertiary","name":"Route d'Arpajon"},"geometry":{"type":"LineString","coordinates":[[2.2270134,48.5903145],[2.2271441,48.5903276],[2.2273131,48.5903505],[2.2274862,48.5903808],[2.2277221,48.5904258],[2.2279327,48.5904684],[2.2280551,48.5904973],[2.2281122,48.5905107],[2.2283481,48.5905664],[2.2288899,48.5907051],[2.2290002,48.5907311],[2.2290698,48.5907475],[2.2291972,48.5907654],[2.2295648,48.5907803],[2.2297546,48.5908003],[2.2310689,48.5910011]]}},{"type":"Feature","properties":{"relief":0.65,"sinuosity":0,"highway":"tertiary","name":"Rue Ferdinand Dreyfus"},"geometry":{"type":"LineString","coordinates":[[1.8217651,48.6513498],[1.8218513,48.6513195],[1.8219725,48.6512655],[1.8229165,48.6507565],[1.8236906,48.6503365],[1.8241669,48.6500788],[1.8250639,48.6495881]]}},{"type":"Feature","properties":{"relief":0.9,"sinuosity":0,"highway":"primary","name":"Route de Caen"},"geometry":{"type":"LineString","coordinates":[[1.554464,49.030636],[1.554181,49.030483],[1.5538427,49.0302713],[1.5532874,49.0298942],[1.552664,49.0294416],[1.5523749,49.0292585],[1.5521469,49.0291823],[1.5512911,49.0289936]]}},{"type":"Feature","properties":{"relief":0.619,"sinuosity":0,"highway":"primary","name":"Route de Caen"},"geometry":{"type":"LineString","coordinates":[[1.5474175,49.0284479],[1.5471374,49.028411],[1.5466355,49.0282795],[1.5461235,49.028072],[1.5459047,49.0279534],[1.5457617,49.0278551],[1.5456257,49.0277471],[1.5450171,49.0271906],[1.5447538,49.0270295],[1.543545,49.0264483]]}},{"type":"Feature","properties":{"relief":0.543,"sinuosity":0,"highway":"tertiary","name":"Route de la Vallée"},"geometry":{"type":"LineString","coordinates":[[3.2462745,48.8945326],[3.248067,48.8928381],[3.2483875,48.8925721],[3.2486442,48.8923562]]}},{"type":"Feature","properties":{"relief":0.75,"sinuosity":0,"highway":"secondary"},"geometry":{"type":"LineString","coordinates":[[3.1681235,48.9691717],[3.1702233,48.9701588],[3.1749945,48.9719485]]}},{"type":"Feature","properties":{"relief":0.75,"sinuosity":0,"highway":"trunk"},"geometry":{"type":"LineString","coordinates":[[2.0429622,49.0567329],[2.0456056,49.0562951],[2.0461897,49.0561992],[2.0513,49.0553257]]}},{"type":"Feature","properties":{"relief":0.471,"sinuosity":0,"highway":"primary"},"geometry":{"type":"LineString","coordinates":[[3.3493993,48.6911652],[3.3506859,48.6912063],[3.3572212,48.6913773]]}},{"type":"Feature","properties":{"relief":0.635,"sinuosity":0,"highway":"primary"},"geometry":{"type":"LineString","coordinates":[[3.099395,48.895319],[3.099202,48.8951289],[3.098771,48.8947081],[3.0981401,48.894089],[3.09761,48.8935688],[3.0964902,48.8924618]]}},{"type":"Feature","properties":{"relief":0.75,"sinuosity":0,"highway":"primary"},"geometry":{"type":"LineString","coordinates":[[3.0878104,49.0237556],[3.0845792,49.0236011],[3.0813816,49.0234579]]}},{"type":"Feature","properties":{"relief":0.813,"sinuosity":0,"highway":"tertiary"},"geometry":{"type":"LineString","coordinates":[[3.1255978,49.073946],[3.1257402,49.0738909],[3.1258232,49.0738614],[3.126017,49.0738234],[3.1262104,49.0737983],[3.1264602,49.0737943],[3.1266578,49.0738175],[3.126999,49.0739072],[3.1274698,49.0740824],[3.1282451,49.0744588],[3.1289811,49.0748553]]}},{"type":"Feature","properties":{"relief":0.9,"sinuosity":0,"highway":"tertiary","name":"Rue Pierre Curie"},"geometry":{"type":"LineString","coordinates":[[1.9605595,48.803006],[1.9606469,48.8029609],[1.9606653,48.8029485],[1.9607519,48.80289],[1.9608448,48.8028167],[1.9609252,48.802756],[1.9610045,48.8027074],[1.961134,48.8026555],[1.9616684,48.8024925],[1.9621394,48.8023475],[1.9626259,48.8022035],[1.9635689,48.8019651],[1.9639446,48.8018649]]}},{"type":"Feature","properties":{"relief":0.75,"sinuosity":0,"highway":"primary","name":"Rue de Margency"},"geometry":{"type":"LineString","coordinates":[[2.3179789,48.9936444],[2.3178808,48.9935983],[2.3178166,48.9935608],[2.3174541,48.9933389],[2.3171728,48.9931834],[2.3169699,48.9930864],[2.3167999,48.993012],[2.3163114,48.9928338],[2.3161752,48.9927848],[2.3158085,48.9926526],[2.3154679,48.9925311],[2.315256,48.9924642],[2.3150649,48.9924158],[2.315008,48.992403],[2.3149363,48.9923869]]}},{"type":"Feature","properties":{"relief":0.9,"sinuosity":0,"highway":"tertiary","name":"Avenue Théophile Gautier"},"geometry":{"type":"LineString","coordinates":[[2.2745235,48.8508657],[2.2732955,48.8503715],[2.273193,48.8503298],[2.2723424,48.8499834],[2.2723101,48.8499702],[2.272228,48.8499368],[2.272148,48.849904],[2.2721218,48.8498932],[2.2715931,48.8496763],[2.2714503,48.8496135],[2.2713808,48.8495555],[2.2713034,48.8494883]]}},{"type":"Feature","properties":{"relief":0.9,"sinuosity":0,"highway":"motorway","name":"Autoroute de Normandie"},"geometry":{"type":"LineString","coordinates":[[1.7357111,48.9698384],[1.7351478,48.9700356],[1.7345871,48.9702472],[1.7341121,48.9704519],[1.7334849,48.970754],[1.7328039,48.9711214],[1.73228,48.9714314]]}},{"type":"Feature","properties":{"relief":0.55,"sinuosity":1,"highway":"tertiary"},"geometry":{"type":"LineString","coordinates":[[3.2686821,48.9376281],[3.2680893,48.9370609],[3.2678076,48.936805],[3.2676655,48.936676],[3.2675844,48.9366011],[3.2675247,48.9365381],[3.267516,48.93645],[3.2675468,48.9363857],[3.2676038,48.9363496],[3.2680189,48.9362267],[3.2682589,48.9361808],[3.2685942,48.9361258],[3.2689375,48.9360522],[3.2692547,48.9359672]]}},{"type":"Feature","properties":{"relief":0.9,"sinuosity":0,"highway":"tertiary","name":"Boulevard Émile Augier"},"geometry":{"type":"LineString","coordinates":[[2.2737832,48.8610295],[2.2737241,48.8611675],[2.2735303,48.8614791],[2.2733587,48.8617478],[2.273112,48.8620983],[2.273071,48.8621556],[2.2730314,48.8622175],[2.2728971,48.862428],[2.2728062,48.8625884],[2.2726875,48.8628249],[2.2726414,48.8629255],[2.2726165,48.8629946],[2.2725961,48.8630516],[2.2724269,48.8637495]]}},{"type":"Feature","properties":{"relief":0.483,"sinuosity":0,"highway":"trunk"},"geometry":{"type":"LineString","coordinates":[[2.451193,48.9778191],[2.451457,48.9778274],[2.4516531,48.9778335],[2.4517856,48.9778377],[2.4524519,48.9778682],[2.4532948,48.9779053],[2.4557555,48.9779836]]}},{"type":"Feature","properties":{"relief":0.82,"sinuosity":0,"highway":"primary"},"geometry":{"type":"LineString","coordinates":[[2.0300044,49.1168351],[2.0299903,49.1170436],[2.0299682,49.1172107],[2.0299396,49.1173999],[2.0298856,49.1176369],[2.0298332,49.1178236],[2.029773,49.1179933],[2.0296986,49.1181763],[2.0296254,49.1183361],[2.0295395,49.1185018],[2.0294506,49.118661],[2.0293298,49.1188565],[2.029215,49.1190238],[2.0290936,49.1191841],[2.0289763,49.1193272]]}},{"type":"Feature","properties":{"relief":0.833,"sinuosity":0,"highway":"tertiary"},"geometry":{"type":"LineString","coordinates":[[3.127282,49.0643916],[3.1273398,49.0643241],[3.1274926,49.0641224],[3.1276966,49.0638246],[3.1283645,49.0630931],[3.1286657,49.0627788],[3.1290735,49.0619767]]}},{"type":"Feature","properties":{"relief":0.867,"sinuosity":0,"highway":"motorway","name":"L'Aquitaine"},"geometry":{"type":"LineString","coordinates":[[2.252558,48.7119993],[2.2532206,48.7136457],[2.2538077,48.7149734]]}},{"type":"Feature","properties":{"relief":0.697,"sinuosity":0,"highway":"trunk","name":"La Francilienne"},"geometry":{"type":"LineString","coordinates":[[2.2681927,48.6231979],[2.2687532,48.6230565],[2.2690435,48.6229891],[2.2693249,48.6229247],[2.2696334,48.6228571],[2.2699307,48.6227953],[2.2705011,48.6226814],[2.270926,48.622601],[2.2713441,48.6225309],[2.2717033,48.6224718],[2.272044,48.6224257]]}},{"type":"Feature","properties":{"relief":0.873,"sinuosity":0,"highway":"trunk","name":"La Francilienne"},"geometry":{"type":"LineString","coordinates":[[2.2847717,48.6221904],[2.2864333,48.622337],[2.2875047,48.6224352],[2.2893342,48.6226078]]}},{"type":"Feature","properties":{"relief":0.867,"sinuosity":0,"highway":"trunk","name":"La Francilienne"},"geometry":{"type":"LineString","coordinates":[[2.4120695,48.6289602],[2.4106862,48.629823],[2.4071425,48.6320173]]}},{"type":"Feature","properties":{"relief":0.9,"sinuosity":0,"highway":"secondary","name":"Promenade de l'Est"},"geometry":{"type":"LineString","coordinates":[[3.2349374,48.8451701],[3.2349762,48.8454432],[3.2350069,48.8456686],[3.235118,48.8466338],[3.235122,48.8466688],[3.2351395,48.8468392],[3.2351913,48.8472881],[3.2351974,48.8473759],[3.2351905,48.8474354],[3.2351713,48.8474776],[3.2351457,48.8475109]]}},{"type":"Feature","properties":{"relief":0.597,"sinuosity":0,"highway":"trunk"},"geometry":{"type":"LineString","coordinates":[[2.4943396,48.5567026],[2.4954162,48.5564827],[2.4966645,48.5562377],[2.4978998,48.5559834]]}},{"type":"Feature","properties":{"relief":0.57,"sinuosity":0,"highway":"secondary","name":"Route d'Épernon"},"geometry":{"type":"LineString","coordinates":[[1.7226821,48.6678317],[1.7219907,48.6676047],[1.719878,48.6668925],[1.7191914,48.6666577]]}},{"type":"Feature","properties":{"relief":0.78,"sinuosity":0,"highway":"secondary"},"geometry":{"type":"LineString","coordinates":[[3.0824804,48.9642231],[3.082805,48.9640998],[3.0834275,48.9637861],[3.0846278,48.9631999],[3.0855324,48.9626897]]}},{"type":"Feature","properties":{"relief":0.847,"sinuosity":0,"highway":"motorway"},"geometry":{"type":"LineString","coordinates":[[2.2031582,49.0283818],[2.2034202,49.0281682],[2.2044285,49.0273688],[2.2057932,49.0264683]]}},{"type":"Feature","properties":{"relief":1,"sinuosity":0.715,"highway":"tertiary","name":"Grande Rue"},"geometry":{"type":"LineString","coordinates":[[3.5845625,48.5768344],[3.584702,48.5769218],[3.58494,48.5770961],[3.5850731,48.5771973],[3.5852673,48.5773386],[3.5854072,48.577445],[3.5854692,48.5775018],[3.5854992,48.5775441],[3.5855177,48.5775889],[3.5855126,48.5776382],[3.5854958,48.5776826],[3.5853503,48.5780123],[3.5853355,48.5780579],[3.5853407,48.5780992],[3.5853596,48.5781372],[3.5855703,48.5783441],[3.585625,48.5784066],[3.585664,48.5784682],[3.5856741,48.5785274],[3.5856982,48.5789063],[3.585724,48.5791784]]}},{"type":"Feature","properties":{"relief":0.68,"sinuosity":0,"highway":"tertiary"},"geometry":{"type":"LineString","coordinates":[[3.4881386,48.7874128],[3.4867178,48.7872353],[3.4857827,48.7871312],[3.4850917,48.7870886],[3.4807464,48.787008]]}},{"type":"Feature","properties":{"relief":0.622,"sinuosity":0,"highway":"trunk","name":"La Francilienne"},"geometry":{"type":"LineString","coordinates":[[2.1329624,49.0478351],[2.1338376,49.0482134],[2.134593,49.0484647],[2.1351468,49.0486014],[2.1357061,49.048702],[2.1394964,49.0493629]]}},{"type":"Feature","properties":{"relief":0.85,"sinuosity":0.7,"highway":"tertiary","name":"Route de Roissy"},"geometry":{"type":"LineString","coordinates":[[2.5539727,48.9834522],[2.5540261,48.9834201],[2.5541077,48.9833259],[2.5542402,48.9831724],[2.5543277,48.9830905],[2.5544004,48.9830419],[2.5551894,48.9825773],[2.5553838,48.9824502],[2.5555193,48.98232],[2.5555762,48.9821794],[2.5557319,48.9815725],[2.5557415,48.9814246],[2.5557473,48.9812399]]}},{"type":"Feature","properties":{"relief":0.807,"sinuosity":0,"highway":"tertiary"},"geometry":{"type":"LineString","coordinates":[[2.2803563,49.0736733],[2.2804777,49.0734896],[2.281057,49.072112],[2.2811594,49.0718344],[2.2813617,49.0712864]]}},{"type":"Feature","properties":{"relief":0.887,"sinuosity":0,"highway":"trunk"},"geometry":{"type":"LineString","coordinates":[[1.730746,48.7982366],[1.7323621,48.7982337],[1.7337913,48.7982795],[1.7344867,48.7983226],[1.7348339,48.7983383]]}},{"type":"Feature","properties":{"relief":0.763,"sinuosity":0.876,"highway":"tertiary","name":"Rue du Pré Saint-Martin"},"geometry":{"type":"LineString","coordinates":[[1.6415615,48.8601161],[1.641598,48.8599242],[1.6416052,48.8598865],[1.6416437,48.859684],[1.6417887,48.8592371],[1.641796,48.8592147],[1.6418187,48.8591633],[1.6418513,48.8590891],[1.6420812,48.858847],[1.6421141,48.8588337],[1.6424613,48.8587319],[1.6429213,48.8587781],[1.643236,48.8588099],[1.6433668,48.8588184],[1.643502,48.8588135],[1.6436344,48.8588019]]}},{"type":"Feature","properties":{"relief":0.538,"sinuosity":0,"highway":"motorway_link"},"geometry":{"type":"LineString","coordinates":[[2.6312546,48.5916758],[2.6318568,48.5915184],[2.6323038,48.5913971],[2.6326709,48.5912905],[2.6329958,48.5911807],[2.6332985,48.5910607],[2.6335993,48.5909208],[2.6338582,48.5907833],[2.6341368,48.5906163],[2.6343852,48.5904427],[2.6346208,48.590258]]}},{"type":"Feature","properties":{"relief":0.435,"sinuosity":0,"highway":"tertiary","name":"Chemin de Saclas"},"geometry":{"type":"LineString","coordinates":[[2.127318,48.392798],[2.1276369,48.3938373],[2.1280598,48.3952152],[2.1290662,48.3984948]]}},{"type":"Feature","properties":{"relief":0.75,"sinuosity":0,"highway":"primary"},"geometry":{"type":"LineString","coordinates":[[1.8198889,49.279375],[1.8201785,49.2794111],[1.8204158,49.2794373],[1.8206361,49.2794624],[1.8209226,49.2794996],[1.82128,49.2795559],[1.8216713,49.2796242],[1.8220205,49.2796927],[1.8225479,49.2797929],[1.8228266,49.2798424],[1.823121,49.2798893],[1.8233858,49.2799302],[1.8237947,49.2799815]]}},{"type":"Feature","properties":{"relief":0.55,"sinuosity":0.782,"highway":"tertiary","name":"Avenue du Pressoir"},"geometry":{"type":"LineString","coordinates":[[1.9576799,48.803005],[1.9576141,48.8028578],[1.9576164,48.8024971],[1.9576334,48.8023646],[1.9577126,48.8022339],[1.9578267,48.8021317],[1.9579473,48.8020563],[1.9580692,48.8020083],[1.9583912,48.8019124],[1.9587238,48.8018241],[1.95926,48.8017133],[1.9594037,48.8016836],[1.9598311,48.8015495],[1.9602831,48.8014188]]}},{"type":"Feature","properties":{"relief":0.418,"sinuosity":0,"highway":"secondary"},"geometry":{"type":"LineString","coordinates":[[1.5151183,48.7594212],[1.5151908,48.7592512],[1.5152967,48.7590637],[1.5154406,48.7588981],[1.5156646,48.758676],[1.5163265,48.7582067],[1.5165471,48.7580273],[1.516682,48.757899],[1.5168855,48.7576423],[1.5174184,48.7568103]]}},{"type":"Feature","properties":{"relief":0.437,"sinuosity":0,"highway":"secondary","name":"Rue Pauvert Poulain"},"geometry":{"type":"LineString","coordinates":[[1.4417088,48.218183],[1.4415111,48.2180512],[1.4410747,48.2177288],[1.4403535,48.2172346],[1.4394519,48.2167344],[1.4391934,48.2166148],[1.4387507,48.2164334]]}},{"type":"Feature","properties":{"relief":0.76,"sinuosity":0,"highway":"primary"},"geometry":{"type":"LineString","coordinates":[[1.4165995,48.4359271],[1.4191689,48.4363324],[1.4194475,48.4363764],[1.4200877,48.4364812],[1.420771,48.436588]]}},{"type":"Feature","properties":{"relief":0.9,"sinuosity":0,"highway":"tertiary","name":"Avenue de l'Europe"},"geometry":{"type":"LineString","coordinates":[[2.3436868,49.0297214],[2.34372,49.0296339],[2.3438235,49.0293609],[2.3438753,49.0292243],[2.343923,49.0291068],[2.344051,49.0287914],[2.3441288,49.0285996],[2.3444956,49.0276959],[2.3445293,49.0276128],[2.3445335,49.0276022],[2.3445578,49.0275416],[2.3446166,49.0273913],[2.3448003,49.0269616]]}},{"type":"Feature","properties":{"relief":0.63,"sinuosity":0,"highway":"secondary","name":"Avenue de Paris"},"geometry":{"type":"LineString","coordinates":[[2.2244364,49.1107305],[2.2245762,49.1106918],[2.2247238,49.110651],[2.224958,49.1105862],[2.2250438,49.1105625],[2.2253557,49.1104762],[2.225628,49.1104009],[2.2269653,49.110031],[2.2278821,49.1097857],[2.2279663,49.1097632],[2.2280698,49.1097355]]}},{"type":"Feature","properties":{"relief":0.534,"sinuosity":0,"highway":"primary","name":"Avenue Michel Poniatowski"},"geometry":{"type":"LineString","coordinates":[[2.2255841,49.1129543],[2.2256232,49.1130308],[2.2256943,49.1131414],[2.2261683,49.1137059],[2.226317,49.1138688],[2.2265226,49.1140536],[2.2266021,49.1141251],[2.226804,49.1143033],[2.2268626,49.1143483],[2.2269795,49.1144341],[2.2272726,49.1146511],[2.2277071,49.1149736],[2.227905,49.1151202]]}},{"type":"Feature","properties":{"relief":0.868,"sinuosity":0,"highway":"tertiary","name":"Rue Carnot"},"geometry":{"type":"LineString","coordinates":[[2.1826839,49.118514],[2.1822936,49.1180491],[2.1821388,49.1178857],[2.1816174,49.1174399],[2.1815683,49.117388],[2.1815111,49.1173274],[2.1814599,49.1172663],[2.181116,49.116863],[2.1810162,49.1167116],[2.1809613,49.1165855],[2.1809336,49.1164385],[2.1807626,49.1159745]]}},{"type":"Feature","properties":{"relief":0.8,"sinuosity":0,"highway":"tertiary"},"geometry":{"type":"LineString","coordinates":[[3.172363,48.7167127],[3.1730573,48.7166596],[3.1746163,48.7165326],[3.1751764,48.7164207],[3.1773629,48.715769]]}},{"type":"Feature","properties":{"relief":0.75,"sinuosity":0,"highway":"tertiary"},"geometry":{"type":"LineString","coordinates":[[3.1837479,48.7127285],[3.1845613,48.7122595],[3.1847041,48.7121905],[3.1849522,48.7121007],[3.1871163,48.7114801]]}},{"type":"Feature","properties":{"relief":0.588,"sinuosity":0,"highway":"secondary"},"geometry":{"type":"LineString","coordinates":[[2.8988236,49.0519499],[2.9008921,49.0536782],[2.9033801,49.0557886]]}},{"type":"Feature","properties":{"relief":0.643,"sinuosity":0,"highway":"trunk"},"geometry":{"type":"LineString","coordinates":[[1.4161368,48.7509144],[1.4169159,48.7510532],[1.4174239,48.7511321],[1.417588,48.7511553],[1.4177562,48.7511775],[1.4179262,48.7511978],[1.4180951,48.7512159],[1.4182647,48.75123],[1.4184359,48.7512424],[1.4186122,48.751253],[1.4187814,48.7512611],[1.4189478,48.7512672],[1.4191177,48.7512714],[1.4192885,48.7512736],[1.4194613,48.7512731],[1.4196307,48.7512717],[1.4198009,48.7512686],[1.4199717,48.7512628]]}},{"type":"Feature","properties":{"relief":0.37,"sinuosity":0,"highway":"primary"},"geometry":{"type":"LineString","coordinates":[[1.9123708,49.0267895],[1.9126168,49.0269612],[1.9128964,49.0271469],[1.9132237,49.0273557],[1.9136184,49.0275704],[1.9138909,49.0277027],[1.9143156,49.0278999],[1.9148217,49.0281146],[1.9152305,49.0282677],[1.91571,49.028436]]}},{"type":"Feature","properties":{"relief":0.75,"sinuosity":0,"highway":"tertiary"},"geometry":{"type":"LineString","coordinates":[[2.3179047,49.0794317],[2.317335,49.0801145],[2.3171425,49.0803447],[2.3168971,49.080639],[2.3167044,49.0808662],[2.31663,49.0809526],[2.3159246,49.0817975]]}},{"type":"Feature","properties":{"relief":0.61,"sinuosity":0,"highway":"tertiary","name":"Boulevard Devaux"},"geometry":{"type":"LineString","coordinates":[[2.0494261,48.93256],[2.0492501,48.9324868],[2.0492074,48.9324684],[2.048403,48.93213],[2.0481221,48.9320118],[2.047961,48.9319448],[2.0477656,48.9318652],[2.0476281,48.9318092],[2.0475642,48.9317818],[2.0473781,48.9317019],[2.0473619,48.9316948],[2.0473352,48.9316836],[2.04719,48.9316233],[2.0471546,48.9316067],[2.0468852,48.9314898],[2.0467931,48.9314521],[2.0467789,48.9314463],[2.0467539,48.9314353],[2.0465535,48.9313469],[2.0460812,48.9311415]]}},{"type":"Feature","properties":{"relief":0.85,"sinuosity":0.7,"highway":"secondary","name":"Rue du Calvaire"},"geometry":{"type":"LineString","coordinates":[[2.2188659,48.8461815],[2.2188196,48.8463457],[2.2187521,48.8465402],[2.2186712,48.8468589],[2.2186903,48.8471948],[2.218699,48.8472743],[2.2187723,48.8477079],[2.2188139,48.8482852],[2.218819,48.8483066],[2.2188026,48.8484926],[2.2187526,48.8485744],[2.2187256,48.8486378],[2.2185948,48.8488226]]}},{"type":"Feature","properties":{"relief":0.561,"sinuosity":0,"highway":"tertiary","name":"Avenue Fernand Fourcade"},"geometry":{"type":"LineString","coordinates":[[2.3156321,49.0696936],[2.3180983,49.0683654],[2.3184467,49.0681778],[2.3186326,49.0680732]]}},{"type":"Feature","properties":{"relief":0.75,"sinuosity":0,"highway":"secondary","name":"Route d'Arpajon"},"geometry":{"type":"LineString","coordinates":[[2.1806776,48.5710708],[2.180913,48.5711113],[2.1810721,48.5711639],[2.181236,48.571237],[2.181694,48.5714765],[2.181851,48.5715697],[2.1819569,48.571646],[2.1822852,48.5719147],[2.1826516,48.5722405],[2.1829454,48.5724756],[2.1834035,48.5727681],[2.1838613,48.5730356]]}},{"type":"Feature","properties":{"relief":0.45,"sinuosity":0,"highway":"motorway","name":"Autoroute du Soleil"},"geometry":{"type":"LineString","coordinates":[[2.4985793,48.5401235],[2.4981099,48.5413605],[2.4957365,48.5475557]]}},{"type":"Feature","properties":{"relief":0.9,"sinuosity":0,"highway":"motorway","name":"L'Européenne"},"geometry":{"type":"LineString","coordinates":[[2.3314207,49.0698686],[2.3322694,49.0716108],[2.3325434,49.072243],[2.3326614,49.0726012]]}},{"type":"Feature","properties":{"relief":0.86,"sinuosity":0,"highway":"secondary"},"geometry":{"type":"LineString","coordinates":[[3.3524352,48.2657343],[3.3528836,48.2659875],[3.3532034,48.2661923],[3.3535309,48.266436],[3.3555306,48.2680343]]}},{"type":"Feature","properties":{"relief":0.488,"sinuosity":0,"highway":"primary","name":"Avenue du Docteur Louis Franc Fichez"},"geometry":{"type":"LineString","coordinates":[[2.3630654,48.6417614],[2.363001,48.6416473],[2.3617762,48.639442],[2.3617077,48.6393259]]}},{"type":"Feature","properties":{"relief":0.37,"sinuosity":0,"highway":"tertiary","name":"Rue Jacques Fournier"},"geometry":{"type":"LineString","coordinates":[[2.0082884,49.11578],[2.008442,49.1158628],[2.0086148,49.1159448],[2.0088811,49.1160529],[2.0090188,49.1161128],[2.0091464,49.1161776],[2.0093116,49.1162784],[2.0094604,49.1163799],[2.0096327,49.1165183],[2.0096758,49.1165529],[2.0096981,49.1165719],[2.0098689,49.1167179],[2.0100953,49.1168975],[2.0102424,49.1170019],[2.0104766,49.1171614],[2.0107762,49.1173143],[2.0110693,49.1174544],[2.0114222,49.1176128]]}},{"type":"Feature","properties":{"relief":0.9,"sinuosity":0,"highway":"tertiary","name":"Grande Rue"},"geometry":{"type":"LineString","coordinates":[[1.5512695,49.2790652],[1.5514892,49.2793044],[1.5516813,49.2794453],[1.5519501,49.2796864],[1.5521218,49.2799558],[1.5522453,49.2802303],[1.5523632,49.280374],[1.5525484,49.2804604],[1.553023,49.2806277],[1.5533799,49.2807614],[1.5536385,49.2809094],[1.5539177,49.2811]]}},{"type":"Feature","properties":{"relief":0.9,"sinuosity":0,"highway":"primary"},"geometry":{"type":"LineString","coordinates":[[1.7900734,49.119261],[1.7901423,49.118389],[1.7902053,49.1176014],[1.7902574,49.1168686],[1.7903244,49.1160218]]}},{"type":"Feature","properties":{"relief":0.9,"sinuosity":0,"highway":"primary","name":"Route de Versailles"},"geometry":{"type":"LineString","coordinates":[[2.1085742,48.8497078],[2.1090969,48.8472924],[2.1091669,48.8469688]]}},{"type":"Feature","properties":{"relief":0.747,"sinuosity":0,"highway":"secondary"},"geometry":{"type":"LineString","coordinates":[[1.4158781,49.2695315],[1.4159428,49.2693685],[1.4159797,49.2690507],[1.4159837,49.2689072],[1.4159904,49.2687243],[1.41601,49.268618],[1.4160249,49.2685791],[1.4160458,49.2685413],[1.4161044,49.2684708],[1.4161415,49.2684387],[1.4161834,49.2684093],[1.4162797,49.2683594],[1.4163331,49.2683395],[1.4164478,49.2683105],[1.4165078,49.2683018],[1.416569,49.2682971],[1.4166918,49.2682999],[1.4168058,49.2683007],[1.4169399,49.2682955],[1.4172329,49.2682497],[1.4173727,49.2682133],[1.4175069,49.2681689],[1.4180692,49.2679358],[1.4183843,49.2677976]]}},{"type":"Feature","properties":{"relief":0.57,"sinuosity":0,"highway":"trunk"},"geometry":{"type":"LineString","coordinates":[[2.7706228,48.7358953],[2.767059,48.7365109],[2.7664399,48.7365856]]}},{"type":"Feature","properties":{"relief":0.75,"sinuosity":0,"highway":"secondary"},"geometry":{"type":"LineString","coordinates":[[1.7806623,49.1629816],[1.7818944,49.1616813],[1.7822835,49.1612345],[1.782567,49.1608379]]}},{"type":"Feature","properties":{"relief":0.75,"sinuosity":0,"highway":"tertiary","name":"Rue Pierre Curie"},"geometry":{"type":"LineString","coordinates":[[1.9672425,48.8022878],[1.9673066,48.8023072],[1.9673707,48.8023266],[1.9679052,48.8024859],[1.9681265,48.802552],[1.9685025,48.8026643],[1.9692449,48.8028861],[1.9694438,48.8029442],[1.9695718,48.8029767],[1.9700548,48.8030557],[1.9704395,48.8030978],[1.9705737,48.8031125],[1.9709306,48.8031283]]}},{"type":"Feature","properties":{"relief":0.597,"sinuosity":0,"highway":"primary","name":"Route des Deux Plateaux"},"geometry":{"type":"LineString","coordinates":[[1.9583901,48.8209827],[1.9581892,48.8214479],[1.9575634,48.8225899],[1.9572287,48.8231871],[1.9571458,48.823335],[1.9570147,48.8235689]]}},{"type":"Feature","properties":{"relief":0.805,"sinuosity":0,"highway":"secondary"},"geometry":{"type":"LineString","coordinates":[[3.5786593,49.1291788],[3.5778178,49.1307699],[3.5774388,49.1314886],[3.5747421,49.136553]]}},{"type":"Feature","properties":{"relief":0.75,"sinuosity":0,"highway":"secondary","name":"Rue de Garennes"},"geometry":{"type":"LineString","coordinates":[[1.4600899,48.8904329],[1.4599883,48.8907728],[1.4597161,48.891627],[1.4593814,48.8927408],[1.4592055,48.8932449]]}},{"type":"Feature","properties":{"relief":0.884,"sinuosity":0,"highway":"primary","name":"Route de Genève"},"geometry":{"type":"LineString","coordinates":[[3.3752303,48.1727435],[3.3756652,48.1726498],[3.3761074,48.1725495],[3.3768149,48.1724061],[3.3769863,48.1723813],[3.3770339,48.1723761],[3.3771266,48.172371],[3.377244,48.1723707],[3.3773651,48.1723777],[3.3774825,48.172388],[3.3776615,48.1724086],[3.3779652,48.1724467],[3.3780118,48.1724534],[3.3780865,48.172463],[3.3781611,48.1724726],[3.3786306,48.1725345],[3.3789138,48.1725693]]}},{"type":"Feature","properties":{"relief":0.86,"sinuosity":0,"highway":"trunk","name":"La Francilienne"},"geometry":{"type":"LineString","coordinates":[[2.4985231,49.0298527],[2.4975509,49.0301166],[2.4957765,49.030625],[2.4952703,49.0307869],[2.494799,49.0309524]]}},{"type":"Feature","properties":{"relief":0.561,"sinuosity":0,"highway":"trunk","name":"La Francilienne"},"geometry":{"type":"LineString","coordinates":[[2.494194,49.0310265],[2.4944806,49.0309307],[2.4950086,49.0307448],[2.4957037,49.0305192],[2.497333,49.0300547],[2.4984924,49.0297355]]}},{"type":"Feature","properties":{"relief":0.603,"sinuosity":0,"highway":"trunk","name":"La Francilienne"},"geometry":{"type":"LineString","coordinates":[[2.5410334,49.0286262],[2.542148,49.0285711],[2.5434484,49.0285001],[2.5443716,49.0284551],[2.5456333,49.0283928]]}},{"type":"Feature","properties":{"relief":0.663,"sinuosity":0,"highway":"secondary"},"geometry":{"type":"LineString","coordinates":[[1.4154648,48.4520129],[1.4157826,48.4519667],[1.4171859,48.4518722],[1.4173473,48.4518638],[1.4176775,48.4518416],[1.4179271,48.4518333],[1.4192426,48.4517754]]}},{"type":"Feature","properties":{"relief":0.763,"sinuosity":0.7,"highway":"tertiary"},"geometry":{"type":"LineString","coordinates":[[1.8908469,48.7112457],[1.8911475,48.7112837],[1.8914072,48.711337],[1.8918882,48.7115296],[1.8923141,48.7118282],[1.8928473,48.7124883],[1.8932955,48.7130465]]}},{"type":"Feature","properties":{"relief":0.75,"sinuosity":0,"highway":"primary","name":"Avenue Jean Jaurès"},"geometry":{"type":"LineString","coordinates":[[2.5450489,48.8626506],[2.5449273,48.8626071],[2.5438597,48.8621765],[2.5428516,48.8617745],[2.5424134,48.8615957],[2.5414113,48.8611814]]}},{"type":"Feature","properties":{"relief":0.453,"sinuosity":0,"highway":"secondary","name":"Avenue de l'Industrie"},"geometry":{"type":"LineString","coordinates":[[2.4078213,48.8088049],[2.4077746,48.8088695],[2.4077344,48.8089338],[2.4077096,48.8089688],[2.4072873,48.8095651],[2.406852,48.810194],[2.4066138,48.8105489],[2.4064831,48.8107635],[2.4064342,48.8108401],[2.4063872,48.8109202],[2.4061125,48.8113542]]}},{"type":"Feature","properties":{"relief":0.75,"sinuosity":0,"highway":"secondary","name":"Route de Lamorlaye"},"geometry":{"type":"LineString","coordinates":[[2.4561846,49.1432053],[2.4526372,49.1433457],[2.4507341,49.143421]]}},{"type":"Feature","properties":{"relief":1,"sinuosity":0.788,"highway":"tertiary","name":"Rue de la Mairie"},"geometry":{"type":"LineString","coordinates":[[1.3917777,48.4426457],[1.3918633,48.4426139],[1.3921248,48.4424283],[1.3924654,48.4423154],[1.3929277,48.4422266],[1.3933412,48.4422064],[1.3938035,48.4422589],[1.3947627,48.4424293],[1.3948921,48.4424718],[1.3949094,48.442478],[1.3951232,48.4426341],[1.3953344,48.4428948]]}},{"type":"Feature","properties":{"relief":0.453,"sinuosity":0,"highway":"secondary"},"geometry":{"type":"LineString","coordinates":[[1.8692636,48.5796548],[1.8681505,48.5798592],[1.8677609,48.5799135],[1.8673664,48.5799587],[1.8669719,48.5799866],[1.8665809,48.5799959],[1.8662074,48.579997],[1.8658742,48.5799901],[1.8655797,48.5799773],[1.8649239,48.5799402]]}},{"type":"Feature","properties":{"relief":0.54,"sinuosity":0,"highway":"tertiary","name":"Rue Gambetta"},"geometry":{"type":"LineString","coordinates":[[2.7191063,48.4009341],[2.7192325,48.400981],[2.7194567,48.4010841],[2.7195758,48.4011389],[2.7202307,48.401303],[2.7203457,48.401333],[2.7208261,48.4014562],[2.7211844,48.4015486],[2.7215128,48.4016147],[2.7216594,48.4016424],[2.7217655,48.4016626],[2.7218308,48.4016751],[2.7219157,48.4016976],[2.7231409,48.4020385]]}},{"type":"Feature","properties":{"relief":0.9,"sinuosity":0,"highway":"motorway","name":"L'Européenne"},"geometry":{"type":"LineString","coordinates":[[2.3129998,49.0880256],[2.3148535,49.087232],[2.3161253,49.0866706],[2.3176465,49.08599]]}},{"type":"Feature","properties":{"relief":0.717,"sinuosity":0,"highway":"trunk","name":"La Francilienne"},"geometry":{"type":"LineString","coordinates":[[2.4065132,48.6317396],[2.4075171,48.6311486],[2.4085221,48.630545],[2.4095333,48.62992]]}},{"type":"Feature","properties":{"relief":0.867,"sinuosity":0,"highway":"trunk","name":"La Francilienne"},"geometry":{"type":"LineString","coordinates":[[2.4187531,48.6241978],[2.4190939,48.6239855],[2.4203069,48.6232393],[2.4210875,48.6227559],[2.421858,48.6222666]]}},{"type":"Feature","properties":{"relief":0.75,"sinuosity":0,"highway":"secondary"},"geometry":{"type":"LineString","coordinates":[[3.2319599,48.4886313],[3.2319653,48.4883416],[3.2319331,48.4879825],[3.2318634,48.4876216],[3.2317454,48.4871932],[3.2316273,48.4867754],[3.2313752,48.4858243]]}},{"type":"Feature","properties":{"relief":0.867,"sinuosity":0,"highway":"primary","name":"Rue Albert Rémy"},"geometry":{"type":"LineString","coordinates":[[2.4088542,48.6561085],[2.4087111,48.6562331],[2.4084925,48.6564161],[2.4079919,48.6568421],[2.4073204,48.6574037],[2.4070695,48.6576181],[2.4069388,48.6577298],[2.406562,48.6580436]]}},{"type":"Feature","properties":{"relief":0.59,"sinuosity":0,"highway":"secondary"},"geometry":{"type":"LineString","coordinates":[[1.5505471,48.4280391],[1.5512976,48.4277187],[1.5542234,48.4264697]]}},{"type":"Feature","properties":{"relief":0.9,"sinuosity":0,"highway":"secondary","name":"Route de Meulan"},"geometry":{"type":"LineString","coordinates":[[1.9558373,48.9868849],[1.955969,48.9868137],[1.9560814,48.9867529],[1.9561753,48.986708],[1.9562986,48.9866561],[1.9565216,48.9865702],[1.9584033,48.9859454],[1.9586015,48.9858783],[1.9586281,48.9858693],[1.9588816,48.9857918],[1.9590308,48.9857503],[1.9591767,48.9857117],[1.9594078,48.9856606]]}},{"type":"Feature","properties":{"relief":0.383,"sinuosity":0,"highway":"tertiary","name":"Route de Rambouillet"},"geometry":{"type":"LineString","coordinates":[[1.7800644,48.6778285],[1.7795873,48.6778003],[1.7791582,48.677803],[1.7778748,48.6778572],[1.7771253,48.6778968],[1.7764843,48.6779213],[1.7761988,48.6779187]]}},{"type":"Feature","properties":{"relief":0.65,"sinuosity":0,"highway":"secondary","name":"Rue d'Orphin"},"geometry":{"type":"LineString","coordinates":[[1.8218065,48.6241075],[1.8218154,48.6245311],[1.8218503,48.6249561],[1.8218985,48.6251962],[1.8219705,48.625407],[1.822089,48.625627],[1.822148,48.6257103],[1.8222211,48.6258012],[1.8223136,48.6259062],[1.8224611,48.6260397],[1.8228653,48.626351]]}},{"type":"Feature","properties":{"relief":0.45,"sinuosity":0,"highway":"secondary","name":"Rue du Bois Query"},"geometry":{"type":"LineString","coordinates":[[2.0478388,49.1402854],[2.0478029,49.1402323],[2.047752,49.1401726],[2.0476956,49.1401156],[2.0476353,49.1400612],[2.0475763,49.1400129],[2.0474824,49.1399454],[2.0473617,49.1398585],[2.0465181,49.1392602],[2.0463237,49.139118],[2.0462204,49.1390347],[2.0461131,49.1389382],[2.0460045,49.1388302],[2.0459949,49.1388191],[2.0459254,49.1387381],[2.0458503,49.1386425],[2.0457564,49.1385074],[2.0456826,49.1383898],[2.045629,49.1382871],[2.0455874,49.1381783]]}},{"type":"Feature","properties":{"relief":0.75,"sinuosity":0,"highway":"primary"},"geometry":{"type":"LineString","coordinates":[[2.1078968,48.6661551],[2.1095326,48.6666287],[2.1133125,48.6677185]]}},{"type":"Feature","properties":{"relief":0.9,"sinuosity":0,"highway":"secondary","name":"Avenue du Maréchal Foch"},"geometry":{"type":"LineString","coordinates":[[2.8213795,48.8941643],[2.8218622,48.8938203],[2.8237419,48.8924208],[2.8248934,48.8916778]]}},{"type":"Feature","properties":{"relief":0.9,"sinuosity":0,"highway":"secondary","name":"Route des Andelys"},"geometry":{"type":"LineString","coordinates":[[1.4610151,49.1181286],[1.4621257,49.1171344],[1.4636586,49.1159746]]}},{"type":"Feature","properties":{"relief":0.491,"sinuosity":0,"highway":"primary","name":"Route des Petits Ponts"},"geometry":{"type":"LineString","coordinates":[[2.3987268,48.8904257],[2.3986995,48.89055],[2.3986919,48.8905813],[2.3986837,48.8906111],[2.3985896,48.890971],[2.3984922,48.8913273],[2.3984172,48.8916292],[2.3982812,48.8921974],[2.3982259,48.8924283],[2.3982209,48.8924492],[2.3982155,48.8924692],[2.3981979,48.8925347],[2.3981759,48.8926165],[2.3980391,48.893134]]}},{"type":"Feature","properties":{"relief":0.703,"sinuosity":0,"highway":"tertiary","name":"Route des Buissons"},"geometry":{"type":"LineString","coordinates":[[3.0856721,48.2477356],[3.0851129,48.2479231],[3.0850138,48.2479589],[3.0836064,48.2484461],[3.0835001,48.2484832],[3.0827248,48.2487362],[3.0822353,48.2488636]]}},{"type":"Feature","properties":{"relief":0.704,"sinuosity":0,"highway":"trunk","name":"La Francilienne"},"geometry":{"type":"LineString","coordinates":[[2.5447456,49.0286217],[2.5444579,49.0286153],[2.5428059,49.0286719],[2.5412336,49.0287289],[2.5401419,49.0287834]]}},{"type":"Feature","properties":{"relief":0.807,"sinuosity":0,"highway":"tertiary"},"geometry":{"type":"LineString","coordinates":[[3.3697147,48.5749284],[3.3695825,48.5756687],[3.3697204,48.5780848]]}},{"type":"Feature","properties":{"relief":0.639,"sinuosity":0,"highway":"tertiary","name":"Quai Voltaire"},"geometry":{"type":"LineString","coordinates":[[2.6445207,48.5339535],[2.6444417,48.5339161],[2.6437389,48.5335497],[2.6432367,48.5332699],[2.6429982,48.5331468],[2.642753,48.5329802],[2.6421582,48.5326071],[2.6417731,48.5323913],[2.6414995,48.5322801]]}},{"type":"Feature","properties":{"relief":0.888,"sinuosity":0.721,"highway":"tertiary"},"geometry":{"type":"LineString","coordinates":[[3.4495779,48.5304565],[3.44965,48.5307134],[3.4494783,48.5311295],[3.4493376,48.5316092],[3.4493961,48.5317519],[3.449468,48.5319275],[3.4503401,48.5324913],[3.452043,48.5338532]]}},{"type":"Feature","properties":{"relief":0.643,"sinuosity":1,"highway":"trunk_link"},"geometry":{"type":"LineString","coordinates":[[2.5405137,49.028433],[2.5404109,49.0281883],[2.5403611,49.0280542],[2.5403401,49.0278903],[2.5403877,49.0277634],[2.5404938,49.0276213],[2.5406354,49.0275206],[2.5408211,49.0274481],[2.5410058,49.0274067],[2.5412192,49.0273937],[2.541426,49.027427],[2.541583,49.0274705],[2.5419888,49.0276692],[2.5423083,49.0278483],[2.5425262,49.0279519],[2.5427783,49.0280462]]}},{"type":"Feature","properties":{"relief":0.79,"sinuosity":0.866,"highway":"trunk_link"},"geometry":{"type":"LineString","coordinates":[[2.5432551,49.0287459],[2.5427457,49.0287679],[2.5422752,49.0288328],[2.5419921,49.0289459],[2.5418063,49.0290634],[2.5416537,49.0291794],[2.541552,49.0292997],[2.5414879,49.0294665],[2.5414481,49.0296332],[2.5414945,49.0299725],[2.54167,49.0305342]]}},{"type":"Feature","properties":{"relief":0.75,"sinuosity":0,"highway":"secondary"},"geometry":{"type":"LineString","coordinates":[[3.256538,48.8529217],[3.2576863,48.8531853],[3.2586962,48.8534148],[3.2632142,48.8544424]]}},{"type":"Feature","properties":{"relief":0.9,"sinuosity":0,"highway":"primary"},"geometry":{"type":"LineString","coordinates":[[2.091514,48.9265247],[2.0916873,48.9268301],[2.0918415,48.9271655],[2.0921142,48.9278534],[2.0922943,48.9283187],[2.0933366,48.9310595]]}},{"type":"Feature","properties":{"relief":0.464,"sinuosity":0,"highway":"primary"},"geometry":{"type":"LineString","coordinates":[[1.7818394,49.0741539],[1.7818534,49.0738579],[1.781856,49.0737113],[1.7818542,49.0735847],[1.781849,49.0734873],[1.7818393,49.0734021],[1.7818275,49.0733109],[1.7818035,49.0731967],[1.7817734,49.0730762],[1.7817304,49.0729289],[1.7816942,49.07283],[1.7816233,49.0726637],[1.7815664,49.0725363],[1.7815003,49.0724041],[1.7813909,49.0722149],[1.7813164,49.0720977],[1.781202,49.0719402],[1.7810928,49.0718024],[1.7809986,49.0717015]]}},{"type":"Feature","properties":{"relief":0.45,"sinuosity":0,"highway":"tertiary","name":"Route de Chamoust"},"geometry":{"type":"LineString","coordinates":[[3.1727702,48.9956485],[3.171986,48.995526],[3.1716314,48.9954724],[3.1711632,48.995436],[3.1705177,48.9954551],[3.1701368,48.995495],[3.169949,48.9955332],[3.1696448,48.9956113],[3.1692877,48.9958022],[3.169137,48.995874]]}},{"type":"Feature","properties":{"relief":0.9,"sinuosity":0,"highway":"primary"},"geometry":{"type":"LineString","coordinates":[[1.4162311,49.0093437],[1.4171974,49.0094898],[1.4181164,49.009629],[1.4189035,49.0097534],[1.4199951,49.0099427]]}},{"type":"Feature","properties":{"relief":0.75,"sinuosity":0,"highway":"primary"},"geometry":{"type":"LineString","coordinates":[[1.4199951,49.0099427],[1.4185427,49.0097433],[1.4179372,49.0096574],[1.4166866,49.0094787],[1.4151566,49.0092446]]}},{"type":"Feature","properties":{"relief":0.82,"sinuosity":0,"highway":"secondary"},"geometry":{"type":"LineString","coordinates":[[1.8760165,49.0719278],[1.8758546,49.0729038],[1.875763,49.0734982],[1.8757009,49.0738516],[1.8756156,49.0743669],[1.8755305,49.0749496]]}},{"type":"Feature","properties":{"relief":0.61,"sinuosity":0,"highway":"tertiary","name":"Route d'Achères"},"geometry":{"type":"LineString","coordinates":[[2.5882675,48.3462289],[2.5880531,48.3463121],[2.5879103,48.3463701],[2.5877775,48.3464336],[2.5875064,48.3465768],[2.5872068,48.3467388],[2.5867215,48.3470018],[2.5866084,48.3470553],[2.5861965,48.347231],[2.5857808,48.3474043],[2.5853495,48.3475988],[2.5849373,48.3478027]]}},{"type":"Feature","properties":{"relief":0.767,"sinuosity":0,"highway":"primary","name":"Route Nationale de Paris à Toulouse"},"geometry":{"type":"LineString","coordinates":[[2.1185063,48.398036],[2.1182149,48.3976887],[2.1179607,48.3974115],[2.1176074,48.3970694],[2.1173753,48.3968707],[2.1170775,48.3966293],[2.1161975,48.3960058]]}},{"type":"Feature","properties":{"relief":0.457,"sinuosity":0,"highway":"primary","name":"Route Nationale de Paris à Toulouse"},"geometry":{"type":"LineString","coordinates":[[2.095599,48.384619],[2.0951851,48.3843916],[2.0945264,48.38398],[2.0934635,48.3833278],[2.0921232,48.3824824]]}},{"type":"Feature","properties":{"relief":0.75,"sinuosity":0,"highway":"primary"},"geometry":{"type":"LineString","coordinates":[[1.9479483,48.9363926],[1.9455931,48.936923],[1.9455224,48.9369389],[1.9400651,48.9381736]]}},{"type":"Feature","properties":{"relief":0.75,"sinuosity":0,"highway":"primary"},"geometry":{"type":"LineString","coordinates":[[2.807909,48.8907386],[2.8081507,48.8915649],[2.8084091,48.8922794],[2.8087272,48.8930252],[2.808914,48.8934041]]}},{"type":"Feature","properties":{"relief":0.391,"sinuosity":0,"highway":"tertiary","name":"Route de Lainville"},"geometry":{"type":"LineString","coordinates":[[1.8178723,49.0737953],[1.817422,49.0734332],[1.817241,49.073287],[1.8170307,49.0730771],[1.8168168,49.0727644],[1.8167233,49.0724942],[1.8167466,49.0720916],[1.8168458,49.0717756],[1.81716,49.0711182]]}},{"type":"Feature","properties":{"relief":0.747,"sinuosity":0,"highway":"primary","name":"Route des Deux Plateaux"},"geometry":{"type":"LineString","coordinates":[[1.9562447,48.8247068],[1.9574583,48.8225499],[1.9578985,48.8217479]]}},{"type":"Feature","properties":{"relief":0.9,"sinuosity":0,"highway":"tertiary","name":"Rue Carnot"},"geometry":{"type":"LineString","coordinates":[[2.1821256,49.1232926],[2.1821629,49.1230853],[2.1822308,49.1228616],[2.1824965,49.1222562],[2.1826259,49.1220363],[2.1827952,49.1217996],[2.1830079,49.1215119],[2.1830887,49.1213905],[2.1831605,49.1212596],[2.1832106,49.121157],[2.1832546,49.1210322],[2.1832713,49.1209298]]}},{"type":"Feature","properties":{"relief":0.853,"sinuosity":0,"highway":"secondary","name":"Rue de Mortcerf"},"geometry":{"type":"LineString","coordinates":[[2.9457743,48.8049808],[2.9457244,48.8048728],[2.9456595,48.8047324],[2.945491,48.8043462],[2.9453961,48.8041207],[2.9453267,48.8038979],[2.9453009,48.8037813],[2.9452928,48.8036625],[2.9452881,48.8035476],[2.9452901,48.8034315],[2.9452962,48.8033162],[2.9453902,48.8023901]]}},{"type":"Feature","properties":{"relief":0.623,"sinuosity":0,"highway":"tertiary"},"geometry":{"type":"LineString","coordinates":[[2.3696583,49.0728747],[2.3709454,49.0726081],[2.3720827,49.0723779],[2.372595,49.0722795],[2.3733058,49.0721547],[2.3743599,49.0719702]]}},{"type":"Feature","properties":{"relief":0.522,"sinuosity":0,"highway":"tertiary"},"geometry":{"type":"LineString","coordinates":[[2.3618748,49.0755466],[2.3621254,49.0754683],[2.3623823,49.0753681],[2.3628029,49.0751881],[2.3641174,49.07458],[2.3651096,49.0741671]]}},{"type":"Feature","properties":{"relief":0.472,"sinuosity":0,"highway":"tertiary"},"geometry":{"type":"LineString","coordinates":[[3.2472105,48.8012386],[3.2470883,48.8016569],[3.2468147,48.8025463],[3.2466544,48.8028904],[3.2465515,48.8030688],[3.2460825,48.8035686],[3.2456135,48.8039528]]}},{"type":"Feature","properties":{"relief":0.75,"sinuosity":0,"highway":"tertiary","name":"Rue Grande"},"geometry":{"type":"LineString","coordinates":[[3.1781935,48.4876431],[3.1785387,48.487081],[3.1788102,48.4867088],[3.1788186,48.4866961],[3.1790687,48.4863617],[3.179108,48.486242],[3.1792316,48.485866],[3.1794214,48.4854487],[3.1795162,48.4851837]]}},{"type":"Feature","properties":{"relief":0.63,"sinuosity":0,"highway":"secondary"},"geometry":{"type":"LineString","coordinates":[[2.045891,48.6110422],[2.0461299,48.6108981],[2.0463992,48.6107471],[2.0468114,48.6105305],[2.0472775,48.6102404],[2.047743,48.6099472],[2.0481558,48.609686],[2.0483035,48.6095916],[2.0484778,48.6094776],[2.0486716,48.6093318],[2.0487965,48.6092125]]}},{"type":"Feature","properties":{"relief":0.887,"sinuosity":0.7,"highway":"tertiary","name":"Rue Saint-Robert"},"geometry":{"type":"LineString","coordinates":[[1.9487804,48.6663876],[1.9490379,48.6663787],[1.9491693,48.6664301],[1.9492981,48.6665063],[1.9494683,48.6666763],[1.9500196,48.6673459],[1.9505829,48.6683344],[1.950739,48.6684574]]}},{"type":"Feature","properties":{"relief":0.663,"sinuosity":0,"highway":"primary"},"geometry":{"type":"LineString","coordinates":[[3.1074607,49.2054406],[3.1073522,49.205597],[3.1069218,49.2062933],[3.1056828,49.2083255]]}},{"type":"Feature","properties":{"relief":0.504,"sinuosity":0,"highway":"tertiary","name":"Avenue de Gravelle"},"geometry":{"type":"LineString","coordinates":[[2.4075132,48.8264761],[2.4074868,48.8264959],[2.4074397,48.826529],[2.4074177,48.8265445],[2.4070285,48.8268183],[2.40641,48.8273087],[2.4058557,48.8277727],[2.4055777,48.8279802],[2.4054044,48.8281113],[2.4052575,48.8282106],[2.4051214,48.8283011],[2.4049721,48.8283945]]}},{"type":"Feature","properties":{"relief":0.402,"sinuosity":0.824,"highway":"tertiary","name":"Route de Champlet"},"geometry":{"type":"LineString","coordinates":[[2.9461712,48.7279834],[2.9461917,48.7279355],[2.9464149,48.7275352],[2.9465863,48.7273467],[2.9467441,48.7272767],[2.9469564,48.7272857],[2.9486463,48.7276501],[2.9501675,48.7278924]]}},{"type":"Feature","properties":{"relief":0.63,"sinuosity":0,"highway":"primary"},"geometry":{"type":"LineString","coordinates":[[1.6307224,48.936157],[1.6313805,48.9365687],[1.6317085,48.936774],[1.6322783,48.9371435],[1.6326319,48.9373784],[1.6329812,48.9376287],[1.6336623,48.9381407]]}},{"type":"Feature","properties":{"relief":0.9,"sinuosity":0,"highway":"trunk"},"geometry":{"type":"LineString","coordinates":[[2.5851104,48.9337986],[2.5878534,48.9334067],[2.5884101,48.9333378],[2.5889351,48.9332853]]}},{"type":"Feature","properties":{"relief":0.538,"sinuosity":0,"highway":"tertiary"},"geometry":{"type":"LineString","coordinates":[[2.5588254,48.711377],[2.5596253,48.7123908],[2.5596818,48.7124624],[2.5611989,48.7139293]]}},{"type":"Feature","properties":{"relief":0.9,"sinuosity":0,"highway":"secondary","name":"Route du Perray"},"geometry":{"type":"LineString","coordinates":[[1.7743698,48.7147841],[1.7744717,48.7147186],[1.7746165,48.7146549],[1.7748271,48.7145797],[1.7749625,48.7145434],[1.775157,48.7145071],[1.7753622,48.7144877],[1.7756318,48.7144806],[1.7761521,48.7144797],[1.7764767,48.7144682],[1.7767543,48.7144514],[1.7770252,48.7144275],[1.7772813,48.7143903],[1.7778432,48.7142977],[1.7794311,48.7141355]]}},{"type":"Feature","properties":{"relief":0.671,"sinuosity":0,"highway":"primary","name":"Rue d'Étampes"},"geometry":{"type":"LineString","coordinates":[[2.3632804,48.3935363],[2.3597694,48.3940801],[2.3571892,48.3944797]]}},{"type":"Feature","properties":{"relief":0.833,"sinuosity":0,"highway":"tertiary","name":"Quai Voltaire"},"geometry":{"type":"LineString","coordinates":[[2.6409975,48.5320127],[2.6413045,48.532125],[2.6415159,48.5322094],[2.6416692,48.5322742],[2.6419911,48.5324536],[2.6427997,48.532938],[2.6430682,48.5330915],[2.6432962,48.5332243],[2.6445153,48.5338766]]}},{"type":"Feature","properties":{"relief":0.526,"sinuosity":0,"highway":"primary","name":"Grande Rue"},"geometry":{"type":"LineString","coordinates":[[3.127295,48.6884827],[3.1292179,48.6886651],[3.1293091,48.6886738],[3.1313987,48.6888723]]}},{"type":"Feature","properties":{"relief":0.9,"sinuosity":0,"highway":"tertiary","name":"Route Blanche"},"geometry":{"type":"LineString","coordinates":[[1.4155578,48.8233003],[1.4164603,48.8231874],[1.4207302,48.8226764]]}},{"type":"Feature","properties":{"relief":0.78,"sinuosity":0,"highway":"secondary","name":"Route de Vallangoujard"},"geometry":{"type":"LineString","coordinates":[[2.1393501,49.1337562],[2.139228,49.1337329],[2.1383335,49.1335925],[2.1382007,49.1335802],[2.1380723,49.133571],[2.1377651,49.1335601],[2.1371103,49.1335382],[2.1362856,49.13351],[2.1361689,49.1335004],[2.1360992,49.1334898],[2.1359865,49.1334644],[2.1355795,49.1333815],[2.1355121,49.1333611]]}},{"type":"Feature","properties":{"relief":0.8,"sinuosity":0,"highway":"motorway","name":"Autoroute du Soleil"},"geometry":{"type":"LineString","coordinates":[[2.7213689,48.2640756],[2.7225887,48.2625721],[2.7237524,48.2611298]]}},{"type":"Feature","properties":{"relief":0.59,"sinuosity":0,"highway":"motorway","name":"Autoroute du Soleil"},"geometry":{"type":"LineString","coordinates":[[2.7229036,48.2624634],[2.7215538,48.2641377],[2.7197639,48.266382]]}},{"type":"Feature","properties":{"relief":0.573,"sinuosity":0,"highway":"primary","name":"Avenue du Général Leclerc"},"geometry":{"type":"LineString","coordinates":[[2.4520642,49.1725686],[2.452296,49.1729322],[2.4529539,49.1739867],[2.4539131,49.1754997]]}},{"type":"Feature","properties":{"relief":0.76,"sinuosity":0,"highway":"primary","name":"Avenue du Général Leclerc"},"geometry":{"type":"LineString","coordinates":[[2.4533953,49.1748185],[2.452879,49.1740031],[2.452406,49.1732592],[2.4521742,49.1728974],[2.4519813,49.1725906],[2.4515325,49.1718809]]}},{"type":"Feature","properties":{"relief":0.603,"sinuosity":0,"highway":"trunk_link"},"geometry":{"type":"LineString","coordinates":[[2.5402619,49.0285215],[2.541876,49.028466],[2.5432427,49.0284087],[2.5441251,49.0283696]]}},{"type":"Feature","properties":{"relief":0.9,"sinuosity":0,"highway":"secondary","name":"Boulevard de l'Oise"},"geometry":{"type":"LineString","coordinates":[[2.0506154,49.0477831],[2.0488845,49.0479581],[2.0476265,49.0480908],[2.0473744,49.0481163],[2.0471759,49.0481348],[2.0469587,49.048155]]}},{"type":"Feature","properties":{"relief":0.86,"sinuosity":0,"highway":"primary"},"geometry":{"type":"LineString","coordinates":[[3.1686219,48.1450231],[3.1690342,48.1453336],[3.169559,48.1456481],[3.1698815,48.1458433],[3.17294,48.1476127]]}},{"type":"Feature","properties":{"relief":0.513,"sinuosity":0,"highway":"secondary","name":"Avenue du Général Leclerc"},"geometry":{"type":"LineString","coordinates":[[2.1394216,49.0248124],[2.1384783,49.0253685],[2.1375684,49.0258971],[2.1360783,49.026753]]}},{"type":"Feature","properties":{"relief":0.511,"sinuosity":0,"highway":"primary"},"geometry":{"type":"LineString","coordinates":[[2.4991027,49.2471714],[2.4990155,49.247245],[2.4989404,49.2473115],[2.4988613,49.2473877],[2.4987794,49.2474665],[2.4986963,49.2475531],[2.4986051,49.2476529],[2.4985327,49.2477352],[2.4984764,49.2478044],[2.49842,49.2478762],[2.4983597,49.2479558],[2.4983007,49.2480373],[2.4982403,49.2481248],[2.4981652,49.2482369],[2.4978031,49.2487998],[2.4977119,49.248939],[2.4975188,49.2492375],[2.4974193,49.2493911]]}},{"type":"Feature","properties":{"relief":0.733,"sinuosity":0,"highway":"tertiary"},"geometry":{"type":"LineString","coordinates":[[3.4585402,48.7588362],[3.4585926,48.7585917],[3.4585184,48.7582983],[3.4575345,48.756286]]}},{"type":"Feature","properties":{"relief":0.648,"sinuosity":0,"highway":"tertiary","name":"Rue Mürger"},"geometry":{"type":"LineString","coordinates":[[2.7182626,48.3533372],[2.7182733,48.3532118],[2.7181706,48.3528489],[2.7180522,48.352481],[2.7180047,48.3523172],[2.7179749,48.3521961],[2.7179474,48.3520994],[2.7179026,48.3519543],[2.7177739,48.3515376],[2.7175552,48.3509752],[2.7174635,48.3507339]]}},{"type":"Feature","properties":{"relief":0.623,"sinuosity":0,"highway":"secondary","name":"Rue de Combs-la-Ville"},"geometry":{"type":"LineString","coordinates":[[2.5433275,48.6685726],[2.5429063,48.6689727],[2.5428314,48.6690775],[2.5426263,48.6693703],[2.5424132,48.6696797],[2.5423674,48.6697489],[2.5420942,48.6701185],[2.5420162,48.6701941],[2.5418669,48.6703028],[2.541716,48.6703841],[2.5411412,48.6707064]]}},{"type":"Feature","properties":{"relief":0.9,"sinuosity":0,"highway":"primary"},"geometry":{"type":"LineString","coordinates":[[1.3946191,49.0262761],[1.396175,49.0282849],[1.397626,49.0301658]]}},{"type":"Feature","properties":{"relief":0.717,"sinuosity":0,"highway":"secondary","name":"Route de Rambouillet"},"geometry":{"type":"LineString","coordinates":[[1.7697563,48.711726],[1.7696994,48.7120969],[1.7695555,48.7129695],[1.7694849,48.7133837],[1.7693433,48.7141669],[1.7692139,48.714953]]}},{"type":"Feature","properties":{"relief":0.75,"sinuosity":0,"highway":"secondary"},"geometry":{"type":"LineString","coordinates":[[3.2149938,49.2212602],[3.2152892,49.2212128],[3.2155859,49.2211415],[3.216056,49.2209146],[3.2163229,49.2207571],[3.2181916,49.2196044]]}},{"type":"Feature","properties":{"relief":0.663,"sinuosity":0,"highway":"tertiary"},"geometry":{"type":"LineString","coordinates":[[3.3043234,49.0892642],[3.3049235,49.0894616],[3.3067129,49.0902095],[3.307054,49.090362],[3.3076539,49.0906448]]}},{"type":"Feature","properties":{"relief":0.76,"sinuosity":0,"highway":"secondary"},"geometry":{"type":"LineString","coordinates":[[3.3334935,49.0730262],[3.3362339,49.0717454],[3.3372266,49.0714044]]}},{"type":"Feature","properties":{"relief":0.9,"sinuosity":0,"highway":"tertiary","name":"Rue de la Charrière"},"geometry":{"type":"LineString","coordinates":[[3.2217608,48.9816279],[3.2224421,48.9820055],[3.222996,48.9822924],[3.2234466,48.9824966],[3.2236947,48.9826067],[3.2239898,48.9827369],[3.2243559,48.9828989],[3.224714,48.9831347],[3.2256513,48.9837634]]}},{"type":"Feature","properties":{"relief":0.856,"sinuosity":0,"highway":"secondary","name":"Grande Rue"},"geometry":{"type":"LineString","coordinates":[[1.4182937,49.1612087],[1.4178773,49.1616292],[1.4173733,49.1620543],[1.41703,49.1623136],[1.4165445,49.1626162],[1.4165164,49.1626324],[1.41623,49.1627979],[1.4156908,49.1630588]]}},{"type":"Feature","properties":{"relief":0.601,"sinuosity":0,"highway":"secondary","name":"Route de Jallemain"},"geometry":{"type":"LineString","coordinates":[[2.6754967,48.1296635],[2.6768775,48.1298354],[2.6776878,48.129908],[2.6781042,48.1299361],[2.6786621,48.1299643],[2.6794392,48.1300026]]}},{"type":"Feature","properties":{"relief":0.75,"sinuosity":0,"highway":"tertiary","name":"Route du Littoral"},"geometry":{"type":"LineString","coordinates":[[2.1851181,48.9545143],[2.185041,48.9545355],[2.1848436,48.9545916],[2.1842178,48.9547246],[2.183988,48.9547625],[2.1837972,48.9547868],[2.1831011,48.9547807],[2.1822451,48.954889],[2.1817362,48.9549772],[2.1813872,48.9550923]]}},{"type":"Feature","properties":{"relief":0.9,"sinuosity":0,"highway":"tertiary"},"geometry":{"type":"LineString","coordinates":[[1.5387623,49.2097607],[1.5388417,49.209589],[1.5390224,49.209311],[1.5396352,49.2085119],[1.5399222,49.208129],[1.5414368,49.2061903]]}},{"type":"Feature","properties":{"relief":0.703,"sinuosity":0.7,"highway":"secondary","name":"Quai des Carrières"},"geometry":{"type":"LineString","coordinates":[[2.4106488,48.8185603],[2.4105763,48.8185528],[2.4105314,48.8185521],[2.4103677,48.8185645],[2.4102551,48.8185932],[2.4100461,48.8186466],[2.4099018,48.8186759],[2.4093029,48.8188135],[2.4090249,48.8188839],[2.4084244,48.8190266],[2.408275,48.8190614],[2.4080976,48.8191082],[2.4079157,48.8191576],[2.4079048,48.8191606],[2.4078819,48.8191669],[2.4078461,48.8191769],[2.407667,48.8192409],[2.4076505,48.8192479],[2.4076305,48.8192537],[2.4076003,48.8192577],[2.4074353,48.8192755],[2.4070001,48.819366]]}},{"type":"Feature","properties":{"relief":0.753,"sinuosity":0,"highway":"secondary","name":"Quai des Carrières"},"geometry":{"type":"LineString","coordinates":[[2.4049823,48.8198049],[2.405308,48.8197219],[2.4057783,48.8196072],[2.4061007,48.819534],[2.4064362,48.8194547],[2.4067723,48.8193745],[2.4073684,48.8192389],[2.4074158,48.8192281],[2.407566,48.8191943],[2.4076337,48.8191777],[2.4077303,48.8191563],[2.4078197,48.819131],[2.4078793,48.8191134],[2.4079812,48.819087],[2.4082401,48.8190214],[2.4084127,48.8189808],[2.4086989,48.8189145]]}},{"type":"Feature","properties":{"relief":0.9,"sinuosity":0,"highway":"tertiary"},"geometry":{"type":"LineString","coordinates":[[3.4435361,48.857915],[3.443511,48.8578884],[3.4425681,48.8567785],[3.4424265,48.8566119],[3.4421376,48.8562718],[3.4417336,48.8557963],[3.4411983,48.8551527]]}},{"type":"Feature","properties":{"relief":0.561,"sinuosity":0,"highway":"tertiary"},"geometry":{"type":"LineString","coordinates":[[3.4926063,48.5773631],[3.4925741,48.577458],[3.4925352,48.5775361],[3.4924684,48.5776529],[3.4915145,48.5793156],[3.4896374,48.5825114]]}},{"type":"Feature","properties":{"relief":0.387,"sinuosity":0,"highway":"tertiary","name":"Avenue Léon Jouhaux"},"geometry":{"type":"LineString","coordinates":[[2.5421006,48.9410857],[2.5425484,48.9412701],[2.5432736,48.9415757],[2.5433238,48.9415968],[2.5434684,48.9416611],[2.5436012,48.9417201],[2.5437406,48.9417892],[2.5438688,48.9418604],[2.5440069,48.9419421],[2.5441456,48.9420305],[2.5446249,48.9423697],[2.5446908,48.9424171],[2.5448386,48.9425286],[2.5449156,48.9425829]]}},{"type":"Feature","properties":{"relief":0.369,"sinuosity":0,"highway":"tertiary"},"geometry":{"type":"LineString","coordinates":[[2.0918398,48.1255002],[2.0945152,48.1252657],[2.0961981,48.1251223]]}},{"type":"Feature","properties":{"relief":0.45,"sinuosity":0,"highway":"tertiary","name":"Boulevard Charles Gounod"},"geometry":{"type":"LineString","coordinates":[[2.0651669,48.8944606],[2.0648989,48.8943869],[2.0647873,48.8943445],[2.0646645,48.8942883],[2.0644288,48.8941733],[2.0641892,48.8940159],[2.0641369,48.8939815],[2.0638706,48.8937665],[2.0638256,48.8937305],[2.0636227,48.8935681],[2.0633988,48.893389],[2.0633424,48.8933374],[2.0628433,48.892926],[2.0622945,48.8924517]]}},{"type":"Feature","properties":{"relief":0.67,"sinuosity":0,"highway":"motorway","name":"Autoroute du Nord"},"geometry":{"type":"LineString","coordinates":[[2.4975098,48.9802935],[2.496701,48.979743],[2.4941164,48.9780217]]}},{"type":"Feature","properties":{"relief":0.637,"sinuosity":0,"highway":"secondary"},"geometry":{"type":"LineString","coordinates":[[3.5307044,48.5818881],[3.5308924,48.5818783],[3.5311156,48.5818839],[3.5313559,48.5819123],[3.5316318,48.5819769],[3.5358419,48.5831274]]}},{"type":"Feature","properties":{"relief":0.701,"sinuosity":0,"highway":"tertiary"},"geometry":{"type":"LineString","coordinates":[[3.127335,49.0993106],[3.1275411,49.0992898],[3.127736,49.0992922],[3.1279488,49.0993046],[3.1281424,49.0993441],[3.1285072,49.0995197],[3.129108,49.0999166],[3.1299993,49.1003124],[3.1311733,49.1008227]]}},{"type":"Feature","properties":{"relief":0.75,"sinuosity":0,"highway":"tertiary"},"geometry":{"type":"LineString","coordinates":[[3.1294253,49.071496],[3.1294717,49.0718006],[3.1294932,49.071925],[3.1296439,49.0720388],[3.1314812,49.0728826],[3.1330476,49.0735058]]}},{"type":"Feature","properties":{"relief":0.544,"sinuosity":0,"highway":"tertiary"},"geometry":{"type":"LineString","coordinates":[[2.8589037,49.055957],[2.8584288,49.0558507],[2.85802,49.0556949],[2.8574074,49.0554613],[2.8569855,49.0553247],[2.856578,49.0552333],[2.8561827,49.0551799],[2.8543039,49.0551051]]}},{"type":"Feature","properties":{"relief":0.75,"sinuosity":0,"highway":"tertiary","name":"Grande Rue"},"geometry":{"type":"LineString","coordinates":[[1.6141663,49.0274545],[1.6147948,49.0282421],[1.6152576,49.0287834],[1.6157174,49.0292911],[1.6160607,49.0296249],[1.6163199,49.029834]]}},{"type":"Feature","properties":{"relief":0.443,"sinuosity":0,"highway":"primary","name":"Route Départementale 113"},"geometry":{"type":"LineString","coordinates":[[1.5950854,49.0380299],[1.5951821,49.0380227],[1.5952907,49.0380095],[1.5954503,49.037984],[1.5956488,49.0379427],[1.5957923,49.0379066],[1.595964,49.0378574],[1.5961343,49.0378002],[1.5962872,49.0377413],[1.5964159,49.0376807],[1.596542,49.0376095],[1.5967137,49.0375004],[1.5968531,49.0374046],[1.5970717,49.0372376],[1.5974064,49.036971],[1.5974405,49.0369439],[1.5974767,49.0369132],[1.5976325,49.0368015],[1.597981,49.0365518]]}},{"type":"Feature","properties":{"relief":0.9,"sinuosity":0,"highway":"primary","name":"Avenue Chateaubriand"},"geometry":{"type":"LineString","coordinates":[[1.8688369,48.9943194],[1.8683262,48.9941978],[1.8682598,48.9941824],[1.8680359,48.9941306],[1.8672654,48.9939523],[1.8662153,48.993698],[1.8645228,48.9932949]]}},{"type":"Feature","properties":{"relief":0.75,"sinuosity":0,"highway":"secondary"},"geometry":{"type":"LineString","coordinates":[[1.9578825,48.849912],[1.9553552,48.8494277],[1.9550745,48.8493719],[1.9549575,48.8493421],[1.9548643,48.8493161],[1.9547456,48.8492792],[1.9545787,48.8492167],[1.9543849,48.8491357],[1.9541773,48.8490468]]}},{"type":"Feature","properties":{"relief":0.603,"sinuosity":0,"highway":"secondary"},"geometry":{"type":"LineString","coordinates":[[1.9541773,48.8490468],[1.9539987,48.8489553],[1.9538216,48.8488524],[1.9536359,48.8487313],[1.9534689,48.848607],[1.9533268,48.8484844],[1.9532214,48.848388],[1.9528007,48.8479674],[1.9524434,48.8475864],[1.9520581,48.8471826],[1.9519307,48.8470547],[1.951822,48.8469514]]}},{"type":"Feature","properties":{"relief":0.557,"sinuosity":0,"highway":"trunk_link"},"geometry":{"type":"LineString","coordinates":[[2.716434,49.0709386],[2.716831,49.0712514],[2.7174372,49.0717574],[2.7181391,49.0723521],[2.7185758,49.0727678],[2.7186384,49.0728613]]}},{"type":"Feature","properties":{"relief":0.464,"sinuosity":0,"highway":"motorway"},"geometry":{"type":"LineString","coordinates":[[3.2089293,48.3347571],[3.2094722,48.334484],[3.2100282,48.33419],[3.2242467,48.3266001]]}},{"type":"Feature","properties":{"relief":0.75,"sinuosity":0,"highway":"motorway"},"geometry":{"type":"LineString","coordinates":[[3.2457452,48.3090877],[3.2459535,48.3088763],[3.2471666,48.3076468],[3.2477808,48.3070456],[3.2483955,48.3064534]]}},{"type":"Feature","properties":{"relief":0.9,"sinuosity":0,"highway":"secondary","name":"Route de Dourdan"},"geometry":{"type":"LineString","coordinates":[[2.2075128,48.5771007],[2.2078682,48.577308],[2.2082036,48.5774912],[2.2085031,48.5776209],[2.2088043,48.5777326],[2.2098233,48.5781166],[2.2108253,48.5784925]]}},{"type":"Feature","properties":{"relief":0.683,"sinuosity":0,"highway":"primary"},"geometry":{"type":"LineString","coordinates":[[3.1714015,48.482588],[3.1717877,48.4826619],[3.1721911,48.4827359],[3.1726203,48.4827871],[3.1730666,48.4828212],[3.1798558,48.4832251]]}},{"type":"Feature","properties":{"relief":0.71,"sinuosity":0,"highway":"primary"},"geometry":{"type":"LineString","coordinates":[[3.4419937,48.5057739],[3.4439142,48.5054525],[3.4444521,48.5053617],[3.4464638,48.5050276]]}},{"type":"Feature","properties":{"relief":0.75,"sinuosity":0,"highway":"primary"},"geometry":{"type":"LineString","coordinates":[[3.574685,48.8308947],[3.5749425,48.8307359],[3.5753234,48.8304499],[3.5757418,48.8299978],[3.5759349,48.8297136],[3.577825,48.8273576]]}},{"type":"Feature","properties":{"relief":0.51,"sinuosity":0,"highway":"primary","name":"Route de Coulommiers"},"geometry":{"type":"LineString","coordinates":[[3.2218531,48.7895137],[3.2183559,48.7894193],[3.2183164,48.7894167],[3.2182797,48.7894176],[3.2099059,48.78921]]}},{"type":"Feature","properties":{"relief":0.61,"sinuosity":0,"highway":"primary","name":"Rue d'Étampes"},"geometry":{"type":"LineString","coordinates":[[2.3486045,48.3965845],[2.3482589,48.3966736],[2.3463076,48.3971766],[2.344587,48.3976253]]}},{"type":"Feature","properties":{"relief":0.75,"sinuosity":0,"highway":"primary"},"geometry":{"type":"LineString","coordinates":[[2.6257397,49.2092367],[2.6258061,49.2091811],[2.6264606,49.2085829],[2.6268959,49.2082021],[2.6293695,49.2059711]]}},{"type":"Feature","properties":{"relief":0.9,"sinuosity":0,"highway":"motorway"},"geometry":{"type":"LineString","coordinates":[[3.2618449,48.2952049],[3.2621709,48.2948646],[3.2625975,48.294396],[3.2631445,48.2937876],[3.2637095,48.293123],[3.2642563,48.2924528]]}},{"type":"Feature","properties":{"relief":0.75,"sinuosity":0,"highway":"motorway"},"geometry":{"type":"LineString","coordinates":[[3.2639051,48.2932303],[3.2633378,48.2938948],[3.2627923,48.2945055],[3.2623762,48.2949459],[3.2619906,48.2953467]]}},{"type":"Feature","properties":{"relief":0.75,"sinuosity":0,"highway":"primary","name":"Avenue Charles de Gaulle"},"geometry":{"type":"LineString","coordinates":[[2.9405593,48.8479368],[2.940677,48.8479207],[2.9409781,48.8478084],[2.9426941,48.8471304],[2.9432986,48.8468996],[2.94395,48.8466689]]}},{"type":"Feature","properties":{"relief":0.9,"sinuosity":0,"highway":"primary","name":"Avenue Charles de Gaulle"},"geometry":{"type":"LineString","coordinates":[[2.94395,48.8466689],[2.9433991,48.8469148],[2.9427477,48.8471695],[2.9409768,48.8478902],[2.9407162,48.848027]]}},{"type":"Feature","properties":{"relief":0.753,"sinuosity":0,"highway":"secondary"},"geometry":{"type":"LineString","coordinates":[[2.9042684,49.2093938],[2.9043002,49.2093353],[2.9055956,49.2070526],[2.905872,49.2065724]]}},{"type":"Feature","properties":{"relief":0.793,"sinuosity":0,"highway":"primary"},"geometry":{"type":"LineString","coordinates":[[2.5441734,48.5300736],[2.5440436,48.5301755],[2.5433424,48.5304233],[2.5432844,48.5304408],[2.5426846,48.5306588],[2.5419644,48.5309205],[2.5415426,48.5310703],[2.5411942,48.5311953],[2.5404782,48.5314529]]}},{"type":"Feature","properties":{"relief":0.464,"sinuosity":0,"highway":"primary"},"geometry":{"type":"LineString","coordinates":[[2.5404782,48.5314529],[2.5403169,48.5315092],[2.5397841,48.5317026],[2.5396806,48.5317445],[2.5388965,48.532027],[2.5387794,48.5320685],[2.5373895,48.5325689],[2.5372985,48.5326028],[2.536454,48.5329086]]}},{"type":"Feature","properties":{"relief":0.609,"sinuosity":0.874,"highway":"tertiary","name":"Route de Bois Baudry"},"geometry":{"type":"LineString","coordinates":[[3.2182761,48.8892293],[3.2173334,48.8896106],[3.2172427,48.8896333],[3.2171488,48.8896413],[3.2170504,48.8896297],[3.2169233,48.889508],[3.2165567,48.8891367],[3.2162519,48.8888665],[3.2161083,48.8887392],[3.2151935,48.8878196]]}},{"type":"Feature","properties":{"relief":0.75,"sinuosity":0,"highway":"secondary","name":"Rue Pasteur"},"geometry":{"type":"LineString","coordinates":[[2.2227623,49.1295055],[2.2230324,49.1296209],[2.2233227,49.1297346],[2.2237392,49.1298854],[2.2243664,49.130102],[2.2249888,49.1303045],[2.2298041,49.1318772]]}},{"type":"Feature","properties":{"relief":0.441,"sinuosity":0,"highway":"primary"},"geometry":{"type":"LineString","coordinates":[[2.4497053,48.3071589],[2.4523562,48.3070074],[2.4572468,48.3067389]]}},{"type":"Feature","properties":{"relief":0.368,"sinuosity":0,"highway":"trunk"},"geometry":{"type":"LineString","coordinates":[[2.6765132,48.9450296],[2.6771519,48.9453093],[2.6779137,48.945706],[2.678886,48.9462602],[2.680229,48.9470505]]}},{"type":"Feature","properties":{"relief":0.563,"sinuosity":0,"highway":"tertiary","name":"Rue André Le Bourblanc"},"geometry":{"type":"LineString","coordinates":[[2.0596923,48.8464258],[2.059613,48.8464571],[2.0591936,48.8466187],[2.0591084,48.8466643],[2.0589951,48.846729],[2.0589537,48.8467591],[2.0586733,48.8469625],[2.0586212,48.8470003],[2.0584118,48.8471522],[2.0583478,48.8471986],[2.057982,48.8474869],[2.0578829,48.8475615],[2.0576659,48.8477249],[2.0575248,48.8478312],[2.0572752,48.8480191],[2.0568203,48.8483565]]}},{"type":"Feature","properties":{"relief":0.867,"sinuosity":0,"highway":"tertiary","name":"Avenue du 1er Mai"},"geometry":{"type":"LineString","coordinates":[[2.2569307,48.7109321],[2.2569389,48.7110619],[2.2569297,48.7117952],[2.2569086,48.7122534],[2.2569207,48.7124217],[2.256963,48.712628],[2.2570149,48.7127477],[2.2570667,48.7128673],[2.2571263,48.7129638],[2.2571646,48.713014],[2.257394,48.7132515],[2.2575517,48.7134049]]}},{"type":"Feature","properties":{"relief":0.666,"sinuosity":0,"highway":"primary"},"geometry":{"type":"LineString","coordinates":[[3.3967235,48.6924372],[3.3976568,48.6924731],[3.3980817,48.6924761],[3.4042371,48.6926389]]}},{"type":"Feature","properties":{"relief":0.75,"sinuosity":0,"highway":"tertiary","name":"Route de Briis"},"geometry":{"type":"LineString","coordinates":[[2.2313169,48.6362675],[2.2309378,48.6363162],[2.2308171,48.636325],[2.2306989,48.6363261],[2.2300399,48.6363138],[2.2299359,48.6363063],[2.2298356,48.6362901],[2.2297501,48.6362749],[2.2295671,48.6362336],[2.2295115,48.6362203],[2.2294237,48.6361992],[2.2293772,48.636188],[2.2293029,48.6361608],[2.2292271,48.6361371],[2.2291414,48.6361039],[2.2290838,48.6360797],[2.2289277,48.6360356],[2.2277018,48.6357432],[2.2274863,48.635703]]}},{"type":"Feature","properties":{"relief":0.476,"sinuosity":0,"highway":"secondary"},"geometry":{"type":"LineString","coordinates":[[2.5865529,48.5012457],[2.5883934,48.5007937],[2.5901301,48.5003591]]}},{"type":"Feature","properties":{"relief":0.9,"sinuosity":0,"highway":"primary","name":"Route de Paris"},"geometry":{"type":"LineString","coordinates":[[3.4894111,48.4978756],[3.4886265,48.4980062],[3.4870802,48.4982675],[3.4861629,48.4984124],[3.4846412,48.4986492]]}},{"type":"Feature","properties":{"relief":0.368,"sinuosity":0,"highway":"primary","name":"Route de Gisors"},"geometry":{"type":"LineString","coordinates":[[1.5519456,49.1635696],[1.5529829,49.1650867],[1.5534764,49.1657988],[1.5537985,49.166251]]}},{"type":"Feature","properties":{"relief":0.9,"sinuosity":0,"highway":"primary","name":"Rue de Meaux"},"geometry":{"type":"LineString","coordinates":[[3.1101788,49.1605934],[3.1101155,49.1610025],[3.1100854,49.1611827],[3.1100442,49.1613297],[3.1099867,49.1614823],[3.1099508,49.1615536],[3.1099053,49.1616473],[3.1098304,49.1617742],[3.1097528,49.161886],[3.1096209,49.1620493],[3.1092714,49.1623852],[3.1088795,49.1627328],[3.107329,49.1640524]]}},{"type":"Feature","properties":{"relief":0.9,"sinuosity":0,"highway":"tertiary"},"geometry":{"type":"LineString","coordinates":[[3.0796379,48.9964362],[3.0811671,48.9967172],[3.0816209,48.9968252],[3.0820853,48.9969689],[3.0824906,48.9970915],[3.0829748,48.9972075],[3.0832543,48.9972491],[3.0836176,48.9972825]]}},{"type":"Feature","properties":{"relief":0.63,"sinuosity":0,"highway":"secondary"},"geometry":{"type":"LineString","coordinates":[[2.498526,49.2424165],[2.4983919,49.2424437],[2.4982484,49.2424752],[2.4981129,49.2425058],[2.4979775,49.2425382],[2.4978297,49.2425767],[2.4977173,49.2426056],[2.4975577,49.2426494],[2.4973954,49.2426967],[2.4972305,49.2427457],[2.4970628,49.2427991],[2.4969046,49.2428517],[2.4967369,49.2429112],[2.4965961,49.2429629],[2.4964741,49.2430084],[2.4963574,49.2430539],[2.4962327,49.2431038],[2.4960825,49.2431651],[2.4959124,49.2432345],[2.4956556,49.2433428],[2.4952711,49.2435083],[2.4951437,49.2435626],[2.4946783,49.2437622]]}},{"type":"Feature","properties":{"relief":0.9,"sinuosity":0,"highway":"secondary","name":"Rue de Châtenay"},"geometry":{"type":"LineString","coordinates":[[2.2950374,48.7564911],[2.294868,48.7566585],[2.2947908,48.7567292],[2.294601,48.7568661],[2.2942431,48.7570474],[2.2940563,48.7571143],[2.2936683,48.7572682],[2.29347,48.7573485],[2.2930571,48.7575398],[2.2923934,48.7578665],[2.2919258,48.7581154]]}},{"type":"Feature","properties":{"relief":0.873,"sinuosity":0,"highway":"secondary","name":"Boulevard de la Bastille"},"geometry":{"type":"LineString","coordinates":[[2.3668468,48.8464299],[2.3669254,48.8465001],[2.3669337,48.8465082],[2.3669537,48.8465384],[2.3669683,48.8465652],[2.3675963,48.847914],[2.3676438,48.8480159],[2.3676824,48.848104],[2.3679988,48.8487894]]}},{"type":"Feature","properties":{"relief":0.75,"sinuosity":0,"highway":"secondary","name":"Boulevard André Malraux"},"geometry":{"type":"LineString","coordinates":[[1.9692458,48.9827236],[1.9694374,48.9826324],[1.9695376,48.982586],[1.9696668,48.9825231],[1.9702674,48.982236],[1.970544,48.9821006],[1.9708872,48.981925],[1.9711963,48.9817634],[1.9713078,48.9817049],[1.9713201,48.9816985],[1.9714034,48.9816531],[1.9716002,48.9815508],[1.9719748,48.981356],[1.9720932,48.9812944]]}},{"type":"Feature","properties":{"relief":0.376,"sinuosity":0,"highway":"secondary","name":"Boulevard Victor Hugo"},"geometry":{"type":"LineString","coordinates":[[2.7238444,48.7397938],[2.7237378,48.7397694],[2.723631,48.7397468],[2.7231414,48.7396383],[2.7226924,48.7395391],[2.7225827,48.7395149],[2.7222775,48.7394477],[2.7191091,48.7387527]]}},{"type":"Feature","properties":{"relief":0.8,"sinuosity":0,"highway":"tertiary"},"geometry":{"type":"LineString","coordinates":[[2.7661497,49.2665402],[2.7667285,49.2672264],[2.7673881,49.2678359],[2.7677152,49.2681059],[2.7681705,49.2684816],[2.7682274,49.2685244],[2.7682792,49.2685634],[2.7690793,49.2691655]]}},{"type":"Feature","properties":{"relief":0.64,"sinuosity":0,"highway":"primary","name":"Route Nationale de Paris à Toulouse"},"geometry":{"type":"LineString","coordinates":[[2.1346968,48.4211802],[2.1351344,48.4214807],[2.1355624,48.4217434],[2.1360509,48.4220079],[2.1366045,48.422281],[2.1371889,48.4225214],[2.1382048,48.4228979]]}},{"type":"Feature","properties":{"relief":0.477,"sinuosity":0,"highway":"primary","name":"Route Nationale de Paris à Toulouse"},"geometry":{"type":"LineString","coordinates":[[2.1381772,48.4229636],[2.1371245,48.422575],[2.1365408,48.4223301],[2.1359915,48.422068],[2.1355109,48.421806],[2.135056,48.4215269]]}},{"type":"Feature","properties":{"relief":0.563,"sinuosity":0,"highway":"tertiary"},"geometry":{"type":"LineString","coordinates":[[1.9546864,48.1182191],[1.9553301,48.1183982],[1.9558666,48.1184984],[1.9566498,48.1186202],[1.9586578,48.1190061]]}},{"type":"Feature","properties":{"relief":0.404,"sinuosity":0,"highway":"tertiary"},"geometry":{"type":"LineString","coordinates":[[3.5300285,48.4285499],[3.5320613,48.4284108],[3.5326141,48.4283863],[3.53317,48.4283794],[3.5333379,48.4283756],[3.5343361,48.4283756]]}},{"type":"Feature","properties":{"relief":0.717,"sinuosity":0,"highway":"trunk","name":"Boulevard Périphérique Intérieur"},"geometry":{"type":"LineString","coordinates":[[2.3206644,48.8211308],[2.3177314,48.8217806],[2.3168688,48.8219899]]}},{"type":"Feature","properties":{"relief":0.74,"sinuosity":0,"highway":"tertiary","name":"Rue du Château d'Eau"},"geometry":{"type":"LineString","coordinates":[[2.0946601,48.2722601],[2.0943537,48.2723731],[2.0939956,48.2725176],[2.0937135,48.2726403],[2.093561,48.2727113],[2.0931426,48.2729327],[2.0923809,48.2734183],[2.0921878,48.2735111],[2.0918981,48.2735968],[2.0913823,48.2736978]]}},{"type":"Feature","properties":{"relief":0.398,"sinuosity":0,"highway":"primary"},"geometry":{"type":"LineString","coordinates":[[3.1264354,48.6709535],[3.1290977,48.6700043],[3.1315227,48.6691281]]}},{"type":"Feature","properties":{"relief":0.55,"sinuosity":0,"highway":"secondary","name":"Route de Bray"},"geometry":{"type":"LineString","coordinates":[[3.2624825,48.4129003],[3.2625572,48.4128983],[3.2630966,48.4128837],[3.2633448,48.4128769],[3.2679055,48.4127518]]}},{"type":"Feature","properties":{"relief":0.435,"sinuosity":0,"highway":"primary","name":"Avenue Lénine"},"geometry":{"type":"LineString","coordinates":[[2.3654988,48.9420767],[2.3654844,48.9420857],[2.3653343,48.9421712],[2.3653138,48.9421829],[2.3648364,48.9424327],[2.3647863,48.942459],[2.3638348,48.9429549],[2.36313,48.9433317],[2.3630703,48.9433694],[2.3630604,48.9433757],[2.363033,48.943393],[2.3626923,48.9436231],[2.3624444,48.9437942]]}},{"type":"Feature","properties":{"relief":0.585,"sinuosity":0,"highway":"tertiary","name":"Boulevard Friedel"},"geometry":{"type":"LineString","coordinates":[[2.1803378,48.7152399],[2.1804354,48.7153102],[2.1804639,48.7153301],[2.1806025,48.715427],[2.1809004,48.7155844],[2.1813668,48.7157946],[2.181851,48.7159742],[2.1823941,48.7161291],[2.1828917,48.7162379],[2.1830195,48.7162667],[2.1833745,48.716314],[2.1837549,48.7163605]]}},{"type":"Feature","properties":{"relief":0.537,"sinuosity":0,"highway":"tertiary"},"geometry":{"type":"LineString","coordinates":[[3.2137753,48.3483187],[3.2145973,48.3484979],[3.2171158,48.3490702],[3.2178527,48.3491434]]}},{"type":"Feature","properties":{"relief":0.9,"sinuosity":0,"highway":"primary"},"geometry":{"type":"LineString","coordinates":[[3.3023766,48.0819961],[3.302439,48.0822766],[3.3024873,48.0825705],[3.3025104,48.0827651],[3.3025292,48.083222],[3.3024948,48.0836926],[3.3024205,48.0842442],[3.3022539,48.0848371]]}},{"type":"Feature","properties":{"relief":0.486,"sinuosity":0,"highway":"tertiary"},"geometry":{"type":"LineString","coordinates":[[2.4930499,48.0874372],[2.4931974,48.0874552],[2.4947824,48.0876447],[2.4963916,48.0878336],[2.4996029,48.0882084]]}},{"type":"Feature","properties":{"relief":1,"sinuosity":0.735,"highway":"tertiary","name":"Route de la Queue d'Haye"},"geometry":{"type":"LineString","coordinates":[[1.5067401,49.1031068],[1.5073609,49.1032379],[1.5079762,49.1032968],[1.5083257,49.1032164],[1.5088508,49.1030827],[1.5091438,49.1030648],[1.5095618,49.1031646],[1.5100977,49.1034483],[1.5102116,49.1036112]]}},{"type":"Feature","properties":{"relief":0.9,"sinuosity":0,"highway":"tertiary","name":"Route de l'Étang-la-Ville"},"geometry":{"type":"LineString","coordinates":[[2.0935851,48.8855401],[2.0935057,48.8854949],[2.0923403,48.8847537],[2.0922015,48.8846713],[2.0920399,48.8845513],[2.091737,48.8843171],[2.0913823,48.8840286],[2.0904981,48.8833003]]}},{"type":"Feature","properties":{"relief":0.853,"sinuosity":0,"highway":"secondary","name":"Avenue de la Résistance"},"geometry":{"type":"LineString","coordinates":[[2.2697647,48.7835238],[2.2700621,48.7835164],[2.2707198,48.783518],[2.2709439,48.7835164],[2.2710599,48.7835155],[2.2712812,48.7835093],[2.2714645,48.7834871],[2.2717801,48.7834271],[2.272475,48.7832774],[2.2726947,48.7832301],[2.2732808,48.783101],[2.2734149,48.7830754],[2.2735852,48.783056]]}},{"type":"Feature","properties":{"relief":0.84,"sinuosity":0,"highway":"tertiary","name":"Route de Nogent"},"geometry":{"type":"LineString","coordinates":[[3.4854384,48.1354386],[3.4859532,48.1347198],[3.4862329,48.1342336],[3.4864954,48.1338632],[3.4866049,48.1337427],[3.4866968,48.1336511],[3.4868375,48.1335442],[3.4869861,48.1334484],[3.4875323,48.1331604]]}},{"type":"Feature","properties":{"relief":0.378,"sinuosity":0,"highway":"secondary","name":"Rue de Saint-Mathieu"},"geometry":{"type":"LineString","coordinates":[[1.5987143,48.7965452],[1.5985782,48.7966046],[1.5982415,48.7967611],[1.5975351,48.7971133],[1.5973775,48.7971936],[1.5970399,48.797364],[1.5967265,48.7975181],[1.5964723,48.7976759],[1.5963216,48.7977624],[1.595888,48.7980422],[1.5952593,48.7984826]]}},{"type":"Feature","properties":{"relief":0.786,"sinuosity":0.775,"highway":"primary"},"geometry":{"type":"LineString","coordinates":[[3.2170281,48.4885513],[3.2173982,48.4886694],[3.2176385,48.4888003],[3.2178702,48.4889595],[3.2179647,48.4891643],[3.2179647,48.4893919],[3.2178788,48.4896308],[3.2177157,48.4899209],[3.217587,48.4902338],[3.2174926,48.4905352],[3.2174411,48.490814]]}},{"type":"Feature","properties":{"relief":0.469,"sinuosity":0.737,"highway":"primary"},"geometry":{"type":"LineString","coordinates":[[3.2174411,48.490814],[3.2174325,48.4910586],[3.2174668,48.4913145],[3.2175784,48.4915534],[3.2178102,48.4917696],[3.2182056,48.4920141],[3.2188144,48.4922612],[3.2196245,48.4924923],[3.2199436,48.4925652]]}},{"type":"Feature","properties":{"relief":0.426,"sinuosity":0,"highway":"primary","name":"Boulevard Henri Barbusse"},"geometry":{"type":"LineString","coordinates":[[2.182918,48.9318776],[2.1827482,48.9319543],[2.1817712,48.9324582],[2.1809572,48.9328931],[2.1806276,48.9330836],[2.1798786,48.9334665]]}},{"type":"Feature","properties":{"relief":0.9,"sinuosity":0,"highway":"tertiary","name":"Route de Saint-Maurice aux Riches Hommes"},"geometry":{"type":"LineString","coordinates":[[3.4380565,48.3071655],[3.441248,48.3081831],[3.4420126,48.3084232]]}},{"type":"Feature","properties":{"relief":0.853,"sinuosity":0,"highway":"secondary"},"geometry":{"type":"LineString","coordinates":[[1.5528594,48.9633503],[1.5513384,48.9631328],[1.5495196,48.9628728],[1.5446571,48.9621774]]}},{"type":"Feature","properties":{"relief":0.58,"sinuosity":0,"highway":"secondary","name":"Boulevard de la rigole de Corbeville"},"geometry":{"type":"LineString","coordinates":[[2.1805247,48.7150892],[2.1816501,48.7148284],[2.1820334,48.7147441],[2.182685,48.7146256],[2.1827242,48.7146192],[2.1830669,48.7145628],[2.1833243,48.7145205],[2.1835053,48.7144908],[2.1842663,48.7143778]]}},{"type":"Feature","properties":{"relief":0.707,"sinuosity":0,"highway":"primary","name":"Rond-Point Jean Moulin"},"geometry":{"type":"LineString","coordinates":[[2.310023,48.7125533],[2.3098762,48.712578],[2.3097247,48.712579],[2.3095771,48.7125563],[2.309442,48.7125111],[2.3093168,48.7124386],[2.3092245,48.712347],[2.3091717,48.7122427],[2.3091673,48.7121006],[2.3092354,48.7119657],[2.3093353,48.7118747],[2.3094682,48.7118046],[2.3096246,48.7117603],[2.3097933,48.7117451],[2.3099518,48.7117583],[2.3101003,48.7117972],[2.3102293,48.7118594],[2.3103362,48.7119468],[2.310404,48.7120499],[2.3104278,48.7121612],[2.3103995,48.7122869],[2.3103153,48.7124011],[2.3101864,48.7124917],[2.310023,48.7125533]]}},{"type":"Feature","properties":{"relief":0.9,"sinuosity":0,"highway":"secondary"},"geometry":{"type":"LineString","coordinates":[[1.8981301,48.8476582],[1.8987142,48.8470953],[1.8990098,48.8468104],[1.8992318,48.8466617],[1.8996857,48.846404],[1.9006601,48.8460635],[1.9012584,48.8457857]]}},{"type":"Feature","properties":{"relief":0.678,"sinuosity":0,"highway":"primary","name":"Route de Beaumont"},"geometry":{"type":"LineString","coordinates":[[2.5124925,48.1705977],[2.5132436,48.1712327],[2.5151771,48.1728759]]}},{"type":"Feature","properties":{"relief":0.596,"sinuosity":0,"highway":"motorway","name":"Autoroute du Nord"},"geometry":{"type":"LineString","coordinates":[[2.4123637,48.9378416],[2.4105196,48.9373818],[2.4061811,48.9363742]]}},{"type":"Feature","properties":{"relief":0.75,"sinuosity":0,"highway":"primary","name":"Route des Deux Plateaux"},"geometry":{"type":"LineString","coordinates":[[1.9604816,48.8023265],[1.9601885,48.8023818],[1.9598648,48.8024601],[1.9595398,48.8025711],[1.9593386,48.8026581],[1.9591394,48.8027639],[1.9588792,48.8029339],[1.9586678,48.8031066],[1.9584848,48.8032954],[1.9583567,48.8034775],[1.9582339,48.803712],[1.9581799,48.8038671],[1.9581413,48.8040946]]}},{"type":"Feature","properties":{"relief":0.65,"sinuosity":0,"highway":"secondary","name":"Rue de Meaux"},"geometry":{"type":"LineString","coordinates":[[2.811154,48.643806],[2.8133463,48.6445204],[2.8142853,48.6448861],[2.8143498,48.6449112]]}},{"type":"Feature","properties":{"relief":0.9,"sinuosity":0,"highway":"secondary"},"geometry":{"type":"LineString","coordinates":[[1.3972829,48.9840548],[1.3978056,48.9835565],[1.3985908,48.9829029],[1.3988097,48.9827032],[1.398994,48.9824842],[1.3991847,48.9821622],[1.3996184,48.9812169]]}},{"type":"Feature","properties":{"relief":0.439,"sinuosity":0,"highway":"tertiary","name":"Rue de Noéfort"},"geometry":{"type":"LineString","coordinates":[[2.7930494,49.0730672],[2.7930044,49.0730146],[2.7928086,49.0727858],[2.7927873,49.0727633],[2.7927307,49.0727036],[2.7926066,49.0725727],[2.7925383,49.0725008],[2.7924336,49.0723899],[2.7923649,49.0723158],[2.7919814,49.0719022],[2.7916087,49.0715149],[2.7915247,49.0714276],[2.7914794,49.0713806],[2.7914168,49.0713192],[2.7911611,49.071077],[2.79051,49.0704648]]}},{"type":"Feature","properties":{"relief":0.462,"sinuosity":0,"highway":"trunk"},"geometry":{"type":"LineString","coordinates":[[2.2255006,48.7727817],[2.2266428,48.7722993],[2.2271195,48.7720728],[2.2274247,48.7719162],[2.2277694,48.7716991],[2.2281175,48.7714659],[2.2285063,48.7711325]]}},{"type":"Feature","properties":{"relief":0.645,"sinuosity":0,"highway":"tertiary","name":"Rue Lavoisier"},"geometry":{"type":"LineString","coordinates":[[2.136869,49.2583899],[2.136971,49.2584857],[2.1370397,49.2585503],[2.1370702,49.2585789],[2.1376308,49.2591533],[2.1378419,49.2592994],[2.1381778,49.2594643],[2.1401445,49.2602871]]}},{"type":"Feature","properties":{"relief":0.9,"sinuosity":0,"highway":"secondary","name":"Route de Marsangy"},"geometry":{"type":"LineString","coordinates":[[3.2868019,48.1302313],[3.2864607,48.129947],[3.285889,48.1295151],[3.2852977,48.129104],[3.2823157,48.1272359]]}},{"type":"Feature","properties":{"relief":0.71,"sinuosity":0,"highway":"primary"},"geometry":{"type":"LineString","coordinates":[[2.5285757,49.0712195],[2.5286955,49.072417],[2.5287769,49.0732041],[2.5288174,49.0736118],[2.5288187,49.0736254]]}},{"type":"Feature","properties":{"relief":0.767,"sinuosity":0,"highway":"tertiary","name":"Rue de Gournay"},"geometry":{"type":"LineString","coordinates":[[2.0461264,49.277248],[2.0461486,49.2772005],[2.0461845,49.2771567],[2.0462291,49.2771231],[2.0462653,49.2771043],[2.0463116,49.2770881],[2.0464356,49.2770763],[2.0464806,49.2770824],[2.0465288,49.2770946],[2.0465691,49.2771091],[2.0466462,49.2771554],[2.0467133,49.2772088],[2.0473261,49.2777894],[2.0474193,49.2778611],[2.0474736,49.2778974],[2.0475333,49.2779263],[2.0475923,49.2779499],[2.0476607,49.2779713],[2.0478424,49.2780009],[2.0479198,49.2780098],[2.0480302,49.2780146],[2.048818,49.2780223],[2.0489112,49.2780232],[2.0493133,49.2780268]]}},{"type":"Feature","properties":{"relief":0.382,"sinuosity":0,"highway":"motorway","name":"L’Océane"},"geometry":{"type":"LineString","coordinates":[[1.7740114,48.5135136],[1.7744149,48.5136006],[1.7758157,48.5138838],[1.7765351,48.5140328],[1.7795245,48.5146486]]}},{"type":"Feature","properties":{"relief":0.78,"sinuosity":0,"highway":"secondary"},"geometry":{"type":"LineString","coordinates":[[2.9491507,49.1544554],[2.9490035,49.1545036],[2.9488125,49.1545586],[2.9486858,49.1545888],[2.9485694,49.1546106],[2.9484243,49.1546292],[2.9482604,49.1546424],[2.9473709,49.1546846],[2.946939,49.1547086],[2.9464871,49.1547357],[2.9461931,49.1547479],[2.946017,49.1547498],[2.945882,49.1547458],[2.9457512,49.1547349],[2.94562,49.1547191],[2.9454561,49.1546884],[2.9451909,49.154627]]}},{"type":"Feature","properties":{"relief":0.669,"sinuosity":0,"highway":"tertiary"},"geometry":{"type":"LineString","coordinates":[[2.0025362,49.2842469],[2.0023795,49.2845956],[2.0023648,49.2846283],[2.0023494,49.2846625],[2.0020777,49.2852669],[2.0019779,49.2855713],[2.0018512,49.2863899],[2.001833,49.2865321],[2.0017675,49.286891]]}},{"type":"Feature","properties":{"relief":0.9,"sinuosity":0,"highway":"tertiary","name":"Route de la Chapelle-Réanville"},"geometry":{"type":"LineString","coordinates":[[1.4166173,49.09402],[1.419234,49.0939714],[1.4205861,49.0939528]]}},{"type":"Feature","properties":{"relief":0.9,"sinuosity":0,"highway":"tertiary","name":"Route d'Écos"},"geometry":{"type":"LineString","coordinates":[[1.5983273,49.1062421],[1.5978975,49.1067104],[1.5976953,49.1070899],[1.5975074,49.1074988],[1.5974124,49.1078669],[1.597415,49.1080144],[1.5973869,49.1082066],[1.5973637,49.108484]]}},{"type":"Feature","properties":{"relief":0.9,"sinuosity":0,"highway":"secondary","name":"Route de Sens"},"geometry":{"type":"LineString","coordinates":[[3.4406387,48.4128293],[3.4410312,48.4133967],[3.4412511,48.4137146],[3.441716,48.4144174],[3.4420913,48.4149623],[3.4421392,48.415032],[3.4429785,48.4162526]]}},{"type":"Feature","properties":{"relief":0.9,"sinuosity":0,"highway":"tertiary","name":"Rue Saint-Exupéry"},"geometry":{"type":"LineString","coordinates":[[1.3810708,49.024635],[1.3811164,49.0249898],[1.3811779,49.0254148],[1.3812748,49.0260852],[1.3813367,49.0267278],[1.3813144,49.0268949],[1.3812674,49.027127],[1.3810942,49.027841]]}},{"type":"Feature","properties":{"relief":0.617,"sinuosity":0,"highway":"primary","name":"Route Nationale de Paris à Toulouse"},"geometry":{"type":"LineString","coordinates":[[2.1163205,48.3959693],[2.1171965,48.3966133],[2.1175336,48.3968903],[2.1177077,48.3970473],[2.1180771,48.397416],[2.1183352,48.3976682],[2.1186307,48.3980468]]}},{"type":"Feature","properties":{"relief":0.9,"sinuosity":0,"highway":"tertiary","name":"Route de Longueperte"},"geometry":{"type":"LineString","coordinates":[[3.6188725,48.488455],[3.6189118,48.487956],[3.6189895,48.4871134],[3.6191075,48.4857747]]}},{"type":"Feature","properties":{"relief":0.9,"sinuosity":0,"highway":"primary"},"geometry":{"type":"LineString","coordinates":[[1.3891,49.2099022],[1.3889994,49.2097747],[1.3886931,49.2093786],[1.3882126,49.2088339],[1.3877387,49.2083206],[1.3863838,49.2069468]]}},{"type":"Feature","properties":{"relief":0.451,"sinuosity":0,"highway":"secondary","name":"Rue de la Roche-Guyon"},"geometry":{"type":"LineString","coordinates":[[1.594719,49.0554118],[1.595648,49.0565735],[1.5960909,49.0570927],[1.5980344,49.0589163]]}},{"type":"Feature","properties":{"relief":0.75,"sinuosity":0,"highway":"motorway","name":"Autoroute de Normandie"},"geometry":{"type":"LineString","coordinates":[[2.0091824,48.8915706],[2.0086913,48.8924778],[2.0084797,48.892865],[2.0082892,48.8932398],[2.0069294,48.8960318]]}},{"type":"Feature","properties":{"relief":0.9,"sinuosity":0,"highway":"motorway","name":"Autoroute de Normandie"},"geometry":{"type":"LineString","coordinates":[[2.0081753,48.8932212],[2.0084019,48.8927742],[2.0086442,48.8923153],[2.0090859,48.8915142],[2.0096278,48.8906021]]}},{"type":"Feature","properties":{"relief":0.743,"sinuosity":0,"highway":"tertiary"},"geometry":{"type":"LineString","coordinates":[[1.5937734,49.1480069],[1.5949416,49.148081],[1.5959582,49.1481744],[1.5969864,49.1483234],[1.5982825,49.1485813]]}},{"type":"Feature","properties":{"relief":0.761,"sinuosity":0,"highway":"primary"},"geometry":{"type":"LineString","coordinates":[[2.8171832,48.6227983],[2.8148135,48.6229407],[2.8114149,48.6230939]]}},{"type":"Feature","properties":{"relief":0.75,"sinuosity":0,"highway":"primary"},"geometry":{"type":"LineString","coordinates":[[1.404927,48.801832],[1.4060018,48.8041717],[1.4060469,48.8042699]]}},{"type":"Feature","properties":{"relief":0.493,"sinuosity":0,"highway":"motorway","name":"Autoroute du Soleil"},"geometry":{"type":"LineString","coordinates":[[2.5885849,48.3463296],[2.588234,48.3472251],[2.5878811,48.3481316],[2.5876337,48.3487592],[2.5873685,48.3493521]]}},{"type":"Feature","properties":{"relief":0.444,"sinuosity":0,"highway":"motorway","name":"Autoroute du Soleil"},"geometry":{"type":"LineString","coordinates":[[2.5856267,48.3521838],[2.585398,48.3524699],[2.5851575,48.352765],[2.5848502,48.3531187],[2.5845412,48.3534631],[2.5842608,48.3537564],[2.5839783,48.3540436],[2.5835782,48.3544243]]}},{"type":"Feature","properties":{"relief":0.9,"sinuosity":0,"highway":"primary","name":"Avenue du Général Leclerc"},"geometry":{"type":"LineString","coordinates":[[3.1272032,48.9514734],[3.1272541,48.9515259],[3.1272714,48.951577],[3.1273318,48.9517417],[3.1273965,48.9518811],[3.1274757,48.9520226],[3.1283494,48.9535763],[3.1284646,48.9537546],[3.1285799,48.9539424]]}},{"type":"Feature","properties":{"relief":0.867,"sinuosity":0,"highway":"secondary","name":"Avenue de Rebais"},"geometry":{"type":"LineString","coordinates":[[3.1343177,48.9368606],[3.1348284,48.9369636],[3.1370243,48.9373992],[3.1370931,48.9374141],[3.137151,48.9374267],[3.1379978,48.9376246]]}},{"type":"Feature","properties":{"relief":0.59,"sinuosity":0,"highway":"primary"},"geometry":{"type":"LineString","coordinates":[[2.9931986,48.9591253],[2.9917474,48.959084],[2.9895254,48.9590248]]}},{"type":"Feature","properties":{"relief":0.663,"sinuosity":0,"highway":"tertiary","name":"Rue des Montgoins"},"geometry":{"type":"LineString","coordinates":[[3.1745159,48.9041746],[3.1734086,48.9037599],[3.1729523,48.9035129],[3.1725395,48.9032107],[3.1720093,48.9027387],[3.1710966,48.9018454]]}},{"type":"Feature","properties":{"relief":0.75,"sinuosity":0,"highway":"primary","name":"Avenue du Général Leclerc"},"geometry":{"type":"LineString","coordinates":[[3.1284572,48.953904],[3.1283824,48.9537704],[3.1282964,48.9535843],[3.1274453,48.9520664],[3.1273679,48.9519254],[3.1272767,48.9517627],[3.1272042,48.951586],[3.127187,48.951536],[3.1272032,48.9514734]]}},{"type":"Feature","properties":{"relief":0.9,"sinuosity":0,"highway":"tertiary","name":"Route Royale"},"geometry":{"type":"LineString","coordinates":[[1.9585008,48.8939668],[1.9569738,48.8944718],[1.9543216,48.895369]]}},{"type":"Feature","properties":{"relief":0.867,"sinuosity":0,"highway":"secondary","name":"Rue Pierre Brossolette"},"geometry":{"type":"LineString","coordinates":[[2.4087425,48.649105],[2.4086146,48.6490394],[2.4085063,48.6489839],[2.4082974,48.6488499],[2.4081043,48.6487348],[2.4080608,48.6487089],[2.4079656,48.6486577],[2.4079089,48.6486231],[2.4078443,48.6485718],[2.4077033,48.648443],[2.4075263,48.6482603],[2.4075028,48.6482175],[2.407463,48.6481448],[2.4074093,48.6480578],[2.4073207,48.6479137],[2.4072722,48.6478006],[2.4071785,48.647647],[2.4071218,48.647546],[2.4070838,48.647486],[2.4070042,48.647397],[2.4069124,48.6472444],[2.4068537,48.6471519],[2.4064459,48.6463517]]}},{"type":"Feature","properties":{"relief":0.453,"sinuosity":0,"highway":"primary"},"geometry":{"type":"LineString","coordinates":[[2.6891237,48.4442712],[2.689576,48.442562],[2.6897401,48.4419429],[2.6898855,48.4413237]]}},{"type":"Feature","properties":{"relief":0.477,"sinuosity":0,"highway":"secondary"},"geometry":{"type":"LineString","coordinates":[[2.8462232,48.8468834],[2.8462013,48.8471937],[2.8461383,48.8479115],[2.8460839,48.8483384],[2.8460956,48.8485093],[2.8461168,48.8486848],[2.8462046,48.8491712],[2.8462822,48.8495545]]}},{"type":"Feature","properties":{"relief":0.65,"sinuosity":0,"highway":"tertiary"},"geometry":{"type":"LineString","coordinates":[[1.5998286,48.5847319],[1.5992278,48.5848312],[1.5986377,48.5849022],[1.5981871,48.5849164],[1.5971893,48.5849093],[1.5956245,48.5848337]]}},{"type":"Feature","properties":{"relief":0.637,"sinuosity":0,"highway":"motorway","name":"Tunnel de Nogent"},"geometry":{"type":"LineString","coordinates":[[2.49103,48.848303],[2.4912578,48.8476638],[2.4915832,48.8465712],[2.4918866,48.8454701]]}},{"type":"Feature","properties":{"relief":0.9,"sinuosity":0,"highway":"tertiary"},"geometry":{"type":"LineString","coordinates":[[3.4666107,48.353533],[3.4669415,48.3531875],[3.467082,48.3529898],[3.4678433,48.3517874],[3.4682994,48.3509629]]}},{"type":"Feature","properties":{"relief":0.588,"sinuosity":0,"highway":"tertiary"},"geometry":{"type":"LineString","coordinates":[[2.0025693,48.1261473],[2.0025087,48.1263021],[2.0022892,48.1268585],[2.0022477,48.1269354],[2.0020758,48.1274077],[2.0009921,48.13]]}},{"type":"Feature","properties":{"relief":0.782,"sinuosity":0,"highway":"primary","name":"Route de Paris"},"geometry":{"type":"LineString","coordinates":[[1.5974783,48.5959036],[1.5990841,48.5960274],[1.5996462,48.5960707],[1.6009628,48.5961639],[1.6011103,48.5961743],[1.6061343,48.5964111]]}},{"type":"Feature","properties":{"relief":0.75,"sinuosity":0,"highway":"tertiary","name":"Route de la Plaine de Moras"},"geometry":{"type":"LineString","coordinates":[[3.1688329,48.9505025],[3.1693193,48.9504321],[3.171725,48.9499163],[3.1726953,48.9496695]]}},{"type":"Feature","properties":{"relief":0.446,"sinuosity":0,"highway":"primary"},"geometry":{"type":"LineString","coordinates":[[2.9034794,48.5979033],[2.9029089,48.5981522],[2.9023345,48.5984724],[2.8983495,48.6014844]]}},{"type":"Feature","properties":{"relief":0.619,"sinuosity":0,"highway":"tertiary","name":"Rue du Château"},"geometry":{"type":"LineString","coordinates":[[2.8622516,48.6640036],[2.8618674,48.6640559],[2.8615864,48.6640962],[2.8593652,48.6644082],[2.8591849,48.6644323],[2.8555228,48.6649449]]}},{"type":"Feature","properties":{"relief":0.78,"sinuosity":0,"highway":"motorway","name":"Autoroute du Nord"},"geometry":{"type":"LineString","coordinates":[[2.4096484,48.9370257],[2.4105933,48.9372453],[2.4131635,48.9378526],[2.413409,48.9378792]]}},{"type":"Feature","properties":{"relief":0.9,"sinuosity":0,"highway":"tertiary"},"geometry":{"type":"LineString","coordinates":[[2.3240997,49.0721368],[2.3240505,49.072188],[2.3239556,49.0723097],[2.3233771,49.0729636],[2.3228242,49.0735867],[2.3222052,49.0743102],[2.3215602,49.0750752]]}},{"type":"Feature","properties":{"relief":0.42,"sinuosity":0,"highway":"motorway","name":"Autoroute de Normandie"},"geometry":{"type":"LineString","coordinates":[[1.7802272,48.9639856],[1.7772596,48.9640143],[1.7757071,48.9640605]]}},{"type":"Feature","properties":{"relief":0.37,"sinuosity":0,"highway":"motorway","name":"Autoroute de l’Est"},"geometry":{"type":"LineString","coordinates":[[2.5876351,48.8343611],[2.5870522,48.8344142],[2.585494,48.834579],[2.5839365,48.834708],[2.5829141,48.8347819]]}},{"type":"Feature","properties":{"relief":0.793,"sinuosity":0,"highway":"tertiary","name":"Rue du Val d'Aconville"},"geometry":{"type":"LineString","coordinates":[[1.509416,49.0713023],[1.5095402,49.0718663],[1.5101152,49.0727837],[1.5103773,49.0738546]]}},{"type":"Feature","properties":{"relief":0.813,"sinuosity":0,"highway":"motorway","name":"Autoroute du Soleil"},"geometry":{"type":"LineString","coordinates":[[3.0490245,48.0826757],[3.0499853,48.0821583],[3.0506426,48.0818116],[3.0512851,48.0814844],[3.0524826,48.0808941]]}},{"type":"Feature","properties":{"relief":0.75,"sinuosity":0,"highway":"tertiary"},"geometry":{"type":"LineString","coordinates":[[2.65995,48.3084171],[2.6616256,48.3066679],[2.6620006,48.3063014],[2.6624003,48.3059379]]}},{"type":"Feature","properties":{"relief":0.416,"sinuosity":0,"highway":"motorway","name":"Eco-Autoroute"},"geometry":{"type":"LineString","coordinates":[[2.6039028,48.0836996],[2.604192,48.0835715],[2.6044873,48.0834416],[2.6047786,48.0833149],[2.6050749,48.0831881],[2.6053725,48.0830626],[2.605669,48.0829392],[2.6059654,48.0828175],[2.6062662,48.0826954],[2.6063674,48.0826553],[2.6065661,48.0825764],[2.6068696,48.0824579],[2.6071706,48.082341]]}},{"type":"Feature","properties":{"relief":0.72,"sinuosity":0,"highway":"motorway","name":"Eco-Autoroute"},"geometry":{"type":"LineString","coordinates":[[2.609064,48.0817506],[2.6087631,48.0818547],[2.6081502,48.0820754],[2.6075406,48.0823021],[2.6072361,48.0824184],[2.6069317,48.082536],[2.6066339,48.0826527],[2.6063384,48.0827709],[2.6060355,48.082893],[2.6057375,48.0830149]]}},{"type":"Feature","properties":{"relief":0.697,"sinuosity":0,"highway":"motorway","name":"L'Autoroute de l'Arbre"},"geometry":{"type":"LineString","coordinates":[[2.7145868,48.1291879],[2.7142154,48.1288238],[2.7137292,48.1283237],[2.713184,48.127738],[2.7127222,48.1272081],[2.7123133,48.1267204]]}},{"type":"Feature","properties":{"relief":0.747,"sinuosity":0,"highway":"motorway","name":"L'Autoroute de l'Arbre"},"geometry":{"type":"LineString","coordinates":[[2.7113348,48.1249902],[2.7117987,48.1256359],[2.7119978,48.1258998],[2.7122983,48.126285],[2.7126411,48.1267144],[2.7129866,48.1271172],[2.713533,48.1277389]]}},{"type":"Feature","properties":{"relief":0.78,"sinuosity":0,"highway":"trunk","name":"La Francilienne"},"geometry":{"type":"LineString","coordinates":[[2.2758495,49.0627147],[2.2751556,49.0628456],[2.2745176,49.0629357],[2.2739196,49.0630086],[2.2730871,49.0631042],[2.2700992,49.063452]]}},{"type":"Feature","properties":{"relief":0.472,"sinuosity":0,"highway":"motorway"},"geometry":{"type":"LineString","coordinates":[[2.5482338,48.9628269],[2.5450462,48.9617784],[2.5422937,48.9608469]]}},{"type":"Feature","properties":{"relief":0.365,"sinuosity":0,"highway":"trunk"},"geometry":{"type":"LineString","coordinates":[[2.5945043,48.8484353],[2.5940251,48.8484967],[2.592035,48.8487939],[2.5847146,48.8498357]]}},{"type":"Feature","properties":{"relief":0.78,"sinuosity":0,"highway":"motorway"},"geometry":{"type":"LineString","coordinates":[[2.4086934,48.9366055],[2.409938,48.936898],[2.4106112,48.9370556],[2.4112549,48.9372072],[2.411609,48.9373023],[2.4119376,48.9374063],[2.4124096,48.9375613]]}},{"type":"Feature","properties":{"relief":0.475,"sinuosity":0,"highway":"secondary"},"geometry":{"type":"LineString","coordinates":[[2.5429434,48.9773255],[2.5417211,48.9777513],[2.5415876,48.9777899],[2.5405972,48.9780294],[2.5403674,48.9780876],[2.5401657,48.9781375],[2.5399681,48.9781884],[2.5395422,48.9782909],[2.5388256,48.9784613]]}},{"type":"Feature","properties":{"relief":0.9,"sinuosity":0,"highway":"tertiary","name":"Rue des Pâtis"},"geometry":{"type":"LineString","coordinates":[[1.8655248,48.7529504],[1.8667135,48.7530676],[1.8673111,48.7531261],[1.8680711,48.7532005],[1.868252,48.7532182],[1.8686234,48.7532796],[1.8689806,48.7533582],[1.870492,48.7537539]]}},{"type":"Feature","properties":{"relief":0.493,"sinuosity":0,"highway":"tertiary","name":"Route de Conie"},"geometry":{"type":"LineString","coordinates":[[1.3901805,48.171303],[1.3900089,48.1726696],[1.3894415,48.1742614]]}},{"type":"Feature","properties":{"relief":0.564,"sinuosity":0,"highway":"tertiary"},"geometry":{"type":"LineString","coordinates":[[1.7327117,48.1857185],[1.7319822,48.1846312],[1.7316818,48.1841305],[1.7314028,48.1839016],[1.7311453,48.1837013],[1.7304334,48.1832065]]}},{"type":"Feature","properties":{"relief":0.771,"sinuosity":0,"highway":"trunk"},"geometry":{"type":"LineString","coordinates":[[1.8251032,48.8011692],[1.8243823,48.8011674],[1.8238362,48.8011638],[1.8232901,48.8011491],[1.821485,48.8010812],[1.8190022,48.8009488]]}},{"type":"Feature","properties":{"relief":0.827,"sinuosity":0,"highway":"secondary","name":"Rue des Frères Lumière"},"geometry":{"type":"LineString","coordinates":[[2.6270856,48.9802817],[2.6268,48.9805371],[2.6267508,48.9805811],[2.6264731,48.9808293],[2.6260026,48.9813417],[2.6258306,48.9815319],[2.6257907,48.9815748],[2.625735,48.9816464],[2.6257093,48.9816794],[2.6247397,48.9825663]]}},{"type":"Feature","properties":{"relief":0.63,"sinuosity":0,"highway":"tertiary","name":"Rue de l'Abbaye du Val"},"geometry":{"type":"LineString","coordinates":[[2.2250936,49.0760233],[2.225923,49.076372],[2.2267036,49.0767001],[2.2269425,49.0767963],[2.2272642,49.07688],[2.2282094,49.0771261],[2.2290209,49.0773426]]}},{"type":"Feature","properties":{"relief":0.542,"sinuosity":0,"highway":"tertiary","name":"Rue du Gué"},"geometry":{"type":"LineString","coordinates":[[1.8844115,48.5758759],[1.8848781,48.5760681],[1.8850838,48.5761834],[1.8858993,48.5766404],[1.8860567,48.5767363],[1.8862416,48.5769057],[1.8867432,48.5774648],[1.8875772,48.5782132]]}},{"type":"Feature","properties":{"relief":0.813,"sinuosity":0,"highway":"secondary"},"geometry":{"type":"LineString","coordinates":[[1.421058,48.4518112],[1.4206347,48.4518252],[1.4197938,48.4518386],[1.4188054,48.4518751],[1.4173809,48.4519412],[1.417229,48.451948]]}},{"type":"Feature","properties":{"relief":0.557,"sinuosity":0,"highway":"motorway","name":"L'Européenne"},"geometry":{"type":"LineString","coordinates":[[2.2279169,49.1720065],[2.227706,49.1724593],[2.227423,49.17301],[2.2271106,49.1735536],[2.2268397,49.1739832],[2.2265687,49.1743865]]}},{"type":"Feature","properties":{"relief":0.494,"sinuosity":0,"highway":"secondary"},"geometry":{"type":"LineString","coordinates":[[1.5526941,49.0941378],[1.5512601,49.0940818],[1.5506316,49.0940568],[1.5483752,49.0939865]]}},{"type":"Feature","properties":{"relief":0.75,"sinuosity":0,"highway":"secondary"},"geometry":{"type":"LineString","coordinates":[[1.5097241,49.0973729],[1.5084256,49.0975968],[1.507574,49.0978074],[1.5067641,49.0980101],[1.5062421,49.0981648],[1.5057696,49.0983766]]}},{"type":"Feature","properties":{"relief":0.377,"sinuosity":0,"highway":"motorway","name":"Autoroute de Normandie"},"geometry":{"type":"LineString","coordinates":[[1.7772619,48.9638767],[1.7802296,48.9638406],[1.7876081,48.9637966]]}},{"type":"Feature","properties":{"relief":0.763,"sinuosity":0.719,"highway":"primary","name":"Route Nationale"},"geometry":{"type":"LineString","coordinates":[[3.5486842,49.0731282],[3.5490031,49.0731123],[3.5492353,49.0730556],[3.5494155,49.0729988],[3.5495645,49.0729216],[3.5497101,49.072799],[3.5498106,49.0726855],[3.5498591,49.0725787],[3.5498929,49.0724408],[3.5499844,49.0720263],[3.5500356,49.0718564],[3.5500721,49.0717587],[3.5501215,49.0716437],[3.5501746,49.0715406],[3.5502656,49.0713816],[3.5503675,49.0711975],[3.5507122,49.0706131]]}},{"type":"Feature","properties":{"relief":0.418,"sinuosity":0,"highway":"secondary","name":"Route Ronde"},"geometry":{"type":"LineString","coordinates":[[2.7643502,48.3975133],[2.7667749,48.3993714],[2.7690442,48.4011025]]}},{"type":"Feature","properties":{"relief":0.532,"sinuosity":0,"highway":"trunk","name":"La Francilienne"},"geometry":{"type":"LineString","coordinates":[[2.50933,49.0272939],[2.509033,49.0273314],[2.5083051,49.0274419],[2.5075066,49.0276088],[2.5055545,49.0280954]]}},{"type":"Feature","properties":{"relief":0.817,"sinuosity":0,"highway":"primary"},"geometry":{"type":"LineString","coordinates":[[1.6455891,49.2206041],[1.6449691,49.2208581],[1.6447037,49.2209711],[1.6427581,49.2217991],[1.641473,49.2223525]]}},{"type":"Feature","properties":{"relief":0.457,"sinuosity":0,"highway":"secondary"},"geometry":{"type":"LineString","coordinates":[[3.4867634,49.2690029],[3.4871564,49.2689218],[3.4875435,49.2687924],[3.4893592,49.2681214],[3.489884,49.2679167],[3.4911733,49.2673085]]}},{"type":"Feature","properties":{"relief":0.75,"sinuosity":0,"highway":"primary"},"geometry":{"type":"LineString","coordinates":[[3.4858659,48.5226217],[3.4867374,48.5235305],[3.4878406,48.524672],[3.4880704,48.5248858]]}},{"type":"Feature","properties":{"relief":0.9,"sinuosity":0,"highway":"primary"},"geometry":{"type":"LineString","coordinates":[[3.4963599,48.5315781],[3.4973782,48.5323899],[3.4973984,48.5324094],[3.4975512,48.5325304],[3.4991855,48.53385]]}},{"type":"Feature","properties":{"relief":0.893,"sinuosity":0,"highway":"tertiary","name":"Rue du Champ Martin"},"geometry":{"type":"LineString","coordinates":[[2.8986913,48.8781463],[2.8989516,48.8781198],[2.8996483,48.8780761],[2.9014776,48.8779707],[2.901888,48.8779447],[2.9020972,48.8779271],[2.9024284,48.8778914],[2.902688,48.8778553]]}},{"type":"Feature","properties":{"relief":0.433,"sinuosity":0,"highway":"secondary"},"geometry":{"type":"LineString","coordinates":[[3.1040037,48.6722212],[3.1039576,48.671357],[3.1037475,48.6674147]]}},{"type":"Feature","properties":{"relief":0.74,"sinuosity":0,"highway":"tertiary"},"geometry":{"type":"LineString","coordinates":[[1.5993979,48.2424496],[1.599301,48.2424183],[1.5991873,48.242384],[1.5987616,48.2422549],[1.5985895,48.2422027],[1.5983276,48.2421149],[1.5982064,48.2420484],[1.5969944,48.2412022],[1.5966854,48.2409906]]}},{"type":"Feature","properties":{"relief":0.603,"sinuosity":0,"highway":"primary","name":"Avenue du Président Roosevelt"},"geometry":{"type":"LineString","coordinates":[[2.9002151,48.9569635],[2.9009284,48.9569044],[2.9037566,48.9566601],[2.9038521,48.9566492]]}},{"type":"Feature","properties":{"relief":0.443,"sinuosity":0,"highway":"tertiary"},"geometry":{"type":"LineString","coordinates":[[1.5976611,49.1340474],[1.5974798,49.134353],[1.5973092,49.1347304],[1.5972326,49.1350266],[1.5971964,49.1353079],[1.5971018,49.1358565],[1.5968415,49.136466],[1.5966279,49.1368783]]}},{"type":"Feature","properties":{"relief":0.608,"sinuosity":0,"highway":"tertiary"},"geometry":{"type":"LineString","coordinates":[[1.5964696,49.1422236],[1.5965246,49.1429743],[1.5965905,49.1435415],[1.5966576,49.1438236],[1.5967385,49.1440536],[1.5978846,49.1464558]]}},{"type":"Feature","properties":{"relief":0.9,"sinuosity":0,"highway":"secondary"},"geometry":{"type":"LineString","coordinates":[[1.4187113,48.8954398],[1.4177629,48.8957198],[1.417114,48.8958884],[1.4145552,48.8964117]]}},{"type":"Feature","properties":{"relief":0.528,"sinuosity":0.7,"highway":"secondary","name":"Rue de la Mare"},"geometry":{"type":"LineString","coordinates":[[1.5530395,49.1848482],[1.5524706,49.1850283],[1.5522793,49.185066],[1.55202,49.1850783],[1.5517464,49.185073],[1.5515673,49.1850736],[1.5513481,49.1851239],[1.5511736,49.1851909],[1.5510531,49.1852475],[1.5509351,49.1853237],[1.5504853,49.1856382],[1.5501074,49.1860146],[1.550011,49.1860758]]}},{"type":"Feature","properties":{"relief":0.9,"sinuosity":0,"highway":"secondary","name":"Boulevard André Malraux"},"geometry":{"type":"LineString","coordinates":[[1.9721621,48.9813215],[1.9720195,48.9813966],[1.9716717,48.9815804],[1.9716516,48.9815908],[1.9714498,48.9816949],[1.9713532,48.9817448],[1.9712365,48.9818051],[1.9708925,48.9819826],[1.970395,48.9822352],[1.9700302,48.9824121],[1.9697042,48.9825642],[1.9695736,48.9826252],[1.9694643,48.9826762],[1.9693047,48.9827466],[1.96898,48.9828776]]}},{"type":"Feature","properties":{"relief":0.45,"sinuosity":0,"highway":"tertiary"},"geometry":{"type":"LineString","coordinates":[[1.7811212,48.7730999],[1.7803,48.7729074],[1.7797617,48.7727965],[1.779474,48.7727372],[1.7790985,48.7726806],[1.7786682,48.7726359],[1.7776901,48.7725947],[1.7758061,48.7726528]]}},{"type":"Feature","properties":{"relief":0.57,"sinuosity":0,"highway":"tertiary"},"geometry":{"type":"LineString","coordinates":[[3.4434959,48.964104],[3.4414125,48.9622059],[3.441358,48.9621623],[3.4413064,48.9621297],[3.441244,48.9620945],[3.4412179,48.9620786]]}},{"type":"Feature","properties":{"relief":0.887,"sinuosity":0,"highway":"tertiary"},"geometry":{"type":"LineString","coordinates":[[3.0787989,48.1554262],[3.0797338,48.1555331],[3.0821324,48.1557327],[3.0827575,48.1557006]]}},{"type":"Feature","properties":{"relief":0.84,"sinuosity":0,"highway":"tertiary"},"geometry":{"type":"LineString","coordinates":[[3.0733701,48.1298453],[3.073147,48.1294343],[3.07302,48.1290103],[3.0729539,48.1287898],[3.0728857,48.1285196],[3.0725333,48.1271241]]}},{"type":"Feature","properties":{"relief":0.75,"sinuosity":0,"highway":"secondary"},"geometry":{"type":"LineString","coordinates":[[3.4003763,48.1268577],[3.4005375,48.1269189],[3.4016315,48.1273339],[3.4055979,48.1287096]]}},{"type":"Feature","properties":{"relief":0.9,"sinuosity":0,"highway":"motorway","name":"Autoroute de l’Est"},"geometry":{"type":"LineString","coordinates":[[3.5340427,49.1258689],[3.5328095,49.1256195],[3.5315412,49.1253461],[3.530313,49.125064]]}},{"type":"Feature","properties":{"relief":0.9,"sinuosity":0,"highway":"tertiary","name":"Avenue de la Villedieu"},"geometry":{"type":"LineString","coordinates":[[1.9552184,48.7661419],[1.9554966,48.7660875],[1.9561044,48.7660068],[1.9564388,48.7659867],[1.9567144,48.7659712],[1.9573748,48.7659865],[1.9578856,48.7660369],[1.9583894,48.7661087],[1.9585415,48.7661361],[1.9589067,48.7662354]]}},{"type":"Feature","properties":{"relief":0.75,"sinuosity":0,"highway":"motorway","name":"Autoroute de l’Est"},"geometry":{"type":"LineString","coordinates":[[3.4898558,49.1108781],[3.4883209,49.1106407],[3.4836629,49.1099992]]}},{"type":"Feature","properties":{"relief":0.75,"sinuosity":0,"highway":"secondary"},"geometry":{"type":"LineString","coordinates":[[2.0507031,48.8386395],[2.0495636,48.8378757],[2.0487677,48.8373559],[2.0484098,48.8370578],[2.0481558,48.8367985],[2.0474779,48.8361152]]}},{"type":"Feature","properties":{"relief":0.75,"sinuosity":0,"highway":"tertiary","name":"Route de Vaudeurs"},"geometry":{"type":"LineString","coordinates":[[3.5327886,48.1551859],[3.5321615,48.1565518],[3.5315299,48.1579096]]}},{"type":"Feature","properties":{"relief":0.75,"sinuosity":0,"highway":"secondary"},"geometry":{"type":"LineString","coordinates":[[3.4928989,48.8483465],[3.4914449,48.8477466],[3.4893308,48.8468805]]}},{"type":"Feature","properties":{"relief":0.9,"sinuosity":0,"highway":"secondary"},"geometry":{"type":"LineString","coordinates":[[3.5785868,48.8444231],[3.5769963,48.8456828],[3.5756556,48.8466875]]}},{"type":"Feature","properties":{"relief":0.666,"sinuosity":0,"highway":"tertiary"},"geometry":{"type":"LineString","coordinates":[[3.4925057,48.8658611],[3.4907308,48.8657221],[3.4897197,48.8656429],[3.4827486,48.8651028]]}},{"type":"Feature","properties":{"relief":0.9,"sinuosity":0,"highway":"secondary"},"geometry":{"type":"LineString","coordinates":[[3.5311652,48.8010519],[3.5313052,48.8012951],[3.531407,48.8014579],[3.5316227,48.8017498],[3.5319616,48.8022158],[3.5326011,48.8030164],[3.532759,48.8032389]]}},{"type":"Feature","properties":{"relief":0.9,"sinuosity":0,"highway":"primary","name":"Avenue Alphonse Boulingre"},"geometry":{"type":"LineString","coordinates":[[2.8590719,48.8918074],[2.8579341,48.8895882],[2.8571322,48.8880369]]}},{"type":"Feature","properties":{"relief":0.9,"sinuosity":0,"highway":"motorway","name":"Autoroute du Soleil"},"geometry":{"type":"LineString","coordinates":[[2.656149,48.3073991],[2.6554904,48.3076301],[2.65465,48.307904],[2.6502648,48.309304]]}},{"type":"Feature","properties":{"relief":0.71,"sinuosity":0,"highway":"tertiary","name":"Rue de la Mairie"},"geometry":{"type":"LineString","coordinates":[[3.4386161,48.5109008],[3.4396803,48.5111607],[3.4426652,48.5118578]]}},{"type":"Feature","properties":{"relief":0.9,"sinuosity":0,"highway":"tertiary"},"geometry":{"type":"LineString","coordinates":[[3.5188583,48.5321057],[3.5190936,48.5321526],[3.5192554,48.5321916],[3.5201959,48.5324177],[3.5204422,48.532482],[3.5206904,48.5325664],[3.5209773,48.5326703],[3.5213774,48.5328172],[3.5221687,48.5331048]]}},{"type":"Feature","properties":{"relief":0.532,"sinuosity":0,"highway":"secondary"},"geometry":{"type":"LineString","coordinates":[[3.5767537,48.2068191],[3.5775411,48.2085914],[3.5780672,48.2097374]]}},{"type":"Feature","properties":{"relief":0.475,"sinuosity":0.523,"highway":"secondary"},"geometry":{"type":"LineString","coordinates":[[3.5787788,48.2115662],[3.5784587,48.2117949],[3.5776756,48.212626],[3.5770208,48.2133209],[3.5768142,48.2134639],[3.576605,48.2135532],[3.5758184,48.2137455]]}},{"type":"Feature","properties":{"relief":0.9,"sinuosity":0,"highway":"tertiary"},"geometry":{"type":"LineString","coordinates":[[3.5306452,48.1202063],[3.5306522,48.1202997],[3.5307066,48.1203885],[3.5313353,48.121111],[3.5316971,48.1215266],[3.5321035,48.1219933],[3.5322677,48.1221944],[3.5324232,48.1223699],[3.5325712,48.1225069]]}},{"type":"Feature","properties":{"relief":0.61,"sinuosity":0,"highway":"tertiary"},"geometry":{"type":"LineString","coordinates":[[3.4746834,48.3059195],[3.4743186,48.306205],[3.4737821,48.3065475],[3.473353,48.306833],[3.4730955,48.3071898],[3.4728348,48.3074995],[3.4724518,48.307832],[3.4724012,48.3078753],[3.4723438,48.3079243]]}},{"type":"Feature","properties":{"relief":0.367,"sinuosity":0,"highway":"secondary"},"geometry":{"type":"LineString","coordinates":[[2.4520299,48.2431695],[2.4524918,48.2409942],[2.4526059,48.2405415]]}},{"type":"Feature","properties":{"relief":0.395,"sinuosity":0.433,"highway":"secondary"},"geometry":{"type":"LineString","coordinates":[[2.358687,48.2367159],[2.3589275,48.236625],[2.3590072,48.2366038],[2.3594536,48.2364713],[2.359528,48.2364508],[2.3603729,48.2361939],[2.3606653,48.2361364],[2.3608799,48.2361078],[2.3611481,48.2361105],[2.361419,48.2361525],[2.3631895,48.2365809]]}},{"type":"Feature","properties":{"relief":0.686,"sinuosity":0,"highway":"tertiary","name":"Rue de Beaumont"},"geometry":{"type":"LineString","coordinates":[[2.0049504,48.1077418],[2.0047363,48.1077108],[2.0044533,48.1076615],[2.0039423,48.1075317],[2.0035346,48.1074385],[2.0029425,48.1073543],[2.00228,48.107269],[2.0019847,48.107227],[2.0013352,48.1071376]]}}]}