{"type":"FeatureCollection","metadata":{"source":"BAAC / ONISR via data.gouv.fr","region":"Île-de-France","years":["2019","2020","2021","2022","2023","2024"],"accidents":38090,"snappedAccidents":33112,"segments":1082,"metric":"Percentile IDF sur accidents/km (carte) ; ratio TMJA si comptage ≤ 500 m","tmjaSections":461,"tmjaMatchedSegments":131,"tmjaMaxDistM":500,"snapMaxM":45,"minAccidents":3,"minPercentile":0.72,"exportedAt":"2026-06-01T16:03:33.013Z"},"features":[{"type":"Feature","id":"risk-0","properties":{"segmentId":"613097660:0","accidentCount":10,"accidentsPerKm":51.02,"percentile":0.844,"countPercentile":0.893,"riskLevel":2,"riskScore":0.688,"highway":"motorway","lengthM":196,"yearsFrom":2019,"yearsTo":2024,"metric":"density","trafficSource":"none"},"geometry":{"type":"LineString","coordinates":[[2.4778401,48.9162065],[2.4777021,48.9156944],[2.4774507,48.9149044],[2.4773522,48.9146323],[2.4773007,48.9144757]]}},{"type":"Feature","id":"risk-1","properties":{"segmentId":"635363134:0","accidentCount":13,"accidentsPerKm":45.455,"percentile":0.798,"countPercentile":0.944,"riskLevel":2,"riskScore":0.635,"highway":"primary","name":"Rue de Paris","lengthM":286,"yearsFrom":2019,"yearsTo":2024,"metric":"density","trafficSource":"none"},"geometry":{"type":"LineString","coordinates":[[2.4353962,48.8579372],[2.4348093,48.8578294],[2.434041,48.857694],[2.4335086,48.8575968],[2.4334194,48.8575809],[2.4332963,48.8575605],[2.4330851,48.8575206],[2.4330424,48.8575129],[2.432295,48.8573776],[2.4318506,48.8572972],[2.4317317,48.8572757],[2.4316221,48.8572571]]}},{"type":"Feature","id":"risk-2","properties":{"segmentId":"245066386:0","accidentCount":21,"accidentsPerKm":83.333,"percentile":0.95,"countPercentile":0.993,"riskLevel":3,"riskScore":0.81,"highway":"primary","name":"Route de Saint-Leu","lengthM":252,"yearsFrom":2019,"yearsTo":2024,"metric":"density","trafficSource":"none"},"geometry":{"type":"LineString","coordinates":[[2.3341818,48.9547551],[2.3342218,48.9547305],[2.3344946,48.9545543],[2.3347355,48.954403],[2.3350536,48.9541894],[2.335092,48.9541637],[2.3351829,48.9541055],[2.3352532,48.9540597],[2.335292,48.9540353],[2.3354693,48.9539236],[2.3356632,48.9537957],[2.3366321,48.9531599]]}},{"type":"Feature","id":"risk-3","properties":{"segmentId":"245066406:0","accidentCount":19,"accidentsPerKm":64.407,"percentile":0.902,"countPercentile":0.987,"riskLevel":3,"riskScore":0.755,"highway":"primary","name":"Route de Saint-Leu","lengthM":295,"yearsFrom":2019,"yearsTo":2024,"metric":"density","trafficSource":"none"},"geometry":{"type":"LineString","coordinates":[[2.337977,48.9522493],[2.3381357,48.9521349],[2.3382837,48.9520264],[2.3387301,48.9516992],[2.3388587,48.9516048],[2.3391312,48.9514055],[2.3392744,48.9513022],[2.3395184,48.9511288],[2.3399091,48.9508456],[2.3401289,48.9506859],[2.3404382,48.9504614],[2.3406896,48.9502815]]}},{"type":"Feature","id":"risk-4","properties":{"segmentId":"35284729:0","accidentCount":5,"accidentsPerKm":70.423,"percentile":0.921,"countPercentile":0.525,"riskLevel":3,"riskScore":0.777,"highway":"tertiary","name":"Route d'Aulnay","lengthM":71,"yearsFrom":2019,"yearsTo":2024,"metric":"density","trafficSource":"none"},"geometry":{"type":"LineString","coordinates":[[2.4803062,48.9066364],[2.4803126,48.9065231],[2.4803104,48.9064251],[2.4803049,48.9062215],[2.4803028,48.9061385],[2.4802993,48.9060014]]}},{"type":"Feature","id":"risk-5","properties":{"segmentId":"24686427:0","accidentCount":18,"accidentsPerKm":60,"percentile":0.883,"countPercentile":0.982,"riskLevel":2,"riskScore":0.733,"highway":"trunk","name":"Boulevard Périphérique Extérieur","lengthM":300,"yearsFrom":2019,"yearsTo":2024,"metric":"density","trafficSource":"none"},"geometry":{"type":"LineString","coordinates":[[2.2837911,48.883143],[2.283379,48.8827563],[2.2831129,48.8824538],[2.2828525,48.8821198],[2.2822084,48.8811954],[2.2820498,48.8809505],[2.2819254,48.8807451]]}},{"type":"Feature","id":"risk-6","properties":{"segmentId":"1146559461:0","accidentCount":6,"accidentsPerKm":66.667,"percentile":0.909,"countPercentile":0.659,"riskLevel":3,"riskScore":0.763,"highway":"primary","name":"Avenue d'Italie","lengthM":90,"yearsFrom":2019,"yearsTo":2024,"metric":"density","trafficSource":"none"},"geometry":{"type":"LineString","coordinates":[[2.3585181,48.8222051],[2.358558,48.8220775],[2.3586953,48.8216183],[2.3587212,48.8215291],[2.3587363,48.8214817],[2.3587574,48.8214149]]}},{"type":"Feature","id":"risk-7","properties":{"segmentId":"1422545343:0","accidentCount":12,"accidentsPerKm":111.111,"percentile":0.974,"countPercentile":0.93,"riskLevel":3,"riskScore":0.838,"highway":"primary","name":"Boulevard Malesherbes","lengthM":108,"yearsFrom":2019,"yearsTo":2023,"metric":"density","trafficSource":"none"},"geometry":{"type":"LineString","coordinates":[[2.3198142,48.8749222],[2.3197793,48.8749507],[2.3196458,48.8750496],[2.3196242,48.8750667],[2.3193118,48.8753152],[2.3192061,48.8754041],[2.3191765,48.8754294],[2.3191555,48.8754473],[2.3189069,48.8756483],[2.3188743,48.8756735]]}},{"type":"Feature","id":"risk-8","properties":{"segmentId":"123486075:0","accidentCount":28,"accidentsPerKm":137.931,"percentile":0.988,"countPercentile":0.999,"riskLevel":3,"riskScore":0.854,"highway":"primary","name":"Boulevard Beaumarchais","lengthM":203,"yearsFrom":2019,"yearsTo":2024,"metric":"density","trafficSource":"none"},"geometry":{"type":"LineString","coordinates":[[2.3689521,48.8540242],[2.3688961,48.854164],[2.3688648,48.8542528],[2.3688476,48.8543265],[2.3688224,48.854435],[2.3688167,48.8544593],[2.3687831,48.8546035],[2.3687336,48.8548148],[2.3687021,48.8549511],[2.3686014,48.8553833],[2.3685253,48.8557101],[2.3684984,48.8558253]]}},{"type":"Feature","id":"risk-9","properties":{"segmentId":"61374191:0","accidentCount":17,"accidentsPerKm":60.284,"percentile":0.885,"countPercentile":0.977,"riskLevel":2,"riskScore":0.735,"highway":"primary","name":"Avenue Michelet","lengthM":282,"yearsFrom":2019,"yearsTo":2024,"metric":"density","trafficSource":"none"},"geometry":{"type":"LineString","coordinates":[[2.3441857,48.9053117],[2.3441856,48.9054654],[2.3441821,48.9055679],[2.344161,48.9061889],[2.3441541,48.9064181],[2.344155,48.9066642],[2.3441566,48.9071326],[2.3441569,48.9072277],[2.3441573,48.9073294],[2.3441588,48.9075063],[2.3441729,48.9078443]]}},{"type":"Feature","id":"risk-10","properties":{"segmentId":"266361445:0","accidentCount":17,"accidentsPerKm":155.963,"percentile":0.994,"countPercentile":0.977,"riskLevel":3,"riskScore":0.861,"highway":"primary","name":"Avenue Pierre Brossolette","lengthM":109,"yearsFrom":2019,"yearsTo":2023,"metric":"density","trafficSource":"none"},"geometry":{"type":"LineString","coordinates":[[2.3015462,48.8128542],[2.3015237,48.81283],[2.3015046,48.8128023],[2.3010986,48.8123667],[2.3009404,48.8122102],[2.3008943,48.8121632],[2.300875,48.8121435],[2.3008013,48.8120684],[2.3007593,48.8120212]]}},{"type":"Feature","id":"risk-11","properties":{"segmentId":"39496166:0","accidentCount":4,"accidentsPerKm":58.824,"percentile":0.876,"countPercentile":0.328,"riskLevel":2,"riskScore":0.725,"highway":"secondary","name":"Rue de Dijon","lengthM":68,"yearsFrom":2019,"yearsTo":2024,"metric":"density","trafficSource":"none"},"geometry":{"type":"LineString","coordinates":[[2.38535,48.8352923],[2.3854302,48.8353359],[2.3855187,48.8353841],[2.3858031,48.8355389],[2.3860058,48.8356493],[2.3860643,48.8356811]]}},{"type":"Feature","id":"risk-12","properties":{"segmentId":"4216686:0","accidentCount":4,"accidentsPerKm":56.338,"percentile":0.868,"countPercentile":0.328,"riskLevel":2,"riskScore":0.716,"highway":"primary","name":"Avenue de l'Observatoire","lengthM":71,"yearsFrom":2019,"yearsTo":2023,"metric":"density","trafficSource":"none"},"geometry":{"type":"LineString","coordinates":[[2.3373138,48.8409292],[2.3371941,48.8408498],[2.3369388,48.8405879],[2.3368459,48.8405078],[2.3367415,48.8404183]]}},{"type":"Feature","id":"risk-13","properties":{"segmentId":"52073597:0","accidentCount":7,"accidentsPerKm":47.619,"percentile":0.817,"countPercentile":0.745,"riskLevel":2,"riskScore":0.657,"highway":"secondary","name":"Avenue de Villiers","lengthM":147,"yearsFrom":2019,"yearsTo":2023,"metric":"density","trafficSource":"none"},"geometry":{"type":"LineString","coordinates":[[2.2936887,48.8853932],[2.2937574,48.8853848],[2.2938237,48.8853766],[2.2953559,48.8851886],[2.2954968,48.8851713],[2.2955626,48.8851632],[2.2956663,48.8851505]]}},{"type":"Feature","id":"risk-14","properties":{"segmentId":"138277195:0","accidentCount":10,"accidentsPerKm":44.444,"percentile":0.792,"countPercentile":0.893,"riskLevel":2,"riskScore":0.628,"highway":"primary","name":"Boulevard de Courcelles","lengthM":225,"yearsFrom":2019,"yearsTo":2023,"metric":"density","trafficSource":"none"},"geometry":{"type":"LineString","coordinates":[[2.3053546,48.8796286],[2.3073265,48.8800561],[2.3082802,48.8802629]]}},{"type":"Feature","id":"risk-15","properties":{"segmentId":"1421894110:0","accidentCount":9,"accidentsPerKm":136.364,"percentile":0.988,"countPercentile":0.86,"riskLevel":3,"riskScore":0.854,"highway":"secondary","name":"Avenue Marceau","lengthM":66,"yearsFrom":2019,"yearsTo":2024,"metric":"density","trafficSource":"none"},"geometry":{"type":"LineString","coordinates":[[2.2994965,48.8666391],[2.2995343,48.866508],[2.2996651,48.8660538]]}},{"type":"Feature","id":"risk-16","properties":{"segmentId":"55489255:0","accidentCount":7,"accidentsPerKm":39.326,"percentile":0.737,"countPercentile":0.745,"riskLevel":1,"riskScore":0.565,"highway":"secondary","name":"Boulevard Diderot","lengthM":178,"yearsFrom":2019,"yearsTo":2022,"metric":"density","trafficSource":"none"},"geometry":{"type":"LineString","coordinates":[[2.3793191,48.8464983],[2.3794448,48.8465132],[2.3796359,48.8465347],[2.3799548,48.8465707],[2.3800401,48.846581],[2.3810649,48.8466985],[2.3815612,48.846758],[2.3817132,48.846772]]}},{"type":"Feature","id":"risk-17","properties":{"segmentId":"120726595:0","accidentCount":21,"accidentsPerKm":75.812,"percentile":0.936,"countPercentile":0.994,"riskLevel":3,"riskScore":0.794,"highway":"secondary","name":"Avenue Ledru-Rollin","lengthM":277,"yearsFrom":2019,"yearsTo":2024,"metric":"density","trafficSource":"none"},"geometry":{"type":"LineString","coordinates":[[2.3754095,48.8506177],[2.3753918,48.8506031],[2.3748007,48.8500703],[2.3744107,48.8497101],[2.3742867,48.8496144],[2.3741787,48.8495532],[2.3728871,48.8488278],[2.3728457,48.8488043]]}},{"type":"Feature","id":"risk-18","properties":{"segmentId":"365158935:0","accidentCount":15,"accidentsPerKm":52.083,"percentile":0.852,"countPercentile":0.962,"riskLevel":2,"riskScore":0.697,"highway":"secondary","name":"Avenue Marceau","lengthM":288,"yearsFrom":2019,"yearsTo":2022,"metric":"density","trafficSource":"none"},"geometry":{"type":"LineString","coordinates":[[2.2975047,48.8709454],[2.297591,48.8707928],[2.2977179,48.8705736],[2.2980237,48.8700591],[2.2981863,48.8697822],[2.2982388,48.8696936],[2.2983427,48.8695252],[2.2988189,48.8686965],[2.2988541,48.8686364],[2.2989165,48.8685303]]}},{"type":"Feature","id":"risk-19","properties":{"segmentId":"192961821:0","accidentCount":7,"accidentsPerKm":50.36,"percentile":0.84,"countPercentile":0.746,"riskLevel":2,"riskScore":0.683,"highway":"primary","name":"Quai François Mitterrand","lengthM":139,"yearsFrom":2019,"yearsTo":2021,"metric":"density","trafficSource":"none"},"geometry":{"type":"LineString","coordinates":[[2.3315459,48.8604984],[2.3315942,48.8604881],[2.3317962,48.8604448],[2.3326528,48.8602616],[2.3329418,48.8602007],[2.3329897,48.8601906],[2.3330178,48.8601846],[2.3331503,48.8601553],[2.3331957,48.8601451],[2.3333562,48.8601072]]}},{"type":"Feature","id":"risk-20","properties":{"segmentId":"10234747:0","accidentCount":17,"accidentsPerKm":57.627,"percentile":0.871,"countPercentile":0.977,"riskLevel":2,"riskScore":0.719,"highway":"motorway","lengthM":295,"yearsFrom":2019,"yearsTo":2024,"metric":"density","trafficSource":"tmja","tmja":131984,"tmjaDistM":404,"tmjaMeasureYear":2019,"accidentsPer100MVehKm":19.937,"tmjaPercentile":0.761},"geometry":{"type":"LineString","coordinates":[[2.426477,48.8673133],[2.4257115,48.8670387],[2.4254167,48.866938],[2.4250203,48.8668436],[2.422774,48.8662813]]}},{"type":"Feature","id":"risk-21","properties":{"segmentId":"31956711:0","accidentCount":18,"accidentsPerKm":147.541,"percentile":0.992,"countPercentile":0.982,"riskLevel":3,"riskScore":0.858,"highway":"primary","name":"Boulevard des Capucines","lengthM":122,"yearsFrom":2019,"yearsTo":2024,"metric":"density","trafficSource":"none"},"geometry":{"type":"LineString","coordinates":[[2.3341638,48.8709692],[2.3339982,48.8709399],[2.3331608,48.8707892],[2.3328265,48.8707276],[2.3327897,48.8707208],[2.3327868,48.8707203],[2.332739,48.8707116],[2.3325479,48.8706941]]}},{"type":"Feature","id":"risk-22","properties":{"segmentId":"1183033632:0","accidentCount":15,"accidentsPerKm":51.02,"percentile":0.844,"countPercentile":0.962,"riskLevel":2,"riskScore":0.688,"highway":"trunk","name":"Boulevard Périphérique Intérieur","lengthM":294,"yearsFrom":2019,"yearsTo":2024,"metric":"density","trafficSource":"none"},"geometry":{"type":"LineString","coordinates":[[2.3206644,48.8211308],[2.3177314,48.8217806],[2.3168688,48.8219899]]}},{"type":"Feature","id":"risk-23","properties":{"segmentId":"19923007:0","accidentCount":18,"accidentsPerKm":59.016,"percentile":0.879,"countPercentile":0.982,"riskLevel":2,"riskScore":0.728,"highway":"trunk","name":"Boulevard Périphérique Extérieur","lengthM":305,"yearsFrom":2019,"yearsTo":2024,"metric":"density","trafficSource":"none"},"geometry":{"type":"LineString","coordinates":[[2.3701238,48.9007941],[2.3672039,48.9008338],[2.3659519,48.9008812]]}},{"type":"Feature","id":"risk-24","properties":{"segmentId":"1222951827:0","accidentCount":3,"accidentsPerKm":41.096,"percentile":0.752,"countPercentile":0.001,"riskLevel":2,"riskScore":0.582,"highway":"tertiary","name":"Boulevard de l'Amiral Bruix","lengthM":73,"yearsFrom":2019,"yearsTo":2020,"metric":"density","trafficSource":"none"},"geometry":{"type":"LineString","coordinates":[[2.2790765,48.8749238],[2.2791191,48.8749447],[2.2791671,48.8749647],[2.2792399,48.8750001],[2.2793858,48.8750806],[2.279429,48.875106],[2.2795063,48.8751461],[2.2798546,48.8753328]]}},{"type":"Feature","id":"risk-25","properties":{"segmentId":"3599327:0","accidentCount":22,"accidentsPerKm":149.66,"percentile":0.992,"countPercentile":0.995,"riskLevel":3,"riskScore":0.858,"highway":"secondary","name":"Rue de Tolbiac","lengthM":147,"yearsFrom":2019,"yearsTo":2024,"metric":"density","trafficSource":"none"},"geometry":{"type":"LineString","coordinates":[[2.3572608,48.8261825],[2.3573891,48.826182],[2.3574726,48.8261808],[2.3575585,48.8261798],[2.3586162,48.8261615],[2.3592626,48.8261508]]}},{"type":"Feature","id":"risk-26","properties":{"segmentId":"596390549:0","accidentCount":9,"accidentsPerKm":54.545,"percentile":0.862,"countPercentile":0.86,"riskLevel":2,"riskScore":0.709,"highway":"primary","name":"Avenue du 8 Mai 1945","lengthM":165,"yearsFrom":2019,"yearsTo":2024,"metric":"density","trafficSource":"tmja","tmja":43992,"tmjaDistM":5,"tmjaMeasureYear":2019,"accidentsPer100MVehKm":56.616,"tmjaPercentile":0.957},"geometry":{"type":"LineString","coordinates":[[2.4465425,48.7289961],[2.4456962,48.7278804],[2.4455287,48.7276749]]}},{"type":"Feature","id":"risk-27","properties":{"segmentId":"206844938:1","accidentCount":4,"accidentsPerKm":66.667,"percentile":0.909,"countPercentile":0.33,"riskLevel":3,"riskScore":0.763,"highway":"primary","name":"Boulevard de Strasbourg","lengthM":60,"yearsFrom":2019,"yearsTo":2024,"metric":"density","trafficSource":"none"},"geometry":{"type":"LineString","coordinates":[[2.3565103,48.8733069],[2.3565367,48.8733538],[2.3567949,48.8738164]]}},{"type":"Feature","id":"risk-28","properties":{"segmentId":"849342648:0","accidentCount":11,"accidentsPerKm":64.706,"percentile":0.904,"countPercentile":0.918,"riskLevel":3,"riskScore":0.757,"highway":"secondary","name":"Boulevard de Verdun","lengthM":170,"yearsFrom":2019,"yearsTo":2024,"metric":"density","trafficSource":"none"},"geometry":{"type":"LineString","coordinates":[[2.2576138,48.9036328],[2.25768,48.903563],[2.2579231,48.9033004],[2.2579407,48.9032824],[2.2581868,48.9030297],[2.2582136,48.9030033],[2.2582229,48.902994],[2.2585305,48.9026908],[2.2586127,48.9026032],[2.2588614,48.9023382]]}},{"type":"Feature","id":"risk-29","properties":{"segmentId":"979500721:0","accidentCount":7,"accidentsPerKm":71.429,"percentile":0.925,"countPercentile":0.747,"riskLevel":3,"riskScore":0.781,"highway":"secondary","name":"Boulevard de Verdun","lengthM":98,"yearsFrom":2019,"yearsTo":2024,"metric":"density","trafficSource":"none"},"geometry":{"type":"LineString","coordinates":[[2.2616893,48.8994955],[2.2617533,48.8994304],[2.2617715,48.8994143],[2.2618032,48.8993862],[2.2623175,48.8988532],[2.2624164,48.8987517]]}},{"type":"Feature","id":"risk-30","properties":{"segmentId":"147381413:1","accidentCount":5,"accidentsPerKm":38.168,"percentile":0.724,"countPercentile":0.527,"riskLevel":1,"riskScore":0.55,"highway":"motorway","name":"Autoroute du Soleil","lengthM":131,"yearsFrom":2019,"yearsTo":2024,"metric":"density","trafficSource":"none"},"geometry":{"type":"LineString","coordinates":[[2.3508228,48.6692953],[2.3504519,48.6694379],[2.3500697,48.6695893],[2.3496835,48.669747],[2.349299,48.669912]]}},{"type":"Feature","id":"risk-31","properties":{"segmentId":"340497791:0","accidentCount":7,"accidentsPerKm":47.619,"percentile":0.818,"countPercentile":0.747,"riskLevel":2,"riskScore":0.658,"highway":"motorway","lengthM":147,"yearsFrom":2019,"yearsTo":2024,"metric":"density","trafficSource":"none"},"geometry":{"type":"LineString","coordinates":[[2.3452283,48.769748],[2.3453457,48.7700662],[2.3454443,48.7703817],[2.3455314,48.7707273],[2.345573,48.7709341],[2.3455945,48.7710499]]}},{"type":"Feature","id":"risk-32","properties":{"segmentId":"376594687:0","accidentCount":4,"accidentsPerKm":45.455,"percentile":0.798,"countPercentile":0.332,"riskLevel":2,"riskScore":0.635,"highway":"motorway_link","lengthM":88,"yearsFrom":2019,"yearsTo":2021,"metric":"density","trafficSource":"tmja","tmja":66586,"tmjaDistM":449,"tmjaMeasureYear":2019,"accidentsPer100MVehKm":62.342,"tmjaPercentile":0.965},"geometry":{"type":"LineString","coordinates":[[2.3383747,48.7595328],[2.3383882,48.7595657],[2.3384236,48.7596324],[2.3384719,48.7597003],[2.3385989,48.7598563],[2.3389233,48.7602339]]}},{"type":"Feature","id":"risk-33","properties":{"segmentId":"31240908:2","accidentCount":4,"accidentsPerKm":42.105,"percentile":0.764,"countPercentile":0.332,"riskLevel":2,"riskScore":0.596,"highway":"tertiary","name":"Boulevard Félix Faure","lengthM":95,"yearsFrom":2019,"yearsTo":2024,"metric":"density","trafficSource":"none"},"geometry":{"type":"LineString","coordinates":[[2.3773351,48.9092878],[2.3776472,48.9089887],[2.3777247,48.9089067],[2.3777898,48.9088369],[2.3778257,48.9087983],[2.3779023,48.9087231],[2.3780341,48.908567]]}},{"type":"Feature","id":"risk-34","properties":{"segmentId":"129654696:1","accidentCount":9,"accidentsPerKm":51.429,"percentile":0.848,"countPercentile":0.861,"riskLevel":2,"riskScore":0.693,"highway":"secondary","name":"Quai Lucien Lefranc","lengthM":175,"yearsFrom":2019,"yearsTo":2022,"metric":"density","trafficSource":"none"},"geometry":{"type":"LineString","coordinates":[[2.3743233,48.9103012],[2.3734729,48.9116679],[2.3734561,48.9116922],[2.3734137,48.9117533]]}},{"type":"Feature","id":"risk-35","properties":{"segmentId":"802144814:0","accidentCount":15,"accidentsPerKm":50,"percentile":0.836,"countPercentile":0.962,"riskLevel":2,"riskScore":0.679,"highway":"primary","name":"Avenue Jean Jaurès","lengthM":300,"yearsFrom":2019,"yearsTo":2024,"metric":"density","trafficSource":"none"},"geometry":{"type":"LineString","coordinates":[[2.4004071,48.9113379],[2.4004985,48.9114228],[2.4005541,48.9114743],[2.401485,48.9123377],[2.4015456,48.912394],[2.4017005,48.9125376],[2.4018685,48.9126919],[2.402785,48.9135336]]}},{"type":"Feature","id":"risk-36","properties":{"segmentId":"100012686:0","accidentCount":4,"accidentsPerKm":59.701,"percentile":0.882,"countPercentile":0.332,"riskLevel":2,"riskScore":0.732,"highway":"secondary","name":"Avenue de la Paix","lengthM":67,"yearsFrom":2019,"yearsTo":2024,"metric":"density","trafficSource":"none"},"geometry":{"type":"LineString","coordinates":[[2.2782308,48.8142416],[2.2782129,48.814349],[2.2781453,48.8147004],[2.2781421,48.8147273],[2.2781234,48.8148357]]}},{"type":"Feature","id":"risk-37","properties":{"segmentId":"98895107:0","accidentCount":13,"accidentsPerKm":158.537,"percentile":0.995,"countPercentile":0.944,"riskLevel":3,"riskScore":0.862,"highway":"primary","name":"Avenue Pierre Brossolette","lengthM":82,"yearsFrom":2019,"yearsTo":2024,"metric":"density","trafficSource":"none"},"geometry":{"type":"LineString","coordinates":[[2.3078859,48.8176965],[2.3077427,48.817601],[2.3077085,48.8175725],[2.3075765,48.8174687],[2.3071415,48.8171492]]}},{"type":"Feature","id":"risk-38","properties":{"segmentId":"934413621:0","accidentCount":6,"accidentsPerKm":46.512,"percentile":0.81,"countPercentile":0.661,"riskLevel":2,"riskScore":0.649,"highway":"secondary","name":"Rue de Ville-d'Avray","lengthM":129,"yearsFrom":2019,"yearsTo":2023,"metric":"density","trafficSource":"none"},"geometry":{"type":"LineString","coordinates":[[2.202905,48.8258337],[2.2027269,48.8258327],[2.202581,48.8258327],[2.2025499,48.8258341],[2.2024939,48.8258366],[2.2022648,48.8258468],[2.2018171,48.8258666],[2.2015021,48.8258792],[2.2012391,48.825888],[2.2011427,48.8258921]]}},{"type":"Feature","id":"risk-39","properties":{"segmentId":"193476883:0","accidentCount":21,"accidentsPerKm":67.742,"percentile":0.913,"countPercentile":0.994,"riskLevel":3,"riskScore":0.767,"highway":"primary","name":"Avenue Charles de Gaulle","lengthM":310,"yearsFrom":2019,"yearsTo":2024,"metric":"density","trafficSource":"none"},"geometry":{"type":"LineString","coordinates":[[2.2648016,48.8833097],[2.2650804,48.883227],[2.2651182,48.883215],[2.2651847,48.883196],[2.2658769,48.8829755],[2.2666825,48.8827211],[2.2675334,48.8824512],[2.2676416,48.8824172],[2.2676719,48.8824077],[2.2677479,48.8823839],[2.2686249,48.8821081]]}},{"type":"Feature","id":"risk-40","properties":{"segmentId":"60268250:0","accidentCount":5,"accidentsPerKm":44.248,"percentile":0.791,"countPercentile":0.528,"riskLevel":2,"riskScore":0.627,"highway":"secondary","name":"Rue Victor Hugo","lengthM":113,"yearsFrom":2019,"yearsTo":2022,"metric":"density","trafficSource":"none"},"geometry":{"type":"LineString","coordinates":[[2.296468,48.8959197],[2.2964126,48.8959759],[2.2963727,48.8960205],[2.2957249,48.8967436],[2.2956774,48.8967963]]}},{"type":"Feature","id":"risk-41","properties":{"segmentId":"314411070:0","accidentCount":11,"accidentsPerKm":152.778,"percentile":0.993,"countPercentile":0.918,"riskLevel":3,"riskScore":0.859,"highway":"secondary","name":"Boulevard de Verdun","lengthM":72,"yearsFrom":2019,"yearsTo":2024,"metric":"density","trafficSource":"none"},"geometry":{"type":"LineString","coordinates":[[2.2607734,48.9004153],[2.2608963,48.9002835],[2.2609126,48.9002677],[2.260929,48.9002515],[2.2610075,48.9001671],[2.2613114,48.8998681]]}},{"type":"Feature","id":"risk-42","properties":{"segmentId":"932812866:0","accidentCount":13,"accidentsPerKm":52.632,"percentile":0.854,"countPercentile":0.944,"riskLevel":2,"riskScore":0.7,"highway":"primary","name":"Quai du Président Paul Doumer","lengthM":247,"yearsFrom":2019,"yearsTo":2024,"metric":"density","trafficSource":"none"},"geometry":{"type":"LineString","coordinates":[[2.2584577,48.8918177],[2.2583382,48.8917154],[2.2582701,48.8916652],[2.2581866,48.8916243],[2.2581159,48.8915733],[2.2575148,48.8911012],[2.2574566,48.8910555],[2.2573897,48.891004],[2.2569672,48.8906651],[2.2563844,48.890203],[2.2562776,48.8901228]]}},{"type":"Feature","id":"risk-43","properties":{"segmentId":"113062694:0","accidentCount":6,"accidentsPerKm":61.224,"percentile":0.887,"countPercentile":0.662,"riskLevel":2,"riskScore":0.738,"highway":"secondary","name":"Rue de Verdun","lengthM":98,"yearsFrom":2019,"yearsTo":2023,"metric":"density","trafficSource":"tmja","tmja":92091,"tmjaDistM":220,"tmjaMeasureYear":2019,"accidentsPer100MVehKm":36.429,"tmjaPercentile":0.9},"geometry":{"type":"LineString","coordinates":[[2.2526003,48.924022],[2.2525289,48.9239661],[2.2525162,48.9239282],[2.2523603,48.9233993],[2.252352,48.9233713],[2.2523451,48.9233536],[2.2523416,48.9233448],[2.2524039,48.9231768]]}},{"type":"Feature","id":"risk-44","properties":{"segmentId":"331462823:0","accidentCount":8,"accidentsPerKm":39.801,"percentile":0.742,"countPercentile":0.813,"riskLevel":1,"riskScore":0.571,"highway":"secondary","name":"Avenue de Stalingrad","lengthM":201,"yearsFrom":2019,"yearsTo":2024,"metric":"density","trafficSource":"none"},"geometry":{"type":"LineString","coordinates":[[2.2677149,48.9300307],[2.2676489,48.9301434],[2.2672055,48.9309007],[2.2668689,48.9314714],[2.2667949,48.9316001],[2.2667758,48.9316333],[2.2667105,48.9317168]]}},{"type":"Feature","id":"risk-45","properties":{"segmentId":"16108201:0","accidentCount":14,"accidentsPerKm":48.951,"percentile":0.828,"countPercentile":0.954,"riskLevel":2,"riskScore":0.67,"highway":"trunk","name":"Boulevard Périphérique Extérieur","lengthM":286,"yearsFrom":2019,"yearsTo":2024,"metric":"density","trafficSource":"none"},"geometry":{"type":"LineString","coordinates":[[2.3047449,48.8246385],[2.30766,48.8239985],[2.3084552,48.8238219]]}},{"type":"Feature","id":"risk-46","properties":{"segmentId":"19924436:0","accidentCount":22,"accidentsPerKm":73.333,"percentile":0.93,"countPercentile":0.995,"riskLevel":3,"riskScore":0.787,"highway":"trunk","name":"Boulevard Périphérique Intérieur","lengthM":300,"yearsFrom":2019,"yearsTo":2024,"metric":"density","trafficSource":"none"},"geometry":{"type":"LineString","coordinates":[[2.2939317,48.8886836],[2.2956462,48.8890332],[2.2960231,48.8891512],[2.2967216,48.8893691],[2.2976475,48.8897763]]}},{"type":"Feature","id":"risk-47","properties":{"segmentId":"27070926:0","accidentCount":5,"accidentsPerKm":49.02,"percentile":0.829,"countPercentile":0.528,"riskLevel":2,"riskScore":0.671,"highway":"motorway_link","lengthM":102,"yearsFrom":2019,"yearsTo":2024,"metric":"density","trafficSource":"tmja","tmja":131984,"tmjaDistM":198,"tmjaMeasureYear":2019,"accidentsPer100MVehKm":16.959,"tmjaPercentile":0.705},"geometry":{"type":"LineString","coordinates":[[2.4125765,48.8659433],[2.4124881,48.8658396],[2.4124255,48.865722],[2.4123887,48.8656376],[2.4123653,48.8655359],[2.4123607,48.8654092],[2.4123808,48.8652757],[2.4124281,48.8651699],[2.4124911,48.8650701]]}},{"type":"Feature","id":"risk-48","properties":{"segmentId":"25470077:0","accidentCount":9,"accidentsPerKm":42.254,"percentile":0.766,"countPercentile":0.861,"riskLevel":2,"riskScore":0.598,"highway":"primary","name":"Boulevard de l'Hôpital","lengthM":213,"yearsFrom":2019,"yearsTo":2023,"metric":"density","trafficSource":"none"},"geometry":{"type":"LineString","coordinates":[[2.3619839,48.840258],[2.3621238,48.8404222],[2.3624278,48.8408323],[2.3624516,48.8408645],[2.3625206,48.840958],[2.362536,48.8409783],[2.3631469,48.8417921],[2.3631949,48.841856],[2.3632809,48.8419749]]}},{"type":"Feature","id":"risk-49","properties":{"segmentId":"14111021:0","accidentCount":6,"accidentsPerKm":65.217,"percentile":0.905,"countPercentile":0.662,"riskLevel":3,"riskScore":0.758,"highway":"secondary","name":"Avenue Gambetta","lengthM":92,"yearsFrom":2019,"yearsTo":2022,"metric":"density","trafficSource":"none"},"geometry":{"type":"LineString","coordinates":[[2.398567,48.8650051],[2.3986724,48.8651371],[2.3987278,48.8652011],[2.3988011,48.865281],[2.3989183,48.8653979],[2.3990695,48.8655649],[2.3992025,48.8657213]]}},{"type":"Feature","id":"risk-50","properties":{"segmentId":"333492767:0","accidentCount":13,"accidentsPerKm":44.983,"percentile":0.797,"countPercentile":0.944,"riskLevel":2,"riskScore":0.634,"highway":"primary","name":"Quai du Docteur Dervaux","lengthM":289,"yearsFrom":2019,"yearsTo":2023,"metric":"density","trafficSource":"none"},"geometry":{"type":"LineString","coordinates":[[2.2938872,48.9094106],[2.2935108,48.9091848],[2.2931244,48.908778],[2.2929953,48.9086393],[2.2928563,48.9084806],[2.2926982,48.9082806],[2.2925541,48.9081018],[2.292337,48.9078311],[2.2921056,48.9075513],[2.2920652,48.9075032],[2.2919414,48.9073748],[2.2917719,48.9072296]]}},{"type":"Feature","id":"risk-51","properties":{"segmentId":"816466391:0","accidentCount":7,"accidentsPerKm":50.725,"percentile":0.843,"countPercentile":0.747,"riskLevel":2,"riskScore":0.687,"highway":"primary","name":"Avenue de la Grande Armée","lengthM":138,"yearsFrom":2019,"yearsTo":2024,"metric":"density","trafficSource":"none"},"geometry":{"type":"LineString","coordinates":[[2.2912652,48.8749765],[2.2913135,48.8749614],[2.2913898,48.8749371],[2.2914361,48.8749223],[2.2917343,48.8748275],[2.2922423,48.8746653],[2.2923127,48.8746429],[2.29233,48.8746374],[2.2927912,48.8744909],[2.2928136,48.8744838],[2.2928501,48.8744722],[2.2929668,48.8744338]]}},{"type":"Feature","id":"risk-52","properties":{"segmentId":"84796900:0","accidentCount":6,"accidentsPerKm":73.171,"percentile":0.929,"countPercentile":0.662,"riskLevel":3,"riskScore":0.786,"highway":"primary","name":"Avenue du Maine","lengthM":82,"yearsFrom":2019,"yearsTo":2021,"metric":"density","trafficSource":"none"},"geometry":{"type":"LineString","coordinates":[[2.3229328,48.8375281],[2.3230033,48.8373985],[2.3231891,48.8369608],[2.3232462,48.8368222]]}},{"type":"Feature","id":"risk-53","properties":{"segmentId":"733321547:0","accidentCount":16,"accidentsPerKm":62.745,"percentile":0.895,"countPercentile":0.969,"riskLevel":2,"riskScore":0.747,"highway":"primary","name":"Avenue d'Italie","lengthM":255,"yearsFrom":2019,"yearsTo":2024,"metric":"density","trafficSource":"none"},"geometry":{"type":"LineString","coordinates":[[2.3558954,48.8306686],[2.3559303,48.8305612],[2.3559522,48.8304893],[2.3560309,48.8302311],[2.3562785,48.8293827],[2.3562964,48.8293276],[2.3564512,48.8288521],[2.3565824,48.8284216]]}},{"type":"Feature","id":"risk-54","properties":{"segmentId":"430567574:0","accidentCount":6,"accidentsPerKm":93.75,"percentile":0.961,"countPercentile":0.662,"riskLevel":3,"riskScore":0.823,"highway":"primary","name":"Quai d'Austerlitz","lengthM":64,"yearsFrom":2019,"yearsTo":2024,"metric":"density","trafficSource":"none"},"geometry":{"type":"LineString","coordinates":[[2.3655237,48.8436829],[2.3656056,48.8436264],[2.3659764,48.8433664],[2.3661274,48.8432652]]}},{"type":"Feature","id":"risk-55","properties":{"segmentId":"14849706:0","accidentCount":18,"accidentsPerKm":58.824,"percentile":0.876,"countPercentile":0.983,"riskLevel":2,"riskScore":0.725,"highway":"primary","name":"Quai Branly","lengthM":306,"yearsFrom":2019,"yearsTo":2024,"metric":"density","trafficSource":"none"},"geometry":{"type":"LineString","coordinates":[[2.3016066,48.8624264],[2.301397,48.8623847],[2.3012002,48.8623733],[2.3010097,48.8623631],[2.3008121,48.8623534],[2.3004187,48.862324],[2.299945,48.8622762],[2.2996844,48.8622412],[2.2991065,48.8621316],[2.2989455,48.8620923],[2.2981531,48.8618981],[2.2976032,48.8617208]]}},{"type":"Feature","id":"risk-56","properties":{"segmentId":"362033163:0","accidentCount":13,"accidentsPerKm":91.549,"percentile":0.959,"countPercentile":0.945,"riskLevel":3,"riskScore":0.82,"highway":"secondary","name":"Rue Montmartre","lengthM":142,"yearsFrom":2019,"yearsTo":2024,"metric":"density","trafficSource":"none"},"geometry":{"type":"LineString","coordinates":[[2.3426988,48.870231],[2.3426901,48.870294],[2.3427298,48.870472],[2.3427913,48.8706578],[2.3428396,48.8707917],[2.3428609,48.8708585],[2.3430091,48.8713151],[2.3430263,48.8713618],[2.3430497,48.8714286],[2.3430679,48.8714816]]}},{"type":"Feature","id":"risk-57","properties":{"segmentId":"27469553:0","accidentCount":7,"accidentsPerKm":46.98,"percentile":0.814,"countPercentile":0.748,"riskLevel":2,"riskScore":0.654,"highway":"primary","name":"Rue Jean Jaurès","lengthM":149,"yearsFrom":2019,"yearsTo":2024,"metric":"density","trafficSource":"none"},"geometry":{"type":"LineString","coordinates":[[2.505437,48.8153195],[2.5057941,48.815218],[2.5058866,48.8151924],[2.5060131,48.8151558],[2.5063846,48.8150508],[2.5065572,48.815002],[2.5066758,48.8149682],[2.5073009,48.8147901]]}},{"type":"Feature","id":"risk-58","properties":{"segmentId":"166094930:0","accidentCount":5,"accidentsPerKm":68.493,"percentile":0.915,"countPercentile":0.529,"riskLevel":3,"riskScore":0.77,"highway":"motorway","lengthM":73,"yearsFrom":2019,"yearsTo":2024,"metric":"density","trafficSource":"tmja","tmja":138900,"tmjaDistM":31,"tmjaMeasureYear":2019,"accidentsPer100MVehKm":22.516,"tmjaPercentile":0.796},"geometry":{"type":"LineString","coordinates":[[2.2973492,48.9378087],[2.2983105,48.9379979]]}},{"type":"Feature","id":"risk-59","properties":{"segmentId":"10228074:1","accidentCount":10,"accidentsPerKm":38.76,"percentile":0.729,"countPercentile":0.894,"riskLevel":1,"riskScore":0.556,"highway":"trunk","name":"Boulevard Périphérique Intérieur","lengthM":258,"yearsFrom":2019,"yearsTo":2024,"metric":"density","trafficSource":"none"},"geometry":{"type":"LineString","coordinates":[[2.4141209,48.8590075],[2.4141048,48.8582549],[2.4139265,48.8566902]]}},{"type":"Feature","id":"risk-60","properties":{"segmentId":"17075302:0","accidentCount":11,"accidentsPerKm":74.324,"percentile":0.933,"countPercentile":0.919,"riskLevel":3,"riskScore":0.79,"highway":"trunk","name":"Boulevard Périphérique Intérieur","lengthM":148,"yearsFrom":2019,"yearsTo":2024,"metric":"density","trafficSource":"none"},"geometry":{"type":"LineString","coordinates":[[2.4035526,48.8312931],[2.4027072,48.8307457],[2.4021113,48.8303554]]}},{"type":"Feature","id":"risk-61","properties":{"segmentId":"1318009943:0","accidentCount":14,"accidentsPerKm":93.333,"percentile":0.96,"countPercentile":0.955,"riskLevel":3,"riskScore":0.821,"highway":"primary","name":"Boulevard de Courcelles","lengthM":150,"yearsFrom":2019,"yearsTo":2023,"metric":"density","trafficSource":"none"},"geometry":{"type":"LineString","coordinates":[[2.3030302,48.8791284],[2.3031146,48.8791465],[2.3033557,48.8791982],[2.3034179,48.8792122],[2.3035656,48.8792438],[2.3048389,48.8795187],[2.304871,48.8795256],[2.3049802,48.8795492]]}},{"type":"Feature","id":"risk-62","properties":{"segmentId":"27067692:0","accidentCount":9,"accidentsPerKm":130.435,"percentile":0.985,"countPercentile":0.861,"riskLevel":3,"riskScore":0.85,"highway":"primary","name":"Boulevard Suchet","lengthM":69,"yearsFrom":2019,"yearsTo":2024,"metric":"density","trafficSource":"none"},"geometry":{"type":"LineString","coordinates":[[2.268433,48.8631767],[2.2680584,48.8627287],[2.2680075,48.8626236]]}},{"type":"Feature","id":"risk-63","properties":{"segmentId":"4039403:0","accidentCount":13,"accidentsPerKm":78.313,"percentile":0.942,"countPercentile":0.945,"riskLevel":3,"riskScore":0.801,"highway":"primary","name":"Boulevard Poissonnière","lengthM":166,"yearsFrom":2019,"yearsTo":2024,"metric":"density","trafficSource":"none"},"geometry":{"type":"LineString","coordinates":[[2.3479102,48.8706756],[2.3477049,48.870713],[2.3474692,48.8707526],[2.3468154,48.8708604],[2.346733,48.8708741],[2.346097,48.8709795],[2.3459797,48.8709989],[2.345716,48.8710427]]}},{"type":"Feature","id":"risk-64","properties":{"segmentId":"1207439706:0","accidentCount":3,"accidentsPerKm":38.462,"percentile":0.725,"countPercentile":0.008,"riskLevel":1,"riskScore":0.551,"highway":"primary","name":"Place de la Concorde","lengthM":78,"yearsFrom":2019,"yearsTo":2024,"metric":"density","trafficSource":"none"},"geometry":{"type":"LineString","coordinates":[[2.3209619,48.8657855],[2.3210108,48.8658508],[2.3211892,48.8660899],[2.3212741,48.8661819],[2.3213348,48.8662384],[2.3215241,48.8663741]]}},{"type":"Feature","id":"risk-65","properties":{"segmentId":"1094223895:0","accidentCount":4,"accidentsPerKm":47.619,"percentile":0.818,"countPercentile":0.336,"riskLevel":2,"riskScore":0.658,"highway":"secondary","name":"Place Joffre","lengthM":84,"yearsFrom":2019,"yearsTo":2022,"metric":"density","trafficSource":"none"},"geometry":{"type":"LineString","coordinates":[[2.3054471,48.8542721],[2.3054015,48.854241],[2.3053176,48.8541839],[2.3052345,48.8541276],[2.3051976,48.8541022],[2.3049901,48.8539609],[2.3048155,48.853842],[2.3046728,48.8537448],[2.3046468,48.8537272]]}},{"type":"Feature","id":"risk-66","properties":{"segmentId":"137018972:0","accidentCount":7,"accidentsPerKm":51.095,"percentile":0.846,"countPercentile":0.748,"riskLevel":2,"riskScore":0.69,"highway":"primary","name":"Avenue du Général de Gaulle","lengthM":137,"yearsFrom":2019,"yearsTo":2021,"metric":"density","trafficSource":"none"},"geometry":{"type":"LineString","coordinates":[[2.4202148,48.8153021],[2.4203912,48.8151088],[2.4204709,48.8150153],[2.4205656,48.8149044],[2.4207783,48.8145956],[2.4210537,48.8141978]]}},{"type":"Feature","id":"risk-67","properties":{"segmentId":"755634523:0","accidentCount":15,"accidentsPerKm":69.124,"percentile":0.918,"countPercentile":0.962,"riskLevel":3,"riskScore":0.773,"highway":"trunk","name":"Boulevard Périphérique Extérieur","lengthM":217,"yearsFrom":2019,"yearsTo":2024,"metric":"density","trafficSource":"none"},"geometry":{"type":"LineString","coordinates":[[2.3474612,48.9011116],[2.3451832,48.9010682],[2.3444909,48.9010511]]}},{"type":"Feature","id":"risk-68","properties":{"segmentId":"362926584:0","accidentCount":3,"accidentsPerKm":38.961,"percentile":0.732,"countPercentile":0.008,"riskLevel":1,"riskScore":0.559,"highway":"trunk_link","lengthM":77,"yearsFrom":2019,"yearsTo":2021,"metric":"density","trafficSource":"none"},"geometry":{"type":"LineString","coordinates":[[2.4084865,48.8774363],[2.4087178,48.8771237],[2.4089831,48.8768253]]}},{"type":"Feature","id":"risk-69","properties":{"segmentId":"27619127:0","accidentCount":9,"accidentsPerKm":52.023,"percentile":0.852,"countPercentile":0.862,"riskLevel":2,"riskScore":0.697,"highway":"primary","name":"Boulevard Malesherbes","lengthM":173,"yearsFrom":2019,"yearsTo":2024,"metric":"density","trafficSource":"none"},"geometry":{"type":"LineString","coordinates":[[2.3087032,48.8840092],[2.3086204,48.8840752],[2.3080592,48.8845266],[2.3079711,48.8845987],[2.3078193,48.8847222],[2.3077365,48.8847955],[2.3073578,48.8851094],[2.3072141,48.8852235]]}},{"type":"Feature","id":"risk-70","properties":{"segmentId":"1186701107:0","accidentCount":12,"accidentsPerKm":76.923,"percentile":0.937,"countPercentile":0.931,"riskLevel":3,"riskScore":0.795,"highway":"secondary","name":"Rue La Fayette","lengthM":156,"yearsFrom":2019,"yearsTo":2022,"metric":"density","trafficSource":"none"},"geometry":{"type":"LineString","coordinates":[[2.3550929,48.8787651],[2.3555722,48.8788943],[2.3557547,48.8789429],[2.3558929,48.8789801],[2.3563612,48.8791059],[2.3568006,48.8792232],[2.3568633,48.8792399],[2.3570708,48.8792848]]}},{"type":"Feature","id":"risk-71","properties":{"segmentId":"362310465:0","accidentCount":27,"accidentsPerKm":127.358,"percentile":0.984,"countPercentile":0.999,"riskLevel":3,"riskScore":0.849,"highway":"primary","name":"Rue Royale","lengthM":212,"yearsFrom":2019,"yearsTo":2023,"metric":"density","trafficSource":"none"},"geometry":{"type":"LineString","coordinates":[[2.3219847,48.8666686],[2.3220891,48.8667885],[2.3221551,48.8668785],[2.3221787,48.8669107],[2.3223464,48.8671395],[2.32249,48.8673331],[2.3231891,48.8682781],[2.3232682,48.8683825]]}},{"type":"Feature","id":"risk-72","properties":{"segmentId":"541572374:0","accidentCount":8,"accidentsPerKm":41.451,"percentile":0.756,"countPercentile":0.814,"riskLevel":2,"riskScore":0.587,"highway":"primary","name":"Avenue du 8 Mai 1945","lengthM":193,"yearsFrom":2019,"yearsTo":2024,"metric":"density","trafficSource":"tmja","tmja":43992,"tmjaDistM":5,"tmjaMeasureYear":2019,"accidentsPer100MVehKm":43.024,"tmjaPercentile":0.925},"geometry":{"type":"LineString","coordinates":[[2.4456413,48.7276464],[2.4457773,48.7278297],[2.4459922,48.7281173],[2.446192,48.7283903],[2.4464388,48.728718],[2.4465676,48.7288879],[2.4466306,48.7289834],[2.446671,48.7290501],[2.4467414,48.7292169]]}},{"type":"Feature","id":"risk-73","properties":{"segmentId":"1391037704:0","accidentCount":4,"accidentsPerKm":44.444,"percentile":0.792,"countPercentile":0.337,"riskLevel":2,"riskScore":0.628,"highway":"primary","name":"Avenue du Général de Gaulle","lengthM":90,"yearsFrom":2019,"yearsTo":2023,"metric":"density","trafficSource":"none"},"geometry":{"type":"LineString","coordinates":[[2.4869193,48.8208379],[2.4868037,48.8208014],[2.4858929,48.8205444],[2.4857888,48.8205144]]}},{"type":"Feature","id":"risk-74","properties":{"segmentId":"25699859:0","accidentCount":8,"accidentsPerKm":47.059,"percentile":0.814,"countPercentile":0.815,"riskLevel":2,"riskScore":0.654,"highway":"trunk","name":"Boulevard Périphérique Extérieur","lengthM":170,"yearsFrom":2019,"yearsTo":2023,"metric":"density","trafficSource":"none"},"geometry":{"type":"LineString","coordinates":[[2.3149153,48.8223789],[2.3153005,48.8222922],[2.3156016,48.8222215],[2.3157765,48.8221777],[2.3159452,48.8221307],[2.3162717,48.8220382],[2.3166645,48.8219238],[2.316866,48.8218685],[2.3170789,48.8218171]]}},{"type":"Feature","id":"risk-75","properties":{"segmentId":"3867659:0","accidentCount":21,"accidentsPerKm":114.13,"percentile":0.976,"countPercentile":0.994,"riskLevel":3,"riskScore":0.84,"highway":"primary","name":"Boulevard Marguerite de Rochechouart","lengthM":184,"yearsFrom":2019,"yearsTo":2024,"metric":"density","trafficSource":"none"},"geometry":{"type":"LineString","coordinates":[[2.3494771,48.8838548],[2.3493601,48.8838414],[2.3490176,48.8838022],[2.3482456,48.8837149],[2.3471514,48.8835753],[2.3469998,48.8835576]]}},{"type":"Feature","id":"risk-76","properties":{"segmentId":"178824613:0","accidentCount":8,"accidentsPerKm":58.824,"percentile":0.877,"countPercentile":0.815,"riskLevel":2,"riskScore":0.726,"highway":"primary","name":"Boulevard de Magenta","lengthM":136,"yearsFrom":2019,"yearsTo":2024,"metric":"density","trafficSource":"none"},"geometry":{"type":"LineString","coordinates":[[2.3583248,48.8737558],[2.3581518,48.8739465],[2.3581364,48.873964],[2.3580965,48.8740092],[2.3580616,48.8740488],[2.3575879,48.8745866],[2.3575609,48.8746162],[2.3575561,48.8746215],[2.3575106,48.8746714],[2.3574948,48.8746887],[2.3574346,48.8747559],[2.3573832,48.8748138]]}},{"type":"Feature","id":"risk-77","properties":{"segmentId":"125696355:0","accidentCount":6,"accidentsPerKm":43.796,"percentile":0.783,"countPercentile":0.665,"riskLevel":2,"riskScore":0.618,"highway":"trunk","lengthM":137,"yearsFrom":2019,"yearsTo":2024,"metric":"density","trafficSource":"none"},"geometry":{"type":"LineString","coordinates":[[2.2231608,48.7821062],[2.2231662,48.7821408],[2.2232019,48.7824387],[2.2232355,48.7827974],[2.2232531,48.7833383]]}},{"type":"Feature","id":"risk-78","properties":{"segmentId":"14307544:1","accidentCount":8,"accidentsPerKm":77.67,"percentile":0.939,"countPercentile":0.815,"riskLevel":3,"riskScore":0.797,"highway":"motorway","lengthM":103,"yearsFrom":2019,"yearsTo":2024,"metric":"density","trafficSource":"none"},"geometry":{"type":"LineString","coordinates":[[2.2191453,48.9139526],[2.2194226,48.9142611],[2.2196173,48.9144637],[2.2198834,48.9147405]]}},{"type":"Feature","id":"risk-79","properties":{"segmentId":"1333749746:0","accidentCount":5,"accidentsPerKm":61.728,"percentile":0.89,"countPercentile":0.531,"riskLevel":2,"riskScore":0.741,"highway":"motorway","lengthM":81,"yearsFrom":2019,"yearsTo":2024,"metric":"density","trafficSource":"none"},"geometry":{"type":"LineString","coordinates":[[2.3333582,48.9273309],[2.3334119,48.927316],[2.3338561,48.9272],[2.3338983,48.9271889],[2.3341681,48.9271245],[2.3343718,48.9270483]]}},{"type":"Feature","id":"risk-80","properties":{"segmentId":"109067640:0","accidentCount":4,"accidentsPerKm":45.455,"percentile":0.799,"countPercentile":0.338,"riskLevel":2,"riskScore":0.636,"highway":"motorway","lengthM":88,"yearsFrom":2019,"yearsTo":2024,"metric":"density","trafficSource":"tmja","tmja":131984,"tmjaDistM":267,"tmjaMeasureYear":2019,"accidentsPer100MVehKm":15.726,"tmjaPercentile":0.682},"geometry":{"type":"LineString","coordinates":[[2.4718792,48.8833195],[2.4717623,48.8834604],[2.4716633,48.8836045],[2.4715983,48.8837374],[2.4715593,48.8838804],[2.4715419,48.8840223],[2.4715365,48.8840659]]}},{"type":"Feature","id":"risk-81","properties":{"segmentId":"166094941:0","accidentCount":11,"accidentsPerKm":65.868,"percentile":0.908,"countPercentile":0.919,"riskLevel":3,"riskScore":0.762,"highway":"motorway","lengthM":167,"yearsFrom":2019,"yearsTo":2024,"metric":"density","trafficSource":"tmja","tmja":46680,"tmjaDistM":164,"tmjaMeasureYear":2019,"accidentsPer100MVehKm":64.432,"tmjaPercentile":0.969},"geometry":{"type":"LineString","coordinates":[[2.2983105,48.9379979],[2.3001481,48.9383676],[2.3003451,48.9384074],[2.3005088,48.9384068]]}},{"type":"Feature","id":"risk-82","properties":{"segmentId":"467727511:0","accidentCount":8,"accidentsPerKm":78.431,"percentile":0.942,"countPercentile":0.816,"riskLevel":3,"riskScore":0.801,"highway":"motorway","lengthM":102,"yearsFrom":2019,"yearsTo":2023,"metric":"density","trafficSource":"none"},"geometry":{"type":"LineString","coordinates":[[2.4755185,48.8803936],[2.4753086,48.8807141],[2.4751893,48.8808784],[2.4750382,48.8810603],[2.4748928,48.8812127]]}},{"type":"Feature","id":"risk-83","properties":{"segmentId":"1386546513:0","accidentCount":4,"accidentsPerKm":40.404,"percentile":0.746,"countPercentile":0.339,"riskLevel":1,"riskScore":0.575,"highway":"motorway","name":"Autoroute de l’Est","lengthM":99,"yearsFrom":2019,"yearsTo":2024,"metric":"density","trafficSource":"tmja","tmja":218577,"tmjaDistM":0,"tmjaMeasureYear":2019,"accidentsPer100MVehKm":8.441,"tmjaPercentile":0.427},"geometry":{"type":"LineString","coordinates":[[2.4580848,48.8189955],[2.4591571,48.819544]]}},{"type":"Feature","id":"risk-84","properties":{"segmentId":"38165763:0","accidentCount":5,"accidentsPerKm":53.191,"percentile":0.857,"countPercentile":0.533,"riskLevel":2,"riskScore":0.703,"highway":"secondary","name":"Avenue de la République","lengthM":94,"yearsFrom":2019,"yearsTo":2023,"metric":"density","trafficSource":"none"},"geometry":{"type":"LineString","coordinates":[[2.3196067,48.8185092],[2.3196608,48.818593],[2.3198201,48.8188471],[2.3198652,48.8189191],[2.3199091,48.818991],[2.3200937,48.819293]]}},{"type":"Feature","id":"risk-85","properties":{"segmentId":"24979420:1","accidentCount":17,"accidentsPerKm":39.813,"percentile":0.742,"countPercentile":0.978,"riskLevel":1,"riskScore":0.571,"highway":"trunk","name":"Boulevard Périphérique Extérieur","lengthM":427,"yearsFrom":2019,"yearsTo":2024,"metric":"density","trafficSource":"none"},"geometry":{"type":"LineString","coordinates":[[2.3892675,48.9005525],[2.3889045,48.9005813],[2.3882868,48.9006118],[2.3878444,48.9006218],[2.38729,48.9006261],[2.3868573,48.9006173],[2.3864515,48.9005979],[2.3861514,48.9005802],[2.385716,48.9005595],[2.3834463,48.9004356]]}},{"type":"Feature","id":"risk-86","properties":{"segmentId":"4039379:0","accidentCount":15,"accidentsPerKm":75.377,"percentile":0.935,"countPercentile":0.963,"riskLevel":3,"riskScore":0.793,"highway":"primary","name":"Avenue Gambetta","lengthM":199,"yearsFrom":2019,"yearsTo":2022,"metric":"density","trafficSource":"none"},"geometry":{"type":"LineString","coordinates":[[2.3911144,48.8638213],[2.3896167,48.8634355],[2.3890314,48.8632847],[2.388583,48.8631763]]}},{"type":"Feature","id":"risk-87","properties":{"segmentId":"1120331087:0","accidentCount":12,"accidentsPerKm":150,"percentile":0.992,"countPercentile":0.931,"riskLevel":3,"riskScore":0.858,"highway":"primary","name":"Avenue de Saint-Ouen","lengthM":80,"yearsFrom":2019,"yearsTo":2024,"metric":"density","trafficSource":"none"},"geometry":{"type":"LineString","coordinates":[[2.3287329,48.896845],[2.3287611,48.8969642],[2.3288837,48.8973534],[2.328895,48.8973893],[2.3289174,48.8974603],[2.3289366,48.897549]]}},{"type":"Feature","id":"risk-88","properties":{"segmentId":"788141286:0","accidentCount":4,"accidentsPerKm":57.971,"percentile":0.872,"countPercentile":0.339,"riskLevel":2,"riskScore":0.72,"highway":"secondary","name":"Boulevard Anatole France","lengthM":69,"yearsFrom":2019,"yearsTo":2023,"metric":"density","trafficSource":"none"},"geometry":{"type":"LineString","coordinates":[[2.3516013,48.926351],[2.3512325,48.926047],[2.3510204,48.9258656]]}},{"type":"Feature","id":"risk-89","properties":{"segmentId":"14348400:1","accidentCount":16,"accidentsPerKm":53.333,"percentile":0.857,"countPercentile":0.969,"riskLevel":2,"riskScore":0.703,"highway":"trunk","name":"Boulevard Périphérique Extérieur","lengthM":300,"yearsFrom":2019,"yearsTo":2024,"metric":"density","trafficSource":"none"},"geometry":{"type":"LineString","coordinates":[[2.2689984,48.8672298],[2.2688525,48.8670175],[2.2687738,48.8668982],[2.2682265,48.8660538],[2.2678413,48.8655002],[2.2676446,48.8652578],[2.2674095,48.8649964],[2.2672151,48.8648004]]}},{"type":"Feature","id":"risk-90","properties":{"segmentId":"27701599:0","accidentCount":11,"accidentsPerKm":84.615,"percentile":0.951,"countPercentile":0.919,"riskLevel":3,"riskScore":0.811,"highway":"tertiary","name":"Rue Linois","lengthM":130,"yearsFrom":2019,"yearsTo":2024,"metric":"density","trafficSource":"none"},"geometry":{"type":"LineString","coordinates":[[2.2828808,48.8485141],[2.2829937,48.8484395],[2.2835561,48.8480636],[2.2839479,48.8478017],[2.2840075,48.8477619],[2.2841351,48.8476848]]}},{"type":"Feature","id":"risk-91","properties":{"segmentId":"41066421:1","accidentCount":5,"accidentsPerKm":80.645,"percentile":0.946,"countPercentile":0.533,"riskLevel":3,"riskScore":0.805,"highway":"secondary","name":"Avenue de la République","lengthM":62,"yearsFrom":2019,"yearsTo":2021,"metric":"density","trafficSource":"tmja","tmja":131984,"tmjaDistM":427,"tmjaMeasureYear":2019,"accidentsPer100MVehKm":55.801,"tmjaPercentile":0.955},"geometry":{"type":"LineString","coordinates":[[2.4171256,48.8617336],[2.4168128,48.861916],[2.4164966,48.862106]]}},{"type":"Feature","id":"risk-92","properties":{"segmentId":"10228065:0","accidentCount":16,"accidentsPerKm":66.116,"percentile":0.909,"countPercentile":0.97,"riskLevel":3,"riskScore":0.763,"highway":"trunk","name":"Boulevard Périphérique Extérieur","lengthM":242,"yearsFrom":2019,"yearsTo":2024,"metric":"density","trafficSource":"none"},"geometry":{"type":"LineString","coordinates":[[2.384268,48.8246483],[2.3844502,48.8247558],[2.3846329,48.8248517],[2.3850679,48.8250545],[2.3854725,48.8252298],[2.3858292,48.8253634],[2.3861975,48.8255005],[2.3865612,48.8256279],[2.3870654,48.8257917]]}},{"type":"Feature","id":"risk-93","properties":{"segmentId":"51336945:0","accidentCount":13,"accidentsPerKm":41.009,"percentile":0.752,"countPercentile":0.946,"riskLevel":2,"riskScore":0.582,"highway":"primary","name":"Avenue de Flandre","lengthM":317,"yearsFrom":2019,"yearsTo":2024,"metric":"density","trafficSource":"none"},"geometry":{"type":"LineString","coordinates":[[2.3739705,48.8882666],[2.3741138,48.8883755],[2.3742597,48.8884955],[2.3744121,48.8886166],[2.3752622,48.8892881],[2.3755961,48.889548],[2.3759602,48.8898349],[2.3767353,48.8904606]]}},{"type":"Feature","id":"risk-94","properties":{"segmentId":"164384927:0","accidentCount":14,"accidentsPerKm":49.296,"percentile":0.831,"countPercentile":0.955,"riskLevel":2,"riskScore":0.673,"highway":"secondary","name":"Rue des Pyrénées","lengthM":284,"yearsFrom":2019,"yearsTo":2023,"metric":"density","trafficSource":"none"},"geometry":{"type":"LineString","coordinates":[[2.3900409,48.8733643],[2.3900893,48.8733271],[2.3908701,48.8727378],[2.3917539,48.8720703],[2.3918768,48.8719777],[2.3919561,48.8719107],[2.3920517,48.8718339],[2.3922292,48.8717066],[2.3922824,48.8716662],[2.3925713,48.8714297]]}},{"type":"Feature","id":"risk-95","properties":{"segmentId":"173218657:0","accidentCount":12,"accidentsPerKm":42.105,"percentile":0.765,"countPercentile":0.932,"riskLevel":2,"riskScore":0.597,"highway":"secondary","name":"Rue du Général Roguet","lengthM":285,"yearsFrom":2019,"yearsTo":2024,"metric":"density","trafficSource":"none"},"geometry":{"type":"LineString","coordinates":[[2.3129188,48.9033852],[2.3129266,48.9035131],[2.3129354,48.9036475],[2.3129325,48.9039385],[2.3129317,48.9043258],[2.3129307,48.9047897],[2.3129391,48.9052078],[2.3129498,48.9057349],[2.3129489,48.9059466]]}},{"type":"Feature","id":"risk-96","properties":{"segmentId":"342606752:0","accidentCount":5,"accidentsPerKm":64.103,"percentile":0.9,"countPercentile":0.534,"riskLevel":3,"riskScore":0.753,"highway":"primary","name":"Boulevard Jean Jaurès","lengthM":78,"yearsFrom":2019,"yearsTo":2024,"metric":"density","trafficSource":"none"},"geometry":{"type":"LineString","coordinates":[[2.30571,48.9006451],[2.3058908,48.9004339],[2.3059248,48.9003925],[2.3060132,48.9002847],[2.3061574,48.9001089],[2.306224,48.9000272]]}},{"type":"Feature","id":"risk-97","properties":{"segmentId":"121881960:0","accidentCount":9,"accidentsPerKm":46.875,"percentile":0.811,"countPercentile":0.863,"riskLevel":2,"riskScore":0.65,"highway":"secondary","name":"Rue Victor Hugo","lengthM":192,"yearsFrom":2019,"yearsTo":2024,"metric":"density","trafficSource":"none"},"geometry":{"type":"LineString","coordinates":[[2.2956774,48.8967963],[2.2956008,48.8968774],[2.295584,48.8968968],[2.2950276,48.8975202],[2.2949778,48.8975716],[2.2944146,48.8982066],[2.2943374,48.89828]]}},{"type":"Feature","id":"risk-98","properties":{"segmentId":"10231756:0","accidentCount":15,"accidentsPerKm":42.017,"percentile":0.764,"countPercentile":0.963,"riskLevel":2,"riskScore":0.596,"highway":"trunk","name":"Boulevard Périphérique Intérieur","lengthM":357,"yearsFrom":2019,"yearsTo":2024,"metric":"density","trafficSource":"none"},"geometry":{"type":"LineString","coordinates":[[2.4077084,48.8791564],[2.4078955,48.8789475],[2.4083877,48.8781194],[2.4089972,48.8770899],[2.4095778,48.8761888]]}},{"type":"Feature","id":"risk-99","properties":{"segmentId":"342606753:0","accidentCount":3,"accidentsPerKm":40.541,"percentile":0.748,"countPercentile":0.014,"riskLevel":1,"riskScore":0.578,"highway":"primary","name":"Rue Martre","lengthM":74,"yearsFrom":2019,"yearsTo":2023,"metric":"density","trafficSource":"none"},"geometry":{"type":"LineString","coordinates":[[2.3063207,48.9029235],[2.3060048,48.9032623],[2.3058802,48.9033944],[2.3057868,48.9034862]]}},{"type":"Feature","id":"risk-100","properties":{"segmentId":"810324789:0","accidentCount":18,"accidentsPerKm":155.172,"percentile":0.994,"countPercentile":0.983,"riskLevel":3,"riskScore":0.861,"highway":"secondary","name":"Boulevard du Général Leclerc","lengthM":116,"yearsFrom":2019,"yearsTo":2024,"metric":"density","trafficSource":"none"},"geometry":{"type":"LineString","coordinates":[[2.3157923,48.9008938],[2.3157532,48.9009216],[2.3157289,48.9009375],[2.3157153,48.9009487],[2.3155578,48.9010781],[2.315249,48.9013237],[2.3151546,48.901391],[2.3148701,48.9016136],[2.3147759,48.9016918]]}},{"type":"Feature","id":"risk-101","properties":{"segmentId":"28351138:0","accidentCount":12,"accidentsPerKm":78.431,"percentile":0.942,"countPercentile":0.932,"riskLevel":3,"riskScore":0.801,"highway":"motorway","lengthM":153,"yearsFrom":2019,"yearsTo":2024,"metric":"density","trafficSource":"tmja","tmja":77300,"tmjaDistM":159,"tmjaMeasureYear":2019,"accidentsPer100MVehKm":46.33,"tmjaPercentile":0.933},"geometry":{"type":"LineString","coordinates":[[2.3224952,48.7595663],[2.3206348,48.7601808]]}},{"type":"Feature","id":"risk-102","properties":{"segmentId":"44844883:0","accidentCount":15,"accidentsPerKm":47.619,"percentile":0.818,"countPercentile":0.963,"riskLevel":2,"riskScore":0.658,"highway":"trunk","name":"Boulevard Périphérique Extérieur","lengthM":315,"yearsFrom":2019,"yearsTo":2024,"metric":"density","trafficSource":"none"},"geometry":{"type":"LineString","coordinates":[[2.3443447,48.8163716],[2.3457403,48.8162874],[2.3459433,48.8162881],[2.3461437,48.8162987],[2.3463807,48.8163188],[2.3466072,48.8163495],[2.3468942,48.816404],[2.3471694,48.8164693],[2.3474215,48.8165418],[2.3476909,48.8166384],[2.3484268,48.8169316]]}},{"type":"Feature","id":"risk-103","properties":{"segmentId":"14348382:0","accidentCount":10,"accidentsPerKm":42.373,"percentile":0.769,"countPercentile":0.894,"riskLevel":2,"riskScore":0.602,"highway":"trunk","name":"Boulevard Périphérique Intérieur","lengthM":236,"yearsFrom":2019,"yearsTo":2024,"metric":"density","trafficSource":"none"},"geometry":{"type":"LineString","coordinates":[[2.272933,48.870873],[2.2730441,48.8709832],[2.2731514,48.8710951],[2.2732548,48.8712085],[2.2733541,48.8713236],[2.2745452,48.8727144]]}},{"type":"Feature","id":"risk-104","properties":{"segmentId":"10231229:0","accidentCount":23,"accidentsPerKm":132.184,"percentile":0.987,"countPercentile":0.997,"riskLevel":3,"riskScore":0.853,"highway":"trunk","name":"Boulevard Périphérique Intérieur","lengthM":174,"yearsFrom":2019,"yearsTo":2024,"metric":"density","trafficSource":"tmja","tmja":131984,"tmjaDistM":461,"tmjaMeasureYear":2019,"accidentsPer100MVehKm":45.731,"tmjaPercentile":0.929},"geometry":{"type":"LineString","coordinates":[[2.4132378,48.8688417],[2.4132248,48.867276]]}},{"type":"Feature","id":"risk-105","properties":{"segmentId":"190593494:0","accidentCount":13,"accidentsPerKm":46.263,"percentile":0.808,"countPercentile":0.946,"riskLevel":2,"riskScore":0.647,"highway":"primary","name":"Avenue Jean Jaurès","lengthM":281,"yearsFrom":2019,"yearsTo":2024,"metric":"density","trafficSource":"none"},"geometry":{"type":"LineString","coordinates":[[2.3733657,48.8835967],[2.3735554,48.8836476],[2.3743083,48.8838492],[2.375242,48.8840994],[2.3757074,48.8842205],[2.3758926,48.8842703],[2.3760905,48.884324],[2.376924,48.884545]]}},{"type":"Feature","id":"risk-106","properties":{"segmentId":"4039288:0","accidentCount":5,"accidentsPerKm":51.546,"percentile":0.849,"countPercentile":0.534,"riskLevel":2,"riskScore":0.694,"highway":"primary","name":"Rue de la Chapelle","lengthM":97,"yearsFrom":2019,"yearsTo":2023,"metric":"density","trafficSource":"tmja","tmja":132186,"tmjaDistM":370,"tmjaMeasureYear":2019,"accidentsPer100MVehKm":21.367,"tmjaPercentile":0.779},"geometry":{"type":"LineString","coordinates":[[2.3590203,48.8985244],[2.3590448,48.8984367],[2.3590522,48.8984127],[2.3590601,48.8983826],[2.359077,48.8983325],[2.3590803,48.8982934],[2.3590861,48.8982529],[2.3591081,48.8979711],[2.3591161,48.8978546],[2.359175,48.8976558]]}},{"type":"Feature","id":"risk-107","properties":{"segmentId":"18230018:0","accidentCount":7,"accidentsPerKm":42.424,"percentile":0.77,"countPercentile":0.749,"riskLevel":2,"riskScore":0.603,"highway":"tertiary","name":"Rue du Faubourg Montmartre","lengthM":165,"yearsFrom":2019,"yearsTo":2023,"metric":"density","trafficSource":"none"},"geometry":{"type":"LineString","coordinates":[[2.3430679,48.8714816],[2.3430818,48.8715519],[2.343096,48.8716106],[2.3431767,48.8720074],[2.3431977,48.8721716],[2.3431884,48.8723001],[2.343139,48.8726066],[2.3431257,48.8726897],[2.343092,48.8729059],[2.3430825,48.8729531]]}},{"type":"Feature","id":"risk-108","properties":{"segmentId":"502174127:1","accidentCount":5,"accidentsPerKm":64.103,"percentile":0.9,"countPercentile":0.535,"riskLevel":3,"riskScore":0.753,"highway":"tertiary","name":"Avenue Hoche","lengthM":78,"yearsFrom":2019,"yearsTo":2023,"metric":"density","trafficSource":"none"},"geometry":{"type":"LineString","coordinates":[[2.3007963,48.8761762],[2.3009347,48.8762339],[2.3010051,48.8762632],[2.3011335,48.8763167],[2.3015372,48.876485],[2.3015721,48.8764995],[2.3017005,48.876553]]}},{"type":"Feature","id":"risk-109","properties":{"segmentId":"24400877:0","accidentCount":6,"accidentsPerKm":42.553,"percentile":0.771,"countPercentile":0.667,"riskLevel":2,"riskScore":0.604,"highway":"tertiary","name":"Rue Doudeauville","lengthM":141,"yearsFrom":2019,"yearsTo":2021,"metric":"density","trafficSource":"none"},"geometry":{"type":"LineString","coordinates":[[2.3580245,48.8888842],[2.3582187,48.8889011],[2.3582983,48.8889075],[2.3597508,48.8890407],[2.3598174,48.889047],[2.3599289,48.889057]]}},{"type":"Feature","id":"risk-110","properties":{"segmentId":"638582752:0","accidentCount":10,"accidentsPerKm":71.429,"percentile":0.925,"countPercentile":0.895,"riskLevel":3,"riskScore":0.781,"highway":"primary","name":"Boulevard Bessières","lengthM":140,"yearsFrom":2019,"yearsTo":2024,"metric":"density","trafficSource":"none"},"geometry":{"type":"LineString","coordinates":[[2.3151491,48.8950578],[2.3150404,48.895018],[2.3148362,48.8949455],[2.3146866,48.8949175],[2.3145331,48.8948655],[2.3136681,48.8945453],[2.3135528,48.894498],[2.3134699,48.8944566]]}},{"type":"Feature","id":"risk-111","properties":{"segmentId":"387178544:0","accidentCount":3,"accidentsPerKm":40.541,"percentile":0.749,"countPercentile":0.015,"riskLevel":1,"riskScore":0.579,"highway":"tertiary","name":"Rue Linois","lengthM":74,"yearsFrom":2019,"yearsTo":2024,"metric":"density","trafficSource":"none"},"geometry":{"type":"LineString","coordinates":[[2.2819074,48.8491547],[2.2820056,48.8490903],[2.282067,48.8490501],[2.2822348,48.848941],[2.2825888,48.8487081],[2.2826235,48.8486854]]}},{"type":"Feature","id":"risk-112","properties":{"segmentId":"642910715:0","accidentCount":25,"accidentsPerKm":119.048,"percentile":0.979,"countPercentile":0.998,"riskLevel":3,"riskScore":0.843,"highway":"primary","name":"Avenue des Champs-Élysées","lengthM":210,"yearsFrom":2019,"yearsTo":2024,"metric":"density","trafficSource":"none"},"geometry":{"type":"LineString","coordinates":[[2.3009215,48.8719084],[2.3011326,48.8718414],[2.3013356,48.8717769],[2.3013755,48.8717642],[2.3017901,48.8716325],[2.302058,48.8715474],[2.3021276,48.8715253],[2.3024249,48.8714309],[2.3025722,48.8713841],[2.3027443,48.8713294],[2.3028213,48.871305],[2.3035097,48.8710863]]}},{"type":"Feature","id":"risk-113","properties":{"segmentId":"24670518:0","accidentCount":4,"accidentsPerKm":47.059,"percentile":0.815,"countPercentile":0.341,"riskLevel":2,"riskScore":0.655,"highway":"primary","name":"Quai du Docteur Dervaux","lengthM":85,"yearsFrom":2019,"yearsTo":2024,"metric":"density","trafficSource":"none"},"geometry":{"type":"LineString","coordinates":[[2.2916772,48.9071625],[2.2915165,48.9070656],[2.291394,48.9069937],[2.2907869,48.9066657]]}},{"type":"Feature","id":"risk-114","properties":{"segmentId":"163070533:0","accidentCount":28,"accidentsPerKm":110.236,"percentile":0.974,"countPercentile":0.999,"riskLevel":3,"riskScore":0.838,"highway":"primary","name":"Rue Belgrand","lengthM":254,"yearsFrom":2019,"yearsTo":2023,"metric":"density","trafficSource":"none"},"geometry":{"type":"LineString","coordinates":[[2.4081231,48.8645414],[2.4072487,48.8645749],[2.4071334,48.8645794],[2.406161,48.8646167],[2.4058698,48.8646279],[2.4056007,48.8646382],[2.4054598,48.8646436],[2.4047861,48.8646694],[2.4046592,48.8646743]]}},{"type":"Feature","id":"risk-115","properties":{"segmentId":"677861887:0","accidentCount":8,"accidentsPerKm":51.282,"percentile":0.846,"countPercentile":0.818,"riskLevel":2,"riskScore":0.69,"highway":"primary","name":"Avenue du Général Leclerc","lengthM":156,"yearsFrom":2019,"yearsTo":2023,"metric":"density","trafficSource":"none"},"geometry":{"type":"LineString","coordinates":[[2.3305391,48.8320488],[2.3306008,48.8321141],[2.330682,48.8322136],[2.3307265,48.8322667],[2.3308801,48.832443],[2.3310367,48.8326225],[2.331107,48.8327087],[2.3314562,48.8331363],[2.3315367,48.8332396],[2.3315679,48.8332806]]}},{"type":"Feature","id":"risk-116","properties":{"segmentId":"197464535:0","accidentCount":6,"accidentsPerKm":48.78,"percentile":0.826,"countPercentile":0.667,"riskLevel":2,"riskScore":0.667,"highway":"primary","name":"Boulevard Vincent Auriol","lengthM":123,"yearsFrom":2019,"yearsTo":2023,"metric":"density","trafficSource":"none"},"geometry":{"type":"LineString","coordinates":[[2.3579432,48.8316928],[2.3570508,48.8314026],[2.3570108,48.8313899],[2.3569549,48.8313719],[2.3568698,48.8313462],[2.3566697,48.8312785],[2.3566214,48.8312653],[2.3564197,48.8312354]]}},{"type":"Feature","id":"risk-117","properties":{"segmentId":"69315577:0","accidentCount":12,"accidentsPerKm":63.158,"percentile":0.896,"countPercentile":0.932,"riskLevel":2,"riskScore":0.748,"highway":"primary","name":"Boulevard Haussmann","lengthM":190,"yearsFrom":2019,"yearsTo":2024,"metric":"density","trafficSource":"none"},"geometry":{"type":"LineString","coordinates":[[2.3302226,48.8733528],[2.3297476,48.8733995],[2.3297058,48.8734051],[2.329538,48.8734274],[2.3285286,48.8735615],[2.3284629,48.8735702],[2.3283475,48.8735856],[2.3277688,48.8736637],[2.327667,48.873676]]}},{"type":"Feature","id":"risk-118","properties":{"segmentId":"628304719:0","accidentCount":3,"accidentsPerKm":49.18,"percentile":0.83,"countPercentile":0.017,"riskLevel":2,"riskScore":0.672,"highway":"primary","name":"Avenue Laurent Cély","lengthM":61,"yearsFrom":2019,"yearsTo":2023,"metric":"density","trafficSource":"tmja","tmja":46680,"tmjaDistM":71,"tmjaMeasureYear":2019,"accidentsPer100MVehKm":57.729,"tmjaPercentile":0.959},"geometry":{"type":"LineString","coordinates":[[2.3073072,48.9178823],[2.3073278,48.9178267],[2.3074346,48.9175227],[2.3074392,48.9175097],[2.3074459,48.9174908],[2.3074555,48.9174536],[2.3074649,48.9174016],[2.3074723,48.9173455]]}},{"type":"Feature","id":"risk-119","properties":{"segmentId":"58003747:0","accidentCount":5,"accidentsPerKm":69.444,"percentile":0.918,"countPercentile":0.535,"riskLevel":3,"riskScore":0.773,"highway":"primary","name":"Avenue du Maine","lengthM":72,"yearsFrom":2019,"yearsTo":2023,"metric":"density","trafficSource":"none"},"geometry":{"type":"LineString","coordinates":[[2.3252469,48.8318296],[2.3252299,48.8318721],[2.3251572,48.8320451],[2.3250789,48.8322351],[2.3250068,48.8324586]]}},{"type":"Feature","id":"risk-120","properties":{"segmentId":"799100968:0","accidentCount":16,"accidentsPerKm":108.844,"percentile":0.973,"countPercentile":0.97,"riskLevel":3,"riskScore":0.836,"highway":"secondary","name":"Rue des Pyrénées","lengthM":147,"yearsFrom":2019,"yearsTo":2024,"metric":"density","trafficSource":"none"},"geometry":{"type":"LineString","coordinates":[[2.4057184,48.8539904],[2.4058563,48.8535461],[2.405892,48.8534257],[2.4060204,48.8529923],[2.4060812,48.8527867],[2.4061085,48.8526951]]}},{"type":"Feature","id":"risk-121","properties":{"segmentId":"112445129:0","accidentCount":17,"accidentsPerKm":83.333,"percentile":0.95,"countPercentile":0.978,"riskLevel":3,"riskScore":0.81,"highway":"secondary","name":"Rue du Faubourg Saint-Martin","lengthM":204,"yearsFrom":2019,"yearsTo":2023,"metric":"density","trafficSource":"none"},"geometry":{"type":"LineString","coordinates":[[2.3629774,48.8793119],[2.3642257,48.8803473],[2.3642915,48.8804019],[2.3643296,48.8804333],[2.3647081,48.8807452]]}},{"type":"Feature","id":"risk-122","properties":{"segmentId":"19843210:0","accidentCount":9,"accidentsPerKm":69.231,"percentile":0.918,"countPercentile":0.864,"riskLevel":3,"riskScore":0.773,"highway":"primary","name":"Avenue Aristide Briand","lengthM":130,"yearsFrom":2019,"yearsTo":2023,"metric":"density","trafficSource":"tmja","tmja":98200,"tmjaDistM":461,"tmjaMeasureYear":2019,"accidentsPer100MVehKm":38.63,"tmjaPercentile":0.908},"geometry":{"type":"LineString","coordinates":[[2.3069399,48.7583477],[2.3068914,48.7582435],[2.3068496,48.7581469],[2.3068336,48.7581183],[2.3067998,48.7580252],[2.3067456,48.7578662],[2.3067323,48.7578402],[2.3066721,48.7576987],[2.3066375,48.757602],[2.3065501,48.7573831],[2.3065308,48.7573302],[2.3064911,48.7572138]]}},{"type":"Feature","id":"risk-123","properties":{"segmentId":"891248416:0","accidentCount":7,"accidentsPerKm":112.903,"percentile":0.974,"countPercentile":0.75,"riskLevel":3,"riskScore":0.838,"highway":"secondary","name":"Boulevard Voltaire","lengthM":62,"yearsFrom":2019,"yearsTo":2024,"metric":"density","trafficSource":"none"},"geometry":{"type":"LineString","coordinates":[[2.2902859,48.9161894],[2.29021,48.916212],[2.2897071,48.9163628],[2.2896918,48.9163674],[2.2896666,48.9163751],[2.2895196,48.916419]]}},{"type":"Feature","id":"risk-124","properties":{"segmentId":"245493047:0","accidentCount":11,"accidentsPerKm":154.93,"percentile":0.994,"countPercentile":0.92,"riskLevel":3,"riskScore":0.861,"highway":"primary","name":"Place de la Porte de Pantin","lengthM":71,"yearsFrom":2019,"yearsTo":2024,"metric":"density","trafficSource":"none"},"geometry":{"type":"LineString","coordinates":[[2.3966289,48.889876],[2.3959433,48.8896894],[2.3959229,48.8896839],[2.3957351,48.8896335]]}},{"type":"Feature","id":"risk-125","properties":{"segmentId":"364792828:0","accidentCount":20,"accidentsPerKm":71.174,"percentile":0.924,"countPercentile":0.99,"riskLevel":3,"riskScore":0.78,"highway":"secondary","name":"Avenue de Wagram","lengthM":281,"yearsFrom":2019,"yearsTo":2024,"metric":"density","trafficSource":"none"},"geometry":{"type":"LineString","coordinates":[[2.2989674,48.8791809],[2.2993092,48.8796593],[2.2993531,48.8797212],[2.2994052,48.8797931],[2.2997095,48.8802133],[2.2998096,48.8803514],[2.3000972,48.8807325],[2.3002268,48.880911],[2.3002774,48.8809783],[2.3005225,48.8813157],[2.3006152,48.8814434],[2.3006296,48.8814602]]}},{"type":"Feature","id":"risk-126","properties":{"segmentId":"1469798934:0","accidentCount":5,"accidentsPerKm":47.17,"percentile":0.816,"countPercentile":0.536,"riskLevel":2,"riskScore":0.656,"highway":"secondary","name":"Avenue Daumesnil","lengthM":106,"yearsFrom":2019,"yearsTo":2023,"metric":"density","trafficSource":"none"},"geometry":{"type":"LineString","coordinates":[[2.3974499,48.8388965],[2.3975286,48.8388677],[2.3985107,48.8385072],[2.3987163,48.8384332]]}},{"type":"Feature","id":"risk-127","properties":{"segmentId":"34382672:0","accidentCount":9,"accidentsPerKm":130.435,"percentile":0.985,"countPercentile":0.864,"riskLevel":3,"riskScore":0.85,"highway":"primary","name":"Avenue Winston Churchill","lengthM":69,"yearsFrom":2019,"yearsTo":2022,"metric":"density","trafficSource":"none"},"geometry":{"type":"LineString","coordinates":[[2.3139627,48.867754],[2.3139768,48.8676308],[2.3139898,48.867517],[2.3139457,48.8671384]]}},{"type":"Feature","id":"risk-128","properties":{"segmentId":"4234145:0","accidentCount":6,"accidentsPerKm":54.545,"percentile":0.862,"countPercentile":0.668,"riskLevel":2,"riskScore":0.709,"highway":"tertiary","name":"Place Vendôme","lengthM":110,"yearsFrom":2019,"yearsTo":2024,"metric":"density","trafficSource":"none"},"geometry":{"type":"LineString","coordinates":[[2.3290327,48.867079],[2.3291456,48.8671304],[2.3292706,48.8671873],[2.329411,48.8672795],[2.3294788,48.8673241],[2.3295718,48.8674063],[2.3296534,48.8674966],[2.3296912,48.8675572],[2.3297643,48.8676745],[2.3297882,48.8677507],[2.3298262,48.867872]]}},{"type":"Feature","id":"risk-129","properties":{"segmentId":"264885295:0","accidentCount":7,"accidentsPerKm":39.106,"percentile":0.735,"countPercentile":0.75,"riskLevel":1,"riskScore":0.563,"highway":"trunk","lengthM":179,"yearsFrom":2019,"yearsTo":2024,"metric":"density","trafficSource":"none"},"geometry":{"type":"LineString","coordinates":[[2.2253462,48.8280446],[2.2250869,48.8279361],[2.2249834,48.827889],[2.2248682,48.8278172],[2.2247539,48.8277244],[2.2246488,48.8276061],[2.2242192,48.826994],[2.2240047,48.8267406]]}},{"type":"Feature","id":"risk-130","properties":{"segmentId":"223991881:0","accidentCount":6,"accidentsPerKm":90.909,"percentile":0.958,"countPercentile":0.668,"riskLevel":3,"riskScore":0.819,"highway":"primary","name":"Avenue de la Porte d'Italie","lengthM":66,"yearsFrom":2019,"yearsTo":2024,"metric":"density","trafficSource":"none"},"geometry":{"type":"LineString","coordinates":[[2.3599226,48.8176712],[2.3599798,48.8174789],[2.3600393,48.8172912],[2.3601077,48.8170948]]}},{"type":"Feature","id":"risk-131","properties":{"segmentId":"4039159:0","accidentCount":19,"accidentsPerKm":118.012,"percentile":0.978,"countPercentile":0.988,"riskLevel":3,"riskScore":0.842,"highway":"primary","name":"Avenue de la République","lengthM":161,"yearsFrom":2019,"yearsTo":2023,"metric":"density","trafficSource":"none"},"geometry":{"type":"LineString","coordinates":[[2.3655855,48.8669672],[2.3656851,48.8669486],[2.3657352,48.8669382],[2.3666512,48.8667633],[2.3667964,48.8667352],[2.3671954,48.8666578],[2.3673384,48.8666302],[2.3677044,48.8665593]]}},{"type":"Feature","id":"risk-132","properties":{"segmentId":"24833071:0","accidentCount":4,"accidentsPerKm":43.956,"percentile":0.785,"countPercentile":0.344,"riskLevel":2,"riskScore":0.62,"highway":"secondary","name":"Avenue du Pavé Neuf","lengthM":91,"yearsFrom":2019,"yearsTo":2024,"metric":"density","trafficSource":"tmja","tmja":177890,"tmjaDistM":69,"tmjaMeasureYear":2023,"accidentsPer100MVehKm":11.283,"tmjaPercentile":0.572},"geometry":{"type":"LineString","coordinates":[[2.5629408,48.8353558],[2.5628487,48.8361681]]}},{"type":"Feature","id":"risk-133","properties":{"segmentId":"121881922:0","accidentCount":23,"accidentsPerKm":100.877,"percentile":0.967,"countPercentile":0.997,"riskLevel":3,"riskScore":0.83,"highway":"trunk","name":"Boulevard Périphérique Intérieur","lengthM":228,"yearsFrom":2019,"yearsTo":2024,"metric":"density","trafficSource":"none"},"geometry":{"type":"LineString","coordinates":[[2.2861614,48.8845109],[2.2866766,48.8848334],[2.2873892,48.8852533],[2.2882962,48.8858157],[2.2884406,48.8859058]]}},{"type":"Feature","id":"risk-134","properties":{"segmentId":"59942665:0","accidentCount":13,"accidentsPerKm":77.844,"percentile":0.94,"countPercentile":0.946,"riskLevel":3,"riskScore":0.798,"highway":"trunk","name":"Boulevard Périphérique Intérieur","lengthM":167,"yearsFrom":2019,"yearsTo":2024,"metric":"density","trafficSource":"none"},"geometry":{"type":"LineString","coordinates":[[2.4142496,48.8530906],[2.4144133,48.8527735],[2.4147501,48.852253],[2.4150478,48.8516829]]}},{"type":"Feature","id":"risk-135","properties":{"segmentId":"362885123:0","accidentCount":6,"accidentsPerKm":64.516,"percentile":0.903,"countPercentile":0.669,"riskLevel":3,"riskScore":0.756,"highway":"trunk","name":"Boulevard Périphérique Extérieur","lengthM":93,"yearsFrom":2019,"yearsTo":2023,"metric":"density","trafficSource":"none"},"geometry":{"type":"LineString","coordinates":[[2.2906555,48.828032],[2.2912431,48.8278066],[2.2917666,48.8276289]]}},{"type":"Feature","id":"risk-136","properties":{"segmentId":"105177514:0","accidentCount":19,"accidentsPerKm":211.111,"percentile":0.998,"countPercentile":0.988,"riskLevel":3,"riskScore":0.865,"highway":"tertiary","name":"Place de la Concorde","lengthM":90,"yearsFrom":2019,"yearsTo":2024,"metric":"density","trafficSource":"none"},"geometry":{"type":"LineString","coordinates":[[2.3231217,48.8664635],[2.3227642,48.8664202],[2.3223167,48.8665584],[2.322265,48.8665766],[2.3219847,48.8666686]]}},{"type":"Feature","id":"risk-137","properties":{"segmentId":"284231622:0","accidentCount":9,"accidentsPerKm":50,"percentile":0.836,"countPercentile":0.865,"riskLevel":2,"riskScore":0.679,"highway":"primary","name":"Avenue de la Porte de Bagnolet","lengthM":180,"yearsFrom":2019,"yearsTo":2023,"metric":"density","trafficSource":"tmja","tmja":131984,"tmjaDistM":228,"tmjaMeasureYear":2019,"accidentsPer100MVehKm":20.758,"tmjaPercentile":0.767},"geometry":{"type":"LineString","coordinates":[[2.4089972,48.8644764],[2.409178,48.8645158],[2.4092388,48.8645286],[2.4093924,48.8645645],[2.4095192,48.864595],[2.4095975,48.8646124],[2.4100423,48.8647132],[2.4100608,48.8647166],[2.4101227,48.8647311],[2.4113067,48.8649902],[2.4113314,48.864989]]}},{"type":"Feature","id":"risk-138","properties":{"segmentId":"24679997:0","accidentCount":14,"accidentsPerKm":72.165,"percentile":0.927,"countPercentile":0.955,"riskLevel":3,"riskScore":0.784,"highway":"trunk_link","lengthM":194,"yearsFrom":2019,"yearsTo":2024,"metric":"density","trafficSource":"none"},"geometry":{"type":"LineString","coordinates":[[2.3009416,48.8922497],[2.300858,48.8921379],[2.2991775,48.8909588]]}},{"type":"Feature","id":"risk-139","properties":{"segmentId":"765193025:0","accidentCount":13,"accidentsPerKm":113.043,"percentile":0.975,"countPercentile":0.946,"riskLevel":3,"riskScore":0.839,"highway":"primary","name":"Avenue du Général Leclerc","lengthM":115,"yearsFrom":2019,"yearsTo":2024,"metric":"density","trafficSource":"none"},"geometry":{"type":"LineString","coordinates":[[2.3280427,48.8291683],[2.3283764,48.8295583],[2.3284044,48.8295906],[2.3285361,48.829743],[2.3288176,48.8300689]]}},{"type":"Feature","id":"risk-140","properties":{"segmentId":"100071143:0","accidentCount":9,"accidentsPerKm":115.385,"percentile":0.976,"countPercentile":0.865,"riskLevel":3,"riskScore":0.84,"highway":"primary","name":"Quai Saint-Bernard","lengthM":78,"yearsFrom":2019,"yearsTo":2022,"metric":"density","trafficSource":"none"},"geometry":{"type":"LineString","coordinates":[[2.3641708,48.844646],[2.3644022,48.8442387],[2.3644298,48.8441886],[2.3645408,48.8439888]]}},{"type":"Feature","id":"risk-141","properties":{"segmentId":"1423063122:0","accidentCount":6,"accidentsPerKm":82.192,"percentile":0.949,"countPercentile":0.67,"riskLevel":3,"riskScore":0.809,"highway":"primary","name":"Boulevard Poniatowski","lengthM":73,"yearsFrom":2019,"yearsTo":2023,"metric":"density","trafficSource":"none"},"geometry":{"type":"LineString","coordinates":[[2.3979421,48.8317176],[2.3980482,48.8317552],[2.3980903,48.8317722],[2.3987603,48.8320503],[2.3987897,48.8320625]]}},{"type":"Feature","id":"risk-142","properties":{"segmentId":"197635876:0","accidentCount":14,"accidentsPerKm":49.296,"percentile":0.831,"countPercentile":0.955,"riskLevel":2,"riskScore":0.673,"highway":"secondary","name":"Rue La Fayette","lengthM":284,"yearsFrom":2019,"yearsTo":2024,"metric":"density","trafficSource":"none"},"geometry":{"type":"LineString","coordinates":[[2.3436988,48.8757984],[2.3439191,48.8758527],[2.3445309,48.8760136],[2.3448868,48.8760968],[2.3454548,48.8762448],[2.3455746,48.8762768],[2.3459997,48.8763886],[2.3461845,48.8764347],[2.3466109,48.8765429],[2.3467874,48.8765896],[2.3471857,48.8766973],[2.3473087,48.8767302]]}},{"type":"Feature","id":"risk-143","properties":{"segmentId":"668205407:0","accidentCount":9,"accidentsPerKm":57.692,"percentile":0.871,"countPercentile":0.866,"riskLevel":2,"riskScore":0.719,"highway":"primary","name":"Boulevard de Clichy","lengthM":156,"yearsFrom":2019,"yearsTo":2024,"metric":"density","trafficSource":"none"},"geometry":{"type":"LineString","coordinates":[[2.3278389,48.883497],[2.3279457,48.8835358],[2.3282606,48.883685],[2.3284973,48.8838209],[2.3285766,48.8838677],[2.3293597,48.8843548],[2.3294502,48.884409]]}},{"type":"Feature","id":"risk-144","properties":{"segmentId":"69315571:0","accidentCount":14,"accidentsPerKm":46.053,"percentile":0.804,"countPercentile":0.956,"riskLevel":2,"riskScore":0.642,"highway":"primary","name":"Boulevard Haussmann","lengthM":304,"yearsFrom":2019,"yearsTo":2024,"metric":"density","trafficSource":"none"},"geometry":{"type":"LineString","coordinates":[[2.3382998,48.8722422],[2.3381936,48.8722568],[2.3375143,48.8723498],[2.3374236,48.8723622],[2.3373312,48.8723749],[2.3361214,48.8725406],[2.3357965,48.8725852],[2.335744,48.8725927],[2.3352712,48.8726583],[2.3352273,48.8726631],[2.3351567,48.8726728],[2.3342319,48.8727995]]}},{"type":"Feature","id":"risk-145","properties":{"segmentId":"925493745:0","accidentCount":4,"accidentsPerKm":62.5,"percentile":0.893,"countPercentile":0.345,"riskLevel":2,"riskScore":0.744,"highway":"primary","name":"Rue Aristide Briand / Rue Paul et Camille Thomoux","lengthM":64,"yearsFrom":2019,"yearsTo":2024,"metric":"density","trafficSource":"none"},"geometry":{"type":"LineString","coordinates":[[2.5296958,48.8738524],[2.5297898,48.8739937],[2.5298613,48.8741078],[2.5300517,48.8743765]]}},{"type":"Feature","id":"risk-146","properties":{"segmentId":"331239704:0","accidentCount":3,"accidentsPerKm":38.961,"percentile":0.732,"countPercentile":0.02,"riskLevel":1,"riskScore":0.559,"highway":"motorway","lengthM":77,"yearsFrom":2019,"yearsTo":2024,"metric":"density","trafficSource":"none"},"geometry":{"type":"LineString","coordinates":[[2.2513575,48.9331061],[2.2516777,48.9331811],[2.2523666,48.9333202]]}},{"type":"Feature","id":"risk-147","properties":{"segmentId":"10231762:0","accidentCount":16,"accidentsPerKm":50.633,"percentile":0.842,"countPercentile":0.97,"riskLevel":2,"riskScore":0.686,"highway":"trunk","name":"Boulevard Périphérique Intérieur","lengthM":316,"yearsFrom":2019,"yearsTo":2024,"metric":"density","trafficSource":"none"},"geometry":{"type":"LineString","coordinates":[[2.410923,48.8743021],[2.4119244,48.8731474],[2.4123681,48.8724988],[2.4124883,48.8722886],[2.4128138,48.8717575]]}},{"type":"Feature","id":"risk-148","properties":{"segmentId":"1279110398:0","accidentCount":3,"accidentsPerKm":44.118,"percentile":0.788,"countPercentile":0.02,"riskLevel":2,"riskScore":0.624,"highway":"primary","name":"Boulevard Lannes","lengthM":68,"yearsFrom":2019,"yearsTo":2023,"metric":"density","trafficSource":"none"},"geometry":{"type":"LineString","coordinates":[[2.2749675,48.8709767],[2.2749344,48.8709309],[2.2746382,48.870506],[2.2745792,48.8704258]]}},{"type":"Feature","id":"risk-149","properties":{"segmentId":"25719317:0","accidentCount":17,"accidentsPerKm":82.126,"percentile":0.949,"countPercentile":0.978,"riskLevel":3,"riskScore":0.809,"highway":"trunk","name":"Boulevard Périphérique Extérieur","lengthM":207,"yearsFrom":2019,"yearsTo":2024,"metric":"density","trafficSource":"none"},"geometry":{"type":"LineString","coordinates":[[2.3952972,48.8935864],[2.394798,48.8953762],[2.3947741,48.8954105]]}},{"type":"Feature","id":"risk-150","properties":{"segmentId":"31725367:0","accidentCount":5,"accidentsPerKm":72.464,"percentile":0.928,"countPercentile":0.537,"riskLevel":3,"riskScore":0.785,"highway":"trunk","name":"Boulevard Périphérique Intérieur","lengthM":69,"yearsFrom":2019,"yearsTo":2022,"metric":"density","trafficSource":"none"},"geometry":{"type":"LineString","coordinates":[[2.4015701,48.8299737],[2.4008973,48.8295384]]}},{"type":"Feature","id":"risk-151","properties":{"segmentId":"754579329:0","accidentCount":4,"accidentsPerKm":38.835,"percentile":0.729,"countPercentile":0.346,"riskLevel":1,"riskScore":0.556,"highway":"tertiary","name":"Rue du Cardinal Lemoine","lengthM":103,"yearsFrom":2019,"yearsTo":2023,"metric":"density","trafficSource":"none"},"geometry":{"type":"LineString","coordinates":[[2.3516349,48.8466037],[2.3517576,48.8466896],[2.351806,48.8467234],[2.3518802,48.8467753],[2.3525997,48.8472787]]}},{"type":"Feature","id":"risk-152","properties":{"segmentId":"4476805:0","accidentCount":7,"accidentsPerKm":79.545,"percentile":0.944,"countPercentile":0.751,"riskLevel":3,"riskScore":0.803,"highway":"tertiary","name":"Place de l'Hôtel de Ville","lengthM":88,"yearsFrom":2019,"yearsTo":2024,"metric":"density","trafficSource":"none"},"geometry":{"type":"LineString","coordinates":[[2.3507047,48.8560699],[2.3508961,48.8564423],[2.3510179,48.8566685],[2.351034,48.8566997],[2.3510773,48.8567745],[2.3510792,48.8567943],[2.3510544,48.8568086]]}},{"type":"Feature","id":"risk-153","properties":{"segmentId":"27788377:0","accidentCount":5,"accidentsPerKm":49.02,"percentile":0.829,"countPercentile":0.537,"riskLevel":2,"riskScore":0.671,"highway":"secondary","name":"Avenue des Grésillons","lengthM":102,"yearsFrom":2019,"yearsTo":2024,"metric":"density","trafficSource":"tmja","tmja":46680,"tmjaDistM":0,"tmjaMeasureYear":2019,"accidentsPer100MVehKm":47.951,"tmjaPercentile":0.939},"geometry":{"type":"LineString","coordinates":[[2.3087079,48.9177775],[2.3083662,48.9176622],[2.3083374,48.9176525],[2.3081606,48.9175906],[2.3074723,48.9173455]]}},{"type":"Feature","id":"risk-154","properties":{"segmentId":"23052440:0","accidentCount":13,"accidentsPerKm":39.039,"percentile":0.734,"countPercentile":0.947,"riskLevel":1,"riskScore":0.562,"highway":"trunk","name":"Boulevard Périphérique Intérieur","lengthM":333,"yearsFrom":2019,"yearsTo":2024,"metric":"density","trafficSource":"none"},"geometry":{"type":"LineString","coordinates":[[2.3768657,48.8208659],[2.3727874,48.8195496]]}},{"type":"Feature","id":"risk-155","properties":{"segmentId":"32115231:0","accidentCount":8,"accidentsPerKm":39.604,"percentile":0.741,"countPercentile":0.819,"riskLevel":1,"riskScore":0.57,"highway":"trunk","name":"Boulevard Périphérique Intérieur","lengthM":202,"yearsFrom":2019,"yearsTo":2024,"metric":"density","trafficSource":"none"},"geometry":{"type":"LineString","coordinates":[[2.2613537,48.8584738],[2.2614307,48.8585061],[2.2617009,48.8586341],[2.2619776,48.8587781],[2.2620946,48.858846],[2.2622146,48.8589176],[2.2625953,48.8591822],[2.2627558,48.8593071],[2.2628898,48.8594176],[2.263017,48.8595316],[2.2631364,48.8596483],[2.2632486,48.8597681]]}},{"type":"Feature","id":"risk-156","properties":{"segmentId":"52985347:0","accidentCount":20,"accidentsPerKm":61.92,"percentile":0.891,"countPercentile":0.991,"riskLevel":2,"riskScore":0.742,"highway":"trunk","name":"Boulevard Périphérique Extérieur","lengthM":323,"yearsFrom":2019,"yearsTo":2024,"metric":"density","trafficSource":"none"},"geometry":{"type":"LineString","coordinates":[[2.3769024,48.9003564],[2.3758112,48.9004325],[2.3731216,48.9006887],[2.3725231,48.9007362]]}},{"type":"Feature","id":"risk-157","properties":{"segmentId":"1275533903:0","accidentCount":24,"accidentsPerKm":240,"percentile":0.999,"countPercentile":0.998,"riskLevel":3,"riskScore":0.866,"highway":"primary","name":"Boulevard Saint-Denis","lengthM":100,"yearsFrom":2019,"yearsTo":2024,"metric":"density","trafficSource":"none"},"geometry":{"type":"LineString","coordinates":[[2.3542978,48.8693188],[2.3541414,48.8693553],[2.3539985,48.8693882],[2.3535523,48.8694858],[2.3530027,48.8695996]]}},{"type":"Feature","id":"risk-158","properties":{"segmentId":"69415100:0","accidentCount":5,"accidentsPerKm":61.728,"percentile":0.891,"countPercentile":0.538,"riskLevel":2,"riskScore":0.742,"highway":"primary","lengthM":81,"yearsFrom":2019,"yearsTo":2021,"metric":"density","trafficSource":"tmja","tmja":166109,"tmjaDistM":365,"tmjaMeasureYear":2019,"accidentsPer100MVehKm":33.937,"tmjaPercentile":0.889},"geometry":{"type":"LineString","coordinates":[[2.5101318,48.8275832],[2.5098177,48.827522],[2.5095603,48.8274719],[2.5090741,48.8273772]]}},{"type":"Feature","id":"risk-159","properties":{"segmentId":"262041312:0","accidentCount":9,"accidentsPerKm":41.667,"percentile":0.757,"countPercentile":0.866,"riskLevel":2,"riskScore":0.588,"highway":"primary","name":"Avenue Jean Jaurès","lengthM":216,"yearsFrom":2019,"yearsTo":2024,"metric":"density","trafficSource":"none"},"geometry":{"type":"LineString","coordinates":[[2.4059768,48.9165505],[2.40573,48.9163184],[2.4055821,48.9161867],[2.4054283,48.916044],[2.4047951,48.915468],[2.4044616,48.9151732],[2.4042517,48.9149684]]}},{"type":"Feature","id":"risk-160","properties":{"segmentId":"803839144:0","accidentCount":5,"accidentsPerKm":69.444,"percentile":0.919,"countPercentile":0.538,"riskLevel":3,"riskScore":0.774,"highway":"primary","name":"Rue du 8 Mai 1945","lengthM":72,"yearsFrom":2019,"yearsTo":2024,"metric":"density","trafficSource":"none"},"geometry":{"type":"LineString","coordinates":[[2.3103435,48.8976423],[2.3101477,48.8982763]]}},{"type":"Feature","id":"risk-161","properties":{"segmentId":"19924442:1","accidentCount":14,"accidentsPerKm":106.87,"percentile":0.971,"countPercentile":0.956,"riskLevel":3,"riskScore":0.834,"highway":"trunk","name":"Boulevard Périphérique Intérieur","lengthM":131,"yearsFrom":2019,"yearsTo":2024,"metric":"density","trafficSource":"none"},"geometry":{"type":"LineString","coordinates":[[2.3024025,48.8926173],[2.3032344,48.8930463],[2.3038075,48.8933432]]}},{"type":"Feature","id":"risk-162","properties":{"segmentId":"73433849:0","accidentCount":6,"accidentsPerKm":95.238,"percentile":0.962,"countPercentile":0.671,"riskLevel":3,"riskScore":0.824,"highway":"primary","name":"Avenue de New York","lengthM":63,"yearsFrom":2019,"yearsTo":2022,"metric":"density","trafficSource":"none"},"geometry":{"type":"LineString","coordinates":[[2.2884955,48.8583383],[2.2882045,48.8581239],[2.2878983,48.8579327]]}},{"type":"Feature","id":"risk-163","properties":{"segmentId":"153235589:0","accidentCount":6,"accidentsPerKm":65.217,"percentile":0.905,"countPercentile":0.672,"riskLevel":3,"riskScore":0.758,"highway":"primary","name":"Boulevard Davout","lengthM":92,"yearsFrom":2019,"yearsTo":2024,"metric":"density","trafficSource":"none"},"geometry":{"type":"LineString","coordinates":[[2.4114197,48.8471144],[2.411367,48.8472447],[2.4113591,48.8472644],[2.4113593,48.8473071],[2.4113642,48.8474975],[2.4113618,48.8477321],[2.4113914,48.8479313]]}},{"type":"Feature","id":"risk-164","properties":{"segmentId":"109400106:0","accidentCount":6,"accidentsPerKm":70.588,"percentile":0.922,"countPercentile":0.672,"riskLevel":3,"riskScore":0.778,"highway":"primary","name":"Boulevard Davout","lengthM":85,"yearsFrom":2019,"yearsTo":2023,"metric":"density","trafficSource":"none"},"geometry":{"type":"LineString","coordinates":[[2.409997,48.8562548],[2.4100466,48.8559936],[2.4100641,48.8559017],[2.4100799,48.8558138],[2.4101069,48.8556639],[2.4101357,48.8554996]]}},{"type":"Feature","id":"risk-165","properties":{"segmentId":"10658255:0","accidentCount":6,"accidentsPerKm":41.096,"percentile":0.753,"countPercentile":0.672,"riskLevel":2,"riskScore":0.583,"highway":"secondary","name":"Avenue Simón Bolívar","lengthM":146,"yearsFrom":2019,"yearsTo":2024,"metric":"density","trafficSource":"none"},"geometry":{"type":"LineString","coordinates":[[2.3813181,48.8759806],[2.3814489,48.8759232],[2.3816554,48.875775],[2.3817917,48.8756612],[2.3818804,48.8755822],[2.3819393,48.875532],[2.3823005,48.8752366],[2.3823811,48.8751692],[2.3826123,48.8749839]]}},{"type":"Feature","id":"risk-166","properties":{"segmentId":"42135759:0","accidentCount":22,"accidentsPerKm":226.804,"percentile":0.999,"countPercentile":0.996,"riskLevel":3,"riskScore":0.866,"highway":"primary","name":"Avenue Corentin Cariou","lengthM":97,"yearsFrom":2019,"yearsTo":2024,"metric":"density","trafficSource":"none"},"geometry":{"type":"LineString","coordinates":[[2.3835867,48.8958185],[2.3834923,48.8957394],[2.383464,48.895718],[2.3834476,48.8957053],[2.3832531,48.8955556],[2.3827922,48.8951843],[2.3827408,48.8951429]]}},{"type":"Feature","id":"risk-167","properties":{"segmentId":"196820521:0","accidentCount":8,"accidentsPerKm":40.404,"percentile":0.746,"countPercentile":0.819,"riskLevel":1,"riskScore":0.575,"highway":"primary","name":"Avenue de Clichy","lengthM":198,"yearsFrom":2019,"yearsTo":2022,"metric":"density","trafficSource":"none"},"geometry":{"type":"LineString","coordinates":[[2.326316,48.8857925],[2.3262509,48.8859337],[2.3262098,48.8860298],[2.3260986,48.8862797],[2.3259614,48.8865662],[2.3259493,48.8865978],[2.3258879,48.8867474],[2.3258496,48.8868369],[2.3257016,48.8871536],[2.3256027,48.8873694],[2.3255533,48.8875012]]}},{"type":"Feature","id":"risk-168","properties":{"segmentId":"974654625:0","accidentCount":6,"accidentsPerKm":48.78,"percentile":0.826,"countPercentile":0.673,"riskLevel":2,"riskScore":0.667,"highway":"primary","name":"Boulevard Malesherbes","lengthM":123,"yearsFrom":2019,"yearsTo":2022,"metric":"density","trafficSource":"none"},"geometry":{"type":"LineString","coordinates":[[2.3044147,48.8885482],[2.3043499,48.8887622],[2.3043223,48.8888535],[2.3042699,48.8890266],[2.3042426,48.8891166],[2.3041011,48.889584],[2.3040865,48.8896365]]}},{"type":"Feature","id":"risk-169","properties":{"segmentId":"22498767:0","accidentCount":17,"accidentsPerKm":100,"percentile":0.965,"countPercentile":0.978,"riskLevel":3,"riskScore":0.827,"highway":"primary","name":"Avenue du Président Kennedy","lengthM":170,"yearsFrom":2019,"yearsTo":2024,"metric":"density","trafficSource":"none"},"geometry":{"type":"LineString","coordinates":[[2.2784754,48.851324],[2.2785857,48.8513997],[2.2786313,48.8514316],[2.2786634,48.8514513],[2.2787991,48.8515349],[2.278916,48.8516048],[2.2790334,48.851675],[2.2799935,48.852243],[2.2801917,48.8523597]]}},{"type":"Feature","id":"risk-170","properties":{"segmentId":"723058914:0","accidentCount":9,"accidentsPerKm":56.962,"percentile":0.869,"countPercentile":0.866,"riskLevel":2,"riskScore":0.717,"highway":"primary","name":"Boulevard Lannes","lengthM":158,"yearsFrom":2019,"yearsTo":2023,"metric":"density","trafficSource":"none"},"geometry":{"type":"LineString","coordinates":[[2.2722933,48.8674318],[2.2731059,48.8683809],[2.273275,48.868578],[2.2732955,48.8686019],[2.2733414,48.8686696]]}},{"type":"Feature","id":"risk-171","properties":{"segmentId":"232312984:0","accidentCount":9,"accidentsPerKm":79.646,"percentile":0.944,"countPercentile":0.866,"riskLevel":3,"riskScore":0.803,"highway":"primary","name":"Route de Suresnes","lengthM":113,"yearsFrom":2019,"yearsTo":2024,"metric":"density","trafficSource":"none"},"geometry":{"type":"LineString","coordinates":[[2.2344937,48.865083],[2.2343618,48.8651505],[2.2338129,48.8654126],[2.2332373,48.8656723]]}},{"type":"Feature","id":"risk-172","properties":{"segmentId":"678851248:0","accidentCount":8,"accidentsPerKm":64,"percentile":0.9,"countPercentile":0.82,"riskLevel":3,"riskScore":0.753,"highway":"tertiary","name":"Avenue de la Porte de la Plaine","lengthM":125,"yearsFrom":2019,"yearsTo":2024,"metric":"density","trafficSource":"none"},"geometry":{"type":"LineString","coordinates":[[2.2923201,48.8292137],[2.2923271,48.829564],[2.2922834,48.8303368]]}},{"type":"Feature","id":"risk-173","properties":{"segmentId":"563926495:0","accidentCount":13,"accidentsPerKm":114.035,"percentile":0.976,"countPercentile":0.947,"riskLevel":3,"riskScore":0.84,"highway":"primary","name":"Quai d'Austerlitz","lengthM":114,"yearsFrom":2019,"yearsTo":2024,"metric":"density","trafficSource":"none"},"geometry":{"type":"LineString","coordinates":[[2.3689406,48.84116],[2.3680669,48.841773],[2.3680272,48.8418009],[2.3680012,48.8418191],[2.3679833,48.8418312],[2.367868,48.8419094]]}},{"type":"Feature","id":"risk-174","properties":{"segmentId":"1423068068:0","accidentCount":8,"accidentsPerKm":86.022,"percentile":0.953,"countPercentile":0.82,"riskLevel":3,"riskScore":0.813,"highway":"primary","name":"Boulevard Poniatowski","lengthM":93,"yearsFrom":2019,"yearsTo":2024,"metric":"density","trafficSource":"none"},"geometry":{"type":"LineString","coordinates":[[2.4056439,48.8348058],[2.4057285,48.8348548],[2.4057634,48.8348762],[2.4064174,48.8352688],[2.4064509,48.8352888],[2.406596,48.8353603]]}},{"type":"Feature","id":"risk-175","properties":{"segmentId":"1314631248:0","accidentCount":12,"accidentsPerKm":40.134,"percentile":0.745,"countPercentile":0.933,"riskLevel":1,"riskScore":0.574,"highway":"secondary","name":"Avenue Philippe Auguste","lengthM":299,"yearsFrom":2019,"yearsTo":2024,"metric":"density","trafficSource":"none"},"geometry":{"type":"LineString","coordinates":[[2.3944978,48.85067],[2.3944522,48.850738],[2.3937234,48.8519258],[2.3936717,48.8519995],[2.3934376,48.8523636],[2.393119,48.8528832],[2.3930417,48.8529939],[2.3929421,48.8531575]]}},{"type":"Feature","id":"risk-176","properties":{"segmentId":"31297648:0","accidentCount":5,"accidentsPerKm":49.505,"percentile":0.833,"countPercentile":0.539,"riskLevel":2,"riskScore":0.675,"highway":"primary","name":"Boulevard de la Chapelle","lengthM":101,"yearsFrom":2019,"yearsTo":2024,"metric":"density","trafficSource":"none"},"geometry":{"type":"LineString","coordinates":[[2.3632499,48.8842852],[2.3633741,48.8842851],[2.3636498,48.8842847],[2.3642001,48.8842865],[2.3644347,48.8842824],[2.3645018,48.8842781],[2.364636,48.8842676]]}},{"type":"Feature","id":"risk-177","properties":{"segmentId":"18229612:0","accidentCount":21,"accidentsPerKm":105,"percentile":0.97,"countPercentile":0.994,"riskLevel":3,"riskScore":0.833,"highway":"primary","name":"Boulevard Montmartre","lengthM":200,"yearsFrom":2019,"yearsTo":2024,"metric":"density","trafficSource":"none"},"geometry":{"type":"LineString","coordinates":[[2.3430679,48.8714816],[2.3428801,48.8715079],[2.3419649,48.8716572],[2.341866,48.8716726],[2.341604,48.871714],[2.3404076,48.8719069]]}},{"type":"Feature","id":"risk-178","properties":{"segmentId":"194586818:0","accidentCount":8,"accidentsPerKm":40,"percentile":0.742,"countPercentile":0.82,"riskLevel":1,"riskScore":0.571,"highway":"primary","name":"Boulevard Poissonnière","lengthM":200,"yearsFrom":2019,"yearsTo":2024,"metric":"density","trafficSource":"none"},"geometry":{"type":"LineString","coordinates":[[2.345716,48.8710427],[2.3456021,48.8710616],[2.3436559,48.8713841],[2.3432194,48.8714565],[2.3430679,48.8714816]]}},{"type":"Feature","id":"risk-179","properties":{"segmentId":"188868035:0","accidentCount":8,"accidentsPerKm":98.765,"percentile":0.964,"countPercentile":0.82,"riskLevel":3,"riskScore":0.826,"highway":"primary","name":"Boulevard Haussmann","lengthM":81,"yearsFrom":2019,"yearsTo":2024,"metric":"density","trafficSource":"none"},"geometry":{"type":"LineString","coordinates":[[2.3268814,48.8737844],[2.3267096,48.8738094],[2.3265588,48.8738309],[2.3262774,48.8738635],[2.3261113,48.8738851],[2.3260885,48.8738881],[2.3257905,48.8739267]]}},{"type":"Feature","id":"risk-180","properties":{"segmentId":"37775878:1","accidentCount":16,"accidentsPerKm":58.394,"percentile":0.876,"countPercentile":0.97,"riskLevel":2,"riskScore":0.725,"highway":"primary","name":"Boulevard Malesherbes","lengthM":274,"yearsFrom":2019,"yearsTo":2024,"metric":"density","trafficSource":"none"},"geometry":{"type":"LineString","coordinates":[[2.3163068,48.8777862],[2.3161135,48.8779396],[2.315761,48.8782228],[2.3156537,48.8783098],[2.3155573,48.8783864],[2.3153888,48.8785263],[2.3151639,48.8787102],[2.3148101,48.8790076],[2.3144089,48.8793344],[2.3142755,48.8794399],[2.3141418,48.8795501],[2.313955,48.8797029]]}},{"type":"Feature","id":"risk-181","properties":{"segmentId":"25062958:0","accidentCount":8,"accidentsPerKm":102.564,"percentile":0.967,"countPercentile":0.821,"riskLevel":3,"riskScore":0.83,"highway":"secondary","name":"Avenue de Villiers","lengthM":78,"yearsFrom":2019,"yearsTo":2024,"metric":"density","trafficSource":"none"},"geometry":{"type":"LineString","coordinates":[[2.3149102,48.8816592],[2.3151766,48.8815647],[2.3152409,48.8815458],[2.3153654,48.8815138],[2.3154081,48.8814982],[2.3154894,48.8814489],[2.3155136,48.8814214],[2.3155234,48.8813826],[2.3155267,48.8813692],[2.3155312,48.8813509],[2.3155597,48.8812329],[2.3155704,48.8811905]]}},{"type":"Feature","id":"risk-182","properties":{"segmentId":"26620475:0","accidentCount":4,"accidentsPerKm":38.462,"percentile":0.725,"countPercentile":0.347,"riskLevel":1,"riskScore":0.551,"highway":"secondary","name":"Avenue de la République","lengthM":104,"yearsFrom":2019,"yearsTo":2023,"metric":"density","trafficSource":"tmja","tmja":131984,"tmjaDistM":222,"tmjaMeasureYear":2019,"accidentsPer100MVehKm":15.968,"tmjaPercentile":0.688},"geometry":{"type":"LineString","coordinates":[[2.4153869,48.8627589],[2.4153173,48.8628425],[2.4151514,48.8629748],[2.4150094,48.8630777],[2.4149018,48.8631424],[2.4148052,48.8632014],[2.4145646,48.8633408],[2.4145415,48.8633552],[2.4145097,48.863375],[2.4144577,48.8634068],[2.4144175,48.8634331]]}},{"type":"Feature","id":"risk-183","properties":{"segmentId":"183536232:0","accidentCount":9,"accidentsPerKm":80.357,"percentile":0.945,"countPercentile":0.867,"riskLevel":3,"riskScore":0.804,"highway":"primary","name":"Avenue Jean Jaurès","lengthM":112,"yearsFrom":2019,"yearsTo":2024,"metric":"density","trafficSource":"none"},"geometry":{"type":"LineString","coordinates":[[2.5297106,48.8835893],[2.5291976,48.8834699],[2.5291261,48.8834516],[2.5287378,48.8833662],[2.5284943,48.8833118],[2.5282668,48.8832609]]}},{"type":"Feature","id":"risk-184","properties":{"segmentId":"836351809:0","accidentCount":5,"accidentsPerKm":60.241,"percentile":0.884,"countPercentile":0.54,"riskLevel":2,"riskScore":0.734,"highway":"primary","name":"Avenue du 18 Juin 1940","lengthM":83,"yearsFrom":2019,"yearsTo":2022,"metric":"density","trafficSource":"none"},"geometry":{"type":"LineString","coordinates":[[2.3074803,48.953215],[2.3073126,48.9525954],[2.3073111,48.95259],[2.3073094,48.9525836],[2.3072823,48.9524835]]}},{"type":"Feature","id":"risk-185","properties":{"segmentId":"1413860200:0","accidentCount":3,"accidentsPerKm":40.541,"percentile":0.749,"countPercentile":0.024,"riskLevel":1,"riskScore":0.579,"highway":"primary","name":"Avenue Salvador Allende","lengthM":74,"yearsFrom":2019,"yearsTo":2021,"metric":"density","trafficSource":"none"},"geometry":{"type":"LineString","coordinates":[[2.308071,48.9554078],[2.3080422,48.9553218],[2.3079333,48.9549706],[2.3079271,48.9549506],[2.3079234,48.9549334],[2.3079067,48.9548941],[2.3078573,48.9547583]]}},{"type":"Feature","id":"risk-186","properties":{"segmentId":"506065351:0","accidentCount":10,"accidentsPerKm":46.729,"percentile":0.811,"countPercentile":0.895,"riskLevel":2,"riskScore":0.65,"highway":"trunk_link","name":"Voie AD/15","lengthM":214,"yearsFrom":2019,"yearsTo":2024,"metric":"density","trafficSource":"none"},"geometry":{"type":"LineString","coordinates":[[2.26695,48.83457],[2.267395,48.8345945],[2.2677136,48.8346225],[2.2680962,48.8346779],[2.2683627,48.8347166],[2.2690933,48.8348282],[2.2694655,48.83488],[2.2698219,48.8349162]]}},{"type":"Feature","id":"risk-187","properties":{"segmentId":"537428566:0","accidentCount":20,"accidentsPerKm":99.502,"percentile":0.965,"countPercentile":0.991,"riskLevel":3,"riskScore":0.827,"highway":"primary","name":"Avenue du Maine","lengthM":201,"yearsFrom":2019,"yearsTo":2024,"metric":"density","trafficSource":"none"},"geometry":{"type":"LineString","coordinates":[[2.326127,48.8297152],[2.3259736,48.8300822],[2.3258997,48.8302624],[2.3258624,48.8303533],[2.3258011,48.8305028],[2.3254047,48.8314632]]}},{"type":"Feature","id":"risk-188","properties":{"segmentId":"570738509:0","accidentCount":3,"accidentsPerKm":39.474,"percentile":0.738,"countPercentile":0.024,"riskLevel":1,"riskScore":0.566,"highway":"secondary","name":"Boulevard Saint-Marcel","lengthM":76,"yearsFrom":2019,"yearsTo":2022,"metric":"density","trafficSource":"none"},"geometry":{"type":"LineString","coordinates":[[2.3617567,48.8399826],[2.3613152,48.8398437],[2.3608249,48.8396826]]}},{"type":"Feature","id":"risk-189","properties":{"segmentId":"68761005:0","accidentCount":14,"accidentsPerKm":48.443,"percentile":0.825,"countPercentile":0.956,"riskLevel":2,"riskScore":0.666,"highway":"primary","name":"Boulevard Saint-Germain","lengthM":289,"yearsFrom":2019,"yearsTo":2023,"metric":"density","trafficSource":"none"},"geometry":{"type":"LineString","coordinates":[[2.3198749,48.8619493],[2.319905,48.8619176],[2.320334,48.8614958],[2.320413,48.8614174],[2.3205467,48.8612737],[2.3206172,48.8611997],[2.3207802,48.8610167],[2.3214723,48.8602584],[2.3216286,48.8600865],[2.3217179,48.8599923],[2.3219621,48.8597396]]}},{"type":"Feature","id":"risk-190","properties":{"segmentId":"4450311:0","accidentCount":5,"accidentsPerKm":51.02,"percentile":0.845,"countPercentile":0.54,"riskLevel":2,"riskScore":0.689,"highway":"trunk_link","lengthM":98,"yearsFrom":2019,"yearsTo":2024,"metric":"density","trafficSource":"none"},"geometry":{"type":"LineString","coordinates":[[2.2793403,48.8787],[2.2795754,48.8786046],[2.2797385,48.8784974],[2.2798206,48.8783671],[2.2798462,48.8781878],[2.2798161,48.8779624]]}},{"type":"Feature","id":"risk-191","properties":{"segmentId":"362885119:0","accidentCount":6,"accidentsPerKm":67.416,"percentile":0.912,"countPercentile":0.674,"riskLevel":3,"riskScore":0.766,"highway":"primary","lengthM":89,"yearsFrom":2019,"yearsTo":2024,"metric":"density","trafficSource":"none"},"geometry":{"type":"LineString","coordinates":[[2.3254365,48.8203761],[2.3253725,48.8203934],[2.3253084,48.8204102],[2.3251135,48.8204541],[2.3247894,48.8205263],[2.3247081,48.8205427],[2.3245978,48.8205575],[2.3244835,48.8205529],[2.3243541,48.820541],[2.3243098,48.8205412],[2.3242653,48.8205463]]}},{"type":"Feature","id":"risk-192","properties":{"segmentId":"655099247:0","accidentCount":20,"accidentsPerKm":53.619,"percentile":0.859,"countPercentile":0.991,"riskLevel":2,"riskScore":0.705,"highway":"trunk","name":"Boulevard Périphérique Extérieur","lengthM":373,"yearsFrom":2019,"yearsTo":2024,"metric":"density","trafficSource":"tmja","tmja":221626,"tmjaDistM":332,"tmjaMeasureYear":2019,"accidentsPer100MVehKm":11.047,"tmjaPercentile":0.559},"geometry":{"type":"LineString","coordinates":[[2.394201,48.8277066],[2.3945917,48.8277515],[2.3950718,48.8278186],[2.3954002,48.8278745],[2.3957093,48.8279387],[2.3990644,48.8286921]]}},{"type":"Feature","id":"risk-193","properties":{"segmentId":"16883675:0","accidentCount":8,"accidentsPerKm":38.835,"percentile":0.729,"countPercentile":0.821,"riskLevel":1,"riskScore":0.556,"highway":"primary","name":"Pont du Garigliano","lengthM":206,"yearsFrom":2019,"yearsTo":2024,"metric":"density","trafficSource":"none"},"geometry":{"type":"LineString","coordinates":[[2.2695351,48.8387987],[2.2695086,48.8388108],[2.2694779,48.8388248],[2.2672227,48.8398503]]}},{"type":"Feature","id":"risk-194","properties":{"segmentId":"511300387:0","accidentCount":16,"accidentsPerKm":56.537,"percentile":0.869,"countPercentile":0.971,"riskLevel":2,"riskScore":0.717,"highway":"primary","name":"Avenue de la République","lengthM":283,"yearsFrom":2019,"yearsTo":2024,"metric":"density","trafficSource":"none"},"geometry":{"type":"LineString","coordinates":[[2.3708611,48.865967],[2.3711382,48.865912],[2.3715638,48.8658357],[2.3721847,48.8657187],[2.3724182,48.8656748],[2.3724949,48.8656603],[2.3727678,48.8656089],[2.3739014,48.8653954],[2.3742382,48.8653294],[2.3742953,48.8653193],[2.3744427,48.8652885],[2.374574,48.8652644]]}},{"type":"Feature","id":"risk-195","properties":{"segmentId":"680050130:0","accidentCount":5,"accidentsPerKm":59.524,"percentile":0.88,"countPercentile":0.54,"riskLevel":2,"riskScore":0.729,"highway":"primary","name":"Boulevard de Magenta","lengthM":84,"yearsFrom":2019,"yearsTo":2024,"metric":"density","trafficSource":"none"},"geometry":{"type":"LineString","coordinates":[[2.357312,48.8748929],[2.3572505,48.8749565],[2.3570974,48.8751306],[2.3570813,48.8751487],[2.356717,48.8755402]]}},{"type":"Feature","id":"risk-196","properties":{"segmentId":"10243275:0","accidentCount":14,"accidentsPerKm":74.866,"percentile":0.934,"countPercentile":0.956,"riskLevel":3,"riskScore":0.792,"highway":"secondary","name":"Pont d'Asnières","lengthM":187,"yearsFrom":2019,"yearsTo":2024,"metric":"density","trafficSource":"none"},"geometry":{"type":"LineString","coordinates":[[2.2879308,48.9048524],[2.28945,48.9035458],[2.2894834,48.9035171]]}},{"type":"Feature","id":"risk-197","properties":{"segmentId":"195442539:0","accidentCount":12,"accidentsPerKm":75.949,"percentile":0.936,"countPercentile":0.933,"riskLevel":3,"riskScore":0.794,"highway":"primary","name":"Quai Marcel Dassault","lengthM":158,"yearsFrom":2019,"yearsTo":2024,"metric":"density","trafficSource":"none"},"geometry":{"type":"LineString","coordinates":[[2.222663,48.8543037],[2.2226989,48.8546202],[2.2227143,48.8546773],[2.2228339,48.8551222],[2.2228701,48.8552445],[2.2230056,48.8557017]]}},{"type":"Feature","id":"risk-198","properties":{"segmentId":"805472017:0","accidentCount":6,"accidentsPerKm":100,"percentile":0.966,"countPercentile":0.675,"riskLevel":3,"riskScore":0.828,"highway":"primary","name":"Avenue du Maréchal Joffre","lengthM":60,"yearsFrom":2019,"yearsTo":2023,"metric":"density","trafficSource":"none"},"geometry":{"type":"LineString","coordinates":[[2.1951441,48.8851092],[2.1957053,48.885313],[2.1958668,48.8853717]]}},{"type":"Feature","id":"risk-199","properties":{"segmentId":"337216552:1","accidentCount":10,"accidentsPerKm":38.314,"percentile":0.724,"countPercentile":0.896,"riskLevel":1,"riskScore":0.55,"highway":"secondary","name":"Boulevard de la République","lengthM":261,"yearsFrom":2019,"yearsTo":2024,"metric":"density","trafficSource":"none"},"geometry":{"type":"LineString","coordinates":[[2.244765,48.906845],[2.2446301,48.9068626],[2.2445699,48.9068705],[2.2442174,48.9069134],[2.243683,48.9069831],[2.2434604,48.9070132],[2.2433335,48.9070287],[2.2432845,48.9070347],[2.2420351,48.90719],[2.2412609,48.9072896]]}},{"type":"Feature","id":"risk-200","properties":{"segmentId":"310006099:0","accidentCount":4,"accidentsPerKm":61.538,"percentile":0.889,"countPercentile":0.349,"riskLevel":2,"riskScore":0.74,"highway":"tertiary","name":"Rue Paul Bert","lengthM":65,"yearsFrom":2019,"yearsTo":2024,"metric":"density","trafficSource":"none"},"geometry":{"type":"LineString","coordinates":[[2.2453688,48.9303375],[2.2454875,48.9302393],[2.2459253,48.9298769]]}},{"type":"Feature","id":"risk-201","properties":{"segmentId":"32962033:0","accidentCount":5,"accidentsPerKm":42.735,"percentile":0.773,"countPercentile":0.541,"riskLevel":2,"riskScore":0.606,"highway":"motorway","lengthM":117,"yearsFrom":2019,"yearsTo":2023,"metric":"density","trafficSource":"none"},"geometry":{"type":"LineString","coordinates":[[2.340833,48.8076898],[2.3406753,48.8078913],[2.3403058,48.8083118],[2.3402657,48.8083552],[2.3400382,48.8086018]]}},{"type":"Feature","id":"risk-202","properties":{"segmentId":"616643416:0","accidentCount":20,"accidentsPerKm":101.523,"percentile":0.967,"countPercentile":0.991,"riskLevel":3,"riskScore":0.83,"highway":"trunk","name":"Boulevard Périphérique Extérieur","lengthM":197,"yearsFrom":2019,"yearsTo":2023,"metric":"density","trafficSource":"none"},"geometry":{"type":"LineString","coordinates":[[2.272728,48.8709632],[2.2724235,48.8706709],[2.2721292,48.8704125],[2.2716243,48.8699945],[2.2713352,48.8697527],[2.2711059,48.8695527]]}},{"type":"Feature","id":"risk-203","properties":{"segmentId":"573577568:0","accidentCount":7,"accidentsPerKm":67.961,"percentile":0.914,"countPercentile":0.754,"riskLevel":3,"riskScore":0.769,"highway":"secondary","name":"Avenue de la Bourdonnais","lengthM":103,"yearsFrom":2019,"yearsTo":2023,"metric":"density","trafficSource":"none"},"geometry":{"type":"LineString","coordinates":[[2.2956191,48.8605421],[2.2957321,48.8604697],[2.295778,48.8604398],[2.2958808,48.8603724],[2.2965363,48.8599543],[2.2966247,48.8598976]]}},{"type":"Feature","id":"risk-204","properties":{"segmentId":"162384239:0","accidentCount":10,"accidentsPerKm":59.524,"percentile":0.88,"countPercentile":0.896,"riskLevel":2,"riskScore":0.729,"highway":"primary","name":"Quai des Célestins","lengthM":168,"yearsFrom":2019,"yearsTo":2022,"metric":"density","trafficSource":"none"},"geometry":{"type":"LineString","coordinates":[[2.3598343,48.8526055],[2.3589713,48.8529093],[2.3589005,48.8529362],[2.3580485,48.853248],[2.3579914,48.8532689],[2.3578164,48.8533327]]}},{"type":"Feature","id":"risk-205","properties":{"segmentId":"31975976:0","accidentCount":8,"accidentsPerKm":41.667,"percentile":0.758,"countPercentile":0.822,"riskLevel":2,"riskScore":0.589,"highway":"primary","name":"Pont de Clichy","lengthM":192,"yearsFrom":2019,"yearsTo":2023,"metric":"density","trafficSource":"none"},"geometry":{"type":"LineString","coordinates":[[2.2991018,48.910501],[2.299823,48.9088392]]}},{"type":"Feature","id":"risk-206","properties":{"segmentId":"14017183:0","accidentCount":15,"accidentsPerKm":51.724,"percentile":0.85,"countPercentile":0.964,"riskLevel":2,"riskScore":0.695,"highway":"motorway","lengthM":290,"yearsFrom":2019,"yearsTo":2024,"metric":"density","trafficSource":"tmja","tmja":131984,"tmjaDistM":261,"tmjaMeasureYear":2019,"accidentsPer100MVehKm":17.895,"tmjaPercentile":0.722},"geometry":{"type":"LineString","coordinates":[[2.4295677,48.8692347],[2.4299748,48.8695894],[2.4311445,48.870424],[2.4318001,48.8708423],[2.4322838,48.8711257]]}},{"type":"Feature","id":"risk-207","properties":{"segmentId":"694316935:0","accidentCount":4,"accidentsPerKm":49.383,"percentile":0.832,"countPercentile":0.35,"riskLevel":2,"riskScore":0.674,"highway":"trunk_link","lengthM":81,"yearsFrom":2019,"yearsTo":2023,"metric":"density","trafficSource":"none"},"geometry":{"type":"LineString","coordinates":[[2.2794985,48.8775503],[2.2789142,48.8769331]]}},{"type":"Feature","id":"risk-208","properties":{"segmentId":"14184552:0","accidentCount":14,"accidentsPerKm":189.189,"percentile":0.997,"countPercentile":0.957,"riskLevel":3,"riskScore":0.864,"highway":"trunk_link","lengthM":74,"yearsFrom":2019,"yearsTo":2023,"metric":"density","trafficSource":"tmja","tmja":132186,"tmjaDistM":355,"tmjaMeasureYear":2019,"accidentsPer100MVehKm":78.424,"tmjaPercentile":0.977},"geometry":{"type":"LineString","coordinates":[[2.36454,48.9008957],[2.3637275,48.9009676],[2.3635408,48.9009996]]}},{"type":"Feature","id":"risk-209","properties":{"segmentId":"492194038:0","accidentCount":8,"accidentsPerKm":74.766,"percentile":0.933,"countPercentile":0.822,"riskLevel":3,"riskScore":0.79,"highway":"trunk","name":"Boulevard Périphérique Intérieur","lengthM":107,"yearsFrom":2019,"yearsTo":2023,"metric":"density","trafficSource":"none"},"geometry":{"type":"LineString","coordinates":[[2.2832848,48.8823907],[2.283457,48.8826049],[2.283676,48.8828281],[2.2840989,48.8831878]]}},{"type":"Feature","id":"risk-210","properties":{"segmentId":"362985276:0","accidentCount":6,"accidentsPerKm":40,"percentile":0.743,"countPercentile":0.676,"riskLevel":1,"riskScore":0.572,"highway":"trunk","name":"Boulevard Périphérique Intérieur","lengthM":150,"yearsFrom":2019,"yearsTo":2024,"metric":"density","trafficSource":"none"},"geometry":{"type":"LineString","coordinates":[[2.3168688,48.8219899],[2.3167185,48.8220249],[2.3164464,48.8221054],[2.3160093,48.8222297],[2.3158401,48.8222764],[2.31566,48.8223219],[2.3153572,48.8223935],[2.3149661,48.822482]]}},{"type":"Feature","id":"risk-211","properties":{"segmentId":"376214217:0","accidentCount":18,"accidentsPerKm":52.941,"percentile":0.856,"countPercentile":0.983,"riskLevel":2,"riskScore":0.702,"highway":"primary","name":"Quai Henri IV","lengthM":340,"yearsFrom":2019,"yearsTo":2024,"metric":"density","trafficSource":"none"},"geometry":{"type":"LineString","coordinates":[[2.3614314,48.850828],[2.361431,48.850755],[2.361432,48.8505156],[2.3614504,48.8499081],[2.3614562,48.8498524],[2.3615008,48.8496799],[2.3615718,48.8495626],[2.3618088,48.8493742],[2.3619611,48.8492724],[2.3624378,48.8489536],[2.3626368,48.8488212],[2.363444,48.8482718]]}},{"type":"Feature","id":"risk-212","properties":{"segmentId":"538779472:0","accidentCount":9,"accidentsPerKm":49.724,"percentile":0.835,"countPercentile":0.868,"riskLevel":2,"riskScore":0.678,"highway":"secondary","name":"Boulevard du Bois le Prêtre","lengthM":181,"yearsFrom":2019,"yearsTo":2024,"metric":"density","trafficSource":"none"},"geometry":{"type":"LineString","coordinates":[[2.3212566,48.8992065],[2.3211009,48.8992472],[2.3210312,48.8992655],[2.3209901,48.8992763],[2.3208598,48.8993105],[2.3199741,48.8995349],[2.3191313,48.8997527],[2.3189999,48.8997793],[2.3189494,48.8997857]]}},{"type":"Feature","id":"risk-213","properties":{"segmentId":"17075298:0","accidentCount":12,"accidentsPerKm":55.3,"percentile":0.865,"countPercentile":0.933,"riskLevel":2,"riskScore":0.712,"highway":"trunk","name":"Boulevard Périphérique Extérieur","lengthM":217,"yearsFrom":2019,"yearsTo":2024,"metric":"density","trafficSource":"none"},"geometry":{"type":"LineString","coordinates":[[2.4035815,48.8311047],[2.4058281,48.8323742]]}},{"type":"Feature","id":"risk-214","properties":{"segmentId":"639667209:0","accidentCount":7,"accidentsPerKm":39.106,"percentile":0.735,"countPercentile":0.755,"riskLevel":1,"riskScore":0.563,"highway":"tertiary","name":"Rue des Écoles","lengthM":179,"yearsFrom":2019,"yearsTo":2023,"metric":"density","trafficSource":"none"},"geometry":{"type":"LineString","coordinates":[[2.3426437,48.8503076],[2.3428036,48.8502446],[2.3428798,48.8502173],[2.3431096,48.8501311],[2.343373,48.8500299],[2.3435551,48.84996],[2.3436478,48.849929],[2.3437377,48.8499],[2.3442217,48.8497669],[2.3447421,48.8496241],[2.3448304,48.8495998]]}},{"type":"Feature","id":"risk-215","properties":{"segmentId":"733960546:0","accidentCount":5,"accidentsPerKm":73.529,"percentile":0.93,"countPercentile":0.542,"riskLevel":3,"riskScore":0.787,"highway":"primary","name":"Boulevard Saint-Germain","lengthM":68,"yearsFrom":2019,"yearsTo":2022,"metric":"density","trafficSource":"none"},"geometry":{"type":"LineString","coordinates":[[2.3563214,48.8493852],[2.3566583,48.849329],[2.3569548,48.8492794],[2.3572253,48.8492523]]}},{"type":"Feature","id":"risk-216","properties":{"segmentId":"24044330:0","accidentCount":16,"accidentsPerKm":61.303,"percentile":0.888,"countPercentile":0.971,"riskLevel":2,"riskScore":0.739,"highway":"tertiary","name":"Rue de Ménilmontant","lengthM":261,"yearsFrom":2019,"yearsTo":2024,"metric":"density","trafficSource":"none"},"geometry":{"type":"LineString","coordinates":[[2.3832861,48.8671068],[2.3834552,48.8671456],[2.3850858,48.8675494],[2.3851666,48.8675702],[2.3865155,48.8678963],[2.3866245,48.8679235]]}},{"type":"Feature","id":"risk-217","properties":{"segmentId":"109400082:0","accidentCount":13,"accidentsPerKm":62.201,"percentile":0.892,"countPercentile":0.947,"riskLevel":2,"riskScore":0.743,"highway":"primary","name":"Rue Belgrand","lengthM":209,"yearsFrom":2019,"yearsTo":2024,"metric":"density","trafficSource":"none"},"geometry":{"type":"LineString","coordinates":[[2.4041582,48.8646874],[2.4040128,48.864694],[2.4035528,48.8647148],[2.4032519,48.8647284],[2.4031011,48.8647341],[2.4027167,48.8647536],[2.4014782,48.8648004],[2.4013042,48.864807]]}},{"type":"Feature","id":"risk-218","properties":{"segmentId":"64320681:0","accidentCount":8,"accidentsPerKm":126.984,"percentile":0.984,"countPercentile":0.823,"riskLevel":3,"riskScore":0.849,"highway":"primary","name":"Boulevard d'Indochine","lengthM":63,"yearsFrom":2019,"yearsTo":2024,"metric":"density","trafficSource":"none"},"geometry":{"type":"LineString","coordinates":[[2.3964804,48.8856466],[2.3965135,48.8858485],[2.396506,48.8859333],[2.3965008,48.885965],[2.396494,48.8860059],[2.3964903,48.8860492],[2.3964954,48.8860618],[2.3965045,48.8860724],[2.3965241,48.8860885],[2.3965611,48.886119],[2.3966021,48.8861461],[2.3966453,48.8861684]]}},{"type":"Feature","id":"risk-219","properties":{"segmentId":"25474248:0","accidentCount":21,"accidentsPerKm":73.944,"percentile":0.932,"countPercentile":0.995,"riskLevel":3,"riskScore":0.789,"highway":"primary","name":"Boulevard Ornano","lengthM":284,"yearsFrom":2019,"yearsTo":2024,"metric":"density","trafficSource":"none"},"geometry":{"type":"LineString","coordinates":[[2.3496036,48.8915703],[2.349577,48.8916826],[2.349517,48.8918013],[2.349262,48.892102],[2.3491293,48.8922565],[2.3490996,48.892293],[2.3488082,48.8926537],[2.348693,48.8927849],[2.3482627,48.8932791],[2.3480881,48.8934943],[2.3479475,48.8936558],[2.3478135,48.8938298]]}},{"type":"Feature","id":"risk-220","properties":{"segmentId":"52073600:0","accidentCount":15,"accidentsPerKm":150,"percentile":0.993,"countPercentile":0.964,"riskLevel":3,"riskScore":0.859,"highway":"primary","name":"Avenue de la Porte d'Asnières","lengthM":100,"yearsFrom":2019,"yearsTo":2024,"metric":"density","trafficSource":"none"},"geometry":{"type":"LineString","coordinates":[[2.3025282,48.8910624],[2.3024383,48.8911298],[2.3021794,48.891334],[2.301908,48.8915459],[2.3017609,48.891662],[2.3017423,48.8916765],[2.3017266,48.891689],[2.3016547,48.8917496]]}},{"type":"Feature","id":"risk-221","properties":{"segmentId":"638578600:0","accidentCount":9,"accidentsPerKm":51.429,"percentile":0.848,"countPercentile":0.868,"riskLevel":2,"riskScore":0.693,"highway":"primary","name":"Boulevard Berthier","lengthM":175,"yearsFrom":2019,"yearsTo":2024,"metric":"density","trafficSource":"none"},"geometry":{"type":"LineString","coordinates":[[2.2996489,48.8881],[2.2994757,48.8880188],[2.2994337,48.8879992],[2.2981905,48.8874088],[2.2981572,48.887393],[2.2981147,48.887375],[2.2979685,48.8873242],[2.297894,48.8873075],[2.2978152,48.887295],[2.297731,48.8872861],[2.2976843,48.8872844],[2.2976438,48.887283]]}},{"type":"Feature","id":"risk-222","properties":{"segmentId":"52073596:0","accidentCount":10,"accidentsPerKm":51.282,"percentile":0.847,"countPercentile":0.896,"riskLevel":2,"riskScore":0.692,"highway":"secondary","name":"Avenue Niel","lengthM":195,"yearsFrom":2019,"yearsTo":2024,"metric":"density","trafficSource":"none"},"geometry":{"type":"LineString","coordinates":[[2.2955218,48.8812718],[2.2955748,48.8813634],[2.2955909,48.8813936],[2.2956808,48.8815521],[2.2958633,48.8818814],[2.2959857,48.8821277],[2.2963387,48.8828331],[2.2963839,48.8829298]]}},{"type":"Feature","id":"risk-223","properties":{"segmentId":"4039160:0","accidentCount":26,"accidentsPerKm":92.199,"percentile":0.96,"countPercentile":0.998,"riskLevel":3,"riskScore":0.821,"highway":"secondary","name":"Avenue Kléber","lengthM":282,"yearsFrom":2019,"yearsTo":2024,"metric":"density","trafficSource":"none"},"geometry":{"type":"LineString","coordinates":[[2.2878743,48.863905],[2.288077,48.8641782],[2.2884641,48.8647172],[2.2885258,48.8647999],[2.2886674,48.8649948],[2.2888145,48.8651981],[2.2894862,48.8661243],[2.2895078,48.8661563],[2.289533,48.8661934]]}},{"type":"Feature","id":"risk-224","properties":{"segmentId":"722483413:0","accidentCount":5,"accidentsPerKm":73.529,"percentile":0.931,"countPercentile":0.542,"riskLevel":3,"riskScore":0.788,"highway":"secondary","name":"Avenue Ingres","lengthM":68,"yearsFrom":2019,"yearsTo":2023,"metric":"density","trafficSource":"none"},"geometry":{"type":"LineString","coordinates":[[2.2655182,48.8571167],[2.2650619,48.8572433],[2.2648469,48.8573031],[2.2648185,48.8573108],[2.2646623,48.8573541]]}},{"type":"Feature","id":"risk-225","properties":{"segmentId":"4039896:0","accidentCount":17,"accidentsPerKm":43.257,"percentile":0.778,"countPercentile":0.979,"riskLevel":2,"riskScore":0.612,"highway":"secondary","name":"Avenue Victor Hugo","lengthM":393,"yearsFrom":2019,"yearsTo":2024,"metric":"density","trafficSource":"none"},"geometry":{"type":"LineString","coordinates":[[2.286235,48.8700559],[2.2876928,48.8706717],[2.2877632,48.8707014],[2.2880361,48.8708164],[2.2887764,48.8711284],[2.2888586,48.8711631],[2.2889963,48.8712213],[2.2892281,48.8713194],[2.2892652,48.8713351],[2.2907554,48.8719655]]}},{"type":"Feature","id":"risk-226","properties":{"segmentId":"1381692244:0","accidentCount":8,"accidentsPerKm":131.148,"percentile":0.986,"countPercentile":0.823,"riskLevel":3,"riskScore":0.851,"highway":"secondary","name":"Place du Trocadéro et du 11 Novembre 1918","lengthM":61,"yearsFrom":2019,"yearsTo":2024,"metric":"density","trafficSource":"none"},"geometry":{"type":"LineString","coordinates":[[2.2864273,48.8629449],[2.2864345,48.8628765],[2.2864538,48.862809],[2.2864837,48.8627445],[2.2865278,48.8626844],[2.2865792,48.8626317],[2.2866569,48.862577],[2.2868239,48.8624949]]}},{"type":"Feature","id":"risk-227","properties":{"segmentId":"4527649:0","accidentCount":6,"accidentsPerKm":61.224,"percentile":0.888,"countPercentile":0.676,"riskLevel":2,"riskScore":0.739,"highway":"secondary","name":"Avenue de Suffren","lengthM":98,"yearsFrom":2019,"yearsTo":2023,"metric":"density","trafficSource":"none"},"geometry":{"type":"LineString","coordinates":[[2.3095954,48.8457294],[2.3095455,48.8457855],[2.3090173,48.8461429],[2.3086408,48.8463373]]}},{"type":"Feature","id":"risk-228","properties":{"segmentId":"679313283:0","accidentCount":6,"accidentsPerKm":65.217,"percentile":0.905,"countPercentile":0.676,"riskLevel":3,"riskScore":0.758,"highway":"secondary","name":"Avenue Gambetta","lengthM":92,"yearsFrom":2019,"yearsTo":2023,"metric":"density","trafficSource":"none"},"geometry":{"type":"LineString","coordinates":[[2.4016942,48.8686136],[2.4018329,48.8687703],[2.4019927,48.8689509],[2.4020658,48.8690335],[2.4023263,48.8693278]]}},{"type":"Feature","id":"risk-229","properties":{"segmentId":"37214872:0","accidentCount":15,"accidentsPerKm":99.338,"percentile":0.965,"countPercentile":0.964,"riskLevel":3,"riskScore":0.827,"highway":"primary","name":"Avenue Jean Jaurès","lengthM":151,"yearsFrom":2019,"yearsTo":2023,"metric":"density","trafficSource":"none"},"geometry":{"type":"LineString","coordinates":[[2.3714466,48.883094],[2.3722275,48.8833061],[2.3731852,48.8835494],[2.3733657,48.8835967]]}},{"type":"Feature","id":"risk-230","properties":{"segmentId":"653965121:0","accidentCount":22,"accidentsPerKm":151.724,"percentile":0.993,"countPercentile":0.996,"riskLevel":3,"riskScore":0.859,"highway":"primary","name":"Avenue de la Porte de Saint-Ouen","lengthM":145,"yearsFrom":2019,"yearsTo":2024,"metric":"density","trafficSource":"none"},"geometry":{"type":"LineString","coordinates":[[2.3290141,48.8977307],[2.329056,48.897838],[2.329064,48.8978676],[2.3290762,48.8979009],[2.3290907,48.8979407],[2.3291489,48.8981004],[2.3291812,48.8981888],[2.3292513,48.8983208],[2.3294222,48.8988468],[2.3294397,48.8988878],[2.329477,48.8989992]]}},{"type":"Feature","id":"risk-231","properties":{"segmentId":"1187327129:0","accidentCount":9,"accidentsPerKm":80.357,"percentile":0.946,"countPercentile":0.869,"riskLevel":3,"riskScore":0.805,"highway":"primary","name":"Avenue d'Italie","lengthM":112,"yearsFrom":2019,"yearsTo":2023,"metric":"density","trafficSource":"none"},"geometry":{"type":"LineString","coordinates":[[2.3565824,48.8284216],[2.356611,48.8283266],[2.3566885,48.8280737],[2.356773,48.8277963],[2.3568068,48.8276855],[2.3568358,48.827578],[2.3568417,48.8275562],[2.3568511,48.8275335],[2.3568678,48.827482],[2.3568841,48.8274318]]}},{"type":"Feature","id":"risk-232","properties":{"segmentId":"51111533:0","accidentCount":5,"accidentsPerKm":64.935,"percentile":0.904,"countPercentile":0.542,"riskLevel":3,"riskScore":0.757,"highway":"primary","name":"Boulevard de Magenta","lengthM":77,"yearsFrom":2019,"yearsTo":2023,"metric":"density","trafficSource":"none"},"geometry":{"type":"LineString","coordinates":[[2.3629525,48.8686645],[2.3629237,48.8686977],[2.3628975,48.8687279],[2.3625794,48.8690746],[2.3625702,48.8690848],[2.3625502,48.8691061],[2.3623739,48.8692412]]}},{"type":"Feature","id":"risk-233","properties":{"segmentId":"71221834:0","accidentCount":4,"accidentsPerKm":54.054,"percentile":0.86,"countPercentile":0.352,"riskLevel":2,"riskScore":0.706,"highway":"secondary","name":"Rue du Louvre","lengthM":74,"yearsFrom":2019,"yearsTo":2024,"metric":"density","trafficSource":"none"},"geometry":{"type":"LineString","coordinates":[[2.3419136,48.8630495],[2.3418744,48.8629684],[2.3418404,48.8629013],[2.3418298,48.8628795],[2.3418181,48.8628568],[2.341717,48.8626594],[2.3417048,48.8626344],[2.3415931,48.8624179]]}},{"type":"Feature","id":"risk-234","properties":{"segmentId":"4039352:0","accidentCount":6,"accidentsPerKm":86.957,"percentile":0.954,"countPercentile":0.677,"riskLevel":3,"riskScore":0.815,"highway":"tertiary","name":"Rue Paul Bert","lengthM":69,"yearsFrom":2019,"yearsTo":2022,"metric":"density","trafficSource":"none"},"geometry":{"type":"LineString","coordinates":[[2.247001,48.9273882],[2.2470364,48.9272446],[2.2470443,48.9272171],[2.2470491,48.9272004],[2.2470592,48.9271734],[2.2471072,48.9269823],[2.2471587,48.9267774]]}},{"type":"Feature","id":"risk-235","properties":{"segmentId":"13987834:0","accidentCount":11,"accidentsPerKm":48.458,"percentile":0.826,"countPercentile":0.921,"riskLevel":2,"riskScore":0.667,"highway":"trunk","name":"Boulevard Périphérique Extérieur","lengthM":227,"yearsFrom":2019,"yearsTo":2024,"metric":"density","trafficSource":"tmja","tmja":132186,"tmjaDistM":417,"tmjaMeasureYear":2019,"accidentsPer100MVehKm":16.739,"tmjaPercentile":0.701},"geometry":{"type":"LineString","coordinates":[[2.3550456,48.9010927],[2.3540641,48.9011681],[2.3533011,48.9012021],[2.3526536,48.9012101],[2.3519456,48.9012023]]}},{"type":"Feature","id":"risk-236","properties":{"segmentId":"25699861:0","accidentCount":13,"accidentsPerKm":54.622,"percentile":0.864,"countPercentile":0.948,"riskLevel":2,"riskScore":0.711,"highway":"trunk","name":"Boulevard Périphérique Intérieur","lengthM":238,"yearsFrom":2019,"yearsTo":2024,"metric":"density","trafficSource":"none"},"geometry":{"type":"LineString","coordinates":[[2.3142195,48.8226497],[2.3111348,48.8233373]]}},{"type":"Feature","id":"risk-237","properties":{"segmentId":"506103810:0","accidentCount":16,"accidentsPerKm":48.93,"percentile":0.828,"countPercentile":0.971,"riskLevel":2,"riskScore":0.67,"highway":"trunk","name":"Boulevard Périphérique Intérieur","lengthM":327,"yearsFrom":2019,"yearsTo":2024,"metric":"density","trafficSource":"none"},"geometry":{"type":"LineString","coordinates":[[2.4137918,48.8438046],[2.4136976,48.8432171],[2.4136059,48.8418774],[2.4135173,48.8408729]]}},{"type":"Feature","id":"risk-238","properties":{"segmentId":"4039245:0","accidentCount":8,"accidentsPerKm":56.338,"percentile":0.868,"countPercentile":0.824,"riskLevel":2,"riskScore":0.716,"highway":"secondary","name":"Rue Ordener","lengthM":142,"yearsFrom":2019,"yearsTo":2024,"metric":"density","trafficSource":"none"},"geometry":{"type":"LineString","coordinates":[[2.3598189,48.8902755],[2.3597188,48.8902817],[2.3596553,48.8902813],[2.3590882,48.8902772],[2.3584667,48.8903033],[2.3583105,48.8903072],[2.358167,48.8903113],[2.3578781,48.8903116]]}},{"type":"Feature","id":"risk-239","properties":{"segmentId":"156620491:0","accidentCount":19,"accidentsPerKm":292.308,"percentile":1,"countPercentile":0.988,"riskLevel":3,"riskScore":0.867,"highway":"primary","name":"Rue de la Chapelle","lengthM":65,"yearsFrom":2019,"yearsTo":2024,"metric":"density","trafficSource":"none"},"geometry":{"type":"LineString","coordinates":[[2.3599658,48.890254],[2.3599586,48.8903906],[2.3599594,48.8904643],[2.3599561,48.890542],[2.3599518,48.8906415],[2.3599502,48.8907143],[2.3599478,48.8907502],[2.3599466,48.890841]]}},{"type":"Feature","id":"risk-240","properties":{"segmentId":"4450686:0","accidentCount":16,"accidentsPerKm":44.077,"percentile":0.787,"countPercentile":0.971,"riskLevel":2,"riskScore":0.623,"highway":"secondary","name":"Avenue Mac-Mahon","lengthM":363,"yearsFrom":2019,"yearsTo":2024,"metric":"density","trafficSource":"none"},"geometry":{"type":"LineString","coordinates":[[2.2942209,48.8786461],[2.2942355,48.8785271],[2.2942436,48.8784348],[2.2942523,48.8783838],[2.2944053,48.8774887],[2.2944217,48.8773931],[2.2944648,48.8771408],[2.2945186,48.8768447],[2.2945397,48.8767109],[2.2945482,48.8766417],[2.2945733,48.8765022],[2.29477,48.8754032]]}},{"type":"Feature","id":"risk-241","properties":{"segmentId":"193465143:0","accidentCount":19,"accidentsPerKm":279.412,"percentile":1,"countPercentile":0.988,"riskLevel":3,"riskScore":0.867,"highway":"primary","name":"Place Charles de Gaulle","lengthM":68,"yearsFrom":2019,"yearsTo":2024,"metric":"density","trafficSource":"none"},"geometry":{"type":"LineString","coordinates":[[2.294914,48.8744042],[2.2947932,48.8743875],[2.294711,48.8743673],[2.2946163,48.8743359],[2.2945107,48.8742957],[2.2944335,48.8742464],[2.2943593,48.8742034],[2.2943024,48.8741552],[2.2942459,48.8741],[2.2941973,48.8740465]]}},{"type":"Feature","id":"risk-242","properties":{"segmentId":"824923520:0","accidentCount":6,"accidentsPerKm":62.5,"percentile":0.893,"countPercentile":0.678,"riskLevel":2,"riskScore":0.744,"highway":"secondary","name":"Rue d'Alésia","lengthM":96,"yearsFrom":2019,"yearsTo":2023,"metric":"density","trafficSource":"none"},"geometry":{"type":"LineString","coordinates":[[2.3204062,48.8301097],[2.3203081,48.8301463],[2.3202521,48.8301672],[2.3200615,48.8302368],[2.3196756,48.8303799],[2.3195923,48.8304101],[2.3195303,48.8304332],[2.319263,48.8305326]]}},{"type":"Feature","id":"risk-243","properties":{"segmentId":"812822163:0","accidentCount":7,"accidentsPerKm":70.707,"percentile":0.923,"countPercentile":0.755,"riskLevel":3,"riskScore":0.779,"highway":"primary","name":"Avenue d'Iéna","lengthM":99,"yearsFrom":2019,"yearsTo":2023,"metric":"density","trafficSource":"none"},"geometry":{"type":"LineString","coordinates":[[2.2951542,48.8731663],[2.295211,48.8727548],[2.2952152,48.8727243],[2.2952207,48.8726906],[2.2952353,48.8726009],[2.2952565,48.8724033],[2.2952613,48.8723584],[2.2952665,48.8723111],[2.2952715,48.872278]]}},{"type":"Feature","id":"risk-244","properties":{"segmentId":"376214217:1","accidentCount":6,"accidentsPerKm":41.096,"percentile":0.753,"countPercentile":0.678,"riskLevel":2,"riskScore":0.583,"highway":"primary","name":"Quai Henri IV","lengthM":146,"yearsFrom":2019,"yearsTo":2023,"metric":"density","trafficSource":"none"},"geometry":{"type":"LineString","coordinates":[[2.363444,48.8482718],[2.3640916,48.8478357],[2.3641795,48.8477757],[2.3645822,48.8474992],[2.3646544,48.8474496],[2.3647369,48.8473881],[2.3647546,48.8473729],[2.3647791,48.8473518],[2.3648151,48.8473233]]}},{"type":"Feature","id":"risk-245","properties":{"segmentId":"108312173:0","accidentCount":11,"accidentsPerKm":70.064,"percentile":0.92,"countPercentile":0.921,"riskLevel":3,"riskScore":0.776,"highway":"primary","name":"Boulevard Jean Jaurès","lengthM":157,"yearsFrom":2019,"yearsTo":2024,"metric":"density","trafficSource":"none"},"geometry":{"type":"LineString","coordinates":[[2.3369228,48.9144881],[2.336856,48.9144332],[2.3367846,48.9143745],[2.3366998,48.9143055],[2.3365886,48.9142149],[2.3362453,48.9139453],[2.3359109,48.9136762],[2.3358738,48.9136463],[2.3358037,48.9135899],[2.3355582,48.9133928]]}},{"type":"Feature","id":"risk-246","properties":{"segmentId":"802144812:0","accidentCount":7,"accidentsPerKm":44.025,"percentile":0.787,"countPercentile":0.756,"riskLevel":2,"riskScore":0.623,"highway":"primary","name":"Avenue Jean Jaurès","lengthM":159,"yearsFrom":2019,"yearsTo":2023,"metric":"density","trafficSource":"none"},"geometry":{"type":"LineString","coordinates":[[2.3994726,48.9105569],[2.3994178,48.910507],[2.3993787,48.9104714],[2.3992998,48.9103995],[2.3991745,48.9102854],[2.398647,48.909805],[2.3983148,48.9095001],[2.3982611,48.9093795]]}},{"type":"Feature","id":"risk-247","properties":{"segmentId":"23109826:0","accidentCount":20,"accidentsPerKm":70.671,"percentile":0.923,"countPercentile":0.992,"riskLevel":3,"riskScore":0.779,"highway":"secondary","name":"Boulevard Victor Hugo","lengthM":283,"yearsFrom":2019,"yearsTo":2024,"metric":"density","trafficSource":"none"},"geometry":{"type":"LineString","coordinates":[[2.3149145,48.9002037],[2.3148315,48.9001502],[2.3144536,48.8999125],[2.3141353,48.8997116],[2.3140424,48.8996474],[2.313732,48.8994528],[2.3133793,48.8992395],[2.313297,48.8991882],[2.3131298,48.8990838],[2.312845,48.8989062],[2.3125064,48.8986953],[2.3121155,48.8984485]]}},{"type":"Feature","id":"risk-248","properties":{"segmentId":"1137216455:0","accidentCount":5,"accidentsPerKm":43.86,"percentile":0.784,"countPercentile":0.543,"riskLevel":2,"riskScore":0.619,"highway":"tertiary","name":"Rue Gallieni","lengthM":114,"yearsFrom":2019,"yearsTo":2024,"metric":"density","trafficSource":"none"},"geometry":{"type":"LineString","coordinates":[[2.2308814,48.8354382],[2.231334,48.835494],[2.232207,48.8356019],[2.2322722,48.8356099],[2.2323212,48.835616],[2.2324043,48.8356302]]}},{"type":"Feature","id":"risk-249","properties":{"segmentId":"355813794:0","accidentCount":7,"accidentsPerKm":39.106,"percentile":0.735,"countPercentile":0.756,"riskLevel":1,"riskScore":0.563,"highway":"primary","name":"Avenue Édouard Vaillant","lengthM":179,"yearsFrom":2019,"yearsTo":2023,"metric":"density","trafficSource":"none"},"geometry":{"type":"LineString","coordinates":[[2.2459163,48.8344448],[2.2448188,48.8341102],[2.2442463,48.8339356],[2.2439652,48.8338499],[2.2438946,48.8338292],[2.2436944,48.8337671]]}},{"type":"Feature","id":"risk-250","properties":{"segmentId":"775683363:0","accidentCount":7,"accidentsPerKm":68.627,"percentile":0.916,"countPercentile":0.757,"riskLevel":3,"riskScore":0.771,"highway":"secondary","name":"Place des Insurgés de Varsovie","lengthM":102,"yearsFrom":2019,"yearsTo":2023,"metric":"density","trafficSource":"none"},"geometry":{"type":"LineString","coordinates":[[2.2927347,48.8277764],[2.292591,48.8278168],[2.2925111,48.8278243],[2.2923742,48.8278062],[2.2923245,48.8277899],[2.2922067,48.8277163],[2.2921742,48.8276666],[2.2921291,48.8275784],[2.2921208,48.8275143],[2.2921344,48.8273784],[2.2921825,48.827309],[2.2922829,48.8272338]]}},{"type":"Feature","id":"risk-251","properties":{"segmentId":"129453869:1","accidentCount":11,"accidentsPerKm":63.218,"percentile":0.897,"countPercentile":0.922,"riskLevel":2,"riskScore":0.749,"highway":"primary","name":"Boulevard Maxime Gorki","lengthM":174,"yearsFrom":2019,"yearsTo":2024,"metric":"density","trafficSource":"none"},"geometry":{"type":"LineString","coordinates":[[2.3692149,48.7931243],[2.3692565,48.7929114],[2.3692617,48.7928845],[2.3692886,48.7927468],[2.3693172,48.7926139],[2.3693692,48.7923725],[2.3694115,48.7921513],[2.3694721,48.791789],[2.3694825,48.7916884],[2.3694847,48.7916676],[2.3694931,48.7915722]]}},{"type":"Feature","id":"risk-252","properties":{"segmentId":"1132500210:0","accidentCount":4,"accidentsPerKm":40,"percentile":0.743,"countPercentile":0.355,"riskLevel":1,"riskScore":0.572,"highway":"secondary","name":"Avenue de la Commune de Paris","lengthM":100,"yearsFrom":2019,"yearsTo":2021,"metric":"density","trafficSource":"tmja","tmja":92091,"tmjaDistM":394,"tmjaMeasureYear":2019,"accidentsPer100MVehKm":39.667,"tmjaPercentile":0.915},"geometry":{"type":"LineString","coordinates":[[2.2130432,48.90811],[2.2127331,48.9079056],[2.2127234,48.9078984],[2.2120751,48.9074786]]}},{"type":"Feature","id":"risk-253","properties":{"segmentId":"342590628:0","accidentCount":6,"accidentsPerKm":54.545,"percentile":0.862,"countPercentile":0.679,"riskLevel":2,"riskScore":0.709,"highway":"primary","name":"Boulevard Jean Jaurès","lengthM":110,"yearsFrom":2019,"yearsTo":2023,"metric":"density","trafficSource":"none"},"geometry":{"type":"LineString","coordinates":[[2.3032401,48.9037043],[2.3034169,48.9034867],[2.303514,48.9033671],[2.3038885,48.9029051],[2.3039486,48.9028316]]}},{"type":"Feature","id":"risk-254","properties":{"segmentId":"69921670:0","accidentCount":16,"accidentsPerKm":56.537,"percentile":0.869,"countPercentile":0.972,"riskLevel":2,"riskScore":0.717,"highway":"primary","name":"Avenue du Général Gallieni","lengthM":283,"yearsFrom":2019,"yearsTo":2024,"metric":"density","trafficSource":"none"},"geometry":{"type":"LineString","coordinates":[[2.4744324,48.8200975],[2.4746219,48.8200972],[2.4746676,48.8200964],[2.4752842,48.8200934],[2.4753539,48.8200927],[2.475678,48.8200896],[2.476001,48.8200865],[2.4770837,48.8200761],[2.4772813,48.8200742],[2.4773889,48.8200743],[2.4780748,48.8200725],[2.4782962,48.820072]]}},{"type":"Feature","id":"risk-255","properties":{"segmentId":"35587232:0","accidentCount":8,"accidentsPerKm":62.016,"percentile":0.892,"countPercentile":0.825,"riskLevel":2,"riskScore":0.743,"highway":"trunk","name":"Boulevard Périphérique Extérieur","lengthM":129,"yearsFrom":2019,"yearsTo":2024,"metric":"density","trafficSource":"none"},"geometry":{"type":"LineString","coordinates":[[2.2771905,48.8757272],[2.2770391,48.8756315],[2.2768865,48.8755333],[2.2766623,48.8753653],[2.27643,48.8751705],[2.276244,48.8750162],[2.2760612,48.8748442]]}},{"type":"Feature","id":"risk-256","properties":{"segmentId":"8058585:0","accidentCount":11,"accidentsPerKm":87.302,"percentile":0.955,"countPercentile":0.922,"riskLevel":3,"riskScore":0.816,"highway":"primary","name":"Quai de la Rapée","lengthM":126,"yearsFrom":2019,"yearsTo":2024,"metric":"density","trafficSource":"none"},"geometry":{"type":"LineString","coordinates":[[2.3688999,48.8441152],[2.3690804,48.8440839],[2.369201,48.8440521],[2.3693217,48.8440126],[2.3694753,48.8439466],[2.369616,48.843864],[2.3702162,48.8434195]]}},{"type":"Feature","id":"risk-257","properties":{"segmentId":"839950143:0","accidentCount":6,"accidentsPerKm":75,"percentile":0.934,"countPercentile":0.679,"riskLevel":3,"riskScore":0.792,"highway":"secondary","name":"Route de Sèvres à Neuilly","lengthM":80,"yearsFrom":2019,"yearsTo":2022,"metric":"density","trafficSource":"none"},"geometry":{"type":"LineString","coordinates":[[2.2384318,48.8625285],[2.2388512,48.8630518],[2.2389537,48.8631642]]}},{"type":"Feature","id":"risk-258","properties":{"segmentId":"824923521:0","accidentCount":3,"accidentsPerKm":40.541,"percentile":0.749,"countPercentile":0.031,"riskLevel":1,"riskScore":0.579,"highway":"secondary","name":"Rue d'Alésia","lengthM":74,"yearsFrom":2019,"yearsTo":2022,"metric":"density","trafficSource":"none"},"geometry":{"type":"LineString","coordinates":[[2.3226525,48.8292991],[2.322569,48.8293291],[2.3220386,48.8295185],[2.3217672,48.8296172]]}},{"type":"Feature","id":"risk-259","properties":{"segmentId":"53799097:1","accidentCount":8,"accidentsPerKm":41.667,"percentile":0.758,"countPercentile":0.825,"riskLevel":2,"riskScore":0.589,"highway":"secondary","name":"Avenue des Gobelins","lengthM":192,"yearsFrom":2019,"yearsTo":2022,"metric":"density","trafficSource":"none"},"geometry":{"type":"LineString","coordinates":[[2.3533409,48.8346586],[2.353263,48.8347706],[2.3531912,48.8348738],[2.3530821,48.8350318],[2.3530603,48.8350634],[2.3529245,48.8352603],[2.3527808,48.8354649],[2.3525661,48.8357744],[2.3525166,48.8358433],[2.3524499,48.8359369],[2.3524223,48.835975],[2.352241,48.8362229]]}},{"type":"Feature","id":"risk-260","properties":{"segmentId":"1288424381:0","accidentCount":5,"accidentsPerKm":64.935,"percentile":0.904,"countPercentile":0.543,"riskLevel":3,"riskScore":0.757,"highway":"primary","name":"Avenue des Champs-Élysées","lengthM":77,"yearsFrom":2019,"yearsTo":2024,"metric":"density","trafficSource":"none"},"geometry":{"type":"LineString","coordinates":[[2.3194865,48.8660004],[2.3194064,48.8660257],[2.3190965,48.8661206],[2.3190731,48.8661281],[2.3190478,48.8661361],[2.3190054,48.8661496],[2.3189667,48.8661619],[2.3185313,48.8663005]]}},{"type":"Feature","id":"risk-261","properties":{"segmentId":"564192888:0","accidentCount":7,"accidentsPerKm":44.025,"percentile":0.787,"countPercentile":0.757,"riskLevel":2,"riskScore":0.623,"highway":"secondary","name":"Rue de Rome","lengthM":159,"yearsFrom":2019,"yearsTo":2024,"metric":"density","trafficSource":"none"},"geometry":{"type":"LineString","coordinates":[[2.3230811,48.8771999],[2.3230875,48.8771878],[2.3231036,48.8771562],[2.3231643,48.8770474],[2.3235859,48.8762423],[2.3236404,48.876147],[2.3236883,48.8760536],[2.3237109,48.8760141],[2.3237341,48.8759695],[2.3237966,48.8758464]]}},{"type":"Feature","id":"risk-262","properties":{"segmentId":"31725368:0","accidentCount":21,"accidentsPerKm":108.808,"percentile":0.973,"countPercentile":0.995,"riskLevel":3,"riskScore":0.836,"highway":"trunk","name":"Boulevard Périphérique Extérieur","lengthM":193,"yearsFrom":2019,"yearsTo":2024,"metric":"density","trafficSource":"none"},"geometry":{"type":"LineString","coordinates":[[2.4017265,48.8298712],[2.4020664,48.8300892],[2.4028524,48.8306152],[2.4035815,48.8311047]]}},{"type":"Feature","id":"risk-263","properties":{"segmentId":"148251174:0","accidentCount":6,"accidentsPerKm":44.118,"percentile":0.788,"countPercentile":0.679,"riskLevel":2,"riskScore":0.624,"highway":"motorway","lengthM":136,"yearsFrom":2019,"yearsTo":2023,"metric":"density","trafficSource":"tmja","tmja":92091,"tmjaDistM":85,"tmjaMeasureYear":2019,"accidentsPer100MVehKm":26.25,"tmjaPercentile":0.837},"geometry":{"type":"LineString","coordinates":[[2.2041893,48.9024303],[2.2053848,48.9030934],[2.2056097,48.9032143]]}},{"type":"Feature","id":"risk-264","properties":{"segmentId":"28351135:0","accidentCount":4,"accidentsPerKm":46.512,"percentile":0.81,"countPercentile":0.356,"riskLevel":2,"riskScore":0.649,"highway":"motorway","lengthM":86,"yearsFrom":2019,"yearsTo":2023,"metric":"density","trafficSource":"tmja","tmja":77300,"tmjaDistM":285,"tmjaMeasureYear":2019,"accidentsPer100MVehKm":32.97,"tmjaPercentile":0.884},"geometry":{"type":"LineString","coordinates":[[2.3229735,48.7593102],[2.3240215,48.7589663]]}},{"type":"Feature","id":"risk-265","properties":{"segmentId":"14188056:0","accidentCount":16,"accidentsPerKm":43.478,"percentile":0.778,"countPercentile":0.972,"riskLevel":2,"riskScore":0.612,"highway":"motorway","name":"Autoroute du Nord","lengthM":368,"yearsFrom":2019,"yearsTo":2024,"metric":"density","trafficSource":"tmja","tmja":132186,"tmjaDistM":0,"tmjaMeasureYear":2019,"accidentsPer100MVehKm":15.019,"tmjaPercentile":0.665},"geometry":{"type":"LineString","coordinates":[[2.3575989,48.9183473],[2.3575142,48.919535],[2.3573311,48.9216553]]}},{"type":"Feature","id":"risk-266","properties":{"segmentId":"70346476:2","accidentCount":8,"accidentsPerKm":49.689,"percentile":0.835,"countPercentile":0.826,"riskLevel":2,"riskScore":0.678,"highway":"motorway","name":"Autoroute de l’Est","lengthM":161,"yearsFrom":2019,"yearsTo":2024,"metric":"density","trafficSource":"tmja","tmja":221626,"tmjaDistM":175,"tmjaMeasureYear":2019,"accidentsPer100MVehKm":10.238,"tmjaPercentile":0.528},"geometry":{"type":"LineString","coordinates":[[2.4358524,48.8173831],[2.4368126,48.8173961],[2.4380489,48.8173898]]}},{"type":"Feature","id":"risk-267","properties":{"segmentId":"11323876:0","accidentCount":10,"accidentsPerKm":42.373,"percentile":0.769,"countPercentile":0.897,"riskLevel":2,"riskScore":0.602,"highway":"motorway","lengthM":236,"yearsFrom":2019,"yearsTo":2024,"metric":"density","trafficSource":"tmja","tmja":128065,"tmjaDistM":96,"tmjaMeasureYear":2019,"accidentsPer100MVehKm":15.108,"tmjaPercentile":0.666},"geometry":{"type":"LineString","coordinates":[[2.49117,48.849575],[2.4909125,48.8502529],[2.4906309,48.8510251],[2.4904359,48.8516379]]}},{"type":"Feature","id":"risk-268","properties":{"segmentId":"642901742:0","accidentCount":12,"accidentsPerKm":90.909,"percentile":0.958,"countPercentile":0.934,"riskLevel":3,"riskScore":0.819,"highway":"primary","name":"Avenue des Champs-Élysées","lengthM":132,"yearsFrom":2019,"yearsTo":2024,"metric":"density","trafficSource":"none"},"geometry":{"type":"LineString","coordinates":[[2.2970824,48.873128],[2.2974262,48.8730188],[2.2974689,48.8730052],[2.2985231,48.8726704],[2.2987107,48.8726107]]}},{"type":"Feature","id":"risk-269","properties":{"segmentId":"570738511:0","accidentCount":11,"accidentsPerKm":115.789,"percentile":0.977,"countPercentile":0.922,"riskLevel":3,"riskScore":0.841,"highway":"primary","name":"Boulevard de l'Hôpital","lengthM":95,"yearsFrom":2019,"yearsTo":2024,"metric":"density","trafficSource":"none"},"geometry":{"type":"LineString","coordinates":[[2.3610159,48.8388852],[2.3610722,48.8389585],[2.3615881,48.8396515]]}},{"type":"Feature","id":"risk-270","properties":{"segmentId":"799108269:0","accidentCount":10,"accidentsPerKm":117.647,"percentile":0.978,"countPercentile":0.898,"riskLevel":3,"riskScore":0.842,"highway":"primary","name":"Avenue de la République","lengthM":85,"yearsFrom":2019,"yearsTo":2024,"metric":"density","trafficSource":"none"},"geometry":{"type":"LineString","coordinates":[[2.3811529,48.8640055],[2.3812767,48.8639809],[2.3813285,48.8639706],[2.3813931,48.8639587],[2.3822735,48.8638047]]}},{"type":"Feature","id":"risk-271","properties":{"segmentId":"27818369:0","accidentCount":5,"accidentsPerKm":67.568,"percentile":0.912,"countPercentile":0.544,"riskLevel":3,"riskScore":0.766,"highway":"motorway","lengthM":74,"yearsFrom":2019,"yearsTo":2022,"metric":"density","trafficSource":"tmja","tmja":92091,"tmjaDistM":1,"tmjaMeasureYear":2019,"accidentsPer100MVehKm":50.254,"tmjaPercentile":0.946},"geometry":{"type":"LineString","coordinates":[[2.2024486,48.9013821],[2.2025129,48.901424],[2.203172,48.9018532]]}},{"type":"Feature","id":"risk-272","properties":{"segmentId":"369836756:0","accidentCount":3,"accidentsPerKm":44.118,"percentile":0.788,"countPercentile":0.034,"riskLevel":2,"riskScore":0.624,"highway":"primary","name":"Quai Panhard et Levassor","lengthM":68,"yearsFrom":2019,"yearsTo":2024,"metric":"density","trafficSource":"none"},"geometry":{"type":"LineString","coordinates":[[2.381756,48.8306496],[2.3816277,48.8307518],[2.3815956,48.8307774],[2.3814965,48.8308563],[2.3814424,48.8308975],[2.381167,48.8311179]]}},{"type":"Feature","id":"risk-273","properties":{"segmentId":"879803158:0","accidentCount":9,"accidentsPerKm":73.171,"percentile":0.929,"countPercentile":0.871,"riskLevel":3,"riskScore":0.786,"highway":"secondary","name":"Rue de Tolbiac","lengthM":123,"yearsFrom":2019,"yearsTo":2023,"metric":"density","trafficSource":"none"},"geometry":{"type":"LineString","coordinates":[[2.3729331,48.8284757],[2.373003,48.8285119],[2.3730803,48.828555],[2.3736876,48.828893],[2.3742163,48.8291873]]}},{"type":"Feature","id":"risk-274","properties":{"segmentId":"191714991:0","accidentCount":10,"accidentsPerKm":57.471,"percentile":0.87,"countPercentile":0.898,"riskLevel":2,"riskScore":0.718,"highway":"secondary","name":"Avenue Ledru-Rollin","lengthM":174,"yearsFrom":2019,"yearsTo":2024,"metric":"density","trafficSource":"none"},"geometry":{"type":"LineString","coordinates":[[2.3694048,48.8468478],[2.3693198,48.846799],[2.3681984,48.84616],[2.3680651,48.8460935],[2.3677977,48.8459432],[2.3677633,48.8459238],[2.3677414,48.8459115],[2.3676774,48.8458738],[2.3676049,48.8458256]]}},{"type":"Feature","id":"risk-275","properties":{"segmentId":"37073510:0","accidentCount":20,"accidentsPerKm":129.87,"percentile":0.985,"countPercentile":0.992,"riskLevel":3,"riskScore":0.85,"highway":"primary","name":"Boulevard de Courcelles","lengthM":154,"yearsFrom":2019,"yearsTo":2024,"metric":"density","trafficSource":"none"},"geometry":{"type":"LineString","coordinates":[[2.312856,48.8808899],[2.3129909,48.8809063],[2.3140432,48.8810292],[2.314926,48.881133]]}},{"type":"Feature","id":"risk-276","properties":{"segmentId":"318523942:0","accidentCount":7,"accidentsPerKm":71.429,"percentile":0.925,"countPercentile":0.758,"riskLevel":3,"riskScore":0.781,"highway":"primary","name":"Place de la République Dominicaine","lengthM":98,"yearsFrom":2019,"yearsTo":2024,"metric":"density","trafficSource":"none"},"geometry":{"type":"LineString","coordinates":[[2.3097804,48.8805088],[2.3095254,48.8805419],[2.3093982,48.8805619],[2.3093842,48.8805641],[2.3093593,48.8805625],[2.3090844,48.8805281],[2.3089221,48.8804973],[2.3088787,48.8804891],[2.3086853,48.8804382],[2.308573,48.8803252]]}},{"type":"Feature","id":"risk-277","properties":{"segmentId":"565522609:0","accidentCount":4,"accidentsPerKm":54.795,"percentile":0.864,"countPercentile":0.358,"riskLevel":2,"riskScore":0.711,"highway":"primary","name":"Voie Georges-Pompidou","lengthM":73,"yearsFrom":2019,"yearsTo":2024,"metric":"density","trafficSource":"none"},"geometry":{"type":"LineString","coordinates":[[2.3176238,48.8649103],[2.3180423,48.864886],[2.3182197,48.8648509],[2.3183687,48.8648215],[2.3185357,48.8647703],[2.3185773,48.8647527]]}},{"type":"Feature","id":"risk-278","properties":{"segmentId":"69353877:0","accidentCount":7,"accidentsPerKm":112.903,"percentile":0.975,"countPercentile":0.758,"riskLevel":3,"riskScore":0.839,"highway":"primary","name":"Place de la Concorde","lengthM":62,"yearsFrom":2019,"yearsTo":2023,"metric":"density","trafficSource":"none"},"geometry":{"type":"LineString","coordinates":[[2.3219847,48.8666686],[2.3217398,48.8667444],[2.3212134,48.866905]]}},{"type":"Feature","id":"risk-279","properties":{"segmentId":"5211068:0","accidentCount":7,"accidentsPerKm":87.5,"percentile":0.956,"countPercentile":0.759,"riskLevel":3,"riskScore":0.817,"highway":"primary","name":"Quai Jacques Chirac","lengthM":80,"yearsFrom":2019,"yearsTo":2024,"metric":"density","trafficSource":"none"},"geometry":{"type":"LineString","coordinates":[[2.2935632,48.8593673],[2.2928099,48.8588417]]}},{"type":"Feature","id":"risk-280","properties":{"segmentId":"4040099:0","accidentCount":8,"accidentsPerKm":108.108,"percentile":0.972,"countPercentile":0.826,"riskLevel":3,"riskScore":0.835,"highway":"secondary","name":"Rue Saint-Martin","lengthM":74,"yearsFrom":2019,"yearsTo":2024,"metric":"density","trafficSource":"none"},"geometry":{"type":"LineString","coordinates":[[2.3494368,48.8572679],[2.3493608,48.857253],[2.3492791,48.8572225],[2.3492107,48.8571617],[2.3490462,48.8568756],[2.3490256,48.8568398],[2.3490103,48.8568133],[2.348955,48.8567171]]}},{"type":"Feature","id":"risk-281","properties":{"segmentId":"172654729:0","accidentCount":26,"accidentsPerKm":86.667,"percentile":0.954,"countPercentile":0.998,"riskLevel":3,"riskScore":0.815,"highway":"primary","name":"Boulevard Saint-Martin","lengthM":300,"yearsFrom":2019,"yearsTo":2024,"metric":"density","trafficSource":"none"},"geometry":{"type":"LineString","coordinates":[[2.3603689,48.8682472],[2.3597592,48.8683311],[2.3592557,48.8684153],[2.3588581,48.8684715],[2.3585149,48.8685276],[2.357987,48.8685995],[2.3563647,48.8688385]]}},{"type":"Feature","id":"risk-282","properties":{"segmentId":"17264368:0","accidentCount":18,"accidentsPerKm":225,"percentile":0.998,"countPercentile":0.983,"riskLevel":3,"riskScore":0.865,"highway":"primary","name":"Boulevard Beaumarchais","lengthM":80,"yearsFrom":2019,"yearsTo":2024,"metric":"density","trafficSource":"none"},"geometry":{"type":"LineString","coordinates":[[2.3674601,48.8601154],[2.3674314,48.860249],[2.3673565,48.8605601],[2.3673264,48.8606816],[2.3672947,48.8608232]]}},{"type":"Feature","id":"risk-283","properties":{"segmentId":"35992596:0","accidentCount":29,"accidentsPerKm":237.705,"percentile":0.999,"countPercentile":1,"riskLevel":3,"riskScore":0.866,"highway":"primary","name":"Place de la République","lengthM":122,"yearsFrom":2019,"yearsTo":2024,"metric":"density","trafficSource":"none"},"geometry":{"type":"LineString","coordinates":[[2.3634261,48.8673141],[2.3637142,48.8671324],[2.3637418,48.8671161],[2.3643508,48.8667697],[2.3646914,48.8665958]]}},{"type":"Feature","id":"risk-284","properties":{"segmentId":"24689274:0","accidentCount":7,"accidentsPerKm":104.478,"percentile":0.969,"countPercentile":0.759,"riskLevel":3,"riskScore":0.832,"highway":"tertiary","name":"Rue Saint-Martin","lengthM":67,"yearsFrom":2019,"yearsTo":2024,"metric":"density","trafficSource":"none"},"geometry":{"type":"LineString","coordinates":[[2.3537722,48.8659588],[2.3537485,48.8658931],[2.3536487,48.8656274],[2.3535766,48.8654356],[2.3535426,48.8653721]]}},{"type":"Feature","id":"risk-285","properties":{"segmentId":"371799098:0","accidentCount":3,"accidentsPerKm":41.667,"percentile":0.758,"countPercentile":0.037,"riskLevel":2,"riskScore":0.589,"highway":"primary","name":"Avenue du Général Leclerc","lengthM":72,"yearsFrom":2019,"yearsTo":2021,"metric":"density","trafficSource":"none"},"geometry":{"type":"LineString","coordinates":[[2.4246687,48.8141372],[2.4239682,48.8143369],[2.4239289,48.8143471],[2.4237609,48.8143961]]}},{"type":"Feature","id":"risk-286","properties":{"segmentId":"331524734:0","accidentCount":4,"accidentsPerKm":47.619,"percentile":0.818,"countPercentile":0.359,"riskLevel":2,"riskScore":0.658,"highway":"secondary","name":"Avenue Georges Gosnat","lengthM":84,"yearsFrom":2019,"yearsTo":2023,"metric":"density","trafficSource":"none"},"geometry":{"type":"LineString","coordinates":[[2.3839798,48.811253],[2.3841023,48.811308],[2.3843898,48.8114316],[2.3847699,48.8116146],[2.3849144,48.8116885]]}},{"type":"Feature","id":"risk-287","properties":{"segmentId":"261382599:0","accidentCount":5,"accidentsPerKm":55.556,"percentile":0.866,"countPercentile":0.547,"riskLevel":2,"riskScore":0.713,"highway":"primary","name":"Avenue Jean Jaurès","lengthM":90,"yearsFrom":2019,"yearsTo":2024,"metric":"density","trafficSource":"none"},"geometry":{"type":"LineString","coordinates":[[2.5269457,48.8829714],[2.5268515,48.882949],[2.5267295,48.8829238],[2.5265291,48.8828801],[2.5263551,48.8828421],[2.5260901,48.8827858],[2.52597,48.8827592],[2.5257734,48.8827168]]}},{"type":"Feature","id":"risk-288","properties":{"segmentId":"32915610:0","accidentCount":15,"accidentsPerKm":87.719,"percentile":0.956,"countPercentile":0.965,"riskLevel":3,"riskScore":0.817,"highway":"trunk","name":"Boulevard Périphérique Intérieur","lengthM":171,"yearsFrom":2019,"yearsTo":2024,"metric":"density","trafficSource":"none"},"geometry":{"type":"LineString","coordinates":[[2.2639486,48.8608479],[2.2641295,48.8611605],[2.2641995,48.8612771],[2.264804,48.8622827]]}},{"type":"Feature","id":"risk-289","properties":{"segmentId":"30838755:1","accidentCount":17,"accidentsPerKm":72.65,"percentile":0.928,"countPercentile":0.979,"riskLevel":3,"riskScore":0.785,"highway":"trunk","name":"Boulevard Périphérique Extérieur","lengthM":234,"yearsFrom":2019,"yearsTo":2024,"metric":"density","trafficSource":"none"},"geometry":{"type":"LineString","coordinates":[[2.3637785,48.8161959],[2.3639984,48.8162639],[2.3642036,48.8163354],[2.3645986,48.816489],[2.3655519,48.8169386],[2.3659873,48.8171249],[2.3664854,48.8173095]]}},{"type":"Feature","id":"risk-290","properties":{"segmentId":"630455864:0","accidentCount":14,"accidentsPerKm":51.852,"percentile":0.85,"countPercentile":0.957,"riskLevel":2,"riskScore":0.695,"highway":"primary","name":"Avenue de la Grande Armée","lengthM":270,"yearsFrom":2019,"yearsTo":2024,"metric":"density","trafficSource":"none"},"geometry":{"type":"LineString","coordinates":[[2.2856763,48.8767566],[2.2866566,48.8764436],[2.2869925,48.8763364],[2.2872212,48.8762634],[2.2874365,48.8761948],[2.2874752,48.8761824],[2.2879164,48.8760414],[2.2885604,48.8758358],[2.2886363,48.8758116],[2.2889579,48.8757089],[2.288975,48.8757034],[2.288992,48.875698]]}},{"type":"Feature","id":"risk-291","properties":{"segmentId":"659138276:1","accidentCount":8,"accidentsPerKm":59.259,"percentile":0.879,"countPercentile":0.827,"riskLevel":2,"riskScore":0.728,"highway":"secondary","name":"Boulevard de Port-Royal","lengthM":135,"yearsFrom":2019,"yearsTo":2024,"metric":"density","trafficSource":"none"},"geometry":{"type":"LineString","coordinates":[[2.3422338,48.8383611],[2.3420753,48.838395],[2.3414541,48.838523],[2.3404746,48.8387251]]}},{"type":"Feature","id":"risk-292","properties":{"segmentId":"64787289:0","accidentCount":8,"accidentsPerKm":40.404,"percentile":0.747,"countPercentile":0.828,"riskLevel":1,"riskScore":0.577,"highway":"secondary","name":"Rue Ambroise Croizat","lengthM":198,"yearsFrom":2019,"yearsTo":2024,"metric":"density","trafficSource":"none"},"geometry":{"type":"LineString","coordinates":[[2.3501602,48.9306805],[2.3502184,48.9305632],[2.3503689,48.9303696],[2.3505075,48.9301935],[2.3512511,48.929255],[2.3513783,48.9290945]]}},{"type":"Feature","id":"risk-293","properties":{"segmentId":"453954512:0","accidentCount":7,"accidentsPerKm":38.462,"percentile":0.725,"countPercentile":0.76,"riskLevel":1,"riskScore":0.551,"highway":"primary","name":"Pont de Suresnes","lengthM":182,"yearsFrom":2019,"yearsTo":2024,"metric":"density","trafficSource":"none"},"geometry":{"type":"LineString","coordinates":[[2.2309007,48.8665044],[2.2293954,48.8668998],[2.2285874,48.8671107]]}},{"type":"Feature","id":"risk-294","properties":{"segmentId":"696656286:0","accidentCount":19,"accidentsPerKm":43.88,"percentile":0.785,"countPercentile":0.989,"riskLevel":2,"riskScore":0.62,"highway":"motorway","lengthM":433,"yearsFrom":2019,"yearsTo":2024,"metric":"density","trafficSource":"tmja","tmja":198400,"tmjaDistM":12,"tmjaMeasureYear":2019,"accidentsPer100MVehKm":10.099,"tmjaPercentile":0.524},"geometry":{"type":"LineString","coordinates":[[2.2681672,48.9615583],[2.2728689,48.9591906]]}},{"type":"Feature","id":"risk-295","properties":{"segmentId":"4447087:0","accidentCount":13,"accidentsPerKm":45.455,"percentile":0.799,"countPercentile":0.948,"riskLevel":2,"riskScore":0.636,"highway":"secondary","name":"Avenue de Villiers","lengthM":286,"yearsFrom":2019,"yearsTo":2024,"metric":"density","trafficSource":"none"},"geometry":{"type":"LineString","coordinates":[[2.2988234,48.8847445],[2.2991911,48.8847009],[2.2992842,48.8846904],[2.2995879,48.8846519],[2.300987,48.884472],[2.3011045,48.8844558],[2.3012307,48.8844401],[2.3023494,48.8843006],[2.3026608,48.8842578]]}},{"type":"Feature","id":"risk-296","properties":{"segmentId":"112972741:0","accidentCount":4,"accidentsPerKm":54.054,"percentile":0.86,"countPercentile":0.361,"riskLevel":2,"riskScore":0.706,"highway":"secondary","name":"Avenue du Général de Gaulle","lengthM":74,"yearsFrom":2019,"yearsTo":2021,"metric":"density","trafficSource":"none"},"geometry":{"type":"LineString","coordinates":[[2.2537097,48.912704],[2.2534192,48.9131795],[2.2534075,48.9131994],[2.253325,48.9133165]]}},{"type":"Feature","id":"risk-297","properties":{"segmentId":"933782683:0","accidentCount":4,"accidentsPerKm":61.538,"percentile":0.889,"countPercentile":0.361,"riskLevel":2,"riskScore":0.74,"highway":"primary","name":"Avenue de la Grande Armée","lengthM":65,"yearsFrom":2019,"yearsTo":2021,"metric":"density","trafficSource":"none"},"geometry":{"type":"LineString","coordinates":[[2.2904686,48.8752303],[2.2908412,48.8751094],[2.2911575,48.8750111],[2.2912652,48.8749765]]}},{"type":"Feature","id":"risk-298","properties":{"segmentId":"84593975:0","accidentCount":5,"accidentsPerKm":75.758,"percentile":0.935,"countPercentile":0.549,"riskLevel":3,"riskScore":0.793,"highway":"secondary","name":"Rue Neuve Tolbiac","lengthM":66,"yearsFrom":2019,"yearsTo":2023,"metric":"density","trafficSource":"none"},"geometry":{"type":"LineString","coordinates":[[2.3774464,48.831016],[2.3769703,48.8307501],[2.3769145,48.8307226],[2.3768761,48.8307036],[2.3767516,48.8306422]]}},{"type":"Feature","id":"risk-299","properties":{"segmentId":"138265439:0","accidentCount":11,"accidentsPerKm":38.328,"percentile":0.724,"countPercentile":0.923,"riskLevel":1,"riskScore":0.55,"highway":"primary","name":"Boulevard de Ménilmontant","lengthM":287,"yearsFrom":2019,"yearsTo":2024,"metric":"density","trafficSource":"none"},"geometry":{"type":"LineString","coordinates":[[2.3874282,48.8626083],[2.3875051,48.8624477],[2.3877448,48.8619471],[2.3881803,48.8610157],[2.3882022,48.8609703],[2.3883372,48.860691],[2.3886035,48.8601444]]}},{"type":"Feature","id":"risk-300","properties":{"segmentId":"29873622:0","accidentCount":15,"accidentsPerKm":49.505,"percentile":0.833,"countPercentile":0.965,"riskLevel":2,"riskScore":0.675,"highway":"secondary","name":"Boulevard Voltaire","lengthM":303,"yearsFrom":2019,"yearsTo":2023,"metric":"density","trafficSource":"none"},"geometry":{"type":"LineString","coordinates":[[2.3808768,48.8573512],[2.3810041,48.8572745],[2.3821865,48.8565715],[2.3822274,48.856547],[2.3825044,48.8563815],[2.3827269,48.8562483],[2.3828195,48.8561907],[2.3829546,48.8561125],[2.3830337,48.8560648],[2.3833164,48.8558945],[2.3833577,48.8558716],[2.3839433,48.8555206]]}},{"type":"Feature","id":"risk-301","properties":{"segmentId":"752947416:0","accidentCount":8,"accidentsPerKm":72.727,"percentile":0.928,"countPercentile":0.828,"riskLevel":3,"riskScore":0.785,"highway":"primary","name":"Boulevard de Clichy","lengthM":110,"yearsFrom":2019,"yearsTo":2023,"metric":"density","trafficSource":"none"},"geometry":{"type":"LineString","coordinates":[[2.3308184,48.8840904],[2.3320289,48.8838065],[2.3321017,48.8837909],[2.332232,48.8837504]]}},{"type":"Feature","id":"risk-302","properties":{"segmentId":"69414167:1","accidentCount":6,"accidentsPerKm":73.171,"percentile":0.929,"countPercentile":0.681,"riskLevel":3,"riskScore":0.786,"highway":"primary","name":"Avenue des Champs-Élysées","lengthM":82,"yearsFrom":2019,"yearsTo":2024,"metric":"density","trafficSource":"none"},"geometry":{"type":"LineString","coordinates":[[2.3149733,48.8674403],[2.3149353,48.8674524],[2.3149021,48.8674629],[2.3145507,48.8675724],[2.3139627,48.867754]]}},{"type":"Feature","id":"risk-303","properties":{"segmentId":"718855746:0","accidentCount":16,"accidentsPerKm":56.338,"percentile":0.868,"countPercentile":0.972,"riskLevel":2,"riskScore":0.716,"highway":"secondary","name":"Boulevard de Sébastopol","lengthM":284,"yearsFrom":2019,"yearsTo":2024,"metric":"density","trafficSource":"none"},"geometry":{"type":"LineString","coordinates":[[2.3525614,48.8662121],[2.3525847,48.8662539],[2.3529845,48.866969],[2.3530141,48.8670222],[2.3530748,48.8671307],[2.3533149,48.8675602],[2.3535018,48.8678946],[2.3536264,48.8681175],[2.353657,48.8681723],[2.3537693,48.8683733],[2.3538774,48.8685667],[2.3539027,48.868612]]}},{"type":"Feature","id":"risk-304","properties":{"segmentId":"22735995:0","accidentCount":3,"accidentsPerKm":43.478,"percentile":0.778,"countPercentile":0.04,"riskLevel":2,"riskScore":0.612,"highway":"primary","name":"Carrefour de la Résistance","lengthM":69,"yearsFrom":2019,"yearsTo":2024,"metric":"density","trafficSource":"none"},"geometry":{"type":"LineString","coordinates":[[2.420062,48.8159018],[2.4200043,48.8159862],[2.4199603,48.8160594],[2.4199098,48.816169],[2.4198823,48.8162339],[2.419855,48.8163245],[2.4198407,48.8163915],[2.4198283,48.816498]]}},{"type":"Feature","id":"risk-305","properties":{"segmentId":"123461259:0","accidentCount":16,"accidentsPerKm":53.872,"percentile":0.859,"countPercentile":0.972,"riskLevel":2,"riskScore":0.705,"highway":"primary","name":"Quai François Mitterrand","lengthM":297,"yearsFrom":2019,"yearsTo":2024,"metric":"density","trafficSource":"none"},"geometry":{"type":"LineString","coordinates":[[2.3333562,48.8601072],[2.3335066,48.8600752],[2.3336663,48.8600394],[2.3336949,48.8600329],[2.33404,48.8599523],[2.335264,48.8596779],[2.3356379,48.8595933],[2.3365677,48.8593829],[2.3367202,48.8593587],[2.3372183,48.8593183]]}},{"type":"Feature","id":"risk-306","properties":{"segmentId":"247417998:0","accidentCount":9,"accidentsPerKm":123.288,"percentile":0.98,"countPercentile":0.871,"riskLevel":3,"riskScore":0.844,"highway":"primary","name":"Rue Paul Vaillant-Couturier","lengthM":73,"yearsFrom":2019,"yearsTo":2024,"metric":"density","trafficSource":"none"},"geometry":{"type":"LineString","coordinates":[[2.5498245,48.8761476],[2.5496747,48.8763005],[2.5495238,48.8764925],[2.5494713,48.8765758],[2.5494552,48.8765995],[2.5493815,48.8766984],[2.5493583,48.8767295]]}},{"type":"Feature","id":"risk-307","properties":{"segmentId":"25869996:0","accidentCount":5,"accidentsPerKm":40.65,"percentile":0.751,"countPercentile":0.549,"riskLevel":2,"riskScore":0.581,"highway":"secondary","name":"Avenue Gabriel Péri","lengthM":123,"yearsFrom":2019,"yearsTo":2023,"metric":"density","trafficSource":"none"},"geometry":{"type":"LineString","coordinates":[[2.2948244,48.9225193],[2.2948183,48.9222717],[2.2948188,48.9221843],[2.2948276,48.9220948],[2.2948295,48.9220744],[2.2948315,48.9220592],[2.2948451,48.9219331],[2.2948564,48.9218313],[2.2949152,48.9214145]]}},{"type":"Feature","id":"risk-308","properties":{"segmentId":"463965961:0","accidentCount":12,"accidentsPerKm":42.403,"percentile":0.77,"countPercentile":0.935,"riskLevel":2,"riskScore":0.603,"highway":"primary","name":"Avenue de Paris","lengthM":283,"yearsFrom":2019,"yearsTo":2024,"metric":"density","trafficSource":"none"},"geometry":{"type":"LineString","coordinates":[[2.4288257,48.8454643],[2.430641,48.8453042],[2.4313271,48.8452478],[2.4314112,48.8452405],[2.4315636,48.8452277],[2.4316823,48.8452177],[2.4317179,48.8452145],[2.4321387,48.8451771],[2.4321709,48.845174],[2.432663,48.8451314]]}},{"type":"Feature","id":"risk-309","properties":{"segmentId":"10228074:0","accidentCount":32,"accidentsPerKm":107.023,"percentile":0.971,"countPercentile":1,"riskLevel":3,"riskScore":0.834,"highway":"trunk","name":"Boulevard Périphérique Intérieur","lengthM":299,"yearsFrom":2019,"yearsTo":2024,"metric":"density","trafficSource":"none"},"geometry":{"type":"LineString","coordinates":[[2.413686,48.861679],[2.4138347,48.8607765],[2.4139592,48.8599715],[2.4141209,48.8590075]]}},{"type":"Feature","id":"risk-310","properties":{"segmentId":"1469184125:0","accidentCount":8,"accidentsPerKm":62.992,"percentile":0.896,"countPercentile":0.829,"riskLevel":2,"riskScore":0.748,"highway":"secondary","name":"Avenue du Maréchal Gallieni","lengthM":127,"yearsFrom":2019,"yearsTo":2023,"metric":"density","trafficSource":"none"},"geometry":{"type":"LineString","coordinates":[[2.3129666,48.85882],[2.312982,48.858943],[2.3130897,48.8598074],[2.3131081,48.8599548]]}},{"type":"Feature","id":"risk-311","properties":{"segmentId":"517784076:0","accidentCount":18,"accidentsPerKm":124.138,"percentile":0.982,"countPercentile":0.984,"riskLevel":3,"riskScore":0.847,"highway":"primary","name":"Boulevard Ornano","lengthM":145,"yearsFrom":2019,"yearsTo":2024,"metric":"density","trafficSource":"none"},"geometry":{"type":"LineString","coordinates":[[2.3459932,48.8960248],[2.3459487,48.8960748],[2.345662,48.8964152],[2.3450195,48.8971559]]}},{"type":"Feature","id":"risk-312","properties":{"segmentId":"232312981:0","accidentCount":4,"accidentsPerKm":50.633,"percentile":0.842,"countPercentile":0.362,"riskLevel":2,"riskScore":0.686,"highway":"primary","name":"Route de Suresnes","lengthM":79,"yearsFrom":2019,"yearsTo":2024,"metric":"density","trafficSource":"none"},"geometry":{"type":"LineString","coordinates":[[2.2343936,48.8649915],[2.2344819,48.8649467],[2.2345444,48.8649154],[2.2349401,48.8647026],[2.2350246,48.8646623],[2.2351112,48.8646354],[2.23527,48.8645909]]}},{"type":"Feature","id":"risk-313","properties":{"segmentId":"4409690:0","accidentCount":6,"accidentsPerKm":67.416,"percentile":0.912,"countPercentile":0.682,"riskLevel":3,"riskScore":0.766,"highway":"primary","name":"Carrefour de Longchamp","lengthM":89,"yearsFrom":2019,"yearsTo":2023,"metric":"density","trafficSource":"none"},"geometry":{"type":"LineString","coordinates":[[2.2390238,48.8634818],[2.2391781,48.8634746],[2.2394038,48.8634807],[2.2395476,48.8635088],[2.2396837,48.8635389],[2.2401581,48.8637209]]}},{"type":"Feature","id":"risk-314","properties":{"segmentId":"59725235:0","accidentCount":9,"accidentsPerKm":38.298,"percentile":0.724,"countPercentile":0.872,"riskLevel":1,"riskScore":0.55,"highway":"secondary","name":"Rue de la Convention","lengthM":235,"yearsFrom":2019,"yearsTo":2024,"metric":"density","trafficSource":"none"},"geometry":{"type":"LineString","coordinates":[[2.2946011,48.8380585],[2.2944619,48.8381215],[2.2943976,48.8381507],[2.2941192,48.8382773],[2.2939913,48.8383354],[2.2925876,48.8389815],[2.2925212,48.8390112],[2.2922854,48.8391168],[2.2921543,48.8391763],[2.2921248,48.8391897],[2.2920134,48.8392394],[2.2919595,48.8392633]]}},{"type":"Feature","id":"risk-315","properties":{"segmentId":"529387722:0","accidentCount":22,"accidentsPerKm":94.017,"percentile":0.961,"countPercentile":0.996,"riskLevel":3,"riskScore":0.823,"highway":"secondary","name":"Boulevard Voltaire","lengthM":234,"yearsFrom":2019,"yearsTo":2023,"metric":"density","trafficSource":"none"},"geometry":{"type":"LineString","coordinates":[[2.3677434,48.8651764],[2.3679453,48.865055],[2.36795,48.8650522],[2.3681496,48.8649334],[2.3688489,48.8645173],[2.3688666,48.8645069],[2.3690386,48.8644042],[2.3690967,48.8643696],[2.3692124,48.8643006],[2.3699383,48.8638679],[2.3699681,48.8638501],[2.3701149,48.8637626]]}},{"type":"Feature","id":"risk-316","properties":{"segmentId":"22715942:0","accidentCount":12,"accidentsPerKm":164.384,"percentile":0.996,"countPercentile":0.935,"riskLevel":3,"riskScore":0.863,"highway":"primary","name":"Boulevard Beaumarchais","lengthM":73,"yearsFrom":2019,"yearsTo":2024,"metric":"density","trafficSource":"none"},"geometry":{"type":"LineString","coordinates":[[2.3676342,48.8593891],[2.3676106,48.8594854],[2.3675423,48.8597658],[2.367516,48.8598738],[2.3675112,48.8598933],[2.3674803,48.860037]]}},{"type":"Feature","id":"risk-317","properties":{"segmentId":"193099673:0","accidentCount":3,"accidentsPerKm":44.776,"percentile":0.794,"countPercentile":0.042,"riskLevel":2,"riskScore":0.631,"highway":"secondary","name":"Rond-Point du Bleuet de France","lengthM":67,"yearsFrom":2019,"yearsTo":2024,"metric":"density","trafficSource":"none"},"geometry":{"type":"LineString","coordinates":[[2.3134374,48.8583876],[2.3134372,48.8584995],[2.313433,48.8585439],[2.3134057,48.8586119],[2.3133534,48.8586767],[2.3132869,48.8587284],[2.3131902,48.8587762],[2.3130694,48.8588092],[2.3129666,48.85882]]}},{"type":"Feature","id":"risk-318","properties":{"segmentId":"845066881:0","accidentCount":7,"accidentsPerKm":70.707,"percentile":0.923,"countPercentile":0.76,"riskLevel":3,"riskScore":0.779,"highway":"primary","name":"Quai de Clichy - Charles de Gaulle","lengthM":99,"yearsFrom":2019,"yearsTo":2024,"metric":"density","trafficSource":"none"},"geometry":{"type":"LineString","coordinates":[[2.2986023,48.9077493],[2.2992361,48.9079716],[2.2994196,48.9080399],[2.2996038,48.9081285],[2.2997176,48.9081884],[2.2997425,48.9082015],[2.2997551,48.908208]]}},{"type":"Feature","id":"risk-319","properties":{"segmentId":"564101355:0","accidentCount":16,"accidentsPerKm":52.98,"percentile":0.856,"countPercentile":0.973,"riskLevel":2,"riskScore":0.702,"highway":"trunk","name":"Boulevard Périphérique Intérieur","lengthM":302,"yearsFrom":2019,"yearsTo":2024,"metric":"density","trafficSource":"tmja","tmja":221626,"tmjaDistM":343,"tmjaMeasureYear":2019,"accidentsPer100MVehKm":10.916,"tmjaPercentile":0.549},"geometry":{"type":"LineString","coordinates":[[2.3989737,48.8288321],[2.3954332,48.8280376],[2.3950544,48.8279722]]}},{"type":"Feature","id":"risk-320","properties":{"segmentId":"84796917:0","accidentCount":19,"accidentsPerKm":67.376,"percentile":0.912,"countPercentile":0.989,"riskLevel":3,"riskScore":0.766,"highway":"primary","name":"Avenue du Maine","lengthM":282,"yearsFrom":2019,"yearsTo":2023,"metric":"density","trafficSource":"none"},"geometry":{"type":"LineString","coordinates":[[2.3234901,48.8362216],[2.3235883,48.8359588],[2.3236415,48.8358152],[2.3237337,48.8355845],[2.3237679,48.8354988],[2.3238012,48.8354195],[2.3240049,48.834929],[2.3241832,48.8344911],[2.3243448,48.8340841],[2.3243945,48.8339562],[2.3244578,48.8338007],[2.3244723,48.833765]]}},{"type":"Feature","id":"risk-321","properties":{"segmentId":"555481963:0","accidentCount":6,"accidentsPerKm":48.78,"percentile":0.827,"countPercentile":0.683,"riskLevel":2,"riskScore":0.669,"highway":"primary","name":"Avenue de Saint-Ouen","lengthM":123,"yearsFrom":2019,"yearsTo":2021,"metric":"density","trafficSource":"none"},"geometry":{"type":"LineString","coordinates":[[2.3283339,48.895769],[2.3283574,48.8958007],[2.3283845,48.8958738],[2.328399,48.8959069],[2.3284772,48.8961483],[2.3284925,48.8961912],[2.3286388,48.8966173],[2.3286884,48.8967103],[2.3287329,48.896845]]}},{"type":"Feature","id":"risk-322","properties":{"segmentId":"553155819:0","accidentCount":6,"accidentsPerKm":48.387,"percentile":0.824,"countPercentile":0.683,"riskLevel":2,"riskScore":0.665,"highway":"secondary","name":"Boulevard Gabriel Péri","lengthM":124,"yearsFrom":2019,"yearsTo":2023,"metric":"density","trafficSource":"none"},"geometry":{"type":"LineString","coordinates":[[2.3044907,48.8193138],[2.3045946,48.8193241],[2.3047522,48.8193386],[2.3051424,48.8193906],[2.3054861,48.8194447],[2.3055159,48.8194485],[2.3055835,48.8194591],[2.3059958,48.8195281],[2.3061424,48.8195508]]}},{"type":"Feature","id":"risk-323","properties":{"segmentId":"83724108:0","accidentCount":6,"accidentsPerKm":86.957,"percentile":0.955,"countPercentile":0.683,"riskLevel":3,"riskScore":0.816,"highway":"primary","name":"Boulevard Henri Sellier","lengthM":69,"yearsFrom":2019,"yearsTo":2024,"metric":"density","trafficSource":"none"},"geometry":{"type":"LineString","coordinates":[[2.22719,48.8674975],[2.2270528,48.8675097],[2.2269211,48.8675314],[2.2268385,48.8675453],[2.2267372,48.8675689],[2.2265311,48.8676276],[2.226488,48.8676428],[2.2264483,48.86766],[2.2263029,48.8677059]]}},{"type":"Feature","id":"risk-324","properties":{"segmentId":"10275360:1","accidentCount":9,"accidentsPerKm":97.826,"percentile":0.964,"countPercentile":0.872,"riskLevel":3,"riskScore":0.826,"highway":"primary","name":"Avenue Georges Clemenceau","lengthM":92,"yearsFrom":2019,"yearsTo":2024,"metric":"density","trafficSource":"none"},"geometry":{"type":"LineString","coordinates":[[2.205066,48.8867069],[2.2052376,48.8866956],[2.2053307,48.8866882],[2.2054599,48.8866778],[2.2055217,48.8866734],[2.2063222,48.8866636]]}},{"type":"Feature","id":"risk-325","properties":{"segmentId":"1240097600:0","accidentCount":5,"accidentsPerKm":83.333,"percentile":0.95,"countPercentile":0.55,"riskLevel":3,"riskScore":0.81,"highway":"primary","name":"Avenue du Général Leclerc","lengthM":60,"yearsFrom":2019,"yearsTo":2024,"metric":"density","trafficSource":"none"},"geometry":{"type":"LineString","coordinates":[[2.3256899,48.8238967],[2.3257108,48.8239781],[2.3257459,48.8241147],[2.325791,48.8242907],[2.3258275,48.8244328]]}},{"type":"Feature","id":"risk-326","properties":{"segmentId":"702903895:0","accidentCount":8,"accidentsPerKm":58.394,"percentile":0.876,"countPercentile":0.83,"riskLevel":2,"riskScore":0.725,"highway":"primary","name":"Boulevard Berthier","lengthM":137,"yearsFrom":2019,"yearsTo":2022,"metric":"density","trafficSource":"none"},"geometry":{"type":"LineString","coordinates":[[2.3120096,48.8936485],[2.3128219,48.8939559],[2.3134062,48.8941802],[2.3136382,48.8942624]]}},{"type":"Feature","id":"risk-327","properties":{"segmentId":"41114142:1","accidentCount":12,"accidentsPerKm":82.192,"percentile":0.949,"countPercentile":0.935,"riskLevel":3,"riskScore":0.809,"highway":"secondary","name":"Avenue Daumesnil","lengthM":146,"yearsFrom":2019,"yearsTo":2024,"metric":"density","trafficSource":"none"},"geometry":{"type":"LineString","coordinates":[[2.3741515,48.8478498],[2.3739455,48.8479484],[2.3738165,48.8480115],[2.3737272,48.8480546],[2.3726898,48.8485557],[2.3726073,48.8485952],[2.3725375,48.8486286]]}},{"type":"Feature","id":"risk-328","properties":{"segmentId":"310553004:0","accidentCount":16,"accidentsPerKm":39.12,"percentile":0.735,"countPercentile":0.973,"riskLevel":1,"riskScore":0.563,"highway":"motorway","lengthM":409,"yearsFrom":2019,"yearsTo":2023,"metric":"density","trafficSource":"none"},"geometry":{"type":"LineString","coordinates":[[2.2201702,48.9150606],[2.2214905,48.9164917],[2.2230702,48.9182089]]}},{"type":"Feature","id":"risk-329","properties":{"segmentId":"538082811:0","accidentCount":12,"accidentsPerKm":43.478,"percentile":0.779,"countPercentile":0.935,"riskLevel":2,"riskScore":0.613,"highway":"secondary","name":"Place du Maréchal Juin","lengthM":276,"yearsFrom":2019,"yearsTo":2024,"metric":"density","trafficSource":"none"},"geometry":{"type":"LineString","coordinates":[[2.2978724,48.8851024],[2.2976593,48.8852778],[2.2973991,48.8853516],[2.2969355,48.8852917],[2.296696,48.8851146],[2.2966372,48.8849675],[2.2967282,48.8847157],[2.2969589,48.8845674],[2.2973541,48.8845139],[2.2977226,48.8846268],[2.2978976,48.8848136],[2.2979237,48.8849646]]}},{"type":"Feature","id":"risk-330","properties":{"segmentId":"31544813:0","accidentCount":6,"accidentsPerKm":60.606,"percentile":0.885,"countPercentile":0.685,"riskLevel":2,"riskScore":0.735,"highway":"secondary","name":"Avenue Kléber","lengthM":99,"yearsFrom":2019,"yearsTo":2024,"metric":"density","trafficSource":"none"},"geometry":{"type":"LineString","coordinates":[[2.2940558,48.8724227],[2.2940726,48.872448],[2.2941318,48.8725317],[2.294157,48.8725658],[2.2942162,48.872646],[2.2943172,48.8727819],[2.2943398,48.8728133],[2.2943614,48.8728427],[2.2946432,48.8732254]]}},{"type":"Feature","id":"risk-331","properties":{"segmentId":"1004143141:0","accidentCount":8,"accidentsPerKm":46.243,"percentile":0.808,"countPercentile":0.831,"riskLevel":2,"riskScore":0.647,"highway":"motorway","lengthM":173,"yearsFrom":2019,"yearsTo":2024,"metric":"density","trafficSource":"none"},"geometry":{"type":"LineString","coordinates":[[2.2686422,48.9347295],[2.2663834,48.9352094]]}},{"type":"Feature","id":"risk-332","properties":{"segmentId":"662409825:1","accidentCount":20,"accidentsPerKm":106.952,"percentile":0.971,"countPercentile":0.992,"riskLevel":3,"riskScore":0.834,"highway":"secondary","name":"Rue de la Convention","lengthM":187,"yearsFrom":2019,"yearsTo":2024,"metric":"density","trafficSource":"none"},"geometry":{"type":"LineString","coordinates":[[2.2967413,48.8371391],[2.2966255,48.8371714],[2.2964732,48.8372138],[2.2963883,48.8372509],[2.2962772,48.837294],[2.2962459,48.8373094],[2.296218,48.8373236],[2.2961293,48.8373687],[2.2957923,48.8375198],[2.2948479,48.8379478],[2.29478,48.8379785],[2.2946011,48.8380585]]}},{"type":"Feature","id":"risk-333","properties":{"segmentId":"83268802:0","accidentCount":3,"accidentsPerKm":42.857,"percentile":0.774,"countPercentile":0.047,"riskLevel":2,"riskScore":0.608,"highway":"primary","name":"Boulevard du Temple","lengthM":70,"yearsFrom":2019,"yearsTo":2022,"metric":"density","trafficSource":"none"},"geometry":{"type":"LineString","coordinates":[[2.3657985,48.864674],[2.3657247,48.8647912],[2.3656565,48.8649113],[2.3656493,48.8649241],[2.3654431,48.8652571]]}},{"type":"Feature","id":"risk-334","properties":{"segmentId":"89668652:0","accidentCount":9,"accidentsPerKm":73.171,"percentile":0.93,"countPercentile":0.873,"riskLevel":3,"riskScore":0.787,"highway":"primary","name":"Avenue Pierre Brossolette","lengthM":123,"yearsFrom":2019,"yearsTo":2023,"metric":"density","trafficSource":"none"},"geometry":{"type":"LineString","coordinates":[[2.310761,48.8198388],[2.3105751,48.8196983],[2.3105335,48.8196674],[2.3103091,48.8195043],[2.3102265,48.8194425],[2.3101093,48.8193516],[2.3099656,48.8192432],[2.3096498,48.8190048]]}},{"type":"Feature","id":"risk-335","properties":{"segmentId":"10231223:0","accidentCount":12,"accidentsPerKm":39.344,"percentile":0.737,"countPercentile":0.936,"riskLevel":1,"riskScore":0.565,"highway":"trunk","name":"Boulevard Périphérique Intérieur","lengthM":305,"yearsFrom":2019,"yearsTo":2024,"metric":"density","trafficSource":"none"},"geometry":{"type":"LineString","coordinates":[[2.4150478,48.8516829],[2.4152109,48.8512085],[2.4152195,48.8507454],[2.4151937,48.850367],[2.4148471,48.8489724]]}},{"type":"Feature","id":"risk-336","properties":{"segmentId":"305961023:0","accidentCount":13,"accidentsPerKm":39.634,"percentile":0.741,"countPercentile":0.948,"riskLevel":1,"riskScore":0.57,"highway":"primary","name":"Avenue de Paris","lengthM":328,"yearsFrom":2019,"yearsTo":2024,"metric":"density","trafficSource":"none"},"geometry":{"type":"LineString","coordinates":[[2.3641602,48.8041107],[2.3641301,48.8041981],[2.3639532,48.8047317],[2.3639175,48.8048567],[2.363905,48.8048963],[2.3638501,48.8050678],[2.3637132,48.8055303],[2.3637054,48.8055571],[2.3636137,48.8058472],[2.3636034,48.8058784],[2.3634396,48.8063481],[2.3632497,48.8069945]]}},{"type":"Feature","id":"risk-337","properties":{"segmentId":"235710580:0","accidentCount":8,"accidentsPerKm":42.781,"percentile":0.774,"countPercentile":0.832,"riskLevel":2,"riskScore":0.608,"highway":"primary","name":"Boulevard des Frères Voisin","lengthM":187,"yearsFrom":2019,"yearsTo":2024,"metric":"density","trafficSource":"none"},"geometry":{"type":"LineString","coordinates":[[2.2711339,48.8278469],[2.2712979,48.8278498],[2.2713455,48.8278506],[2.2716937,48.8278567],[2.2717385,48.8278575],[2.2721803,48.8278652],[2.2725583,48.8278718],[2.2733649,48.827886],[2.2734576,48.8278876],[2.2734919,48.8278882],[2.2735123,48.8278886],[2.2736827,48.8278916]]}},{"type":"Feature","id":"risk-338","properties":{"segmentId":"29873622:1","accidentCount":12,"accidentsPerKm":88.235,"percentile":0.957,"countPercentile":0.936,"riskLevel":3,"riskScore":0.818,"highway":"secondary","name":"Boulevard Voltaire","lengthM":136,"yearsFrom":2019,"yearsTo":2024,"metric":"density","trafficSource":"none"},"geometry":{"type":"LineString","coordinates":[[2.3839433,48.8555206],[2.3841536,48.8553959],[2.3842633,48.8553323],[2.3842839,48.8553196],[2.3851964,48.8547759],[2.3853213,48.8547012]]}},{"type":"Feature","id":"risk-339","properties":{"segmentId":"35588019:0","accidentCount":13,"accidentsPerKm":42.623,"percentile":0.772,"countPercentile":0.949,"riskLevel":2,"riskScore":0.605,"highway":"trunk","name":"Boulevard Périphérique Intérieur","lengthM":305,"yearsFrom":2019,"yearsTo":2024,"metric":"density","trafficSource":"none"},"geometry":{"type":"LineString","coordinates":[[2.2817469,48.8798515],[2.2819767,48.8804065],[2.2820671,48.8806005],[2.2821678,48.8807904],[2.2822904,48.8809819],[2.2824082,48.8811629],[2.282973,48.8819796],[2.2832848,48.8823907]]}},{"type":"Feature","id":"risk-340","properties":{"segmentId":"23552587:0","accidentCount":15,"accidentsPerKm":67.265,"percentile":0.91,"countPercentile":0.965,"riskLevel":3,"riskScore":0.764,"highway":"trunk","name":"Boulevard Périphérique Intérieur","lengthM":223,"yearsFrom":2019,"yearsTo":2024,"metric":"density","trafficSource":"none"},"geometry":{"type":"LineString","coordinates":[[2.2745452,48.8727144],[2.2750915,48.8733523],[2.2755619,48.8739073],[2.2760559,48.8744579]]}},{"type":"Feature","id":"risk-341","properties":{"segmentId":"1165109537:0","accidentCount":7,"accidentsPerKm":50.36,"percentile":0.841,"countPercentile":0.762,"riskLevel":2,"riskScore":0.685,"highway":"secondary","name":"Avenue Jean Moulin","lengthM":139,"yearsFrom":2019,"yearsTo":2024,"metric":"density","trafficSource":"none"},"geometry":{"type":"LineString","coordinates":[[2.3265162,48.8277765],[2.3264682,48.8277513],[2.3264474,48.8277396],[2.3261213,48.8275523],[2.3251892,48.8271345],[2.3251211,48.8271052],[2.3250734,48.8270839],[2.3249766,48.8270431]]}},{"type":"Feature","id":"risk-342","properties":{"segmentId":"24931206:0","accidentCount":17,"accidentsPerKm":171.717,"percentile":0.996,"countPercentile":0.979,"riskLevel":3,"riskScore":0.863,"highway":"secondary","name":"Avenue Marceau","lengthM":99,"yearsFrom":2019,"yearsTo":2024,"metric":"density","trafficSource":"none"},"geometry":{"type":"LineString","coordinates":[[2.2955649,48.8732624],[2.2957278,48.8730751],[2.2958731,48.8729016],[2.2959007,48.8728687],[2.2959265,48.8728372],[2.2960696,48.8726657],[2.2961295,48.8725932],[2.2961532,48.8725645],[2.2961977,48.8725124],[2.2962201,48.8724855]]}},{"type":"Feature","id":"risk-343","properties":{"segmentId":"1250011678:0","accidentCount":4,"accidentsPerKm":51.948,"percentile":0.85,"countPercentile":0.366,"riskLevel":2,"riskScore":0.695,"highway":"primary","name":"Avenue Winston Churchill","lengthM":77,"yearsFrom":2019,"yearsTo":2022,"metric":"density","trafficSource":"none"},"geometry":{"type":"LineString","coordinates":[[2.3139339,48.8670341],[2.3138968,48.866707],[2.3138518,48.8663393]]}},{"type":"Feature","id":"risk-344","properties":{"segmentId":"390294218:0","accidentCount":5,"accidentsPerKm":69.444,"percentile":0.919,"countPercentile":0.552,"riskLevel":3,"riskScore":0.774,"highway":"primary","name":"Boulevard Henri IV","lengthM":72,"yearsFrom":2019,"yearsTo":2022,"metric":"density","trafficSource":"none"},"geometry":{"type":"LineString","coordinates":[[2.3659486,48.8521921],[2.3661048,48.8522386],[2.3662161,48.8522718],[2.3662856,48.8522925],[2.3664899,48.8523533],[2.3666589,48.8524037],[2.3668395,48.8524602]]}},{"type":"Feature","id":"risk-345","properties":{"segmentId":"681501872:0","accidentCount":5,"accidentsPerKm":51.02,"percentile":0.845,"countPercentile":0.553,"riskLevel":2,"riskScore":0.689,"highway":"primary","name":"Avenue de la République","lengthM":98,"yearsFrom":2019,"yearsTo":2024,"metric":"density","trafficSource":"none"},"geometry":{"type":"LineString","coordinates":[[2.3285967,48.9500651],[2.3283203,48.9501216],[2.3275344,48.9502851],[2.3273061,48.9503165]]}},{"type":"Feature","id":"risk-346","properties":{"segmentId":"1184318816:0","accidentCount":3,"accidentsPerKm":41.667,"percentile":0.758,"countPercentile":0.048,"riskLevel":2,"riskScore":0.589,"highway":"primary","name":"Grande Rue","lengthM":72,"yearsFrom":2019,"yearsTo":2020,"metric":"density","trafficSource":"none"},"geometry":{"type":"LineString","coordinates":[[2.5152734,48.8827647],[2.5150999,48.8827756],[2.5148493,48.8827892],[2.5146837,48.8827985],[2.5144086,48.8828178],[2.5142928,48.8828269]]}},{"type":"Feature","id":"risk-347","properties":{"segmentId":"41202584:0","accidentCount":4,"accidentsPerKm":40.816,"percentile":0.751,"countPercentile":0.367,"riskLevel":2,"riskScore":0.581,"highway":"motorway","lengthM":98,"yearsFrom":2019,"yearsTo":2021,"metric":"density","trafficSource":"tmja","tmja":77300,"tmjaDistM":26,"tmjaMeasureYear":2019,"accidentsPer100MVehKm":48.221,"tmjaPercentile":0.942},"geometry":{"type":"LineString","coordinates":[[2.3140636,48.7620928],[2.3143995,48.7619952],[2.3148437,48.7618661],[2.3152956,48.7617423]]}},{"type":"Feature","id":"risk-348","properties":{"segmentId":"336695476:0","accidentCount":6,"accidentsPerKm":37.975,"percentile":0.72,"countPercentile":0.686,"riskLevel":1,"riskScore":0.545,"highway":"primary","name":"Rue Louis Talamoni","lengthM":158,"yearsFrom":2019,"yearsTo":2023,"metric":"density","trafficSource":"none"},"geometry":{"type":"LineString","coordinates":[[2.5112569,48.813434],[2.5113815,48.8133964],[2.5120136,48.8132363],[2.5120893,48.8132217],[2.5122482,48.8131911],[2.5124247,48.813157],[2.5127436,48.8130824],[2.513291,48.81296]]}},{"type":"Feature","id":"risk-349","properties":{"segmentId":"322819001:0","accidentCount":7,"accidentsPerKm":56,"percentile":0.867,"countPercentile":0.762,"riskLevel":2,"riskScore":0.715,"highway":"primary","name":"Avenue Aristide Briand","lengthM":125,"yearsFrom":2019,"yearsTo":2024,"metric":"density","trafficSource":"none"},"geometry":{"type":"LineString","coordinates":[[2.3254792,48.8183456],[2.3254513,48.8178559],[2.3254476,48.81779],[2.3254448,48.8177552],[2.3254553,48.8175809],[2.325459,48.8175486],[2.3254689,48.8174955],[2.3254773,48.8174153],[2.3254922,48.8172267]]}},{"type":"Feature","id":"risk-350","properties":{"segmentId":"473728781:0","accidentCount":11,"accidentsPerKm":157.143,"percentile":0.995,"countPercentile":0.923,"riskLevel":3,"riskScore":0.862,"highway":"primary","name":"Avenue de la Porte de la Villette","lengthM":70,"yearsFrom":2019,"yearsTo":2024,"metric":"density","trafficSource":"none"},"geometry":{"type":"LineString","coordinates":[[2.3879289,48.8997759],[2.3881768,48.8999914],[2.3882594,48.9000957],[2.3883748,48.9003268]]}},{"type":"Feature","id":"risk-351","properties":{"segmentId":"205674351:0","accidentCount":6,"accidentsPerKm":39.735,"percentile":0.742,"countPercentile":0.686,"riskLevel":1,"riskScore":0.571,"highway":"secondary","name":"Avenue Laplace","lengthM":151,"yearsFrom":2019,"yearsTo":2022,"metric":"density","trafficSource":"none"},"geometry":{"type":"LineString","coordinates":[[2.3333936,48.80786],[2.3338292,48.8077111],[2.3340154,48.8076471],[2.3341471,48.8076001],[2.3348176,48.8073669],[2.3352192,48.8072273]]}},{"type":"Feature","id":"risk-352","properties":{"segmentId":"693056490:2","accidentCount":10,"accidentsPerKm":140.845,"percentile":0.99,"countPercentile":0.9,"riskLevel":3,"riskScore":0.856,"highway":"secondary","name":"Rue des Pyrénées","lengthM":71,"yearsFrom":2019,"yearsTo":2024,"metric":"density","trafficSource":"none"},"geometry":{"type":"LineString","coordinates":[[2.3979486,48.8655616],[2.3979922,48.8655087],[2.3980439,48.8654461],[2.3981905,48.8652682],[2.39823,48.8652202],[2.398294,48.8651425],[2.398409,48.865003]]}},{"type":"Feature","id":"risk-353","properties":{"segmentId":"1275533904:0","accidentCount":9,"accidentsPerKm":103.448,"percentile":0.968,"countPercentile":0.873,"riskLevel":3,"riskScore":0.831,"highway":"primary","name":"Boulevard Saint-Denis","lengthM":87,"yearsFrom":2019,"yearsTo":2024,"metric":"density","trafficSource":"none"},"geometry":{"type":"LineString","coordinates":[[2.3554157,48.8690531],[2.3553409,48.8690705],[2.3551669,48.869114],[2.3544299,48.8692884],[2.3542978,48.8693188]]}},{"type":"Feature","id":"risk-354","properties":{"segmentId":"665319188:0","accidentCount":11,"accidentsPerKm":64.327,"percentile":0.902,"countPercentile":0.923,"riskLevel":3,"riskScore":0.755,"highway":"secondary","name":"Boulevard Chanzy","lengthM":171,"yearsFrom":2019,"yearsTo":2024,"metric":"density","trafficSource":"none"},"geometry":{"type":"LineString","coordinates":[[2.4317034,48.8585061],[2.4316144,48.8585111],[2.4305975,48.8585576],[2.4294859,48.8585992],[2.4293749,48.8586042]]}},{"type":"Feature","id":"risk-355","properties":{"segmentId":"41113886:0","accidentCount":12,"accidentsPerKm":38.71,"percentile":0.729,"countPercentile":0.936,"riskLevel":1,"riskScore":0.556,"highway":"primary","name":"Boulevard Pasteur","lengthM":310,"yearsFrom":2019,"yearsTo":2024,"metric":"density","trafficSource":"none"},"geometry":{"type":"LineString","coordinates":[[2.3839458,48.92311],[2.383854,48.9229083],[2.3838424,48.9228898],[2.3837502,48.9227539],[2.3836959,48.9226698],[2.3835786,48.9224407],[2.3833992,48.9218853],[2.3833641,48.9217744],[2.383334,48.92168],[2.3831413,48.9210742],[2.3831143,48.9209893],[2.3829351,48.9204105]]}},{"type":"Feature","id":"risk-356","properties":{"segmentId":"23754852:0","accidentCount":3,"accidentsPerKm":46.875,"percentile":0.812,"countPercentile":0.05,"riskLevel":2,"riskScore":0.651,"highway":"motorway","lengthM":64,"yearsFrom":2019,"yearsTo":2023,"metric":"density","trafficSource":"tmja","tmja":131984,"tmjaDistM":439,"tmjaMeasureYear":2019,"accidentsPer100MVehKm":19.461,"tmjaPercentile":0.75},"geometry":{"type":"LineString","coordinates":[[2.421055,48.865661],[2.4218776,48.8658483]]}},{"type":"Feature","id":"risk-357","properties":{"segmentId":"35470815:0","accidentCount":11,"accidentsPerKm":65.476,"percentile":0.906,"countPercentile":0.924,"riskLevel":3,"riskScore":0.759,"highway":"trunk","name":"Boulevard Périphérique Intérieur","lengthM":168,"yearsFrom":2019,"yearsTo":2024,"metric":"density","trafficSource":"none"},"geometry":{"type":"LineString","coordinates":[[2.254294,48.8388566],[2.2542027,48.8393359],[2.2541149,48.8398327],[2.2540884,48.8403604]]}},{"type":"Feature","id":"risk-358","properties":{"segmentId":"255109299:0","accidentCount":13,"accidentsPerKm":44.828,"percentile":0.796,"countPercentile":0.949,"riskLevel":2,"riskScore":0.633,"highway":"secondary","name":"Avenue Ledru-Rollin","lengthM":290,"yearsFrom":2019,"yearsTo":2024,"metric":"density","trafficSource":"none"},"geometry":{"type":"LineString","coordinates":[[2.3787055,48.8557065],[2.3785909,48.85552],[2.3784915,48.8553588],[2.378308,48.8550446],[2.378178,48.8548168],[2.3781359,48.8547443],[2.3779125,48.8543465],[2.3778548,48.8542477],[2.3775807,48.8537774],[2.3773955,48.8534597],[2.3773735,48.8534219],[2.3772848,48.8532731]]}},{"type":"Feature","id":"risk-359","properties":{"segmentId":"1001732398:0","accidentCount":5,"accidentsPerKm":65.789,"percentile":0.908,"countPercentile":0.554,"riskLevel":3,"riskScore":0.762,"highway":"primary","name":"Rue de Saint-Cloud","lengthM":76,"yearsFrom":2019,"yearsTo":2024,"metric":"density","trafficSource":"none"},"geometry":{"type":"LineString","coordinates":[[2.2243916,48.8291637],[2.2243438,48.8292374],[2.2241733,48.8294084],[2.2241463,48.8294355],[2.2241072,48.8294776],[2.2238447,48.8297451]]}},{"type":"Feature","id":"risk-360","properties":{"segmentId":"979500722:0","accidentCount":5,"accidentsPerKm":45.872,"percentile":0.801,"countPercentile":0.554,"riskLevel":2,"riskScore":0.639,"highway":"secondary","name":"Boulevard de Verdun","lengthM":109,"yearsFrom":2019,"yearsTo":2022,"metric":"density","trafficSource":"none"},"geometry":{"type":"LineString","coordinates":[[2.2624164,48.8987517],[2.2624869,48.8986779],[2.2625007,48.8986637],[2.2626844,48.8984986],[2.2628887,48.8982951],[2.2629854,48.8981998],[2.2631885,48.8979931],[2.2632441,48.897937]]}},{"type":"Feature","id":"risk-361","properties":{"segmentId":"461149696:0","accidentCount":5,"accidentsPerKm":57.471,"percentile":0.871,"countPercentile":0.554,"riskLevel":2,"riskScore":0.719,"highway":"motorway","lengthM":87,"yearsFrom":2019,"yearsTo":2023,"metric":"density","trafficSource":"tmja","tmja":198400,"tmjaDistM":171,"tmjaMeasureYear":2019,"accidentsPer100MVehKm":15.873,"tmjaPercentile":0.687},"geometry":{"type":"LineString","coordinates":[[2.2500548,48.9695544],[2.2502343,48.9693709],[2.2506063,48.9690377],[2.2507498,48.9689242]]}},{"type":"Feature","id":"risk-362","properties":{"segmentId":"41465217:0","accidentCount":6,"accidentsPerKm":75.949,"percentile":0.936,"countPercentile":0.687,"riskLevel":3,"riskScore":0.794,"highway":"primary","name":"Boulevard Henri IV","lengthM":79,"yearsFrom":2019,"yearsTo":2022,"metric":"density","trafficSource":"none"},"geometry":{"type":"LineString","coordinates":[[2.3673524,48.8526154],[2.3678197,48.8527586],[2.3680138,48.852818],[2.3680509,48.8528275],[2.3682091,48.8528569],[2.3683564,48.8528621]]}},{"type":"Feature","id":"risk-363","properties":{"segmentId":"317969805:0","accidentCount":6,"accidentsPerKm":40.816,"percentile":0.751,"countPercentile":0.687,"riskLevel":2,"riskScore":0.581,"highway":"primary","name":"Quai de Dion Bouton","lengthM":147,"yearsFrom":2019,"yearsTo":2024,"metric":"density","trafficSource":"none"},"geometry":{"type":"LineString","coordinates":[[2.2511816,48.8855512],[2.2509676,48.8853337],[2.2507226,48.8850851],[2.2500244,48.8844723]]}},{"type":"Feature","id":"risk-364","properties":{"segmentId":"694594176:0","accidentCount":4,"accidentsPerKm":47.619,"percentile":0.819,"countPercentile":0.368,"riskLevel":2,"riskScore":0.659,"highway":"tertiary","name":"Boulevard National","lengthM":84,"yearsFrom":2019,"yearsTo":2022,"metric":"density","trafficSource":"none"},"geometry":{"type":"LineString","coordinates":[[2.18397,48.888488],[2.1840417,48.888449],[2.1845699,48.88818],[2.184797,48.8880648],[2.1848732,48.8880262]]}},{"type":"Feature","id":"risk-365","properties":{"segmentId":"112972740:0","accidentCount":13,"accidentsPerKm":123.81,"percentile":0.981,"countPercentile":0.949,"riskLevel":3,"riskScore":0.846,"highway":"secondary","name":"Avenue du Général de Gaulle","lengthM":105,"yearsFrom":2019,"yearsTo":2024,"metric":"density","trafficSource":"none"},"geometry":{"type":"LineString","coordinates":[[2.2550486,48.9097158],[2.2547809,48.9106408]]}},{"type":"Feature","id":"risk-366","properties":{"segmentId":"28593268:0","accidentCount":4,"accidentsPerKm":43.478,"percentile":0.779,"countPercentile":0.368,"riskLevel":2,"riskScore":0.613,"highway":"primary","name":"Route de Bièvres","lengthM":92,"yearsFrom":2019,"yearsTo":2023,"metric":"density","trafficSource":"tmja","tmja":101664,"tmjaDistM":171,"tmjaMeasureYear":2019,"accidentsPer100MVehKm":23.434,"tmjaPercentile":0.81},"geometry":{"type":"LineString","coordinates":[[2.2292751,48.7762382],[2.2294485,48.7763201],[2.2295903,48.7763833],[2.2297785,48.7764547],[2.2300161,48.7765305],[2.2302987,48.7766269],[2.2303658,48.7766499]]}},{"type":"Feature","id":"risk-367","properties":{"segmentId":"630455863:0","accidentCount":15,"accidentsPerKm":156.25,"percentile":0.994,"countPercentile":0.966,"riskLevel":3,"riskScore":0.861,"highway":"primary","name":"Avenue de la Grande Armée","lengthM":96,"yearsFrom":2019,"yearsTo":2024,"metric":"density","trafficSource":"none"},"geometry":{"type":"LineString","coordinates":[[2.2844881,48.8771313],[2.2847301,48.8770554],[2.2851207,48.8769286],[2.285258,48.8768881],[2.2853043,48.8768735],[2.2854843,48.876817],[2.2856763,48.8767566]]}},{"type":"Feature","id":"risk-368","properties":{"segmentId":"41311213:0","accidentCount":10,"accidentsPerKm":45.872,"percentile":0.802,"countPercentile":0.9,"riskLevel":2,"riskScore":0.64,"highway":"primary","name":"Avenue de la République","lengthM":218,"yearsFrom":2019,"yearsTo":2023,"metric":"density","trafficSource":"none"},"geometry":{"type":"LineString","coordinates":[[2.3751778,48.8651468],[2.3753137,48.8651148],[2.3754326,48.8650869],[2.375737,48.8650319],[2.375765,48.8650268],[2.3758241,48.8650153],[2.3777546,48.8646464],[2.3780418,48.8645947]]}},{"type":"Feature","id":"risk-369","properties":{"segmentId":"184764543:0","accidentCount":9,"accidentsPerKm":42.857,"percentile":0.774,"countPercentile":0.874,"riskLevel":2,"riskScore":0.608,"highway":"trunk","name":"Boulevard Périphérique Extérieur","lengthM":210,"yearsFrom":2019,"yearsTo":2024,"metric":"density","trafficSource":"none"},"geometry":{"type":"LineString","coordinates":[[2.2740203,48.8348198],[2.274488,48.834716],[2.2748456,48.8346225],[2.2753664,48.8344513],[2.2759708,48.8342218],[2.2765752,48.8339745]]}},{"type":"Feature","id":"risk-370","properties":{"segmentId":"673555390:0","accidentCount":6,"accidentsPerKm":57.692,"percentile":0.871,"countPercentile":0.688,"riskLevel":2,"riskScore":0.719,"highway":"primary","name":"Boulevard Berthier","lengthM":104,"yearsFrom":2019,"yearsTo":2023,"metric":"density","trafficSource":"none"},"geometry":{"type":"LineString","coordinates":[[2.300801,48.8886453],[2.3002897,48.8884029],[2.2998158,48.8881782],[2.299774,48.8881586],[2.2996489,48.8881]]}},{"type":"Feature","id":"risk-371","properties":{"segmentId":"330436158:0","accidentCount":10,"accidentsPerKm":106.383,"percentile":0.971,"countPercentile":0.901,"riskLevel":3,"riskScore":0.834,"highway":"tertiary","name":"Rue de Courcelles","lengthM":94,"yearsFrom":2019,"yearsTo":2024,"metric":"density","trafficSource":"none"},"geometry":{"type":"LineString","coordinates":[[2.3099465,48.8743703],[2.3097688,48.8744785],[2.3096359,48.8745718],[2.3093085,48.8749058],[2.3091801,48.8750387]]}},{"type":"Feature","id":"risk-372","properties":{"segmentId":"109067634:0","accidentCount":5,"accidentsPerKm":80.645,"percentile":0.946,"countPercentile":0.555,"riskLevel":3,"riskScore":0.805,"highway":"primary","name":"Avenue du Général de Gaulle","lengthM":62,"yearsFrom":2019,"yearsTo":2024,"metric":"density","trafficSource":"tmja","tmja":131984,"tmjaDistM":161,"tmjaMeasureYear":2019,"accidentsPer100MVehKm":27.901,"tmjaPercentile":0.85},"geometry":{"type":"LineString","coordinates":[[2.472912,48.8855454],[2.4724947,48.8860334]]}},{"type":"Feature","id":"risk-373","properties":{"segmentId":"174802351:0","accidentCount":6,"accidentsPerKm":76.923,"percentile":0.937,"countPercentile":0.688,"riskLevel":3,"riskScore":0.795,"highway":"primary","name":"Avenue Corentin Cariou","lengthM":78,"yearsFrom":2019,"yearsTo":2023,"metric":"density","trafficSource":"none"},"geometry":{"type":"LineString","coordinates":[[2.3841428,48.8964122],[2.3840955,48.8963686],[2.3840698,48.8963456],[2.3840335,48.8963114],[2.3839738,48.8962563],[2.3838637,48.8961425],[2.383823,48.8960961],[2.3837495,48.8960261],[2.3836625,48.8959391],[2.3835867,48.8958185]]}},{"type":"Feature","id":"risk-374","properties":{"segmentId":"752006986:0","accidentCount":3,"accidentsPerKm":42.254,"percentile":0.766,"countPercentile":0.053,"riskLevel":2,"riskScore":0.598,"highway":"secondary","name":"Rue de Rosny","lengthM":71,"yearsFrom":2019,"yearsTo":2023,"metric":"density","trafficSource":"none"},"geometry":{"type":"LineString","coordinates":[[2.4497843,48.8635134],[2.449751,48.8635019],[2.4494952,48.8634218],[2.4493061,48.863353],[2.4490984,48.86327],[2.4489949,48.8632245],[2.4489453,48.8631938]]}},{"type":"Feature","id":"risk-375","properties":{"segmentId":"362988810:0","accidentCount":13,"accidentsPerKm":59.091,"percentile":0.879,"countPercentile":0.949,"riskLevel":2,"riskScore":0.728,"highway":"trunk","name":"Boulevard Périphérique Extérieur","lengthM":220,"yearsFrom":2019,"yearsTo":2024,"metric":"density","trafficSource":"none"},"geometry":{"type":"LineString","coordinates":[[2.3113164,48.8231725],[2.3141642,48.8225463]]}},{"type":"Feature","id":"risk-376","properties":{"segmentId":"32915612:0","accidentCount":3,"accidentsPerKm":46.154,"percentile":0.804,"countPercentile":0.054,"riskLevel":2,"riskScore":0.642,"highway":"trunk","name":"Boulevard Périphérique Intérieur","lengthM":65,"yearsFrom":2019,"yearsTo":2022,"metric":"density","trafficSource":"none"},"geometry":{"type":"LineString","coordinates":[[2.2632486,48.8597681],[2.263338,48.8598747],[2.2634564,48.8600291],[2.2635505,48.8601614],[2.2636357,48.8602952]]}},{"type":"Feature","id":"risk-377","properties":{"segmentId":"24414424:0","accidentCount":8,"accidentsPerKm":52.288,"percentile":0.854,"countPercentile":0.832,"riskLevel":2,"riskScore":0.7,"highway":"trunk_link","lengthM":153,"yearsFrom":2019,"yearsTo":2024,"metric":"density","trafficSource":"none"},"geometry":{"type":"LineString","coordinates":[[2.3301992,48.9004756],[2.330387,48.9004785],[2.3322915,48.9005052]]}},{"type":"Feature","id":"risk-378","properties":{"segmentId":"1160381700:0","accidentCount":6,"accidentsPerKm":41.667,"percentile":0.759,"countPercentile":0.689,"riskLevel":2,"riskScore":0.59,"highway":"secondary","name":"Rue de Rome","lengthM":144,"yearsFrom":2019,"yearsTo":2022,"metric":"density","trafficSource":"none"},"geometry":{"type":"LineString","coordinates":[[2.3192678,48.8832876],[2.3193153,48.8832393],[2.3200854,48.882462],[2.3201856,48.8823608],[2.3203489,48.8822056]]}},{"type":"Feature","id":"risk-379","properties":{"segmentId":"62798488:0","accidentCount":12,"accidentsPerKm":166.667,"percentile":0.996,"countPercentile":0.936,"riskLevel":3,"riskScore":0.863,"highway":"secondary","name":"Rue du Faubourg Saint-Martin","lengthM":72,"yearsFrom":2019,"yearsTo":2024,"metric":"density","trafficSource":"none"},"geometry":{"type":"LineString","coordinates":[[2.3651516,48.8811111],[2.365217,48.8811589],[2.3655386,48.8814161],[2.3655885,48.8814611],[2.3656298,48.8814959],[2.3657877,48.8816108]]}},{"type":"Feature","id":"risk-380","properties":{"segmentId":"1421892863:0","accidentCount":7,"accidentsPerKm":67.308,"percentile":0.911,"countPercentile":0.764,"riskLevel":3,"riskScore":0.765,"highway":"tertiary","name":"Avenue George V","lengthM":104,"yearsFrom":2019,"yearsTo":2024,"metric":"density","trafficSource":"none"},"geometry":{"type":"LineString","coordinates":[[2.3009132,48.8709858],[2.3009012,48.8711556],[2.300871,48.8715803],[2.30087,48.8716067],[2.30086,48.8717263],[2.3008589,48.8717636],[2.3008571,48.8717948],[2.3008582,48.8718118],[2.3009215,48.8719084]]}},{"type":"Feature","id":"risk-381","properties":{"segmentId":"71505096:0","accidentCount":18,"accidentsPerKm":68.182,"percentile":0.915,"countPercentile":0.984,"riskLevel":3,"riskScore":0.77,"highway":"primary","name":"Avenue de Friedland","lengthM":264,"yearsFrom":2019,"yearsTo":2024,"metric":"density","trafficSource":"none"},"geometry":{"type":"LineString","coordinates":[[2.2995154,48.874225],[2.3007323,48.8743604],[2.3007735,48.874365],[2.3008515,48.874374],[2.3010558,48.8743984],[2.3013676,48.8744301],[2.301644,48.8744622],[2.3016684,48.8744652],[2.3017524,48.8744743],[2.3021932,48.8745231],[2.3024538,48.8745533],[2.3030794,48.8746251]]}},{"type":"Feature","id":"risk-382","properties":{"segmentId":"66767132:0","accidentCount":8,"accidentsPerKm":53.333,"percentile":0.858,"countPercentile":0.833,"riskLevel":2,"riskScore":0.704,"highway":"tertiary","name":"Rue Étienne Marcel","lengthM":150,"yearsFrom":2019,"yearsTo":2024,"metric":"density","trafficSource":"none"},"geometry":{"type":"LineString","coordinates":[[2.3490334,48.8638647],[2.3491416,48.8638388],[2.3493715,48.8637838],[2.3498949,48.8636586],[2.3499384,48.8636482],[2.3499932,48.863635],[2.3500944,48.8636108],[2.350543,48.8635035],[2.3507534,48.8634531],[2.3507973,48.8634427],[2.3509284,48.8634113],[2.3509663,48.8634024]]}},{"type":"Feature","id":"risk-383","properties":{"segmentId":"245066373:0","accidentCount":4,"accidentsPerKm":63.492,"percentile":0.898,"countPercentile":0.371,"riskLevel":2,"riskScore":0.75,"highway":"tertiary","name":"Avenue Jean-Baptiste Clément","lengthM":63,"yearsFrom":2019,"yearsTo":2022,"metric":"density","trafficSource":"none"},"geometry":{"type":"LineString","coordinates":[[2.3373869,48.952721],[2.3374587,48.9527808],[2.3375526,48.9528599],[2.3376144,48.9529529],[2.3376795,48.9530873],[2.3376901,48.9531092],[2.3377141,48.9531648],[2.3377476,48.953228]]}},{"type":"Feature","id":"risk-384","properties":{"segmentId":"5210455:0","accidentCount":5,"accidentsPerKm":76.923,"percentile":0.938,"countPercentile":0.556,"riskLevel":3,"riskScore":0.796,"highway":"secondary","name":"Rue de Vouillé","lengthM":65,"yearsFrom":2019,"yearsTo":2023,"metric":"density","trafficSource":"none"},"geometry":{"type":"LineString","coordinates":[[2.3100261,48.8333076],[2.3098941,48.8333602],[2.3098061,48.8333941],[2.3093042,48.8335431],[2.3092306,48.8335638]]}},{"type":"Feature","id":"risk-385","properties":{"segmentId":"543287227:0","accidentCount":4,"accidentsPerKm":65.574,"percentile":0.906,"countPercentile":0.371,"riskLevel":3,"riskScore":0.759,"highway":"primary","name":"Avenue Aristide Briand","lengthM":61,"yearsFrom":2019,"yearsTo":2024,"metric":"density","trafficSource":"none"},"geometry":{"type":"LineString","coordinates":[[2.3256696,48.805746],[2.3258441,48.8061507],[2.3258969,48.8062738]]}},{"type":"Feature","id":"risk-386","properties":{"segmentId":"165524946:1","accidentCount":18,"accidentsPerKm":136.364,"percentile":0.988,"countPercentile":0.984,"riskLevel":3,"riskScore":0.854,"highway":"motorway","name":"Autoroute du Nord","lengthM":132,"yearsFrom":2019,"yearsTo":2023,"metric":"density","trafficSource":"tmja","tmja":132186,"tmjaDistM":17,"tmjaMeasureYear":2019,"accidentsPer100MVehKm":56.526,"tmjaPercentile":0.956},"geometry":{"type":"LineString","coordinates":[[2.3573021,48.9195227],[2.35738,48.9183396]]}},{"type":"Feature","id":"risk-387","properties":{"segmentId":"362926534:0","accidentCount":6,"accidentsPerKm":86.957,"percentile":0.955,"countPercentile":0.69,"riskLevel":3,"riskScore":0.816,"highway":"tertiary","name":"Avenue René Fonck","lengthM":69,"yearsFrom":2019,"yearsTo":2023,"metric":"density","trafficSource":"none"},"geometry":{"type":"LineString","coordinates":[[2.4083351,48.8798276],[2.4083283,48.8798811],[2.4083483,48.8802005],[2.4083604,48.8803783],[2.4083297,48.8804479]]}},{"type":"Feature","id":"risk-388","properties":{"segmentId":"11833469:0","accidentCount":10,"accidentsPerKm":128.205,"percentile":0.984,"countPercentile":0.901,"riskLevel":3,"riskScore":0.849,"highway":"primary","name":"Avenue de la Porte de Clignancourt","lengthM":78,"yearsFrom":2019,"yearsTo":2022,"metric":"density","trafficSource":"none"},"geometry":{"type":"LineString","coordinates":[[2.3442765,48.8980704],[2.3442396,48.8981269],[2.3442281,48.8981847],[2.3442296,48.8982434],[2.3442327,48.8983702],[2.3442261,48.8985079],[2.3442119,48.8987663]]}},{"type":"Feature","id":"risk-389","properties":{"segmentId":"41587294:0","accidentCount":20,"accidentsPerKm":86.207,"percentile":0.953,"countPercentile":0.992,"riskLevel":3,"riskScore":0.813,"highway":"primary","name":"Avenue Denfert-Rochereau","lengthM":232,"yearsFrom":2019,"yearsTo":2024,"metric":"density","trafficSource":"none"},"geometry":{"type":"LineString","coordinates":[[2.3326202,48.8345298],[2.3327936,48.8346955],[2.3329333,48.8348363],[2.3330133,48.8349296],[2.3330378,48.834964],[2.3330713,48.8350099],[2.333139,48.8351012],[2.3331838,48.8351497],[2.3332275,48.835197],[2.334032,48.8360677],[2.3342675,48.8363127]]}},{"type":"Feature","id":"risk-390","properties":{"segmentId":"4039234:0","accidentCount":3,"accidentsPerKm":40.541,"percentile":0.749,"countPercentile":0.056,"riskLevel":1,"riskScore":0.579,"highway":"tertiary","name":"Rue de Reuilly","lengthM":74,"yearsFrom":2019,"yearsTo":2020,"metric":"density","trafficSource":"none"},"geometry":{"type":"LineString","coordinates":[[2.3851872,48.8494183],[2.3848917,48.8498016],[2.3848193,48.8499093],[2.38479,48.8499529],[2.3847473,48.850016]]}},{"type":"Feature","id":"risk-391","properties":{"segmentId":"1273160707:1","accidentCount":10,"accidentsPerKm":126.582,"percentile":0.983,"countPercentile":0.901,"riskLevel":3,"riskScore":0.848,"highway":"secondary","name":"Boulevard Voltaire","lengthM":79,"yearsFrom":2019,"yearsTo":2024,"metric":"density","trafficSource":"none"},"geometry":{"type":"LineString","coordinates":[[2.3883183,48.8529278],[2.3883633,48.8528993],[2.388461,48.8528382],[2.388701,48.8526891],[2.3888009,48.8526249],[2.3888417,48.8525998],[2.3891042,48.8524384]]}},{"type":"Feature","id":"risk-392","properties":{"segmentId":"22874870:0","accidentCount":18,"accidentsPerKm":79.646,"percentile":0.945,"countPercentile":0.984,"riskLevel":3,"riskScore":0.804,"highway":"secondary","name":"Rue du Bac","lengthM":226,"yearsFrom":2019,"yearsTo":2024,"metric":"density","trafficSource":"none"},"geometry":{"type":"LineString","coordinates":[[2.3279733,48.857709],[2.3280134,48.8577654],[2.3283161,48.8581935],[2.3283353,48.8582212],[2.3283712,48.8582746],[2.3287186,48.858758],[2.3287489,48.8588006],[2.3289458,48.8590778],[2.3292188,48.8594628],[2.3292364,48.8594876],[2.329285,48.8595512]]}},{"type":"Feature","id":"risk-393","properties":{"segmentId":"130584036:0","accidentCount":14,"accidentsPerKm":66.986,"percentile":0.91,"countPercentile":0.957,"riskLevel":3,"riskScore":0.764,"highway":"secondary","name":"Avenue André Morizet","lengthM":209,"yearsFrom":2019,"yearsTo":2024,"metric":"density","trafficSource":"none"},"geometry":{"type":"LineString","coordinates":[[2.2412839,48.8350089],[2.2414495,48.8349075],[2.2416217,48.8348081],[2.2419428,48.8346247],[2.2419869,48.8345995],[2.2421427,48.8344994],[2.242545,48.8342397],[2.2427818,48.8340878],[2.2428831,48.8340244],[2.2430452,48.833915],[2.2431168,48.8338639],[2.2433526,48.8337143]]}},{"type":"Feature","id":"risk-394","properties":{"segmentId":"16206901:0","accidentCount":9,"accidentsPerKm":126.761,"percentile":0.983,"countPercentile":0.874,"riskLevel":3,"riskScore":0.848,"highway":"trunk_link","lengthM":71,"yearsFrom":2019,"yearsTo":2024,"metric":"density","trafficSource":"tmja","tmja":221626,"tmjaDistM":314,"tmjaMeasureYear":2019,"accidentsPer100MVehKm":26.117,"tmjaPercentile":0.836},"geometry":{"type":"LineString","coordinates":[[2.3902518,48.8293282],[2.3903826,48.8292474],[2.3904391,48.8291847],[2.3905127,48.8290905],[2.3905854,48.8289706],[2.3906661,48.8287689]]}},{"type":"Feature","id":"risk-395","properties":{"segmentId":"544549304:0","accidentCount":4,"accidentsPerKm":41.667,"percentile":0.759,"countPercentile":0.371,"riskLevel":2,"riskScore":0.59,"highway":"primary","name":"Avenue de la Grande Armée","lengthM":96,"yearsFrom":2019,"yearsTo":2021,"metric":"density","trafficSource":"none"},"geometry":{"type":"LineString","coordinates":[[2.2930171,48.8744195],[2.2931454,48.8743818],[2.2931963,48.8743663],[2.2933255,48.8743234],[2.2935596,48.8742518],[2.2936042,48.8742377],[2.2936601,48.8742201],[2.2938213,48.8741692],[2.2941973,48.8740465]]}},{"type":"Feature","id":"risk-396","properties":{"segmentId":"879720885:0","accidentCount":16,"accidentsPerKm":188.235,"percentile":0.997,"countPercentile":0.973,"riskLevel":3,"riskScore":0.864,"highway":"secondary","name":"Avenue de Suffren","lengthM":85,"yearsFrom":2019,"yearsTo":2024,"metric":"density","trafficSource":"none"},"geometry":{"type":"LineString","coordinates":[[2.2919144,48.8569169],[2.2915544,48.8571436],[2.2913475,48.8572662],[2.2912624,48.8573166],[2.2911062,48.8574164],[2.2910719,48.8574394]]}},{"type":"Feature","id":"risk-397","properties":{"segmentId":"106327228:0","accidentCount":4,"accidentsPerKm":43.478,"percentile":0.779,"countPercentile":0.371,"riskLevel":2,"riskScore":0.613,"highway":"tertiary","name":"Avenue Franklin","lengthM":92,"yearsFrom":2019,"yearsTo":2024,"metric":"density","trafficSource":"none"},"geometry":{"type":"LineString","coordinates":[[2.5076307,48.9021833],[2.5082042,48.9027572],[2.508261,48.9028138],[2.5083197,48.9028736]]}},{"type":"Feature","id":"risk-398","properties":{"segmentId":"169868627:0","accidentCount":6,"accidentsPerKm":54.054,"percentile":0.86,"countPercentile":0.69,"riskLevel":2,"riskScore":0.706,"highway":"secondary","name":"Boulevard Diderot","lengthM":111,"yearsFrom":2019,"yearsTo":2024,"metric":"density","trafficSource":"none"},"geometry":{"type":"LineString","coordinates":[[2.3850162,48.8471479],[2.3852421,48.8471733],[2.3863532,48.8472984],[2.3865103,48.8473161]]}},{"type":"Feature","id":"risk-399","properties":{"segmentId":"4293992:0","accidentCount":16,"accidentsPerKm":47.761,"percentile":0.821,"countPercentile":0.974,"riskLevel":2,"riskScore":0.662,"highway":"tertiary","name":"Avenue George V","lengthM":335,"yearsFrom":2019,"yearsTo":2024,"metric":"density","trafficSource":"none"},"geometry":{"type":"LineString","coordinates":[[2.3014348,48.8652666],[2.3014055,48.8655776],[2.3013687,48.8659865],[2.3013565,48.8661296],[2.3013325,48.8664055],[2.3013105,48.8666518],[2.3012919,48.8668205],[2.3012833,48.8669237],[2.3012769,48.8669936],[2.3012418,48.8673756],[2.3012183,48.8676214],[2.3011535,48.8682701]]}},{"type":"Feature","id":"risk-400","properties":{"segmentId":"44144722:0","accidentCount":8,"accidentsPerKm":68.376,"percentile":0.915,"countPercentile":0.833,"riskLevel":3,"riskScore":0.77,"highway":"motorway","lengthM":117,"yearsFrom":2019,"yearsTo":2023,"metric":"density","trafficSource":"none"},"geometry":{"type":"LineString","coordinates":[[2.3461045,48.7732639],[2.3462475,48.7743122]]}},{"type":"Feature","id":"risk-401","properties":{"segmentId":"263324409:0","accidentCount":5,"accidentsPerKm":44.643,"percentile":0.793,"countPercentile":0.558,"riskLevel":2,"riskScore":0.629,"highway":"tertiary","name":"Avenue de New York","lengthM":112,"yearsFrom":2019,"yearsTo":2024,"metric":"density","trafficSource":"none"},"geometry":{"type":"LineString","coordinates":[[2.300967,48.8643263],[2.3009182,48.8643111],[2.3008419,48.8642911],[2.3001309,48.8641916],[2.2994795,48.8640799]]}},{"type":"Feature","id":"risk-402","properties":{"segmentId":"752069891:1","accidentCount":6,"accidentsPerKm":46.875,"percentile":0.812,"countPercentile":0.69,"riskLevel":2,"riskScore":0.651,"highway":"primary","name":"Rue de Paris","lengthM":128,"yearsFrom":2019,"yearsTo":2024,"metric":"density","trafficSource":"none"},"geometry":{"type":"LineString","coordinates":[[2.4191931,48.855036],[2.4190801,48.8550148],[2.4190407,48.8550074],[2.4190087,48.8550013],[2.4178247,48.8547781],[2.4176646,48.8547479],[2.4176304,48.8547415],[2.4176087,48.8547374],[2.4175167,48.8547201]]}},{"type":"Feature","id":"risk-403","properties":{"segmentId":"10231238:0","accidentCount":23,"accidentsPerKm":81.56,"percentile":0.948,"countPercentile":0.997,"riskLevel":3,"riskScore":0.808,"highway":"trunk","name":"Boulevard Périphérique Intérieur","lengthM":282,"yearsFrom":2019,"yearsTo":2024,"metric":"density","trafficSource":"tmja","tmja":131984,"tmjaDistM":255,"tmjaMeasureYear":2019,"accidentsPer100MVehKm":28.217,"tmjaPercentile":0.855},"geometry":{"type":"LineString","coordinates":[[2.4132248,48.867276],[2.4131774,48.8661551],[2.4132149,48.8647365]]}},{"type":"Feature","id":"risk-404","properties":{"segmentId":"14036397:0","accidentCount":7,"accidentsPerKm":39.326,"percentile":0.737,"countPercentile":0.765,"riskLevel":1,"riskScore":0.565,"highway":"trunk","name":"Boulevard Périphérique Extérieur","lengthM":178,"yearsFrom":2019,"yearsTo":2024,"metric":"density","trafficSource":"none"},"geometry":{"type":"LineString","coordinates":[[2.2712246,48.8352431],[2.2714652,48.8352312],[2.2717196,48.8352128],[2.2719602,48.8351885],[2.2722146,48.8351563],[2.2725235,48.8351105],[2.2728543,48.8350517],[2.2735933,48.8349077]]}},{"type":"Feature","id":"risk-405","properties":{"segmentId":"27265489:0","accidentCount":16,"accidentsPerKm":50.473,"percentile":0.841,"countPercentile":0.974,"riskLevel":2,"riskScore":0.685,"highway":"primary","name":"Boulevard Marguerite de Rochechouart","lengthM":317,"yearsFrom":2019,"yearsTo":2023,"metric":"density","trafficSource":"none"},"geometry":{"type":"LineString","coordinates":[[2.339665,48.8819055],[2.33977,48.8818899],[2.3398711,48.8818964],[2.3399332,48.8819075],[2.3404022,48.8819989],[2.3409783,48.8821141],[2.3411284,48.8821449],[2.3418562,48.8822838],[2.341981,48.8823063],[2.3421359,48.8823353],[2.3438334,48.8826594]]}},{"type":"Feature","id":"risk-406","properties":{"segmentId":"1320414809:0","accidentCount":18,"accidentsPerKm":191.489,"percentile":0.998,"countPercentile":0.985,"riskLevel":3,"riskScore":0.865,"highway":"primary","name":"Place de la Concorde","lengthM":94,"yearsFrom":2019,"yearsTo":2024,"metric":"density","trafficSource":"none"},"geometry":{"type":"LineString","coordinates":[[2.3199152,48.8658652],[2.3197965,48.8657041],[2.3197724,48.8656715],[2.3193941,48.8651584],[2.3193566,48.8651075]]}},{"type":"Feature","id":"risk-407","properties":{"segmentId":"4293992:1","accidentCount":18,"accidentsPerKm":62.284,"percentile":0.893,"countPercentile":0.985,"riskLevel":2,"riskScore":0.744,"highway":"tertiary","name":"Avenue George V","lengthM":289,"yearsFrom":2019,"yearsTo":2024,"metric":"density","trafficSource":"none"},"geometry":{"type":"LineString","coordinates":[[2.3011535,48.8682701],[2.3011386,48.8684196],[2.301129,48.8685836],[2.3011243,48.8686645],[2.3010882,48.8690609],[2.3010119,48.8698231],[2.3009976,48.8700564],[2.3009905,48.8701237],[2.3009758,48.8702569],[2.3009591,48.8704807],[2.3009516,48.8705634],[2.3009242,48.8708653]]}},{"type":"Feature","id":"risk-408","properties":{"segmentId":"69921670:1","accidentCount":11,"accidentsPerKm":43.478,"percentile":0.779,"countPercentile":0.924,"riskLevel":2,"riskScore":0.613,"highway":"primary","name":"Avenue du Général Gallieni","lengthM":253,"yearsFrom":2019,"yearsTo":2023,"metric":"density","trafficSource":"none"},"geometry":{"type":"LineString","coordinates":[[2.4782962,48.820072],[2.4784248,48.8200715],[2.4785412,48.8200702],[2.4792461,48.8200623],[2.4793349,48.8200607],[2.4793747,48.8200607],[2.4794348,48.8200606],[2.4795027,48.82006],[2.4800374,48.8200556],[2.4809973,48.8200397],[2.4810425,48.8200396],[2.4817551,48.8200374]]}},{"type":"Feature","id":"risk-409","properties":{"segmentId":"378011462:0","accidentCount":3,"accidentsPerKm":50,"percentile":0.836,"countPercentile":0.058,"riskLevel":2,"riskScore":0.679,"highway":"secondary","name":"Avenue de la République","lengthM":60,"yearsFrom":2019,"yearsTo":2024,"metric":"density","trafficSource":"none"},"geometry":{"type":"LineString","coordinates":[[2.1975495,48.8973105],[2.1976236,48.8973625],[2.1976372,48.8973721],[2.1981303,48.8976954]]}},{"type":"Feature","id":"risk-410","properties":{"segmentId":"1071604143:0","accidentCount":11,"accidentsPerKm":62.857,"percentile":0.896,"countPercentile":0.924,"riskLevel":2,"riskScore":0.748,"highway":"primary","name":"Boulevard Charles de Gaulle","lengthM":175,"yearsFrom":2019,"yearsTo":2024,"metric":"density","trafficSource":"tmja","tmja":92091,"tmjaDistM":155,"tmjaMeasureYear":2019,"accidentsPer100MVehKm":31.167,"tmjaPercentile":0.871},"geometry":{"type":"LineString","coordinates":[[2.2306368,48.9132791],[2.2305332,48.9133648],[2.230114,48.913734],[2.2300928,48.9137526],[2.2293041,48.9144434],[2.2292775,48.9144666],[2.2291772,48.9145293]]}},{"type":"Feature","id":"risk-411","properties":{"segmentId":"538456829:0","accidentCount":4,"accidentsPerKm":49.383,"percentile":0.832,"countPercentile":0.375,"riskLevel":2,"riskScore":0.674,"highway":"primary","name":"Route Nationale de Paris à Toulouse","lengthM":81,"yearsFrom":2019,"yearsTo":2024,"metric":"density","trafficSource":"none"},"geometry":{"type":"LineString","coordinates":[[2.1776444,48.4591577],[2.1773896,48.4588669],[2.177174,48.4586846],[2.1770729,48.4586129],[2.1770096,48.458568]]}},{"type":"Feature","id":"risk-412","properties":{"segmentId":"121773669:0","accidentCount":5,"accidentsPerKm":63.291,"percentile":0.897,"countPercentile":0.559,"riskLevel":2,"riskScore":0.749,"highway":"secondary","name":"Rue Ambroise Croizat","lengthM":79,"yearsFrom":2019,"yearsTo":2024,"metric":"density","trafficSource":"none"},"geometry":{"type":"LineString","coordinates":[[2.3449212,48.9392811],[2.3449608,48.9394285],[2.3449673,48.9394528],[2.3450034,48.9395874],[2.3449822,48.9398736],[2.3449789,48.9399186],[2.344971,48.9399876]]}},{"type":"Feature","id":"risk-413","properties":{"segmentId":"832347822:0","accidentCount":5,"accidentsPerKm":76.923,"percentile":0.938,"countPercentile":0.559,"riskLevel":3,"riskScore":0.796,"highway":"secondary","name":"Boulevard de Verdun","lengthM":65,"yearsFrom":2019,"yearsTo":2022,"metric":"density","trafficSource":"none"},"geometry":{"type":"LineString","coordinates":[[2.2565959,48.9047709],[2.2565209,48.9048661],[2.2562887,48.9051092],[2.2562664,48.9051343],[2.2562357,48.9051689],[2.2561735,48.9052814]]}},{"type":"Feature","id":"risk-414","properties":{"segmentId":"331239703:0","accidentCount":10,"accidentsPerKm":43.86,"percentile":0.784,"countPercentile":0.902,"riskLevel":2,"riskScore":0.619,"highway":"motorway","lengthM":228,"yearsFrom":2019,"yearsTo":2024,"metric":"density","trafficSource":"tmja","tmja":92091,"tmjaDistM":161,"tmjaMeasureYear":2019,"accidentsPer100MVehKm":21.747,"tmjaPercentile":0.784},"geometry":{"type":"LineString","coordinates":[[2.2062942,48.9035669],[2.2086797,48.9048924]]}},{"type":"Feature","id":"risk-415","properties":{"segmentId":"70191936:0","accidentCount":8,"accidentsPerKm":121.212,"percentile":0.98,"countPercentile":0.834,"riskLevel":3,"riskScore":0.844,"highway":"primary","name":"Rue du 8 Mai 1945","lengthM":66,"yearsFrom":2019,"yearsTo":2024,"metric":"density","trafficSource":"none"},"geometry":{"type":"LineString","coordinates":[[2.3101073,48.8968393],[2.3101817,48.8969496],[2.3102061,48.8969803],[2.3104032,48.8972328],[2.3105097,48.8973668]]}},{"type":"Feature","id":"risk-416","properties":{"segmentId":"1124095944:0","accidentCount":7,"accidentsPerKm":45.161,"percentile":0.797,"countPercentile":0.766,"riskLevel":2,"riskScore":0.634,"highway":"secondary","name":"Avenue de la Porte Brancion","lengthM":155,"yearsFrom":2019,"yearsTo":2024,"metric":"density","trafficSource":"none"},"geometry":{"type":"LineString","coordinates":[[2.3009246,48.8271695],[2.3003124,48.8260039],[2.3002907,48.825958],[2.3002826,48.8258438]]}},{"type":"Feature","id":"risk-417","properties":{"segmentId":"977417672:0","accidentCount":7,"accidentsPerKm":61.947,"percentile":0.892,"countPercentile":0.766,"riskLevel":2,"riskScore":0.743,"highway":"secondary","name":"Boulevard Diderot","lengthM":113,"yearsFrom":2019,"yearsTo":2022,"metric":"density","trafficSource":"none"},"geometry":{"type":"LineString","coordinates":[[2.3905698,48.8477817],[2.390387,48.8477607],[2.3890493,48.847607]]}},{"type":"Feature","id":"risk-418","properties":{"segmentId":"521338709:0","accidentCount":19,"accidentsPerKm":117.284,"percentile":0.978,"countPercentile":0.989,"riskLevel":3,"riskScore":0.842,"highway":"primary","name":"Quai de l'Hôtel de Ville","lengthM":162,"yearsFrom":2019,"yearsTo":2024,"metric":"density","trafficSource":"none"},"geometry":{"type":"LineString","coordinates":[[2.353045,48.8551242],[2.3535287,48.8549364],[2.3548031,48.8544319],[2.3548447,48.8544159],[2.3549444,48.8543758]]}},{"type":"Feature","id":"risk-419","properties":{"segmentId":"23142334:0","accidentCount":3,"accidentsPerKm":47.619,"percentile":0.819,"countPercentile":0.061,"riskLevel":2,"riskScore":0.659,"highway":"primary","name":"Boulevard Aristide Briand","lengthM":63,"yearsFrom":2019,"yearsTo":2024,"metric":"density","trafficSource":"tmja","tmja":131984,"tmjaDistM":317,"tmjaMeasureYear":2019,"accidentsPer100MVehKm":16.475,"tmjaPercentile":0.695},"geometry":{"type":"LineString","coordinates":[[2.4583719,48.8791475],[2.4582431,48.8790475],[2.4581118,48.8789362],[2.4579653,48.8787742],[2.4578895,48.8786797]]}},{"type":"Feature","id":"risk-420","properties":{"segmentId":"1312875812:0","accidentCount":3,"accidentsPerKm":42.254,"percentile":0.766,"countPercentile":0.062,"riskLevel":2,"riskScore":0.598,"highway":"tertiary","name":"Avenue Augustin Dumont","lengthM":71,"yearsFrom":2019,"yearsTo":2020,"metric":"density","trafficSource":"none"},"geometry":{"type":"LineString","coordinates":[[2.3058899,48.816263],[2.3056975,48.8162656],[2.3056682,48.8162793],[2.3050723,48.816575]]}},{"type":"Feature","id":"risk-421","properties":{"segmentId":"1371662428:0","accidentCount":12,"accidentsPerKm":39.344,"percentile":0.738,"countPercentile":0.937,"riskLevel":1,"riskScore":0.566,"highway":"motorway","lengthM":305,"yearsFrom":2019,"yearsTo":2024,"metric":"density","trafficSource":"none"},"geometry":{"type":"LineString","coordinates":[[2.2235514,48.91872],[2.2237646,48.9189422],[2.2245924,48.9198396],[2.2257301,48.9210628]]}},{"type":"Feature","id":"risk-422","properties":{"segmentId":"505973124:0","accidentCount":13,"accidentsPerKm":83.871,"percentile":0.951,"countPercentile":0.95,"riskLevel":3,"riskScore":0.811,"highway":"motorway","lengthM":155,"yearsFrom":2019,"yearsTo":2024,"metric":"density","trafficSource":"tmja","tmja":183813,"tmjaDistM":19,"tmjaMeasureYear":2019,"accidentsPer100MVehKm":20.835,"tmjaPercentile":0.768},"geometry":{"type":"LineString","coordinates":[[2.4490208,48.8083151],[2.4490354,48.8085641],[2.4491025,48.8097041]]}},{"type":"Feature","id":"risk-423","properties":{"segmentId":"30919112:0","accidentCount":16,"accidentsPerKm":84.211,"percentile":0.951,"countPercentile":0.974,"riskLevel":3,"riskScore":0.811,"highway":"trunk","name":"Boulevard Périphérique Intérieur","lengthM":190,"yearsFrom":2019,"yearsTo":2024,"metric":"density","trafficSource":"none"},"geometry":{"type":"LineString","coordinates":[[2.3239656,48.8204937],[2.3227106,48.8207688],[2.3222043,48.8208608],[2.3215939,48.8209583],[2.321478,48.820977]]}},{"type":"Feature","id":"risk-424","properties":{"segmentId":"752947415:0","accidentCount":12,"accidentsPerKm":123.711,"percentile":0.981,"countPercentile":0.937,"riskLevel":3,"riskScore":0.846,"highway":"primary","name":"Boulevard de Clichy","lengthM":97,"yearsFrom":2019,"yearsTo":2024,"metric":"density","trafficSource":"none"},"geometry":{"type":"LineString","coordinates":[[2.3308968,48.8843375],[2.3305441,48.8844196],[2.3304675,48.8844379],[2.329827,48.8845985],[2.329653,48.8846418]]}},{"type":"Feature","id":"risk-425","properties":{"segmentId":"13871173:0","accidentCount":9,"accidentsPerKm":95.745,"percentile":0.963,"countPercentile":0.875,"riskLevel":3,"riskScore":0.825,"highway":"primary","name":"Quai André Citroën","lengthM":94,"yearsFrom":2019,"yearsTo":2023,"metric":"density","trafficSource":"none"},"geometry":{"type":"LineString","coordinates":[[2.2769661,48.8460724],[2.2768051,48.8459404],[2.2767571,48.8458969],[2.276611,48.8457812],[2.2762895,48.8454515],[2.276237,48.8453801]]}},{"type":"Feature","id":"risk-426","properties":{"segmentId":"22957049:0","accidentCount":6,"accidentsPerKm":50,"percentile":0.837,"countPercentile":0.691,"riskLevel":2,"riskScore":0.68,"highway":"primary","name":"Pont d'Austerlitz","lengthM":120,"yearsFrom":2019,"yearsTo":2023,"metric":"density","trafficSource":"none"},"geometry":{"type":"LineString","coordinates":[[2.367058,48.8455409],[2.3658124,48.8448434]]}},{"type":"Feature","id":"risk-427","properties":{"segmentId":"538550997:0","accidentCount":10,"accidentsPerKm":78.74,"percentile":0.943,"countPercentile":0.902,"riskLevel":3,"riskScore":0.802,"highway":"primary","name":"Boulevard de Bonne Nouvelle","lengthM":127,"yearsFrom":2019,"yearsTo":2024,"metric":"density","trafficSource":"none"},"geometry":{"type":"LineString","coordinates":[[2.3495659,48.8703465],[2.349095,48.870441],[2.3488393,48.8704924],[2.3487034,48.8705196],[2.3482803,48.8706045],[2.3480575,48.8706528],[2.3479102,48.8706756]]}},{"type":"Feature","id":"risk-428","properties":{"segmentId":"563735860:0","accidentCount":9,"accidentsPerKm":120,"percentile":0.979,"countPercentile":0.875,"riskLevel":3,"riskScore":0.843,"highway":"primary","name":"Avenue Gallieni","lengthM":75,"yearsFrom":2019,"yearsTo":2024,"metric":"density","trafficSource":"none"},"geometry":{"type":"LineString","coordinates":[[2.4174924,48.8465492],[2.4173363,48.846562],[2.4164794,48.8466453]]}},{"type":"Feature","id":"risk-429","properties":{"segmentId":"294826456:0","accidentCount":4,"accidentsPerKm":58.824,"percentile":0.877,"countPercentile":0.377,"riskLevel":2,"riskScore":0.726,"highway":"secondary","name":"Rue Jean Zay","lengthM":68,"yearsFrom":2019,"yearsTo":2020,"metric":"density","trafficSource":"none"},"geometry":{"type":"LineString","coordinates":[[2.3222512,48.837587],[2.3221211,48.8375851],[2.3217978,48.8375591],[2.3214894,48.8375329],[2.3213244,48.8375405]]}},{"type":"Feature","id":"risk-430","properties":{"segmentId":"309765261:0","accidentCount":11,"accidentsPerKm":50.691,"percentile":0.843,"countPercentile":0.924,"riskLevel":2,"riskScore":0.687,"highway":"primary","name":"Avenue d'Italie","lengthM":217,"yearsFrom":2019,"yearsTo":2023,"metric":"density","trafficSource":"none"},"geometry":{"type":"LineString","coordinates":[[2.3575888,48.8251193],[2.3576263,48.8250011],[2.3576429,48.8249488],[2.3576873,48.8248085],[2.3577644,48.8245655],[2.3578057,48.8244351],[2.3578403,48.8243261],[2.3581965,48.8232086]]}},{"type":"Feature","id":"risk-431","properties":{"segmentId":"1124095945:0","accidentCount":6,"accidentsPerKm":58.824,"percentile":0.877,"countPercentile":0.691,"riskLevel":2,"riskScore":0.726,"highway":"secondary","name":"Avenue de la Porte Brancion","lengthM":102,"yearsFrom":2019,"yearsTo":2024,"metric":"density","trafficSource":"none"},"geometry":{"type":"LineString","coordinates":[[2.3013615,48.8284779],[2.3013399,48.8284001],[2.3012902,48.8282217],[2.3012344,48.8280213],[2.3011814,48.8278313],[2.3011392,48.8276798],[2.3011094,48.8275727]]}},{"type":"Feature","id":"risk-432","properties":{"segmentId":"83590778:0","accidentCount":6,"accidentsPerKm":43.796,"percentile":0.783,"countPercentile":0.691,"riskLevel":2,"riskScore":0.618,"highway":"primary","name":"Boulevard des Invalides","lengthM":137,"yearsFrom":2019,"yearsTo":2023,"metric":"density","trafficSource":"none"},"geometry":{"type":"LineString","coordinates":[[2.3151445,48.8494407],[2.3152046,48.849338],[2.3157376,48.8483759],[2.3157894,48.8482836]]}},{"type":"Feature","id":"risk-433","properties":{"segmentId":"584385549:0","accidentCount":8,"accidentsPerKm":70.796,"percentile":0.924,"countPercentile":0.835,"riskLevel":3,"riskScore":0.78,"highway":"primary","name":"Avenue de Versailles","lengthM":113,"yearsFrom":2019,"yearsTo":2022,"metric":"density","trafficSource":"none"},"geometry":{"type":"LineString","coordinates":[[2.2760102,48.8496747],[2.2759366,48.8496015],[2.2754325,48.8491031],[2.2752887,48.8489596],[2.2751515,48.8488267]]}},{"type":"Feature","id":"risk-434","properties":{"segmentId":"1422177987:0","accidentCount":3,"accidentsPerKm":49.18,"percentile":0.83,"countPercentile":0.065,"riskLevel":2,"riskScore":0.672,"highway":"primary","name":"Quai d'Ivry","lengthM":61,"yearsFrom":2019,"yearsTo":2022,"metric":"density","trafficSource":"tmja","tmja":221626,"tmjaDistM":325,"tmjaMeasureYear":2019,"accidentsPer100MVehKm":15.199,"tmjaPercentile":0.669},"geometry":{"type":"LineString","coordinates":[[2.3878552,48.8257899],[2.3872974,48.8261959]]}},{"type":"Feature","id":"risk-435","properties":{"segmentId":"53799097:0","accidentCount":14,"accidentsPerKm":46.98,"percentile":0.814,"countPercentile":0.957,"riskLevel":2,"riskScore":0.654,"highway":"secondary","name":"Avenue des Gobelins","lengthM":298,"yearsFrom":2019,"yearsTo":2024,"metric":"density","trafficSource":"none"},"geometry":{"type":"LineString","coordinates":[[2.3550299,48.8322202],[2.3549694,48.8323136],[2.3549145,48.8323997],[2.3547462,48.8326496],[2.3545943,48.8328665],[2.3543127,48.8332598],[2.3542155,48.8334002],[2.3541296,48.8335211],[2.3538024,48.8340027],[2.3536201,48.834265],[2.3534744,48.8344723],[2.3533409,48.8346586]]}},{"type":"Feature","id":"risk-436","properties":{"segmentId":"25466983:0","accidentCount":7,"accidentsPerKm":78.652,"percentile":0.942,"countPercentile":0.766,"riskLevel":3,"riskScore":0.801,"highway":"primary","name":"Quai de la Rapée","lengthM":89,"yearsFrom":2019,"yearsTo":2023,"metric":"density","trafficSource":"none"},"geometry":{"type":"LineString","coordinates":[[2.369136,48.8446585],[2.3685069,48.8451396],[2.3684833,48.8451576],[2.3683541,48.8452697]]}},{"type":"Feature","id":"risk-437","properties":{"segmentId":"34684074:0","accidentCount":8,"accidentsPerKm":74.766,"percentile":0.933,"countPercentile":0.835,"riskLevel":3,"riskScore":0.79,"highway":"primary","name":"Rue Royale","lengthM":107,"yearsFrom":2019,"yearsTo":2024,"metric":"density","trafficSource":"none"},"geometry":{"type":"LineString","coordinates":[[2.3232682,48.8683825],[2.3233603,48.8685104],[2.3238259,48.869157],[2.3238967,48.8692553]]}},{"type":"Feature","id":"risk-438","properties":{"segmentId":"382862642:0","accidentCount":16,"accidentsPerKm":145.455,"percentile":0.991,"countPercentile":0.975,"riskLevel":3,"riskScore":0.857,"highway":"primary","name":"Quai François Mauriac","lengthM":110,"yearsFrom":2019,"yearsTo":2024,"metric":"density","trafficSource":"none"},"geometry":{"type":"LineString","coordinates":[[2.3787715,48.8329781],[2.3788916,48.8328843],[2.3792496,48.8326062],[2.3793911,48.8324986],[2.3795769,48.832368],[2.3796067,48.8323469],[2.3797039,48.8322855],[2.3797778,48.8322388]]}},{"type":"Feature","id":"risk-439","properties":{"segmentId":"127578280:0","accidentCount":7,"accidentsPerKm":41.916,"percentile":0.763,"countPercentile":0.767,"riskLevel":2,"riskScore":0.595,"highway":"secondary","name":"Quai de la Rapée","lengthM":167,"yearsFrom":2019,"yearsTo":2022,"metric":"density","trafficSource":"none"},"geometry":{"type":"LineString","coordinates":[[2.3706118,48.8435114],[2.3705893,48.8435286],[2.3705192,48.8435833],[2.3702684,48.84378],[2.3693485,48.8444933],[2.3692746,48.8445496],[2.369136,48.8446585]]}},{"type":"Feature","id":"risk-440","properties":{"segmentId":"156382086:0","accidentCount":16,"accidentsPerKm":52.117,"percentile":0.852,"countPercentile":0.975,"riskLevel":2,"riskScore":0.697,"highway":"secondary","name":"Boulevard Voltaire","lengthM":307,"yearsFrom":2019,"yearsTo":2024,"metric":"density","trafficSource":"none"},"geometry":{"type":"LineString","coordinates":[[2.3768495,48.8597509],[2.3767358,48.8598183],[2.3757255,48.8604199],[2.3756867,48.8604479],[2.3754899,48.8605556],[2.3753686,48.8606246],[2.3752716,48.8606816],[2.3750197,48.8608354],[2.3747721,48.8609866],[2.3746009,48.861089],[2.3743099,48.8612623],[2.3737364,48.861604]]}},{"type":"Feature","id":"risk-441","properties":{"segmentId":"67307216:0","accidentCount":11,"accidentsPerKm":93.22,"percentile":0.96,"countPercentile":0.925,"riskLevel":3,"riskScore":0.821,"highway":"primary","name":"Boulevard de Magenta","lengthM":118,"yearsFrom":2019,"yearsTo":2022,"metric":"density","trafficSource":"none"},"geometry":{"type":"LineString","coordinates":[[2.3551303,48.8773293],[2.3550212,48.8774574],[2.3544519,48.8780805],[2.354361,48.8781837],[2.3543067,48.8782438]]}},{"type":"Feature","id":"risk-442","properties":{"segmentId":"4039212:1","accidentCount":6,"accidentsPerKm":42.254,"percentile":0.767,"countPercentile":0.692,"riskLevel":2,"riskScore":0.6,"highway":"primary","name":"Boulevard Morland","lengthM":142,"yearsFrom":2019,"yearsTo":2023,"metric":"density","trafficSource":"none"},"geometry":{"type":"LineString","coordinates":[[2.3633774,48.8500607],[2.3630529,48.8503238],[2.3630257,48.8503458],[2.3630084,48.8503598],[2.3629103,48.8504375],[2.3627663,48.8505544],[2.3623028,48.8509336],[2.3622886,48.8509475],[2.3622848,48.850951],[2.362258,48.850976],[2.3622352,48.8510194],[2.36225,48.8510716]]}},{"type":"Feature","id":"risk-443","properties":{"segmentId":"35284551:0","accidentCount":5,"accidentsPerKm":50,"percentile":0.837,"countPercentile":0.562,"riskLevel":2,"riskScore":0.68,"highway":"primary","name":"Avenue de Rosny","lengthM":100,"yearsFrom":2019,"yearsTo":2022,"metric":"density","trafficSource":"tmja","tmja":118500,"tmjaDistM":90,"tmjaMeasureYear":2019,"accidentsPer100MVehKm":28.9,"tmjaPercentile":0.862},"geometry":{"type":"LineString","coordinates":[[2.4705207,48.895335],[2.4705277,48.8951883],[2.4705344,48.8951178],[2.4705411,48.8950464],[2.4705686,48.8947354],[2.4705965,48.8944365]]}},{"type":"Feature","id":"risk-444","properties":{"segmentId":"32555211:0","accidentCount":6,"accidentsPerKm":90.909,"percentile":0.959,"countPercentile":0.692,"riskLevel":3,"riskScore":0.82,"highway":"secondary","name":"Avenue Pierre Grenier","lengthM":66,"yearsFrom":2019,"yearsTo":2023,"metric":"density","trafficSource":"none"},"geometry":{"type":"LineString","coordinates":[[2.2526942,48.8315391],[2.2527839,48.8316733],[2.2528499,48.8317666],[2.2529698,48.8319412],[2.2529895,48.8319691],[2.2530023,48.8319874],[2.2530193,48.8320094],[2.2530708,48.8320801]]}},{"type":"Feature","id":"risk-445","properties":{"segmentId":"1322100654:0","accidentCount":7,"accidentsPerKm":102.941,"percentile":0.968,"countPercentile":0.767,"riskLevel":3,"riskScore":0.831,"highway":"primary","name":"Avenue Winston Churchill","lengthM":68,"yearsFrom":2019,"yearsTo":2024,"metric":"density","trafficSource":"none"},"geometry":{"type":"LineString","coordinates":[[2.3137948,48.8658218],[2.3137567,48.8654652],[2.3137281,48.8652113]]}},{"type":"Feature","id":"risk-446","properties":{"segmentId":"422058397:1","accidentCount":3,"accidentsPerKm":38.961,"percentile":0.732,"countPercentile":0.067,"riskLevel":1,"riskScore":0.559,"highway":"primary","name":"Avenue Henri Barbusse","lengthM":77,"yearsFrom":2019,"yearsTo":2024,"metric":"density","trafficSource":"none"},"geometry":{"type":"LineString","coordinates":[[2.447234,48.9178424],[2.4467842,48.9176421],[2.4467519,48.9176264],[2.4466931,48.917598],[2.4465751,48.917541],[2.4464954,48.9175024],[2.4463779,48.9174456]]}},{"type":"Feature","id":"risk-447","properties":{"segmentId":"523872696:0","accidentCount":6,"accidentsPerKm":42.857,"percentile":0.775,"countPercentile":0.692,"riskLevel":2,"riskScore":0.609,"highway":"primary","name":"Boulevard de la République","lengthM":140,"yearsFrom":2019,"yearsTo":2023,"metric":"density","trafficSource":"none"},"geometry":{"type":"LineString","coordinates":[[2.1532809,48.8373942],[2.1539372,48.8374477],[2.154319,48.8374795],[2.1550412,48.8375397],[2.1551821,48.8375519]]}},{"type":"Feature","id":"risk-448","properties":{"segmentId":"1354258998:0","accidentCount":5,"accidentsPerKm":81.967,"percentile":0.948,"countPercentile":0.563,"riskLevel":3,"riskScore":0.808,"highway":"secondary","name":"Avenue des Ternes","lengthM":61,"yearsFrom":2019,"yearsTo":2024,"metric":"density","trafficSource":"none"},"geometry":{"type":"LineString","coordinates":[[2.2977738,48.8778465],[2.2976127,48.8778789],[2.2974447,48.8779128],[2.297286,48.8779468],[2.2971663,48.8779743],[2.2969823,48.8780166]]}},{"type":"Feature","id":"risk-449","properties":{"segmentId":"977417673:0","accidentCount":4,"accidentsPerKm":40.404,"percentile":0.747,"countPercentile":0.379,"riskLevel":1,"riskScore":0.577,"highway":"secondary","name":"Boulevard Diderot","lengthM":99,"yearsFrom":2019,"yearsTo":2022,"metric":"density","trafficSource":"none"},"geometry":{"type":"LineString","coordinates":[[2.3941789,48.8481934],[2.3929794,48.8480528],[2.3928506,48.8480382]]}},{"type":"Feature","id":"risk-450","properties":{"segmentId":"31823996:1","accidentCount":5,"accidentsPerKm":45.872,"percentile":0.802,"countPercentile":0.564,"riskLevel":2,"riskScore":0.64,"highway":"secondary","name":"Boulevard Anatole France","lengthM":109,"yearsFrom":2019,"yearsTo":2024,"metric":"density","trafficSource":"tmja","tmja":41672,"tmjaDistM":217,"tmjaMeasureYear":2019,"accidentsPer100MVehKm":50.264,"tmjaPercentile":0.947},"geometry":{"type":"LineString","coordinates":[[2.2408599,48.8489471],[2.2409928,48.8488281],[2.2414808,48.8484004],[2.2416685,48.8482344],[2.2417465,48.848159]]}},{"type":"Feature","id":"risk-451","properties":{"segmentId":"19907479:1","accidentCount":3,"accidentsPerKm":44.776,"percentile":0.794,"countPercentile":0.069,"riskLevel":2,"riskScore":0.631,"highway":"trunk","name":"Boulevard Périphérique Intérieur","lengthM":67,"yearsFrom":2019,"yearsTo":2021,"metric":"density","trafficSource":"tmja","tmja":41672,"tmjaDistM":308,"tmjaMeasureYear":2019,"accidentsPer100MVehKm":98.127,"tmjaPercentile":0.984},"geometry":{"type":"LineString","coordinates":[[2.2544875,48.8431432],[2.2547731,48.8437114]]}},{"type":"Feature","id":"risk-452","properties":{"segmentId":"1271226774:0","accidentCount":5,"accidentsPerKm":58.14,"percentile":0.874,"countPercentile":0.564,"riskLevel":2,"riskScore":0.723,"highway":"secondary","name":"Avenue Paul Doumer","lengthM":86,"yearsFrom":2019,"yearsTo":2023,"metric":"density","trafficSource":"none"},"geometry":{"type":"LineString","coordinates":[[2.2850664,48.8615614],[2.2857642,48.8617974],[2.2861161,48.8619097]]}},{"type":"Feature","id":"risk-453","properties":{"segmentId":"1320414807:0","accidentCount":5,"accidentsPerKm":58.14,"percentile":0.874,"countPercentile":0.565,"riskLevel":2,"riskScore":0.723,"highway":"primary","name":"Place de la Concorde","lengthM":86,"yearsFrom":2019,"yearsTo":2023,"metric":"density","trafficSource":"none"},"geometry":{"type":"LineString","coordinates":[[2.3193956,48.8646606],[2.3200386,48.8644536],[2.3200524,48.8644487],[2.3201171,48.8644254],[2.3201825,48.8644039],[2.3204539,48.8643204]]}},{"type":"Feature","id":"risk-454","properties":{"segmentId":"4447086:0","accidentCount":13,"accidentsPerKm":44.674,"percentile":0.794,"countPercentile":0.95,"riskLevel":2,"riskScore":0.631,"highway":"primary","name":"Boulevard des Batignolles","lengthM":291,"yearsFrom":2019,"yearsTo":2024,"metric":"density","trafficSource":"none"},"geometry":{"type":"LineString","coordinates":[[2.3241518,48.8829827],[2.3239748,48.8829463],[2.323617,48.8828738],[2.3232501,48.882799],[2.323201,48.8827879],[2.3231729,48.8827817],[2.3221229,48.882571],[2.3220663,48.8825596],[2.321048,48.8823484],[2.3205872,48.8822525],[2.3204978,48.882234],[2.3203489,48.8822056]]}},{"type":"Feature","id":"risk-455","properties":{"segmentId":"448014583:0","accidentCount":17,"accidentsPerKm":265.625,"percentile":0.999,"countPercentile":0.98,"riskLevel":3,"riskScore":0.866,"highway":"primary","name":"Allée de Longchamp","lengthM":64,"yearsFrom":2019,"yearsTo":2024,"metric":"density","trafficSource":"none"},"geometry":{"type":"LineString","coordinates":[[2.2718726,48.8752113],[2.2715489,48.8750952],[2.2713115,48.87501],[2.271257,48.8749904],[2.2711087,48.8749379]]}},{"type":"Feature","id":"risk-456","properties":{"segmentId":"1297677204:0","accidentCount":5,"accidentsPerKm":44.248,"percentile":0.791,"countPercentile":0.565,"riskLevel":2,"riskScore":0.627,"highway":"primary","lengthM":113,"yearsFrom":2019,"yearsTo":2022,"metric":"density","trafficSource":"none"},"geometry":{"type":"LineString","coordinates":[[2.3335644,48.9118449],[2.3336089,48.9118756],[2.3337761,48.911992],[2.3338299,48.9120294],[2.3338902,48.9120702],[2.3339805,48.9121316],[2.3341288,48.9122382],[2.3344881,48.9124967],[2.3344974,48.9125034],[2.3345128,48.9125145],[2.3345344,48.91253],[2.334616,48.912595]]}},{"type":"Feature","id":"risk-457","properties":{"segmentId":"169833596:0","accidentCount":13,"accidentsPerKm":44.828,"percentile":0.796,"countPercentile":0.95,"riskLevel":2,"riskScore":0.633,"highway":"trunk","name":"Boulevard Périphérique Extérieur","lengthM":290,"yearsFrom":2019,"yearsTo":2024,"metric":"density","trafficSource":"none"},"geometry":{"type":"LineString","coordinates":[[2.4151755,48.8493962],[2.415389,48.8502538],[2.4154402,48.8507262],[2.4154143,48.851204],[2.4152336,48.8517815],[2.4151343,48.8519634]]}},{"type":"Feature","id":"risk-458","properties":{"segmentId":"35587169:0","accidentCount":9,"accidentsPerKm":61.224,"percentile":0.888,"countPercentile":0.876,"riskLevel":2,"riskScore":0.739,"highway":"trunk","name":"Boulevard Périphérique Extérieur","lengthM":147,"yearsFrom":2019,"yearsTo":2024,"metric":"density","trafficSource":"none"},"geometry":{"type":"LineString","coordinates":[[2.279191,48.8769688],[2.2782873,48.8764234],[2.2781736,48.8763591],[2.2777135,48.8760661]]}},{"type":"Feature","id":"risk-459","properties":{"segmentId":"18507542:0","accidentCount":9,"accidentsPerKm":40.541,"percentile":0.75,"countPercentile":0.877,"riskLevel":2,"riskScore":0.58,"highway":"secondary","name":"Boulevard du Fort-de-Vaux","lengthM":222,"yearsFrom":2019,"yearsTo":2024,"metric":"density","trafficSource":"none"},"geometry":{"type":"LineString","coordinates":[[2.3037021,48.8936999],[2.3035064,48.8935744],[2.3033472,48.8934879],[2.3026954,48.8932364],[2.302552,48.8931821],[2.3022764,48.8930766],[2.3014734,48.8926273],[2.3013598,48.8924751]]}},{"type":"Feature","id":"risk-460","properties":{"segmentId":"121881990:0","accidentCount":6,"accidentsPerKm":51.282,"percentile":0.847,"countPercentile":0.693,"riskLevel":2,"riskScore":0.692,"highway":"motorway","lengthM":117,"yearsFrom":2019,"yearsTo":2023,"metric":"density","trafficSource":"tmja","tmja":14600,"tmjaDistM":400,"tmjaMeasureYear":2019,"accidentsPer100MVehKm":192.464,"tmjaPercentile":0.997},"geometry":{"type":"LineString","coordinates":[[2.2526907,48.8873511],[2.2519135,48.8875937],[2.2517916,48.8876272],[2.2517737,48.8876329],[2.2512441,48.8878006]]}},{"type":"Feature","id":"risk-461","properties":{"segmentId":"45681870:0","accidentCount":10,"accidentsPerKm":54.348,"percentile":0.861,"countPercentile":0.903,"riskLevel":2,"riskScore":0.708,"highway":"secondary","name":"Rue de Colombes","lengthM":184,"yearsFrom":2019,"yearsTo":2024,"metric":"density","trafficSource":"none"},"geometry":{"type":"LineString","coordinates":[[2.2564686,48.8971892],[2.2565231,48.8975727],[2.2565443,48.8977218],[2.2565569,48.8978101],[2.2565886,48.8982354],[2.2566141,48.898631],[2.2566164,48.8986638],[2.2566291,48.898837]]}},{"type":"Feature","id":"risk-462","properties":{"segmentId":"32115230:0","accidentCount":19,"accidentsPerKm":67.857,"percentile":0.913,"countPercentile":0.989,"riskLevel":3,"riskScore":0.767,"highway":"trunk","name":"Boulevard Périphérique Extérieur","lengthM":280,"yearsFrom":2019,"yearsTo":2024,"metric":"density","trafficSource":"none"},"geometry":{"type":"LineString","coordinates":[[2.2612138,48.8586145],[2.2606625,48.8583758],[2.2603352,48.8582298],[2.2600141,48.8580778],[2.2596996,48.8579201],[2.2593918,48.8577566],[2.2590893,48.8575865],[2.2587942,48.857411],[2.2585066,48.8572301],[2.2582268,48.857044]]}},{"type":"Feature","id":"risk-463","properties":{"segmentId":"184764532:0","accidentCount":10,"accidentsPerKm":41.667,"percentile":0.759,"countPercentile":0.903,"riskLevel":2,"riskScore":0.59,"highway":"trunk","name":"Boulevard Périphérique Extérieur","lengthM":240,"yearsFrom":2019,"yearsTo":2023,"metric":"density","trafficSource":"none"},"geometry":{"type":"LineString","coordinates":[[2.2632831,48.8602447],[2.2631359,48.8600225],[2.2629937,48.85983],[2.2627794,48.8596044],[2.2626333,48.8594708],[2.2624916,48.8593527],[2.2623834,48.8592687],[2.2621891,48.8591296],[2.2620275,48.859026],[2.2616404,48.8588095],[2.2612725,48.8586379],[2.2612138,48.8586145]]}},{"type":"Feature","id":"risk-464","properties":{"segmentId":"26365139:0","accidentCount":3,"accidentsPerKm":50,"percentile":0.837,"countPercentile":0.071,"riskLevel":2,"riskScore":0.68,"highway":"primary","name":"Rue Jules Saulnier","lengthM":60,"yearsFrom":2019,"yearsTo":2021,"metric":"density","trafficSource":"none"},"geometry":{"type":"LineString","coordinates":[[2.3512846,48.9253127],[2.3511418,48.9253223],[2.3510243,48.9253672],[2.3507938,48.9254923],[2.350723,48.925535],[2.3506117,48.9256017]]}},{"type":"Feature","id":"risk-465","properties":{"segmentId":"93775896:0","accidentCount":12,"accidentsPerKm":44.28,"percentile":0.791,"countPercentile":0.937,"riskLevel":2,"riskScore":0.627,"highway":"primary","name":"Boulevard Davout","lengthM":271,"yearsFrom":2019,"yearsTo":2024,"metric":"density","trafficSource":"none"},"geometry":{"type":"LineString","coordinates":[[2.410794,48.853482],[2.410777,48.85357],[2.4107265,48.8537129],[2.410616,48.8540709],[2.4105871,48.854186],[2.4104467,48.8549437],[2.4103973,48.8552168],[2.4103779,48.8554527],[2.4103421,48.8556563],[2.4103381,48.8556789],[2.4102993,48.8558928]]}},{"type":"Feature","id":"risk-466","properties":{"segmentId":"352962858:0","accidentCount":10,"accidentsPerKm":63.291,"percentile":0.897,"countPercentile":0.903,"riskLevel":2,"riskScore":0.749,"highway":"secondary","name":"Boulevard Gallieni","lengthM":158,"yearsFrom":2019,"yearsTo":2024,"metric":"density","trafficSource":"none"},"geometry":{"type":"LineString","coordinates":[[2.2679396,48.8232065],[2.2678714,48.8239436],[2.2678149,48.8246275]]}},{"type":"Feature","id":"risk-467","properties":{"segmentId":"997014349:0","accidentCount":3,"accidentsPerKm":49.18,"percentile":0.831,"countPercentile":0.072,"riskLevel":2,"riskScore":0.673,"highway":"primary","name":"Boulevard Robespierre","lengthM":61,"yearsFrom":2019,"yearsTo":2020,"metric":"density","trafficSource":"none"},"geometry":{"type":"LineString","coordinates":[[2.0499906,48.9334847],[2.04984,48.9334744],[2.0497274,48.9334669],[2.0496295,48.9334608],[2.0495691,48.9334551],[2.0495168,48.9334484],[2.0494343,48.9334348],[2.0493943,48.9334281],[2.0492751,48.9334095],[2.0491731,48.9333964]]}},{"type":"Feature","id":"risk-468","properties":{"segmentId":"51568494:0","accidentCount":9,"accidentsPerKm":59.603,"percentile":0.881,"countPercentile":0.877,"riskLevel":2,"riskScore":0.731,"highway":"primary","name":"Avenue Gambetta","lengthM":151,"yearsFrom":2019,"yearsTo":2024,"metric":"density","trafficSource":"none"},"geometry":{"type":"LineString","coordinates":[[2.3976118,48.8649423],[2.3974684,48.8649455],[2.3972656,48.8649508],[2.3970445,48.864958],[2.3961221,48.8649894],[2.3958021,48.8649937],[2.3956577,48.8649867],[2.3955474,48.8649662]]}},{"type":"Feature","id":"risk-469","properties":{"segmentId":"352381010:0","accidentCount":7,"accidentsPerKm":72.165,"percentile":0.928,"countPercentile":0.768,"riskLevel":3,"riskScore":0.785,"highway":"secondary","name":"Boulevard du Général Leclerc","lengthM":97,"yearsFrom":2019,"yearsTo":2023,"metric":"density","trafficSource":"none"},"geometry":{"type":"LineString","coordinates":[[2.3065409,48.9098927],[2.3067707,48.9095899],[2.3070891,48.9091563],[2.3071256,48.9091065]]}},{"type":"Feature","id":"risk-470","properties":{"segmentId":"10228070:0","accidentCount":14,"accidentsPerKm":48.78,"percentile":0.827,"countPercentile":0.958,"riskLevel":2,"riskScore":0.669,"highway":"primary","name":"Quai de Bercy","lengthM":287,"yearsFrom":2019,"yearsTo":2024,"metric":"density","trafficSource":"none"},"geometry":{"type":"LineString","coordinates":[[2.3834752,48.8325773],[2.3847634,48.8315648],[2.3860066,48.8306093]]}},{"type":"Feature","id":"risk-471","properties":{"segmentId":"172396211:2","accidentCount":18,"accidentsPerKm":40,"percentile":0.743,"countPercentile":0.985,"riskLevel":1,"riskScore":0.572,"highway":"motorway","name":"Viaduc de Gennevilliers","lengthM":450,"yearsFrom":2019,"yearsTo":2024,"metric":"density","trafficSource":"tmja","tmja":138900,"tmjaDistM":110,"tmjaMeasureYear":2019,"accidentsPer100MVehKm":13.15,"tmjaPercentile":0.63},"geometry":{"type":"LineString","coordinates":[[2.2862483,48.9442181],[2.2874045,48.9435741],[2.288252,48.9431021],[2.2909254,48.9415784]]}},{"type":"Feature","id":"risk-472","properties":{"segmentId":"339934737:0","accidentCount":16,"accidentsPerKm":71.749,"percentile":0.927,"countPercentile":0.975,"riskLevel":3,"riskScore":0.784,"highway":"motorway","lengthM":223,"yearsFrom":2019,"yearsTo":2024,"metric":"density","trafficSource":"tmja","tmja":136851,"tmjaDistM":24,"tmjaMeasureYear":2019,"accidentsPer100MVehKm":23.94,"tmjaPercentile":0.818},"geometry":{"type":"LineString","coordinates":[[2.4707973,48.9027897],[2.4703968,48.9020832],[2.4700545,48.9014363],[2.4697794,48.9008987]]}},{"type":"Feature","id":"risk-473","properties":{"segmentId":"159394893:0","accidentCount":11,"accidentsPerKm":39.007,"percentile":0.734,"countPercentile":0.925,"riskLevel":1,"riskScore":0.562,"highway":"secondary","name":"Rue Ambroise Croizat","lengthM":282,"yearsFrom":2019,"yearsTo":2024,"metric":"density","trafficSource":"none"},"geometry":{"type":"LineString","coordinates":[[2.3481399,48.9332715],[2.3483532,48.9329961],[2.3485747,48.9327127],[2.3490519,48.9321019],[2.3493892,48.9316739],[2.3494924,48.9315382],[2.3499054,48.9310125]]}},{"type":"Feature","id":"risk-474","properties":{"segmentId":"895990424:0","accidentCount":8,"accidentsPerKm":42.105,"percentile":0.765,"countPercentile":0.836,"riskLevel":2,"riskScore":0.597,"highway":"secondary","name":"Rue Jules Auffret","lengthM":190,"yearsFrom":2019,"yearsTo":2024,"metric":"density","trafficSource":"none"},"geometry":{"type":"LineString","coordinates":[[2.4099112,48.8908367],[2.4099242,48.8907173],[2.4099701,48.8902966],[2.4100191,48.8898788],[2.410027,48.8898033],[2.410036,48.8897303],[2.4100887,48.8893034],[2.4101018,48.8892164],[2.4101096,48.8891307]]}},{"type":"Feature","id":"risk-475","properties":{"segmentId":"245066406:1","accidentCount":9,"accidentsPerKm":55.901,"percentile":0.867,"countPercentile":0.878,"riskLevel":2,"riskScore":0.715,"highway":"primary","name":"Route de Saint-Leu","lengthM":161,"yearsFrom":2019,"yearsTo":2024,"metric":"density","trafficSource":"none"},"geometry":{"type":"LineString","coordinates":[[2.3406896,48.9502815],[2.3407904,48.9502069],[2.3410828,48.9499981],[2.3414761,48.9497135],[2.3415014,48.9496951],[2.3415832,48.9496354],[2.3416974,48.9495506],[2.3418454,48.9494437],[2.342019,48.9493243],[2.3420719,48.9492866],[2.3421784,48.9492142]]}},{"type":"Feature","id":"risk-476","properties":{"segmentId":"54186296:0","accidentCount":17,"accidentsPerKm":115.646,"percentile":0.977,"countPercentile":0.98,"riskLevel":3,"riskScore":0.841,"highway":"primary","name":"Boulevard de la Madeleine","lengthM":147,"yearsFrom":2019,"yearsTo":2024,"metric":"density","trafficSource":"none"},"geometry":{"type":"LineString","coordinates":[[2.3258699,48.8695736],[2.3264385,48.8696689],[2.326647,48.869703],[2.327658,48.8698739],[2.3278218,48.8698988]]}},{"type":"Feature","id":"risk-477","properties":{"segmentId":"583748677:0","accidentCount":4,"accidentsPerKm":45.977,"percentile":0.802,"countPercentile":0.381,"riskLevel":2,"riskScore":0.64,"highway":"tertiary","name":"Avenue Paul Appell","lengthM":87,"yearsFrom":2019,"yearsTo":2023,"metric":"density","trafficSource":"none"},"geometry":{"type":"LineString","coordinates":[[2.3267338,48.821787],[2.3265821,48.8218073],[2.325737,48.8219912],[2.3256932,48.8220006],[2.3256064,48.8220192]]}},{"type":"Feature","id":"risk-478","properties":{"segmentId":"164406554:0","accidentCount":8,"accidentsPerKm":38.835,"percentile":0.73,"countPercentile":0.836,"riskLevel":1,"riskScore":0.557,"highway":"primary","name":"Rue du Faubourg Saint-Antoine","lengthM":206,"yearsFrom":2019,"yearsTo":2024,"metric":"density","trafficSource":"none"},"geometry":{"type":"LineString","coordinates":[[2.3814094,48.8504064],[2.3815323,48.8503933],[2.3817896,48.8503773],[2.3819569,48.8503608],[2.3824132,48.8503125],[2.3825641,48.8503002],[2.3828212,48.8502791],[2.3828964,48.850273],[2.3829934,48.8502659],[2.3837358,48.8502045],[2.3841743,48.8501692],[2.3842019,48.8501672]]}},{"type":"Feature","id":"risk-479","properties":{"segmentId":"332193110:2","accidentCount":14,"accidentsPerKm":52.239,"percentile":0.853,"countPercentile":0.958,"riskLevel":2,"riskScore":0.698,"highway":"secondary","name":"Rue Gabriel Péri","lengthM":268,"yearsFrom":2019,"yearsTo":2024,"metric":"density","trafficSource":"tmja","tmja":92091,"tmjaDistM":297,"tmjaMeasureYear":2019,"accidentsPer100MVehKm":25.902,"tmjaPercentile":0.833},"geometry":{"type":"LineString","coordinates":[[2.2406913,48.9189361],[2.2404972,48.9188417],[2.2403381,48.9187736],[2.2401938,48.9187119],[2.2397773,48.9185512],[2.2393026,48.9183681],[2.2387106,48.9181438],[2.2385301,48.9180757],[2.2384607,48.9180469],[2.2382088,48.9179473],[2.237732,48.9177599],[2.2375571,48.917693]]}},{"type":"Feature","id":"risk-480","properties":{"segmentId":"25474248:1","accidentCount":16,"accidentsPerKm":86.022,"percentile":0.953,"countPercentile":0.975,"riskLevel":3,"riskScore":0.813,"highway":"primary","name":"Boulevard Ornano","lengthM":186,"yearsFrom":2019,"yearsTo":2024,"metric":"density","trafficSource":"none"},"geometry":{"type":"LineString","coordinates":[[2.3478135,48.8938298],[2.347779,48.89387],[2.3475899,48.8940826],[2.3473723,48.8943472],[2.3473421,48.8943849],[2.3472306,48.894524],[2.3470996,48.8946836],[2.347032,48.894766],[2.3469784,48.8948322],[2.3469414,48.8948759],[2.3467591,48.8950971],[2.3465922,48.8952957]]}},{"type":"Feature","id":"risk-481","properties":{"segmentId":"571681336:0","accidentCount":10,"accidentsPerKm":38.462,"percentile":0.725,"countPercentile":0.904,"riskLevel":1,"riskScore":0.551,"highway":"secondary","name":"Rue d'Alésia","lengthM":260,"yearsFrom":2019,"yearsTo":2024,"metric":"density","trafficSource":"none"},"geometry":{"type":"LineString","coordinates":[[2.3174929,48.8310473],[2.31723,48.8311156],[2.3171503,48.8311355],[2.3163535,48.8313222],[2.3160437,48.831394],[2.3156255,48.8314908],[2.3151988,48.8315861],[2.3151228,48.8316026],[2.3147369,48.8316864],[2.314395,48.8317596],[2.3143238,48.8317753],[2.3141451,48.8318162]]}},{"type":"Feature","id":"risk-482","properties":{"segmentId":"85552465:0","accidentCount":19,"accidentsPerKm":97.436,"percentile":0.964,"countPercentile":0.99,"riskLevel":3,"riskScore":0.826,"highway":"trunk","name":"Boulevard Périphérique Intérieur","lengthM":195,"yearsFrom":2019,"yearsTo":2024,"metric":"density","trafficSource":"none"},"geometry":{"type":"LineString","coordinates":[[2.2713226,48.8694721],[2.2716542,48.8697574],[2.2721252,48.8701501],[2.2724042,48.8703838],[2.2726151,48.8705699],[2.272933,48.870873]]}},{"type":"Feature","id":"risk-483","properties":{"segmentId":"99084428:0","accidentCount":8,"accidentsPerKm":61.538,"percentile":0.889,"countPercentile":0.837,"riskLevel":2,"riskScore":0.74,"highway":"trunk","name":"Boulevard Périphérique Intérieur","lengthM":130,"yearsFrom":2019,"yearsTo":2023,"metric":"density","trafficSource":"tmja","tmja":221626,"tmjaDistM":114,"tmjaMeasureYear":2019,"accidentsPer100MVehKm":15.215,"tmjaPercentile":0.674},"geometry":{"type":"LineString","coordinates":[[2.3918268,48.8275195],[2.3917124,48.8274919],[2.3914692,48.827432],[2.3911161,48.8273354],[2.3905579,48.8271534],[2.3902119,48.8270352]]}},{"type":"Feature","id":"risk-484","properties":{"segmentId":"29105626:0","accidentCount":5,"accidentsPerKm":50,"percentile":0.837,"countPercentile":0.569,"riskLevel":2,"riskScore":0.68,"highway":"trunk_link","lengthM":100,"yearsFrom":2019,"yearsTo":2024,"metric":"density","trafficSource":"none"},"geometry":{"type":"LineString","coordinates":[[2.3437757,48.9012353],[2.3432686,48.9011413],[2.3424263,48.9011285]]}},{"type":"Feature","id":"risk-485","properties":{"segmentId":"1122043944:0","accidentCount":18,"accidentsPerKm":129.496,"percentile":0.985,"countPercentile":0.985,"riskLevel":3,"riskScore":0.85,"highway":"primary","name":"Avenue Jean Jaurès","lengthM":139,"yearsFrom":2019,"yearsTo":2023,"metric":"density","trafficSource":"none"},"geometry":{"type":"LineString","coordinates":[[2.3931079,48.8887952],[2.3932051,48.8888212],[2.3937221,48.8889597],[2.3942253,48.8890934],[2.394553,48.8891808],[2.3947509,48.8892336],[2.3948744,48.8892666]]}},{"type":"Feature","id":"risk-486","properties":{"segmentId":"77749058:0","accidentCount":10,"accidentsPerKm":133.333,"percentile":0.987,"countPercentile":0.904,"riskLevel":3,"riskScore":0.853,"highway":"primary","name":"Boulevard de la Villette","lengthM":75,"yearsFrom":2019,"yearsTo":2024,"metric":"density","trafficSource":"none"},"geometry":{"type":"LineString","coordinates":[[2.3686164,48.8841815],[2.3684609,48.8842044],[2.3682914,48.8842293],[2.3681059,48.8842497],[2.3677529,48.8842843],[2.3676079,48.8842944]]}},{"type":"Feature","id":"risk-487","properties":{"segmentId":"4039225:0","accidentCount":7,"accidentsPerKm":42.683,"percentile":0.773,"countPercentile":0.77,"riskLevel":2,"riskScore":0.606,"highway":"secondary","name":"Rue Guy Môquet","lengthM":164,"yearsFrom":2019,"yearsTo":2024,"metric":"density","trafficSource":"none"},"geometry":{"type":"LineString","coordinates":[[2.3190875,48.8912377],[2.3192128,48.8912654],[2.3192264,48.8912684],[2.319264,48.8912768],[2.3201242,48.8914677],[2.3202794,48.8915021],[2.3204321,48.891536],[2.3204958,48.891551],[2.3210949,48.8916805],[2.3212138,48.8917095]]}},{"type":"Feature","id":"risk-488","properties":{"segmentId":"635479817:0","accidentCount":3,"accidentsPerKm":46.875,"percentile":0.812,"countPercentile":0.076,"riskLevel":2,"riskScore":0.651,"highway":"primary","name":"Boulevard Brune","lengthM":64,"yearsFrom":2019,"yearsTo":2021,"metric":"density","trafficSource":"none"},"geometry":{"type":"LineString","coordinates":[[2.3053832,48.8276208],[2.3056741,48.8275567],[2.3059514,48.8274929],[2.3060641,48.8274575],[2.3061951,48.8274163]]}},{"type":"Feature","id":"risk-489","properties":{"segmentId":"62172474:0","accidentCount":8,"accidentsPerKm":43.011,"percentile":0.776,"countPercentile":0.837,"riskLevel":2,"riskScore":0.61,"highway":"tertiary","name":"Rue Oberkampf","lengthM":186,"yearsFrom":2019,"yearsTo":2024,"metric":"density","trafficSource":"none"},"geometry":{"type":"LineString","coordinates":[[2.3804832,48.8664096],[2.3805674,48.8664304],[2.381284,48.8666087],[2.3813804,48.8666328],[2.3817382,48.866723],[2.3827269,48.8669729],[2.3828597,48.8670053]]}},{"type":"Feature","id":"risk-490","properties":{"segmentId":"330420107:0","accidentCount":13,"accidentsPerKm":47.97,"percentile":0.822,"countPercentile":0.951,"riskLevel":2,"riskScore":0.663,"highway":"secondary","name":"Rue Saint-Lazare","lengthM":271,"yearsFrom":2019,"yearsTo":2024,"metric":"density","trafficSource":"none"},"geometry":{"type":"LineString","coordinates":[[2.326948,48.8755968],[2.3271747,48.8756259],[2.3273867,48.875653],[2.327791,48.8757047],[2.327872,48.8757134],[2.3283889,48.8757688],[2.3285167,48.875783],[2.3291894,48.8758635],[2.3295763,48.8759128],[2.3296877,48.8759279],[2.3301925,48.8759904],[2.3305935,48.876055]]}},{"type":"Feature","id":"risk-491","properties":{"segmentId":"204005846:0","accidentCount":3,"accidentsPerKm":38.961,"percentile":0.733,"countPercentile":0.077,"riskLevel":1,"riskScore":0.56,"highway":"secondary","name":"Avenue Cousin de Méricourt","lengthM":77,"yearsFrom":2019,"yearsTo":2021,"metric":"density","trafficSource":"none"},"geometry":{"type":"LineString","coordinates":[[2.3327234,48.7985193],[2.3327116,48.7984436],[2.3327183,48.7983668],[2.3327479,48.7982984],[2.3327931,48.798236],[2.3329267,48.7981055],[2.3329854,48.7980474],[2.333021,48.7980116],[2.3330844,48.79795],[2.3331295,48.7979043]]}},{"type":"Feature","id":"risk-492","properties":{"segmentId":"1457699238:0","accidentCount":3,"accidentsPerKm":41.096,"percentile":0.753,"countPercentile":0.078,"riskLevel":2,"riskScore":0.583,"highway":"secondary","name":"Boulevard Gallieni","lengthM":73,"yearsFrom":2019,"yearsTo":2023,"metric":"density","trafficSource":"none"},"geometry":{"type":"LineString","coordinates":[[2.3320948,48.9303351],[2.3321085,48.9304107],[2.3321299,48.930548],[2.3321546,48.9306801],[2.3322125,48.9309904]]}},{"type":"Feature","id":"risk-493","properties":{"segmentId":"4294035:0","accidentCount":18,"accidentsPerKm":64.286,"percentile":0.902,"countPercentile":0.986,"riskLevel":3,"riskScore":0.755,"highway":"primary","name":"Avenue des Champs-Élysées","lengthM":280,"yearsFrom":2019,"yearsTo":2024,"metric":"density","trafficSource":"none"},"geometry":{"type":"LineString","coordinates":[[2.3139627,48.867754],[2.3134004,48.8679368],[2.3130948,48.8680302],[2.3129627,48.8680722],[2.3123575,48.8682647],[2.3121981,48.8683159],[2.3109772,48.8687039],[2.3105953,48.8688254],[2.3105639,48.8688354],[2.3105143,48.8688512]]}},{"type":"Feature","id":"risk-494","properties":{"segmentId":"1395532121:0","accidentCount":15,"accidentsPerKm":100,"percentile":0.966,"countPercentile":0.966,"riskLevel":3,"riskScore":0.828,"highway":"primary","name":"Quai Marcel Dassault","lengthM":150,"yearsFrom":2019,"yearsTo":2023,"metric":"density","trafficSource":"none"},"geometry":{"type":"LineString","coordinates":[[2.2228207,48.8529637],[2.2227776,48.8530755],[2.2227017,48.8533386],[2.2226806,48.8534404],[2.2226556,48.8535684],[2.2226252,48.8538656],[2.2226425,48.8541229],[2.222663,48.8543037]]}},{"type":"Feature","id":"risk-495","properties":{"segmentId":"4040038:0","accidentCount":9,"accidentsPerKm":45.918,"percentile":0.802,"countPercentile":0.879,"riskLevel":2,"riskScore":0.64,"highway":"primary","name":"Quai Saint-Michel","lengthM":196,"yearsFrom":2019,"yearsTo":2024,"metric":"density","trafficSource":"none"},"geometry":{"type":"LineString","coordinates":[[2.3468007,48.8530729],[2.3467203,48.8531094],[2.3466744,48.8531284],[2.3466477,48.8531362],[2.3464585,48.8531897],[2.3462483,48.8532466],[2.3459126,48.8533342],[2.344559,48.8536987],[2.3443404,48.8537679]]}},{"type":"Feature","id":"risk-496","properties":{"segmentId":"905466142:0","accidentCount":5,"accidentsPerKm":49.02,"percentile":0.829,"countPercentile":0.57,"riskLevel":2,"riskScore":0.671,"highway":"secondary","name":"Rue Monge","lengthM":102,"yearsFrom":2019,"yearsTo":2024,"metric":"density","trafficSource":"none"},"geometry":{"type":"LineString","coordinates":[[2.3509804,48.8391479],[2.3511956,48.8395495],[2.3512188,48.839593],[2.3512679,48.8396902],[2.3513606,48.8398456],[2.3514625,48.8400123]]}},{"type":"Feature","id":"risk-497","properties":{"segmentId":"13289710:0","accidentCount":14,"accidentsPerKm":42.424,"percentile":0.771,"countPercentile":0.958,"riskLevel":2,"riskScore":0.604,"highway":"primary","name":"Boulevard de la Villette","lengthM":330,"yearsFrom":2019,"yearsTo":2024,"metric":"density","trafficSource":"none"},"geometry":{"type":"LineString","coordinates":[[2.3704521,48.8784261],[2.3704314,48.8784816],[2.3704441,48.8785351],[2.3704165,48.8799303],[2.3704178,48.8803605],[2.3704177,48.8807311],[2.3704182,48.8807493],[2.3704033,48.8813948]]}},{"type":"Feature","id":"risk-498","properties":{"segmentId":"45489535:0","accidentCount":27,"accidentsPerKm":91.525,"percentile":0.959,"countPercentile":0.999,"riskLevel":3,"riskScore":0.82,"highway":"secondary","name":"Rue du Faubourg Saint-Martin","lengthM":295,"yearsFrom":2019,"yearsTo":2024,"metric":"density","trafficSource":"none"},"geometry":{"type":"LineString","coordinates":[[2.3605956,48.8761021],[2.360657,48.8761985],[2.3606869,48.876245],[2.3609052,48.8765921],[2.3610408,48.8768222],[2.3610628,48.8768585],[2.3611573,48.8770103],[2.3613867,48.8774244],[2.3615428,48.8777182],[2.3616771,48.8779511],[2.3619793,48.8784045],[2.3620869,48.8785642]]}},{"type":"Feature","id":"risk-499","properties":{"segmentId":"63560089:0","accidentCount":18,"accidentsPerKm":81.448,"percentile":0.948,"countPercentile":0.986,"riskLevel":3,"riskScore":0.808,"highway":"secondary","name":"Rue La Fayette","lengthM":221,"yearsFrom":2019,"yearsTo":2024,"metric":"density","trafficSource":"none"},"geometry":{"type":"LineString","coordinates":[[2.3512712,48.8777799],[2.3515598,48.8778535],[2.3516636,48.8778816],[2.3520887,48.8779932],[2.3521852,48.8780183],[2.3522667,48.8780396],[2.3532908,48.8783072],[2.3538214,48.8784457],[2.3538652,48.8784571],[2.3539042,48.8784673],[2.3539474,48.8784786],[2.3540762,48.8785122]]}},{"type":"Feature","id":"risk-500","properties":{"segmentId":"31956307:0","accidentCount":16,"accidentsPerKm":149.533,"percentile":0.992,"countPercentile":0.976,"riskLevel":3,"riskScore":0.858,"highway":"primary","name":"Boulevard de Bonne Nouvelle","lengthM":107,"yearsFrom":2019,"yearsTo":2024,"metric":"density","trafficSource":"none"},"geometry":{"type":"LineString","coordinates":[[2.3509547,48.8700498],[2.3507308,48.8700967],[2.3505114,48.8701459],[2.3500525,48.8702435],[2.3497521,48.8703078],[2.3495659,48.8703465]]}},{"type":"Feature","id":"risk-501","properties":{"segmentId":"24686427:1","accidentCount":8,"accidentsPerKm":80.808,"percentile":0.947,"countPercentile":0.838,"riskLevel":3,"riskScore":0.807,"highway":"trunk","name":"Boulevard Périphérique Extérieur","lengthM":99,"yearsFrom":2019,"yearsTo":2024,"metric":"density","trafficSource":"none"},"geometry":{"type":"LineString","coordinates":[[2.2819254,48.8807451],[2.2817573,48.8804071],[2.2815496,48.8798865]]}},{"type":"Feature","id":"risk-502","properties":{"segmentId":"1521818348:0","accidentCount":8,"accidentsPerKm":108.108,"percentile":0.972,"countPercentile":0.838,"riskLevel":3,"riskScore":0.835,"highway":"primary","name":"Place Denfert-Rochereau","lengthM":74,"yearsFrom":2019,"yearsTo":2023,"metric":"density","trafficSource":"none"},"geometry":{"type":"LineString","coordinates":[[2.3309845,48.8340494],[2.3314995,48.8338613],[2.3317112,48.8337829],[2.3317623,48.8337637],[2.3318624,48.8337236]]}},{"type":"Feature","id":"risk-503","properties":{"segmentId":"21770796:0","accidentCount":16,"accidentsPerKm":53.333,"percentile":0.858,"countPercentile":0.976,"riskLevel":2,"riskScore":0.704,"highway":"primary","name":"Rue Dailly","lengthM":300,"yearsFrom":2019,"yearsTo":2024,"metric":"density","trafficSource":"none"},"geometry":{"type":"LineString","coordinates":[[2.2201263,48.8458573],[2.2202669,48.8451006],[2.2203096,48.8448604],[2.2203744,48.8445086],[2.2204619,48.8440338],[2.2204678,48.8440017],[2.2204864,48.8439006],[2.2205313,48.8437951],[2.2205416,48.8437707],[2.2206264,48.8435713],[2.2208009,48.8432074]]}},{"type":"Feature","id":"risk-504","properties":{"segmentId":"24043512:0","accidentCount":12,"accidentsPerKm":59.701,"percentile":0.882,"countPercentile":0.938,"riskLevel":2,"riskScore":0.732,"highway":"secondary","name":"Rue de Belleville","lengthM":201,"yearsFrom":2019,"yearsTo":2024,"metric":"density","trafficSource":"none"},"geometry":{"type":"LineString","coordinates":[[2.3979279,48.8754535],[2.3977781,48.8754448],[2.3975739,48.875434],[2.3972574,48.8754129],[2.3968854,48.8753834],[2.395686,48.8752776],[2.3956495,48.8752744],[2.3954748,48.87526],[2.3953549,48.8752544],[2.3952005,48.8752443]]}},{"type":"Feature","id":"risk-505","properties":{"segmentId":"30782868:0","accidentCount":3,"accidentsPerKm":37.975,"percentile":0.72,"countPercentile":0.079,"riskLevel":1,"riskScore":0.545,"highway":"tertiary","name":"Avenue de la Liberté","lengthM":79,"yearsFrom":2019,"yearsTo":2020,"metric":"density","trafficSource":"none"},"geometry":{"type":"LineString","coordinates":[[2.4069135,48.8258856],[2.406954,48.825921],[2.4070193,48.8259779],[2.4074174,48.8263551],[2.4074511,48.8263861],[2.4074746,48.8264076],[2.407537,48.8264608]]}},{"type":"Feature","id":"risk-506","properties":{"segmentId":"432811743:0","accidentCount":5,"accidentsPerKm":49.02,"percentile":0.83,"countPercentile":0.571,"riskLevel":2,"riskScore":0.672,"highway":"primary","name":"Quai de Dion Bouton","lengthM":102,"yearsFrom":2019,"yearsTo":2024,"metric":"density","trafficSource":"none"},"geometry":{"type":"LineString","coordinates":[[2.2506111,48.884804],[2.2508748,48.8850313],[2.2511418,48.8852614],[2.2513441,48.8854479],[2.2514416,48.8855384]]}},{"type":"Feature","id":"risk-507","properties":{"segmentId":"382088156:0","accidentCount":9,"accidentsPerKm":140.625,"percentile":0.989,"countPercentile":0.879,"riskLevel":3,"riskScore":0.855,"highway":"primary","name":"Route de la Reine","lengthM":64,"yearsFrom":2019,"yearsTo":2024,"metric":"density","trafficSource":"none"},"geometry":{"type":"LineString","coordinates":[[2.245964,48.8391651],[2.2456558,48.8391933],[2.245547,48.8392032],[2.2453744,48.8392189],[2.2450959,48.8392444]]}},{"type":"Feature","id":"risk-508","properties":{"segmentId":"14036403:0","accidentCount":11,"accidentsPerKm":38.869,"percentile":0.731,"countPercentile":0.925,"riskLevel":1,"riskScore":0.558,"highway":"trunk","name":"Boulevard Périphérique Extérieur","lengthM":283,"yearsFrom":2019,"yearsTo":2024,"metric":"density","trafficSource":"none"},"geometry":{"type":"LineString","coordinates":[[2.2668632,48.8644837],[2.2667305,48.8643768],[2.2659067,48.863781],[2.2657061,48.8636303],[2.2655162,48.8634736],[2.2653376,48.8633112],[2.2651705,48.8631436],[2.2650164,48.8629723],[2.2648744,48.8627965],[2.2647448,48.8626165],[2.2646278,48.8624328]]}},{"type":"Feature","id":"risk-509","properties":{"segmentId":"30842576:0","accidentCount":19,"accidentsPerKm":106.145,"percentile":0.97,"countPercentile":0.99,"riskLevel":3,"riskScore":0.833,"highway":"trunk","name":"Boulevard Périphérique Intérieur","lengthM":179,"yearsFrom":2019,"yearsTo":2024,"metric":"density","trafficSource":"tmja","tmja":221626,"tmjaDistM":311,"tmjaMeasureYear":2019,"accidentsPer100MVehKm":21.869,"tmjaPercentile":0.788},"geometry":{"type":"LineString","coordinates":[[2.3897362,48.8268826],[2.3875514,48.8261524]]}},{"type":"Feature","id":"risk-510","properties":{"segmentId":"32115228:0","accidentCount":10,"accidentsPerKm":58.14,"percentile":0.874,"countPercentile":0.905,"riskLevel":2,"riskScore":0.723,"highway":"trunk","name":"Boulevard Périphérique Extérieur","lengthM":172,"yearsFrom":2019,"yearsTo":2024,"metric":"density","trafficSource":"none"},"geometry":{"type":"LineString","coordinates":[[2.2645756,48.8623458],[2.2640049,48.8613931],[2.2638917,48.8612043],[2.2637029,48.860912]]}},{"type":"Feature","id":"risk-511","properties":{"segmentId":"560720450:0","accidentCount":11,"accidentsPerKm":44.355,"percentile":0.792,"countPercentile":0.926,"riskLevel":2,"riskScore":0.628,"highway":"secondary","name":"Avenue Kléber","lengthM":248,"yearsFrom":2019,"yearsTo":2024,"metric":"density","trafficSource":"none"},"geometry":{"type":"LineString","coordinates":[[2.2900419,48.8669052],[2.2902912,48.8672623],[2.2903925,48.8673964],[2.29045,48.8674754],[2.2907004,48.8678188],[2.2910578,48.8683056],[2.2911733,48.8684734],[2.2912418,48.8685717],[2.291311,48.8686709],[2.2914369,48.8688345],[2.2914977,48.8689189]]}},{"type":"Feature","id":"risk-512","properties":{"segmentId":"531658370:0","accidentCount":4,"accidentsPerKm":65.574,"percentile":0.907,"countPercentile":0.384,"riskLevel":3,"riskScore":0.761,"highway":"primary","name":"Avenue de New York","lengthM":61,"yearsFrom":2019,"yearsTo":2024,"metric":"density","trafficSource":"none"},"geometry":{"type":"LineString","coordinates":[[2.2907772,48.8599964],[2.2909245,48.860115],[2.290955,48.8601396],[2.2911505,48.8603008],[2.2913011,48.8604222]]}},{"type":"Feature","id":"risk-513","properties":{"segmentId":"1199959498:0","accidentCount":4,"accidentsPerKm":49.383,"percentile":0.832,"countPercentile":0.385,"riskLevel":2,"riskScore":0.674,"highway":"primary","name":"Avenue de la Porte de Châtillon","lengthM":81,"yearsFrom":2019,"yearsTo":2024,"metric":"density","trafficSource":"none"},"geometry":{"type":"LineString","coordinates":[[2.3156603,48.823045],[2.3150177,48.8227743],[2.3149262,48.8227405],[2.3147242,48.8226609]]}},{"type":"Feature","id":"risk-514","properties":{"segmentId":"516982831:0","accidentCount":7,"accidentsPerKm":53.435,"percentile":0.858,"countPercentile":0.771,"riskLevel":2,"riskScore":0.704,"highway":"secondary","name":"Avenue Daumesnil","lengthM":131,"yearsFrom":2019,"yearsTo":2024,"metric":"density","trafficSource":"none"},"geometry":{"type":"LineString","coordinates":[[2.4040702,48.8364738],[2.4042233,48.8364166],[2.4045609,48.8362906],[2.4046406,48.8362609],[2.4047062,48.8362364],[2.4050065,48.8361267],[2.4055599,48.8359244],[2.4056372,48.8358964]]}},{"type":"Feature","id":"risk-515","properties":{"segmentId":"1217066555:0","accidentCount":8,"accidentsPerKm":126.984,"percentile":0.984,"countPercentile":0.838,"riskLevel":3,"riskScore":0.849,"highway":"tertiary","name":"Avenue Parmentier","lengthM":63,"yearsFrom":2019,"yearsTo":2022,"metric":"density","trafficSource":"none"},"geometry":{"type":"LineString","coordinates":[[2.3710483,48.8700004],[2.3709911,48.8700728],[2.3707981,48.8703167],[2.3706598,48.8705097]]}},{"type":"Feature","id":"risk-516","properties":{"segmentId":"70736947:0","accidentCount":8,"accidentsPerKm":72.727,"percentile":0.929,"countPercentile":0.838,"riskLevel":3,"riskScore":0.786,"highway":"secondary","name":"Rue de Saint-Pétersbourg","lengthM":110,"yearsFrom":2019,"yearsTo":2023,"metric":"density","trafficSource":"none"},"geometry":{"type":"LineString","coordinates":[[2.3268037,48.8832702],[2.3267279,48.8831695],[2.326607,48.8830082],[2.3265233,48.8829035],[2.3261169,48.8823947]]}},{"type":"Feature","id":"risk-517","properties":{"segmentId":"56019324:0","accidentCount":20,"accidentsPerKm":118.343,"percentile":0.978,"countPercentile":0.993,"riskLevel":3,"riskScore":0.842,"highway":"primary","name":"Quai d'Orsay","lengthM":169,"yearsFrom":2019,"yearsTo":2024,"metric":"density","trafficSource":"none"},"geometry":{"type":"LineString","coordinates":[[2.3111652,48.8627019],[2.3116583,48.8627919],[2.3117533,48.8628085],[2.3118563,48.8628164],[2.3126003,48.8628331],[2.3127206,48.8628336],[2.3128988,48.8628301],[2.3131813,48.862831],[2.3134495,48.8628341]]}},{"type":"Feature","id":"risk-518","properties":{"segmentId":"457905333:0","accidentCount":4,"accidentsPerKm":38.835,"percentile":0.73,"countPercentile":0.385,"riskLevel":1,"riskScore":0.557,"highway":"secondary","name":"Rue du Landy","lengthM":103,"yearsFrom":2019,"yearsTo":2021,"metric":"density","trafficSource":"none"},"geometry":{"type":"LineString","coordinates":[[2.34839,48.9146685],[2.3481089,48.9146032],[2.3472219,48.9144182],[2.3470516,48.914381]]}},{"type":"Feature","id":"risk-519","properties":{"segmentId":"51076922:0","accidentCount":11,"accidentsPerKm":39.286,"percentile":0.736,"countPercentile":0.926,"riskLevel":1,"riskScore":0.564,"highway":"primary","name":"Avenue Charles de Gaulle","lengthM":280,"yearsFrom":2019,"yearsTo":2024,"metric":"density","trafficSource":"none"},"geometry":{"type":"LineString","coordinates":[[2.2712749,48.8813997],[2.2710712,48.8814705],[2.2692991,48.8820292],[2.2692313,48.8820506],[2.2691436,48.8820783],[2.267897,48.8824729],[2.2678262,48.8824952]]}},{"type":"Feature","id":"risk-520","properties":{"segmentId":"37200974:0","accidentCount":4,"accidentsPerKm":50,"percentile":0.838,"countPercentile":0.386,"riskLevel":2,"riskScore":0.681,"highway":"tertiary","name":"Boulevard Jean Jaurès","lengthM":80,"yearsFrom":2019,"yearsTo":2024,"metric":"density","trafficSource":"none"},"geometry":{"type":"LineString","coordinates":[[2.2395862,48.8403939],[2.2396179,48.8402411],[2.2397187,48.8399009],[2.2397247,48.8398708],[2.2397323,48.839837],[2.2397469,48.8397588],[2.2397618,48.8396843]]}},{"type":"Feature","id":"risk-521","properties":{"segmentId":"332191552:0","accidentCount":3,"accidentsPerKm":42.857,"percentile":0.775,"countPercentile":0.08,"riskLevel":2,"riskScore":0.609,"highway":"secondary","name":"Boulevard Héloïse","lengthM":70,"yearsFrom":2019,"yearsTo":2022,"metric":"density","trafficSource":"none"},"geometry":{"type":"LineString","coordinates":[[2.2525408,48.9419266],[2.2520416,48.94169],[2.2519447,48.9416441],[2.2517549,48.9415592]]}},{"type":"Feature","id":"risk-522","properties":{"segmentId":"27080976:0","accidentCount":12,"accidentsPerKm":41.237,"percentile":0.755,"countPercentile":0.938,"riskLevel":2,"riskScore":0.586,"highway":"motorway","lengthM":291,"yearsFrom":2019,"yearsTo":2024,"metric":"density","trafficSource":"tmja","tmja":198400,"tmjaDistM":48,"tmjaMeasureYear":2019,"accidentsPer100MVehKm":9.491,"tmjaPercentile":0.494},"geometry":{"type":"LineString","coordinates":[[2.2728689,48.9591906],[2.2733018,48.9589827],[2.2740495,48.9585794],[2.2742558,48.9584681],[2.2746964,48.9582014],[2.2751097,48.9579316],[2.2757995,48.9574303]]}},{"type":"Feature","id":"risk-523","properties":{"segmentId":"83724071:0","accidentCount":7,"accidentsPerKm":41.667,"percentile":0.759,"countPercentile":0.772,"riskLevel":2,"riskScore":0.59,"highway":"tertiary","name":"Rue du Faubourg Saint-Honoré","lengthM":168,"yearsFrom":2019,"yearsTo":2023,"metric":"density","trafficSource":"none"},"geometry":{"type":"LineString","coordinates":[[2.3107374,48.8728365],[2.3109066,48.8727789],[2.3122448,48.8723184],[2.3124642,48.8722526],[2.3125564,48.8722245],[2.3127813,48.8721564]]}},{"type":"Feature","id":"risk-524","properties":{"segmentId":"32529472:0","accidentCount":5,"accidentsPerKm":55.556,"percentile":0.866,"countPercentile":0.572,"riskLevel":2,"riskScore":0.713,"highway":"tertiary","name":"Rue de la Glacière","lengthM":90,"yearsFrom":2019,"yearsTo":2023,"metric":"density","trafficSource":"none"},"geometry":{"type":"LineString","coordinates":[[2.3448388,48.8341578],[2.3448642,48.8342574],[2.3448871,48.8344003],[2.3449554,48.8347697],[2.3449698,48.8348476],[2.3449903,48.8349574]]}},{"type":"Feature","id":"risk-525","properties":{"segmentId":"805491353:0","accidentCount":8,"accidentsPerKm":50.633,"percentile":0.842,"countPercentile":0.839,"riskLevel":2,"riskScore":0.686,"highway":"primary","name":"Avenue Vladimir Ilitch Lénine","lengthM":158,"yearsFrom":2019,"yearsTo":2024,"metric":"density","trafficSource":"none"},"geometry":{"type":"LineString","coordinates":[[2.192533,48.8882022],[2.1917172,48.8881338],[2.1907807,48.8880551],[2.1903928,48.8880268]]}},{"type":"Feature","id":"risk-526","properties":{"segmentId":"1148218425:0","accidentCount":10,"accidentsPerKm":48.78,"percentile":0.827,"countPercentile":0.905,"riskLevel":2,"riskScore":0.669,"highway":"tertiary","name":"Avenue de Malakoff","lengthM":205,"yearsFrom":2019,"yearsTo":2024,"metric":"density","trafficSource":"none"},"geometry":{"type":"LineString","coordinates":[[2.2833787,48.8768728],[2.2834289,48.8768221],[2.2834608,48.8768002],[2.2834853,48.8767833],[2.2835089,48.8767704],[2.2835295,48.8767529],[2.2835537,48.8767093],[2.2835571,48.8766968],[2.2836697,48.8761978],[2.2836885,48.8761234],[2.2839315,48.8751582],[2.2839503,48.8750861]]}},{"type":"Feature","id":"risk-527","properties":{"segmentId":"27878584:0","accidentCount":4,"accidentsPerKm":55.556,"percentile":0.866,"countPercentile":0.388,"riskLevel":2,"riskScore":0.713,"highway":"secondary","name":"Avenue Georges Lafont","lengthM":72,"yearsFrom":2019,"yearsTo":2022,"metric":"density","trafficSource":"none"},"geometry":{"type":"LineString","coordinates":[[2.2559682,48.8364863],[2.2559371,48.8363856],[2.2557717,48.8358504]]}},{"type":"Feature","id":"risk-528","properties":{"segmentId":"537428565:0","accidentCount":5,"accidentsPerKm":64.103,"percentile":0.901,"countPercentile":0.572,"riskLevel":3,"riskScore":0.754,"highway":"primary","name":"Avenue du Maine","lengthM":78,"yearsFrom":2019,"yearsTo":2023,"metric":"density","trafficSource":"none"},"geometry":{"type":"LineString","coordinates":[[2.3264017,48.829042],[2.326313,48.829255],[2.326127,48.8297152]]}},{"type":"Feature","id":"risk-529","properties":{"segmentId":"3869983:1","accidentCount":4,"accidentsPerKm":43.956,"percentile":0.786,"countPercentile":0.389,"riskLevel":2,"riskScore":0.621,"highway":"tertiary","name":"Boulevard Richard-Lenoir","lengthM":91,"yearsFrom":2019,"yearsTo":2021,"metric":"density","trafficSource":"none"},"geometry":{"type":"LineString","coordinates":[[2.3706775,48.8639984],[2.3707309,48.8639323],[2.3711938,48.8633399],[2.3712052,48.8633254],[2.3712484,48.8632741]]}},{"type":"Feature","id":"risk-530","properties":{"segmentId":"62798486:0","accidentCount":13,"accidentsPerKm":68.063,"percentile":0.914,"countPercentile":0.951,"riskLevel":3,"riskScore":0.769,"highway":"secondary","name":"Rue du Faubourg Saint-Martin","lengthM":191,"yearsFrom":2019,"yearsTo":2024,"metric":"density","trafficSource":"none"},"geometry":{"type":"LineString","coordinates":[[2.3669277,48.8825278],[2.3669864,48.8825752],[2.3682257,48.8835684],[2.3684508,48.8837474],[2.3684743,48.8837661],[2.3684874,48.8837771],[2.3685981,48.8838514]]}},{"type":"Feature","id":"risk-531","properties":{"segmentId":"229749608:0","accidentCount":5,"accidentsPerKm":43.86,"percentile":0.784,"countPercentile":0.573,"riskLevel":2,"riskScore":0.619,"highway":"tertiary","name":"Rue Camille Desmoulins","lengthM":114,"yearsFrom":2019,"yearsTo":2023,"metric":"density","trafficSource":"none"},"geometry":{"type":"LineString","coordinates":[[2.2626097,48.8283769],[2.2626552,48.8284056],[2.262696,48.8284313],[2.2627775,48.8284826],[2.2634879,48.8289303],[2.2635362,48.8289607],[2.2637308,48.8290833]]}},{"type":"Feature","id":"risk-532","properties":{"segmentId":"672164023:0","accidentCount":4,"accidentsPerKm":41.667,"percentile":0.76,"countPercentile":0.389,"riskLevel":2,"riskScore":0.591,"highway":"tertiary","name":"Rue Madame de Sanzillon","lengthM":96,"yearsFrom":2019,"yearsTo":2024,"metric":"density","trafficSource":"none"},"geometry":{"type":"LineString","coordinates":[[2.3175494,48.9035764],[2.3177539,48.9035927],[2.3180815,48.9036188],[2.318847,48.9036799]]}},{"type":"Feature","id":"risk-533","properties":{"segmentId":"10231238:1","accidentCount":15,"accidentsPerKm":104.167,"percentile":0.969,"countPercentile":0.966,"riskLevel":3,"riskScore":0.832,"highway":"trunk","name":"Boulevard Périphérique Intérieur","lengthM":144,"yearsFrom":2019,"yearsTo":2024,"metric":"density","trafficSource":"tmja","tmja":131984,"tmjaDistM":136,"tmjaMeasureYear":2019,"accidentsPer100MVehKm":36.038,"tmjaPercentile":0.899},"geometry":{"type":"LineString","coordinates":[[2.4132149,48.8647365],[2.4133664,48.8634475]]}},{"type":"Feature","id":"risk-534","properties":{"segmentId":"759137737:0","accidentCount":16,"accidentsPerKm":80.808,"percentile":0.947,"countPercentile":0.976,"riskLevel":3,"riskScore":0.807,"highway":"trunk","name":"Boulevard Périphérique Intérieur","lengthM":198,"yearsFrom":2019,"yearsTo":2024,"metric":"density","trafficSource":"tmja","tmja":131984,"tmjaDistM":143,"tmjaMeasureYear":2019,"accidentsPer100MVehKm":27.957,"tmjaPercentile":0.853},"geometry":{"type":"LineString","coordinates":[[2.4133664,48.8634475],[2.4133775,48.8633831],[2.413686,48.861679]]}},{"type":"Feature","id":"risk-535","properties":{"segmentId":"34679625:0","accidentCount":4,"accidentsPerKm":51.282,"percentile":0.847,"countPercentile":0.39,"riskLevel":2,"riskScore":0.692,"highway":"primary","name":"Quai de Montebello","lengthM":78,"yearsFrom":2019,"yearsTo":2023,"metric":"density","trafficSource":"none"},"geometry":{"type":"LineString","coordinates":[[2.3476317,48.8526411],[2.3471108,48.8529041],[2.3470179,48.8529513],[2.3469301,48.852996],[2.3468937,48.8530206],[2.3468007,48.8530729]]}},{"type":"Feature","id":"risk-536","properties":{"segmentId":"648289151:0","accidentCount":7,"accidentsPerKm":43.21,"percentile":0.778,"countPercentile":0.773,"riskLevel":2,"riskScore":0.612,"highway":"secondary","name":"Avenue de Villiers","lengthM":162,"yearsFrom":2019,"yearsTo":2023,"metric":"density","trafficSource":"none"},"geometry":{"type":"LineString","coordinates":[[2.3026608,48.8842578],[2.3029742,48.8842019],[2.3044411,48.8838859],[2.3044967,48.8838739],[2.3047736,48.8838166]]}},{"type":"Feature","id":"risk-537","properties":{"segmentId":"53565537:0","accidentCount":6,"accidentsPerKm":89.552,"percentile":0.957,"countPercentile":0.696,"riskLevel":3,"riskScore":0.818,"highway":"tertiary","name":"Place Balard","lengthM":67,"yearsFrom":2019,"yearsTo":2022,"metric":"density","trafficSource":"none"},"geometry":{"type":"LineString","coordinates":[[2.278485,48.8367711],[2.278282,48.8364079],[2.2782359,48.8363092],[2.2782272,48.8362914],[2.2781823,48.8362001]]}},{"type":"Feature","id":"risk-538","properties":{"segmentId":"35980522:0","accidentCount":6,"accidentsPerKm":100,"percentile":0.966,"countPercentile":0.697,"riskLevel":3,"riskScore":0.828,"highway":"primary","name":"Place d'Italie","lengthM":60,"yearsFrom":2019,"yearsTo":2022,"metric":"density","trafficSource":"none"},"geometry":{"type":"LineString","coordinates":[[2.3553078,48.8318236],[2.3552899,48.8318186],[2.3551976,48.8317831],[2.355155,48.8317618],[2.3550784,48.8317128],[2.3550449,48.8316854],[2.3549885,48.8316256],[2.354966,48.8315937],[2.3549331,48.8315267],[2.354923,48.8314921],[2.3549156,48.8314219],[2.3549184,48.8313868]]}},{"type":"Feature","id":"risk-539","properties":{"segmentId":"18507551:0","accidentCount":14,"accidentsPerKm":61.674,"percentile":0.89,"countPercentile":0.958,"riskLevel":2,"riskScore":0.741,"highway":"trunk","name":"Boulevard Périphérique Intérieur","lengthM":227,"yearsFrom":2019,"yearsTo":2024,"metric":"density","trafficSource":"none"},"geometry":{"type":"LineString","coordinates":[[2.3050082,48.8940776],[2.3062859,48.8948704],[2.306392,48.8949389],[2.3069242,48.8952266],[2.3073475,48.895412]]}},{"type":"Feature","id":"risk-540","properties":{"segmentId":"10228048:0","accidentCount":9,"accidentsPerKm":40.359,"percentile":0.746,"countPercentile":0.88,"riskLevel":1,"riskScore":0.575,"highway":"trunk","name":"Boulevard Périphérique Extérieur","lengthM":223,"yearsFrom":2019,"yearsTo":2024,"metric":"density","trafficSource":"none"},"geometry":{"type":"LineString","coordinates":[[2.407918,48.8334171],[2.410569,48.8344128]]}},{"type":"Feature","id":"risk-541","properties":{"segmentId":"980544519:0","accidentCount":4,"accidentsPerKm":40.404,"percentile":0.747,"countPercentile":0.391,"riskLevel":1,"riskScore":0.577,"highway":"primary","name":"Boulevard Gouvion-Saint-Cyr","lengthM":99,"yearsFrom":2019,"yearsTo":2021,"metric":"density","trafficSource":"none"},"geometry":{"type":"LineString","coordinates":[[2.2907725,48.8850338],[2.2908117,48.8850585],[2.2909665,48.8851559],[2.290985,48.8851675],[2.2913891,48.8854217],[2.2914023,48.8854302],[2.2914595,48.8854637],[2.2915705,48.885534],[2.29165,48.8855791],[2.2917707,48.8856411]]}},{"type":"Feature","id":"risk-542","properties":{"segmentId":"25485138:0","accidentCount":3,"accidentsPerKm":48.387,"percentile":0.824,"countPercentile":0.083,"riskLevel":2,"riskScore":0.665,"highway":"secondary","name":"Avenue des Gobelins","lengthM":62,"yearsFrom":2019,"yearsTo":2020,"metric":"density","trafficSource":"none"},"geometry":{"type":"LineString","coordinates":[[2.3515019,48.8372922],[2.3515191,48.8372669],[2.3517443,48.8369633],[2.3518495,48.836787]]}},{"type":"Feature","id":"risk-543","properties":{"segmentId":"1373534481:0","accidentCount":7,"accidentsPerKm":70.707,"percentile":0.923,"countPercentile":0.773,"riskLevel":3,"riskScore":0.779,"highway":"secondary","name":"Rue de Rome","lengthM":99,"yearsFrom":2019,"yearsTo":2022,"metric":"density","trafficSource":"none"},"geometry":{"type":"LineString","coordinates":[[2.3185056,48.8840198],[2.3185477,48.8839795],[2.3192025,48.883351],[2.3192678,48.8832876]]}},{"type":"Feature","id":"risk-544","properties":{"segmentId":"22774495:0","accidentCount":4,"accidentsPerKm":51.948,"percentile":0.851,"countPercentile":0.391,"riskLevel":2,"riskScore":0.696,"highway":"secondary","name":"Boulevard Raspail","lengthM":77,"yearsFrom":2019,"yearsTo":2022,"metric":"density","trafficSource":"none"},"geometry":{"type":"LineString","coordinates":[[2.3267964,48.8514115],[2.3268372,48.8512322],[2.3269244,48.8509125],[2.326975,48.8507266]]}},{"type":"Feature","id":"risk-545","properties":{"segmentId":"670749070:0","accidentCount":4,"accidentsPerKm":43.011,"percentile":0.777,"countPercentile":0.391,"riskLevel":2,"riskScore":0.611,"highway":"secondary","name":"Rue des Pyrénées","lengthM":93,"yearsFrom":2019,"yearsTo":2022,"metric":"density","trafficSource":"none"},"geometry":{"type":"LineString","coordinates":[[2.3985772,48.8648048],[2.3986709,48.864672],[2.3987181,48.8646084],[2.3987209,48.8645982],[2.3987783,48.8645273],[2.3987939,48.8645064],[2.3988412,48.8644426],[2.3990765,48.8641542],[2.3991513,48.8640573]]}},{"type":"Feature","id":"risk-546","properties":{"segmentId":"545617466:0","accidentCount":7,"accidentsPerKm":61.404,"percentile":0.888,"countPercentile":0.773,"riskLevel":2,"riskScore":0.739,"highway":"secondary","name":"Rue de l'Amiral de Coligny","lengthM":114,"yearsFrom":2019,"yearsTo":2023,"metric":"density","trafficSource":"none"},"geometry":{"type":"LineString","coordinates":[[2.3403548,48.8599622],[2.3403363,48.8599268],[2.3401151,48.8595024],[2.3399728,48.8592293],[2.3399596,48.859204],[2.3399496,48.8591839],[2.339848,48.8589898]]}},{"type":"Feature","id":"risk-547","properties":{"segmentId":"612785270:0","accidentCount":6,"accidentsPerKm":53.097,"percentile":0.856,"countPercentile":0.697,"riskLevel":2,"riskScore":0.702,"highway":"motorway","lengthM":113,"yearsFrom":2019,"yearsTo":2024,"metric":"density","trafficSource":"tmja","tmja":131984,"tmjaDistM":146,"tmjaMeasureYear":2019,"accidentsPer100MVehKm":18.37,"tmjaPercentile":0.731},"geometry":{"type":"LineString","coordinates":[[2.4707264,48.8849633],[2.4702327,48.8847806],[2.4698918,48.8846121],[2.4697078,48.8844693],[2.4695893,48.8843157]]}},{"type":"Feature","id":"risk-548","properties":{"segmentId":"1183033635:0","accidentCount":5,"accidentsPerKm":65.789,"percentile":0.908,"countPercentile":0.575,"riskLevel":3,"riskScore":0.762,"highway":"trunk","name":"Boulevard Périphérique Intérieur","lengthM":76,"yearsFrom":2019,"yearsTo":2023,"metric":"density","trafficSource":"none"},"geometry":{"type":"LineString","coordinates":[[2.3253083,48.8201979],[2.3243263,48.8204154]]}},{"type":"Feature","id":"risk-549","properties":{"segmentId":"581654164:0","accidentCount":5,"accidentsPerKm":51.02,"percentile":0.845,"countPercentile":0.575,"riskLevel":2,"riskScore":0.689,"highway":"secondary","name":"Avenue des Ternes","lengthM":98,"yearsFrom":2019,"yearsTo":2024,"metric":"density","trafficSource":"none"},"geometry":{"type":"LineString","coordinates":[[2.2896455,48.8797041],[2.2893496,48.8797723],[2.2885009,48.879968],[2.2883819,48.8799954]]}},{"type":"Feature","id":"risk-550","properties":{"segmentId":"538082812:0","accidentCount":12,"accidentsPerKm":47.244,"percentile":0.817,"countPercentile":0.938,"riskLevel":2,"riskScore":0.657,"highway":"secondary","name":"Avenue de Villiers","lengthM":254,"yearsFrom":2019,"yearsTo":2024,"metric":"density","trafficSource":"none"},"geometry":{"type":"LineString","coordinates":[[2.311613,48.882366],[2.311735,48.8823395],[2.3118739,48.8823098],[2.311944,48.8822958],[2.3121018,48.8822653],[2.3131276,48.8820438],[2.3135511,48.8819513],[2.3136713,48.8819269],[2.3139774,48.8818606],[2.3144698,48.8817542],[2.3147089,48.8817032],[2.3149102,48.8816592]]}},{"type":"Feature","id":"risk-551","properties":{"segmentId":"84789825:0","accidentCount":12,"accidentsPerKm":68.182,"percentile":0.915,"countPercentile":0.939,"riskLevel":3,"riskScore":0.77,"highway":"primary","name":"Quai de Conti","lengthM":176,"yearsFrom":2019,"yearsTo":2024,"metric":"density","trafficSource":"none"},"geometry":{"type":"LineString","coordinates":[[2.3399176,48.8564302],[2.3397255,48.8565491],[2.338618,48.8571626],[2.338093,48.8574614]]}},{"type":"Feature","id":"risk-552","properties":{"segmentId":"978957603:0","accidentCount":5,"accidentsPerKm":78.125,"percentile":0.94,"countPercentile":0.576,"riskLevel":3,"riskScore":0.798,"highway":"secondary","name":"Avenue de Clichy","lengthM":64,"yearsFrom":2019,"yearsTo":2024,"metric":"density","trafficSource":"none"},"geometry":{"type":"LineString","coordinates":[[2.3141766,48.8940548],[2.3144904,48.8938642],[2.3146034,48.8937993],[2.3147423,48.8937155],[2.3148223,48.8936694]]}},{"type":"Feature","id":"risk-553","properties":{"segmentId":"1274070500:0","accidentCount":13,"accidentsPerKm":46.099,"percentile":0.804,"countPercentile":0.951,"riskLevel":2,"riskScore":0.642,"highway":"tertiary","name":"Rue de Rivoli","lengthM":282,"yearsFrom":2019,"yearsTo":2023,"metric":"density","trafficSource":"none"},"geometry":{"type":"LineString","coordinates":[[2.3273072,48.8653522],[2.3270329,48.8654413],[2.3262625,48.8656919],[2.3262032,48.8657112],[2.3261529,48.8657276],[2.3260393,48.8657646],[2.3252011,48.8660383],[2.3251585,48.8660523],[2.3250682,48.8660804],[2.3241906,48.8663538],[2.324041,48.8663894],[2.3238199,48.8664374]]}},{"type":"Feature","id":"risk-554","properties":{"segmentId":"233182642:0","accidentCount":17,"accidentsPerKm":140.496,"percentile":0.989,"countPercentile":0.98,"riskLevel":3,"riskScore":0.855,"highway":"primary","name":"Avenue Gallieni","lengthM":121,"yearsFrom":2019,"yearsTo":2024,"metric":"density","trafficSource":"none"},"geometry":{"type":"LineString","coordinates":[[2.4158517,48.8465694],[2.4163993,48.8465404],[2.4168947,48.8464955],[2.4172038,48.8464626],[2.417261,48.8464561],[2.4173513,48.846444],[2.4173797,48.8464402],[2.4174838,48.8464263]]}},{"type":"Feature","id":"risk-555","properties":{"segmentId":"365263273:0","accidentCount":8,"accidentsPerKm":131.148,"percentile":0.987,"countPercentile":0.84,"riskLevel":3,"riskScore":0.853,"highway":"secondary","name":"Rue Cardinet","lengthM":61,"yearsFrom":2019,"yearsTo":2024,"metric":"density","trafficSource":"none"},"geometry":{"type":"LineString","coordinates":[[2.3180308,48.891101],[2.3181068,48.8911803],[2.3181989,48.8912715],[2.3183686,48.8914633],[2.3184769,48.8915587]]}},{"type":"Feature","id":"risk-556","properties":{"segmentId":"1257736153:0","accidentCount":6,"accidentsPerKm":41.096,"percentile":0.754,"countPercentile":0.699,"riskLevel":2,"riskScore":0.585,"highway":"primary","name":"Boulevard de Magenta","lengthM":146,"yearsFrom":2019,"yearsTo":2024,"metric":"density","trafficSource":"none"},"geometry":{"type":"LineString","coordinates":[[2.3509553,48.8819712],[2.3509097,48.882022],[2.3499412,48.8831005]]}},{"type":"Feature","id":"risk-557","properties":{"segmentId":"24911252:0","accidentCount":7,"accidentsPerKm":54.688,"percentile":0.864,"countPercentile":0.774,"riskLevel":2,"riskScore":0.711,"highway":"tertiary","name":"Rue du Faubourg Saint-Honoré","lengthM":128,"yearsFrom":2019,"yearsTo":2024,"metric":"density","trafficSource":"none"},"geometry":{"type":"LineString","coordinates":[[2.305963,48.8748165],[2.3060234,48.8747734],[2.3060408,48.874761],[2.3060719,48.8747409],[2.3064487,48.8745436],[2.3068451,48.8743913],[2.3072779,48.8742552],[2.3073281,48.8742394],[2.3074361,48.8742061]]}},{"type":"Feature","id":"risk-558","properties":{"segmentId":"708459256:0","accidentCount":3,"accidentsPerKm":42.254,"percentile":0.767,"countPercentile":0.088,"riskLevel":2,"riskScore":0.6,"highway":"secondary","name":"Rue Vercingétorix","lengthM":71,"yearsFrom":2019,"yearsTo":2023,"metric":"density","trafficSource":"none"},"geometry":{"type":"LineString","coordinates":[[2.3198366,48.837395],[2.3195665,48.8373478],[2.3194541,48.8373328],[2.3193995,48.8373236],[2.319297,48.8373079],[2.3190493,48.8372708],[2.3189602,48.8372577],[2.3188959,48.8372529]]}},{"type":"Feature","id":"risk-559","properties":{"segmentId":"314456033:0","accidentCount":4,"accidentsPerKm":61.538,"percentile":0.889,"countPercentile":0.393,"riskLevel":2,"riskScore":0.74,"highway":"primary","name":"Avenue de Friedland","lengthM":65,"yearsFrom":2019,"yearsTo":2024,"metric":"density","trafficSource":"none"},"geometry":{"type":"LineString","coordinates":[[2.2972889,48.8739765],[2.2974259,48.8739918],[2.2974733,48.8739979],[2.2981687,48.8740764]]}},{"type":"Feature","id":"risk-560","properties":{"segmentId":"4039512:0","accidentCount":13,"accidentsPerKm":142.857,"percentile":0.99,"countPercentile":0.951,"riskLevel":3,"riskScore":0.856,"highway":"primary","name":"Boulevard Saint-Martin","lengthM":91,"yearsFrom":2019,"yearsTo":2024,"metric":"density","trafficSource":"none"},"geometry":{"type":"LineString","coordinates":[[2.362358,48.8679492],[2.3621662,48.8679809],[2.361148,48.8681406]]}},{"type":"Feature","id":"risk-561","properties":{"segmentId":"1189910077:0","accidentCount":3,"accidentsPerKm":37.975,"percentile":0.72,"countPercentile":0.089,"riskLevel":1,"riskScore":0.545,"highway":"primary","name":"Rue Jean Jaurès","lengthM":79,"yearsFrom":2019,"yearsTo":2021,"metric":"density","trafficSource":"none"},"geometry":{"type":"LineString","coordinates":[[2.4339704,48.794968],[2.4339948,48.7948453],[2.4340899,48.7944795],[2.4341496,48.7942695]]}},{"type":"Feature","id":"risk-562","properties":{"segmentId":"188516250:0","accidentCount":9,"accidentsPerKm":45.226,"percentile":0.798,"countPercentile":0.88,"riskLevel":2,"riskScore":0.635,"highway":"primary","name":"Avenue du Général Leclerc","lengthM":199,"yearsFrom":2019,"yearsTo":2024,"metric":"density","trafficSource":"none"},"geometry":{"type":"LineString","coordinates":[[2.2409334,48.8327532],[2.2413915,48.8328926],[2.2417001,48.8329875],[2.242387,48.8331989],[2.243072,48.8334065],[2.2432584,48.833464],[2.2433013,48.8334759],[2.2434062,48.8335029]]}},{"type":"Feature","id":"risk-563","properties":{"segmentId":"450887580:0","accidentCount":3,"accidentsPerKm":48.387,"percentile":0.824,"countPercentile":0.09,"riskLevel":2,"riskScore":0.665,"highway":"primary","name":"Avenue de la Porte de Saint-Cloud","lengthM":62,"yearsFrom":2019,"yearsTo":2022,"metric":"density","trafficSource":"none"},"geometry":{"type":"LineString","coordinates":[[2.2517664,48.8386623],[2.251905,48.8386095],[2.2519641,48.8385964],[2.2520268,48.8385808],[2.2522392,48.8385532],[2.2525781,48.8385237]]}},{"type":"Feature","id":"risk-564","properties":{"segmentId":"879212259:0","accidentCount":4,"accidentsPerKm":42.105,"percentile":0.765,"countPercentile":0.394,"riskLevel":2,"riskScore":0.597,"highway":"primary","name":"Avenue du Président Kennedy","lengthM":95,"yearsFrom":2019,"yearsTo":2024,"metric":"density","trafficSource":"none"},"geometry":{"type":"LineString","coordinates":[[2.2878247,48.8578876],[2.28779,48.8578596],[2.2874382,48.8575761],[2.2869963,48.8572339]]}},{"type":"Feature","id":"risk-565","properties":{"segmentId":"1422515592:0","accidentCount":9,"accidentsPerKm":126.761,"percentile":0.983,"countPercentile":0.881,"riskLevel":3,"riskScore":0.848,"highway":"secondary","name":"Boulevard de Grenelle","lengthM":71,"yearsFrom":2019,"yearsTo":2022,"metric":"density","trafficSource":"none"},"geometry":{"type":"LineString","coordinates":[[2.289542,48.8539398],[2.2890127,48.8544743]]}},{"type":"Feature","id":"risk-566","properties":{"segmentId":"666193243:0","accidentCount":6,"accidentsPerKm":40,"percentile":0.743,"countPercentile":0.7,"riskLevel":1,"riskScore":0.572,"highway":"secondary","name":"Avenue Émile Zola","lengthM":150,"yearsFrom":2019,"yearsTo":2024,"metric":"density","trafficSource":"none"},"geometry":{"type":"LineString","coordinates":[[2.2831384,48.8464042],[2.2833341,48.846416],[2.2851462,48.8465131],[2.2851806,48.8465149]]}},{"type":"Feature","id":"risk-567","properties":{"segmentId":"34491704:0","accidentCount":6,"accidentsPerKm":38.462,"percentile":0.726,"countPercentile":0.7,"riskLevel":1,"riskScore":0.552,"highway":"secondary","name":"Boulevard Voltaire","lengthM":156,"yearsFrom":2019,"yearsTo":2022,"metric":"density","trafficSource":"none"},"geometry":{"type":"LineString","coordinates":[[2.3716926,48.8628206],[2.3716541,48.8628427],[2.371493,48.8629352],[2.3713057,48.8630496],[2.3710935,48.863174],[2.3703184,48.8636433],[2.3702569,48.8636806],[2.3702288,48.8636977],[2.370207,48.8637086],[2.3701149,48.8637626]]}},{"type":"Feature","id":"risk-568","properties":{"segmentId":"686331405:0","accidentCount":7,"accidentsPerKm":45.752,"percentile":0.801,"countPercentile":0.774,"riskLevel":2,"riskScore":0.639,"highway":"primary","name":"Boulevard de Clichy","lengthM":153,"yearsFrom":2019,"yearsTo":2024,"metric":"density","trafficSource":"none"},"geometry":{"type":"LineString","coordinates":[[2.3376311,48.8822068],[2.3378251,48.8821896],[2.338728,48.8820445],[2.3393675,48.8819531],[2.3394603,48.8819381],[2.339665,48.8819055]]}},{"type":"Feature","id":"risk-569","properties":{"segmentId":"162384238:0","accidentCount":14,"accidentsPerKm":80.925,"percentile":0.947,"countPercentile":0.959,"riskLevel":3,"riskScore":0.807,"highway":"primary","name":"Quai de l'Hôtel de Ville","lengthM":173,"yearsFrom":2019,"yearsTo":2023,"metric":"density","trafficSource":"none"},"geometry":{"type":"LineString","coordinates":[[2.3557363,48.8540708],[2.3566028,48.8537572],[2.3567199,48.8537159],[2.3575981,48.8534107],[2.3576669,48.8533868],[2.3577178,48.8533701],[2.3578164,48.8533327]]}},{"type":"Feature","id":"risk-570","properties":{"segmentId":"921753194:0","accidentCount":6,"accidentsPerKm":48,"percentile":0.823,"countPercentile":0.7,"riskLevel":2,"riskScore":0.664,"highway":"primary","name":"Boulevard de Strasbourg","lengthM":125,"yearsFrom":2019,"yearsTo":2024,"metric":"density","trafficSource":"none"},"geometry":{"type":"LineString","coordinates":[[2.481597,48.8404825],[2.4817735,48.8405992],[2.4826848,48.8412162],[2.4827059,48.8412302],[2.4827897,48.8412856]]}},{"type":"Feature","id":"risk-571","properties":{"segmentId":"19780815:0","accidentCount":8,"accidentsPerKm":50,"percentile":0.838,"countPercentile":0.841,"riskLevel":2,"riskScore":0.681,"highway":"tertiary","name":"Rue de Seine","lengthM":160,"yearsFrom":2019,"yearsTo":2024,"metric":"density","trafficSource":"none"},"geometry":{"type":"LineString","coordinates":[[2.3369916,48.852902],[2.3369932,48.8528465],[2.336997,48.8527722],[2.3370046,48.8525344],[2.337007,48.852485],[2.3370228,48.8521419],[2.3370441,48.8518155],[2.337048,48.8517558],[2.3370495,48.8517048],[2.3370552,48.8515085],[2.3370565,48.8514647]]}},{"type":"Feature","id":"risk-572","properties":{"segmentId":"378989503:0","accidentCount":18,"accidentsPerKm":63.38,"percentile":0.898,"countPercentile":0.986,"riskLevel":2,"riskScore":0.75,"highway":"primary","name":"Avenue de Saint-Ouen","lengthM":284,"yearsFrom":2019,"yearsTo":2024,"metric":"density","trafficSource":"none"},"geometry":{"type":"LineString","coordinates":[[2.3274004,48.8930045],[2.3274695,48.8932121],[2.3275346,48.8934086],[2.3277479,48.8940504],[2.3277613,48.8940875],[2.3280284,48.8948665],[2.328062,48.8949673],[2.3280828,48.8950246],[2.3281557,48.8952372],[2.3281809,48.8953213],[2.3282226,48.8954439],[2.3282421,48.8954955]]}},{"type":"Feature","id":"risk-573","properties":{"segmentId":"27879145:0","accidentCount":6,"accidentsPerKm":49.587,"percentile":0.834,"countPercentile":0.701,"riskLevel":2,"riskScore":0.677,"highway":"secondary","name":"Boulevard Diderot","lengthM":121,"yearsFrom":2019,"yearsTo":2024,"metric":"density","trafficSource":"none"},"geometry":{"type":"LineString","coordinates":[[2.3743596,48.8459127],[2.3755309,48.8460561],[2.3755724,48.8460612],[2.3756897,48.8460755],[2.375803,48.8460894],[2.3759881,48.8461121]]}},{"type":"Feature","id":"risk-574","properties":{"segmentId":"164379452:0","accidentCount":11,"accidentsPerKm":46.414,"percentile":0.809,"countPercentile":0.926,"riskLevel":2,"riskScore":0.648,"highway":"primary","name":"Avenue de la République","lengthM":237,"yearsFrom":2019,"yearsTo":2024,"metric":"density","trafficSource":"none"},"geometry":{"type":"LineString","coordinates":[[2.3780418,48.8645947],[2.3782608,48.8645546],[2.380231,48.8641782],[2.3809366,48.8640482],[2.3810181,48.8640313],[2.3811529,48.8640055]]}},{"type":"Feature","id":"risk-575","properties":{"segmentId":"643134324:0","accidentCount":9,"accidentsPerKm":62.5,"percentile":0.893,"countPercentile":0.881,"riskLevel":2,"riskScore":0.744,"highway":"primary","name":"Avenue des Champs-Élysées","lengthM":144,"yearsFrom":2019,"yearsTo":2023,"metric":"density","trafficSource":"none"},"geometry":{"type":"LineString","coordinates":[[2.3035097,48.8710863],[2.3036512,48.8710413],[2.3036993,48.871026],[2.3037422,48.8710124],[2.304908,48.8706421],[2.3049633,48.8706245],[2.3050007,48.8706126],[2.3052862,48.8705216]]}},{"type":"Feature","id":"risk-576","properties":{"segmentId":"25467965:0","accidentCount":7,"accidentsPerKm":57.377,"percentile":0.87,"countPercentile":0.775,"riskLevel":2,"riskScore":0.718,"highway":"secondary","name":"Avenue de Wagram","lengthM":122,"yearsFrom":2019,"yearsTo":2024,"metric":"density","trafficSource":"none"},"geometry":{"type":"LineString","coordinates":[[2.3019395,48.8832695],[2.3020099,48.8833643],[2.3020219,48.8833825],[2.3025318,48.8840781],[2.3026608,48.8842578]]}},{"type":"Feature","id":"risk-577","properties":{"segmentId":"13860458:0","accidentCount":5,"accidentsPerKm":76.923,"percentile":0.938,"countPercentile":0.578,"riskLevel":3,"riskScore":0.796,"highway":"primary","name":"Avenue de la Porte de Clignancourt","lengthM":65,"yearsFrom":2019,"yearsTo":2023,"metric":"density","trafficSource":"none"},"geometry":{"type":"LineString","coordinates":[[2.3441233,48.9006722],[2.3441911,48.9007365],[2.3442129,48.900767],[2.3442219,48.9008109],[2.3442126,48.9011347],[2.3442096,48.9012412]]}},{"type":"Feature","id":"risk-578","properties":{"segmentId":"885883458:0","accidentCount":8,"accidentsPerKm":57.971,"percentile":0.872,"countPercentile":0.841,"riskLevel":2,"riskScore":0.72,"highway":"secondary","name":"Avenue Simón Bolívar","lengthM":138,"yearsFrom":2019,"yearsTo":2022,"metric":"density","trafficSource":"none"},"geometry":{"type":"LineString","coordinates":[[2.3743683,48.8796451],[2.3743736,48.8795726],[2.374388,48.8793997],[2.3743839,48.8792851],[2.3743712,48.8790834],[2.3743483,48.8788867],[2.3743223,48.8787359],[2.3742861,48.8785301],[2.3742541,48.878409]]}},{"type":"Feature","id":"risk-579","properties":{"segmentId":"336776414:0","accidentCount":9,"accidentsPerKm":92.784,"percentile":0.96,"countPercentile":0.881,"riskLevel":3,"riskScore":0.821,"highway":"primary","name":"Avenue de Clichy","lengthM":97,"yearsFrom":2019,"yearsTo":2023,"metric":"density","trafficSource":"none"},"geometry":{"type":"LineString","coordinates":[[2.3273618,48.883666],[2.3273481,48.8836913],[2.3273243,48.883733],[2.3272668,48.8838413],[2.327211,48.8839443],[2.3269495,48.8844981]]}},{"type":"Feature","id":"risk-580","properties":{"segmentId":"949725670:0","accidentCount":8,"accidentsPerKm":65.574,"percentile":0.907,"countPercentile":0.841,"riskLevel":3,"riskScore":0.761,"highway":"motorway","name":"Autoroute de l’Est","lengthM":122,"yearsFrom":2019,"yearsTo":2024,"metric":"density","trafficSource":"tmja","tmja":163077,"tmjaDistM":18,"tmjaMeasureYear":2019,"accidentsPer100MVehKm":18.361,"tmjaPercentile":0.73},"geometry":{"type":"LineString","coordinates":[[2.5521849,48.8363951],[2.5518959,48.8364171],[2.5505211,48.8364979]]}},{"type":"Feature","id":"risk-581","properties":{"segmentId":"178237238:0","accidentCount":8,"accidentsPerKm":125,"percentile":0.982,"countPercentile":0.841,"riskLevel":3,"riskScore":0.847,"highway":"primary","name":"Boulevard Macdonald","lengthM":64,"yearsFrom":2019,"yearsTo":2022,"metric":"density","trafficSource":"none"},"geometry":{"type":"LineString","coordinates":[[2.3711722,48.8987244],[2.3709597,48.8987858],[2.3704923,48.8987753],[2.3703361,48.898724]]}},{"type":"Feature","id":"risk-582","properties":{"segmentId":"108421632:0","accidentCount":4,"accidentsPerKm":62.5,"percentile":0.894,"countPercentile":0.396,"riskLevel":2,"riskScore":0.746,"highway":"primary","name":"Avenue du Général de Gaulle","lengthM":64,"yearsFrom":2019,"yearsTo":2022,"metric":"density","trafficSource":"none"},"geometry":{"type":"LineString","coordinates":[[2.4213785,48.8136589],[2.4211266,48.8140768],[2.4211093,48.8141056],[2.4210919,48.8141344],[2.4210537,48.8141978]]}},{"type":"Feature","id":"risk-583","properties":{"segmentId":"521304907:0","accidentCount":18,"accidentsPerKm":189.474,"percentile":0.997,"countPercentile":0.987,"riskLevel":3,"riskScore":0.864,"highway":"primary","name":"Avenue du Général Leclerc","lengthM":95,"yearsFrom":2019,"yearsTo":2024,"metric":"density","trafficSource":"none"},"geometry":{"type":"LineString","coordinates":[[2.327048,48.8280471],[2.3270939,48.8281011],[2.3271497,48.828167],[2.3272855,48.8283175],[2.3277034,48.8287805]]}},{"type":"Feature","id":"risk-584","properties":{"segmentId":"626668696:0","accidentCount":10,"accidentsPerKm":70.423,"percentile":0.921,"countPercentile":0.907,"riskLevel":3,"riskScore":0.777,"highway":"primary","name":"Avenue des Champs-Élysées","lengthM":142,"yearsFrom":2019,"yearsTo":2024,"metric":"density","trafficSource":"none"},"geometry":{"type":"LineString","coordinates":[[2.2987107,48.8726107],[2.2987141,48.8726097],[2.2987354,48.8726029],[2.2992141,48.8724508],[2.2992475,48.8724403],[2.2992799,48.8724299],[2.2993152,48.8724187],[2.2994947,48.8723617],[2.2996413,48.8723151],[2.3003329,48.8720958],[2.3003847,48.872079],[2.3004567,48.8720562]]}},{"type":"Feature","id":"risk-585","properties":{"segmentId":"279406260:0","accidentCount":5,"accidentsPerKm":68.493,"percentile":0.916,"countPercentile":0.579,"riskLevel":3,"riskScore":0.771,"highway":"primary","name":"Avenue du Général de Gaulle","lengthM":73,"yearsFrom":2019,"yearsTo":2021,"metric":"density","trafficSource":"none"},"geometry":{"type":"LineString","coordinates":[[2.4208249,48.8146692],[2.4205877,48.8151275],[2.4205714,48.815159],[2.4205043,48.8152905]]}},{"type":"Feature","id":"risk-586","properties":{"segmentId":"223992535:0","accidentCount":4,"accidentsPerKm":48.193,"percentile":0.823,"countPercentile":0.397,"riskLevel":2,"riskScore":0.664,"highway":"secondary","name":"Rue du 14 Juillet","lengthM":83,"yearsFrom":2019,"yearsTo":2021,"metric":"density","trafficSource":"none"},"geometry":{"type":"LineString","coordinates":[[2.3608152,48.8145614],[2.3607131,48.8145485],[2.3606784,48.8145437],[2.3606021,48.8145333],[2.3598354,48.8143695],[2.3597646,48.8143567],[2.3597261,48.814349]]}},{"type":"Feature","id":"risk-587","properties":{"segmentId":"69415098:0","accidentCount":3,"accidentsPerKm":44.776,"percentile":0.795,"countPercentile":0.092,"riskLevel":2,"riskScore":0.632,"highway":"secondary","name":"Avenue de la République","lengthM":67,"yearsFrom":2019,"yearsTo":2020,"metric":"density","trafficSource":"tmja","tmja":166109,"tmjaDistM":449,"tmjaMeasureYear":2019,"accidentsPer100MVehKm":36.926,"tmjaPercentile":0.907},"geometry":{"type":"LineString","coordinates":[[2.5098842,48.8252939],[2.509863,48.8254152],[2.5097984,48.8256802],[2.5097451,48.8258909]]}},{"type":"Feature","id":"risk-588","properties":{"segmentId":"1300551428:0","accidentCount":7,"accidentsPerKm":48.276,"percentile":0.823,"countPercentile":0.775,"riskLevel":2,"riskScore":0.664,"highway":"motorway","lengthM":145,"yearsFrom":2019,"yearsTo":2024,"metric":"density","trafficSource":"tmja","tmja":183813,"tmjaDistM":9,"tmjaMeasureYear":2019,"accidentsPer100MVehKm":11.992,"tmjaPercentile":0.602},"geometry":{"type":"LineString","coordinates":[[2.4407186,48.7906782],[2.4408119,48.7909998],[2.440987,48.7915989],[2.441088,48.7919595]]}},{"type":"Feature","id":"risk-589","properties":{"segmentId":"27922499:0","accidentCount":10,"accidentsPerKm":67.568,"percentile":0.913,"countPercentile":0.907,"riskLevel":3,"riskScore":0.767,"highway":"tertiary","name":"Rue Custine","lengthM":148,"yearsFrom":2019,"yearsTo":2023,"metric":"density","trafficSource":"none"},"geometry":{"type":"LineString","coordinates":[[2.3479972,48.8884009],[2.3481545,48.8882708],[2.3491891,48.8874774],[2.3492446,48.8874522],[2.3492976,48.8874359],[2.3493459,48.8874258]]}},{"type":"Feature","id":"risk-590","properties":{"segmentId":"31612778:0","accidentCount":4,"accidentsPerKm":43.956,"percentile":0.786,"countPercentile":0.398,"riskLevel":2,"riskScore":0.621,"highway":"primary","name":"Avenue de la Porte de Châtillon","lengthM":91,"yearsFrom":2019,"yearsTo":2024,"metric":"density","trafficSource":"none"},"geometry":{"type":"LineString","coordinates":[[2.3166927,48.8235037],[2.3159716,48.8231763],[2.3156603,48.823045]]}},{"type":"Feature","id":"risk-591","properties":{"segmentId":"68450422:0","accidentCount":13,"accidentsPerKm":93.525,"percentile":0.961,"countPercentile":0.952,"riskLevel":3,"riskScore":0.823,"highway":"secondary","name":"Rue La Fayette","lengthM":139,"yearsFrom":2019,"yearsTo":2023,"metric":"density","trafficSource":"none"},"geometry":{"type":"LineString","coordinates":[[2.3581108,48.8795819],[2.358409,48.8796563],[2.3585401,48.8796904],[2.358688,48.8797288],[2.3588067,48.8797587],[2.3588829,48.8797784],[2.3592033,48.8798607],[2.3598825,48.880038]]}},{"type":"Feature","id":"risk-592","properties":{"segmentId":"47354829:0","accidentCount":11,"accidentsPerKm":139.241,"percentile":0.989,"countPercentile":0.926,"riskLevel":3,"riskScore":0.855,"highway":"tertiary","name":"Avenue Parmentier","lengthM":79,"yearsFrom":2019,"yearsTo":2024,"metric":"density","trafficSource":"none"},"geometry":{"type":"LineString","coordinates":[[2.3703853,48.8708843],[2.3701671,48.8711802],[2.3701205,48.8712438],[2.3700774,48.8713015],[2.3699144,48.8715219]]}},{"type":"Feature","id":"risk-593","properties":{"segmentId":"84068305:0","accidentCount":15,"accidentsPerKm":47.771,"percentile":0.821,"countPercentile":0.967,"riskLevel":2,"riskScore":0.662,"highway":"primary","name":"Boulevard Malesherbes","lengthM":314,"yearsFrom":2019,"yearsTo":2024,"metric":"density","trafficSource":"none"},"geometry":{"type":"LineString","coordinates":[[2.3220943,48.871718],[2.3217869,48.8721437],[2.3217242,48.8722336],[2.3216333,48.8723629],[2.3216166,48.8723874],[2.3215143,48.8725274],[2.3209779,48.8732912],[2.3209536,48.8733245],[2.3208954,48.8734005],[2.3206392,48.8738005],[2.3205681,48.8738852],[2.320302,48.8742867]]}},{"type":"Feature","id":"risk-594","properties":{"segmentId":"542833479:0","accidentCount":11,"accidentsPerKm":67.901,"percentile":0.914,"countPercentile":0.927,"riskLevel":3,"riskScore":0.769,"highway":"primary","name":"Avenue Henri Barbusse","lengthM":162,"yearsFrom":2019,"yearsTo":2022,"metric":"density","trafficSource":"none"},"geometry":{"type":"LineString","coordinates":[[2.4463779,48.9174456],[2.4461952,48.9173618],[2.4459901,48.9172602],[2.4458834,48.9172098],[2.445272,48.916917],[2.445092,48.916831],[2.4447197,48.916653],[2.4446959,48.9166418],[2.4445865,48.9165892]]}},{"type":"Feature","id":"risk-595","properties":{"segmentId":"45490057:0","accidentCount":11,"accidentsPerKm":87.302,"percentile":0.956,"countPercentile":0.927,"riskLevel":3,"riskScore":0.817,"highway":"secondary","name":"Rue du Faubourg Saint-Martin","lengthM":126,"yearsFrom":2019,"yearsTo":2024,"metric":"density","trafficSource":"none"},"geometry":{"type":"LineString","coordinates":[[2.3583248,48.8737558],[2.3583697,48.8738767],[2.3583885,48.8739092],[2.3584312,48.8739889],[2.3584443,48.8740134],[2.3585404,48.8741894],[2.3586113,48.8743119],[2.3586651,48.8743941],[2.3587188,48.8744774],[2.3589166,48.8747779],[2.3589408,48.8748156]]}},{"type":"Feature","id":"risk-596","properties":{"segmentId":"53648527:0","accidentCount":5,"accidentsPerKm":39.37,"percentile":0.738,"countPercentile":0.58,"riskLevel":1,"riskScore":0.566,"highway":"primary","name":"Avenue de la Porte de la Villette","lengthM":127,"yearsFrom":2019,"yearsTo":2024,"metric":"density","trafficSource":"none"},"geometry":{"type":"LineString","coordinates":[[2.3874408,48.8994994],[2.3871835,48.899221],[2.386569,48.898663],[2.3865429,48.8986394],[2.3864517,48.8985565]]}},{"type":"Feature","id":"risk-597","properties":{"segmentId":"615251569:0","accidentCount":4,"accidentsPerKm":57.971,"percentile":0.872,"countPercentile":0.398,"riskLevel":2,"riskScore":0.72,"highway":"tertiary","name":"Avenue de New York","lengthM":69,"yearsFrom":2019,"yearsTo":2024,"metric":"density","trafficSource":"none"},"geometry":{"type":"LineString","coordinates":[[2.2938625,48.8625473],[2.2934482,48.8623706],[2.2931353,48.8621567]]}},{"type":"Feature","id":"risk-598","properties":{"segmentId":"20326518:0","accidentCount":5,"accidentsPerKm":73.529,"percentile":0.931,"countPercentile":0.581,"riskLevel":3,"riskScore":0.788,"highway":"tertiary","name":"Pont Neuf","lengthM":68,"yearsFrom":2019,"yearsTo":2024,"metric":"density","trafficSource":"none"},"geometry":{"type":"LineString","coordinates":[[2.3410051,48.8567498],[2.3409965,48.8567393],[2.3406679,48.8563399],[2.3405778,48.8562476],[2.3405456,48.8562229]]}},{"type":"Feature","id":"risk-599","properties":{"segmentId":"977376365:0","accidentCount":5,"accidentsPerKm":60.976,"percentile":0.887,"countPercentile":0.582,"riskLevel":2,"riskScore":0.738,"highway":"secondary","name":"Avenue du Président Roosevelt","lengthM":82,"yearsFrom":2019,"yearsTo":2024,"metric":"density","trafficSource":"none"},"geometry":{"type":"LineString","coordinates":[[2.3793169,48.9175994],[2.3793583,48.9175348],[2.3795085,48.9173184],[2.3796854,48.9170684],[2.3797826,48.9169306]]}},{"type":"Feature","id":"risk-600","properties":{"segmentId":"10231222:0","accidentCount":15,"accidentsPerKm":71.09,"percentile":0.924,"countPercentile":0.967,"riskLevel":3,"riskScore":0.78,"highway":"trunk","name":"Boulevard Périphérique Intérieur","lengthM":211,"yearsFrom":2019,"yearsTo":2024,"metric":"density","trafficSource":"none"},"geometry":{"type":"LineString","coordinates":[[2.4139265,48.8566902],[2.4137624,48.8550951],[2.4137629,48.8547968]]}},{"type":"Feature","id":"risk-601","properties":{"segmentId":"34200356:0","accidentCount":13,"accidentsPerKm":50.781,"percentile":0.844,"countPercentile":0.952,"riskLevel":2,"riskScore":0.688,"highway":"primary","name":"Quai des Tuileries","lengthM":256,"yearsFrom":2019,"yearsTo":2024,"metric":"density","trafficSource":"none"},"geometry":{"type":"LineString","coordinates":[[2.3218858,48.8635459],[2.3250131,48.8625069]]}},{"type":"Feature","id":"risk-602","properties":{"segmentId":"69315571:1","accidentCount":9,"accidentsPerKm":123.288,"percentile":0.981,"countPercentile":0.881,"riskLevel":3,"riskScore":0.846,"highway":"primary","name":"Boulevard Haussmann","lengthM":73,"yearsFrom":2019,"yearsTo":2024,"metric":"density","trafficSource":"none"},"geometry":{"type":"LineString","coordinates":[[2.3342319,48.8727995],[2.3337657,48.8728634],[2.3336812,48.872875],[2.3335946,48.8728868],[2.3335577,48.8728919],[2.3334679,48.8729047],[2.3332569,48.8729396]]}},{"type":"Feature","id":"risk-603","properties":{"segmentId":"1423094024:0","accidentCount":9,"accidentsPerKm":140.625,"percentile":0.99,"countPercentile":0.882,"riskLevel":3,"riskScore":0.856,"highway":"primary","name":"Avenue de Villars","lengthM":64,"yearsFrom":2019,"yearsTo":2024,"metric":"density","trafficSource":"none"},"geometry":{"type":"LineString","coordinates":[[2.313785,48.8519014],[2.313801,48.851873],[2.313824,48.851831],[2.3138661,48.8517574],[2.3139044,48.8516889],[2.3139299,48.8516443],[2.3139376,48.8516315],[2.3139635,48.8515851],[2.3139974,48.8515244],[2.3140671,48.8514008],[2.3140883,48.8513602]]}},{"type":"Feature","id":"risk-604","properties":{"segmentId":"30023281:0","accidentCount":4,"accidentsPerKm":48.78,"percentile":0.827,"countPercentile":0.399,"riskLevel":2,"riskScore":0.669,"highway":"primary","name":"Avenue Jean Lolive","lengthM":82,"yearsFrom":2019,"yearsTo":2022,"metric":"density","trafficSource":"none"},"geometry":{"type":"LineString","coordinates":[[2.4014111,48.8909506],[2.402,48.8911068],[2.4023844,48.8912043],[2.402421,48.8912119],[2.4024562,48.8912192]]}},{"type":"Feature","id":"risk-605","properties":{"segmentId":"563869538:0","accidentCount":9,"accidentsPerKm":85.714,"percentile":0.952,"countPercentile":0.882,"riskLevel":3,"riskScore":0.812,"highway":"primary","name":"Quai de Grenelle","lengthM":105,"yearsFrom":2019,"yearsTo":2023,"metric":"density","trafficSource":"none"},"geometry":{"type":"LineString","coordinates":[[2.2886598,48.8543873],[2.2885795,48.8543182],[2.2885514,48.8543004],[2.2876755,48.8536985]]}},{"type":"Feature","id":"risk-606","properties":{"segmentId":"845814286:0","accidentCount":8,"accidentsPerKm":41.451,"percentile":0.757,"countPercentile":0.842,"riskLevel":2,"riskScore":0.588,"highway":"secondary","name":"Boulevard Camélinat","lengthM":193,"yearsFrom":2019,"yearsTo":2023,"metric":"density","trafficSource":"none"},"geometry":{"type":"LineString","coordinates":[[2.298709,48.8129337],[2.298768,48.8128742],[2.2993778,48.8123064],[2.2999164,48.8118134],[2.3001284,48.8116205],[2.3002323,48.8115136]]}},{"type":"Feature","id":"risk-607","properties":{"segmentId":"193939956:0","accidentCount":6,"accidentsPerKm":63.158,"percentile":0.896,"countPercentile":0.703,"riskLevel":2,"riskScore":0.748,"highway":"primary","name":"Place Félix Éboué","lengthM":95,"yearsFrom":2019,"yearsTo":2022,"metric":"density","trafficSource":"none"},"geometry":{"type":"LineString","coordinates":[[2.3964694,48.8396577],[2.396265,48.8397002],[2.3955218,48.8398611],[2.395485,48.8398691],[2.3954517,48.8398763],[2.3952336,48.8399234]]}},{"type":"Feature","id":"risk-608","properties":{"segmentId":"1146559460:0","accidentCount":9,"accidentsPerKm":69.767,"percentile":0.92,"countPercentile":0.882,"riskLevel":3,"riskScore":0.776,"highway":"primary","name":"Avenue d'Italie","lengthM":129,"yearsFrom":2019,"yearsTo":2023,"metric":"density","trafficSource":"none"},"geometry":{"type":"LineString","coordinates":[[2.3590687,48.8204187],[2.359093,48.8203398],[2.3591085,48.8202916],[2.3591716,48.8200948],[2.3592111,48.8199571],[2.3592648,48.8197702],[2.3593173,48.8196009],[2.3593411,48.819517],[2.359411,48.8193074],[2.3594198,48.8192817]]}},{"type":"Feature","id":"risk-609","properties":{"segmentId":"160747151:1","accidentCount":5,"accidentsPerKm":71.429,"percentile":0.926,"countPercentile":0.584,"riskLevel":3,"riskScore":0.782,"highway":"primary","name":"Avenue Gabriel Péri","lengthM":70,"yearsFrom":2019,"yearsTo":2024,"metric":"density","trafficSource":"none"},"geometry":{"type":"LineString","coordinates":[[2.3328457,48.9090223],[2.3327482,48.9087307],[2.3327415,48.9087089],[2.3327379,48.9086982],[2.3326896,48.9085528],[2.3326397,48.9084065]]}},{"type":"Feature","id":"risk-610","properties":{"segmentId":"35432648:0","accidentCount":3,"accidentsPerKm":37.975,"percentile":0.72,"countPercentile":0.096,"riskLevel":1,"riskScore":0.545,"highway":"motorway","name":"Autoroute de l’Est","lengthM":79,"yearsFrom":2019,"yearsTo":2020,"metric":"density","trafficSource":"tmja","tmja":166109,"tmjaDistM":23,"tmjaMeasureYear":2019,"accidentsPer100MVehKm":31.317,"tmjaPercentile":0.872},"geometry":{"type":"LineString","coordinates":[[2.5032498,48.8281136],[2.5042807,48.8278998]]}},{"type":"Feature","id":"risk-611","properties":{"segmentId":"35392542:0","accidentCount":7,"accidentsPerKm":102.941,"percentile":0.968,"countPercentile":0.777,"riskLevel":3,"riskScore":0.831,"highway":"primary","name":"Place de la Porte de Pantin","lengthM":68,"yearsFrom":2019,"yearsTo":2023,"metric":"density","trafficSource":"none"},"geometry":{"type":"LineString","coordinates":[[2.3966289,48.889876],[2.3965961,48.8899624],[2.3965852,48.8899947],[2.3965564,48.8900761],[2.3965434,48.8901127],[2.3964679,48.8904005],[2.3964389,48.8904764]]}},{"type":"Feature","id":"risk-612","properties":{"segmentId":"59706563:0","accidentCount":4,"accidentsPerKm":45.977,"percentile":0.803,"countPercentile":0.401,"riskLevel":2,"riskScore":0.641,"highway":"tertiary","name":"Rue Castagnary","lengthM":87,"yearsFrom":2019,"yearsTo":2022,"metric":"density","trafficSource":"none"},"geometry":{"type":"LineString","coordinates":[[2.3056553,48.8300274],[2.3058866,48.8302065],[2.3061321,48.8304812],[2.3063069,48.8306766]]}},{"type":"Feature","id":"risk-613","properties":{"segmentId":"4449008:0","accidentCount":4,"accidentsPerKm":43.011,"percentile":0.777,"countPercentile":0.401,"riskLevel":2,"riskScore":0.611,"highway":"primary","name":"Quai de Dion Bouton","lengthM":93,"yearsFrom":2019,"yearsTo":2022,"metric":"density","trafficSource":"none"},"geometry":{"type":"LineString","coordinates":[[2.2429181,48.8786852],[2.2421335,48.8780284]]}},{"type":"Feature","id":"risk-614","properties":{"segmentId":"96425458:0","accidentCount":4,"accidentsPerKm":47.619,"percentile":0.819,"countPercentile":0.402,"riskLevel":2,"riskScore":0.659,"highway":"primary","name":"Avenue de Rosny","lengthM":84,"yearsFrom":2019,"yearsTo":2024,"metric":"density","trafficSource":"tmja","tmja":118500,"tmjaDistM":127,"tmjaMeasureYear":2019,"accidentsPer100MVehKm":18.349,"tmjaPercentile":0.728},"geometry":{"type":"LineString","coordinates":[[2.4706225,48.8940934],[2.4706669,48.8937112],[2.4707447,48.8933446]]}},{"type":"Feature","id":"risk-615","properties":{"segmentId":"37098430:1","accidentCount":15,"accidentsPerKm":44.91,"percentile":0.796,"countPercentile":0.967,"riskLevel":2,"riskScore":0.633,"highway":"motorway","lengthM":334,"yearsFrom":2019,"yearsTo":2024,"metric":"density","trafficSource":"tmja","tmja":183813,"tmjaDistM":26,"tmjaMeasureYear":2019,"accidentsPer100MVehKm":11.156,"tmjaPercentile":0.568},"geometry":{"type":"LineString","coordinates":[[2.4457513,48.7992362],[2.4462779,48.7998223],[2.4471248,48.8008627],[2.4474205,48.8012651],[2.4477967,48.8019132]]}},{"type":"Feature","id":"risk-616","properties":{"segmentId":"246685176:0","accidentCount":13,"accidentsPerKm":68.783,"percentile":0.917,"countPercentile":0.952,"riskLevel":3,"riskScore":0.772,"highway":"primary","name":"Rue de la Chapelle","lengthM":189,"yearsFrom":2019,"yearsTo":2022,"metric":"density","trafficSource":"none"},"geometry":{"type":"LineString","coordinates":[[2.3596361,48.89331],[2.3596168,48.8934338],[2.3596025,48.8935255],[2.359589,48.8936115],[2.359517,48.8940728],[2.3594889,48.8942528],[2.3593905,48.8948831],[2.3593788,48.8949582],[2.359374,48.8949885],[2.3593718,48.8950029]]}},{"type":"Feature","id":"risk-617","properties":{"segmentId":"245066375:0","accidentCount":3,"accidentsPerKm":39.474,"percentile":0.739,"countPercentile":0.098,"riskLevel":1,"riskScore":0.567,"highway":"primary","name":"Route de Saint-Leu","lengthM":76,"yearsFrom":2019,"yearsTo":2024,"metric":"density","trafficSource":"none"},"geometry":{"type":"LineString","coordinates":[[2.3366321,48.9531599],[2.3367721,48.9530399],[2.3368361,48.9529877],[2.336881,48.9529538],[2.3369047,48.9529361],[2.3369284,48.9529184],[2.3372023,48.9527369],[2.3373262,48.9526542]]}},{"type":"Feature","id":"risk-618","properties":{"segmentId":"172669799:0","accidentCount":7,"accidentsPerKm":48.276,"percentile":0.824,"countPercentile":0.777,"riskLevel":2,"riskScore":0.665,"highway":"primary","name":"Boulevard de Magenta","lengthM":145,"yearsFrom":2019,"yearsTo":2024,"metric":"density","trafficSource":"none"},"geometry":{"type":"LineString","coordinates":[[2.351965,48.8808524],[2.3518234,48.8810073],[2.3516523,48.8812032],[2.3514274,48.8814567],[2.3513465,48.8815499],[2.3509553,48.8819712]]}},{"type":"Feature","id":"risk-619","properties":{"segmentId":"1160381699:0","accidentCount":14,"accidentsPerKm":71.795,"percentile":0.927,"countPercentile":0.959,"riskLevel":3,"riskScore":0.784,"highway":"primary","name":"Boulevard des Batignolles","lengthM":195,"yearsFrom":2019,"yearsTo":2024,"metric":"density","trafficSource":"none"},"geometry":{"type":"LineString","coordinates":[[2.3267035,48.8834957],[2.3265927,48.883474],[2.3258177,48.8833204],[2.3253275,48.8832211],[2.3252604,48.8832075],[2.3245207,48.8830575],[2.3242896,48.8830094],[2.3241518,48.8829827]]}},{"type":"Feature","id":"risk-620","properties":{"segmentId":"707097179:0","accidentCount":7,"accidentsPerKm":44.586,"percentile":0.793,"countPercentile":0.778,"riskLevel":2,"riskScore":0.629,"highway":"secondary","name":"Avenue Philippe Auguste","lengthM":157,"yearsFrom":2019,"yearsTo":2024,"metric":"density","trafficSource":"none"},"geometry":{"type":"LineString","coordinates":[[2.3953046,48.8493607],[2.3952555,48.8494397],[2.3952537,48.8494425],[2.3949187,48.8499847],[2.3948671,48.8500646],[2.3945371,48.8506023],[2.3944978,48.85067]]}},{"type":"Feature","id":"risk-621","properties":{"segmentId":"1188170507:0","accidentCount":11,"accidentsPerKm":104.762,"percentile":0.97,"countPercentile":0.928,"riskLevel":3,"riskScore":0.833,"highway":"primary","name":"Pont au Change","lengthM":105,"yearsFrom":2019,"yearsTo":2023,"metric":"density","trafficSource":"none"},"geometry":{"type":"LineString","coordinates":[[2.3465959,48.8562416],[2.3471344,48.8571063],[2.3471399,48.8571152]]}},{"type":"Feature","id":"risk-622","properties":{"segmentId":"616570566:0","accidentCount":5,"accidentsPerKm":64.103,"percentile":0.901,"countPercentile":0.584,"riskLevel":3,"riskScore":0.754,"highway":"primary","name":"Avenue de Fontainebleau","lengthM":78,"yearsFrom":2019,"yearsTo":2024,"metric":"density","trafficSource":"none"},"geometry":{"type":"LineString","coordinates":[[2.3626457,48.8089939],[2.3625411,48.8093639],[2.362529,48.809451],[2.3625248,48.8094805],[2.3625214,48.8095126],[2.3625192,48.8095697],[2.3625232,48.8096262],[2.362539,48.8096881]]}},{"type":"Feature","id":"risk-623","properties":{"segmentId":"83873534:0","accidentCount":6,"accidentsPerKm":41.958,"percentile":0.763,"countPercentile":0.704,"riskLevel":2,"riskScore":0.595,"highway":"primary","name":"Boulevard Vincent Auriol","lengthM":143,"yearsFrom":2019,"yearsTo":2023,"metric":"density","trafficSource":"none"},"geometry":{"type":"LineString","coordinates":[[2.3734381,48.8374566],[2.3732623,48.8373726],[2.3729059,48.8372024],[2.3727772,48.8371434],[2.3727143,48.8371146],[2.3723228,48.8369115],[2.3719678,48.8367313],[2.3719032,48.8366689]]}},{"type":"Feature","id":"risk-624","properties":{"segmentId":"123487813:0","accidentCount":9,"accidentsPerKm":123.288,"percentile":0.981,"countPercentile":0.883,"riskLevel":3,"riskScore":0.846,"highway":"primary","name":"Boulevard Beaumarchais","lengthM":73,"yearsFrom":2019,"yearsTo":2024,"metric":"density","trafficSource":"none"},"geometry":{"type":"LineString","coordinates":[[2.3682239,48.8569397],[2.3681754,48.8571418],[2.3681545,48.8572304],[2.3681183,48.8573796],[2.3680679,48.8575873]]}},{"type":"Feature","id":"risk-625","properties":{"segmentId":"184348432:0","accidentCount":22,"accidentsPerKm":99.548,"percentile":0.965,"countPercentile":0.996,"riskLevel":3,"riskScore":0.827,"highway":"trunk","name":"Boulevard Périphérique Intérieur","lengthM":221,"yearsFrom":2019,"yearsTo":2024,"metric":"density","trafficSource":"tmja","tmja":221626,"tmjaDistM":486,"tmjaMeasureYear":2019,"accidentsPer100MVehKm":20.51,"tmjaPercentile":0.762},"geometry":{"type":"LineString","coordinates":[[2.3868966,48.8259088],[2.3868406,48.8258899],[2.3866896,48.8258391],[2.3864892,48.8257714],[2.3862783,48.8257],[2.3860022,48.8256057],[2.3857518,48.8255087],[2.3854174,48.8253761],[2.3850303,48.825208],[2.3845487,48.8249796],[2.3843192,48.8248736]]}},{"type":"Feature","id":"risk-626","properties":{"segmentId":"4293959:0","accidentCount":11,"accidentsPerKm":130.952,"percentile":0.986,"countPercentile":0.928,"riskLevel":3,"riskScore":0.851,"highway":"primary","name":"Avenue du Président Wilson","lengthM":84,"yearsFrom":2019,"yearsTo":2024,"metric":"density","trafficSource":"none"},"geometry":{"type":"LineString","coordinates":[[2.3013465,48.8647154],[2.3010532,48.8647806],[2.3009994,48.8648008],[2.3006998,48.8649128],[2.300338,48.8650636]]}},{"type":"Feature","id":"risk-627","properties":{"segmentId":"284302748:0","accidentCount":7,"accidentsPerKm":47.619,"percentile":0.819,"countPercentile":0.778,"riskLevel":2,"riskScore":0.659,"highway":"primary","name":"Quai de Gesvres","lengthM":147,"yearsFrom":2019,"yearsTo":2023,"metric":"density","trafficSource":"none"},"geometry":{"type":"LineString","coordinates":[[2.348955,48.8567171],[2.349336,48.856576],[2.3493795,48.8565603],[2.3494889,48.8565204],[2.3503118,48.8562103],[2.3505013,48.8561388],[2.3505386,48.8561248],[2.3505661,48.8561145],[2.3507047,48.8560699]]}},{"type":"Feature","id":"risk-628","properties":{"segmentId":"222309988:0","accidentCount":3,"accidentsPerKm":41.096,"percentile":0.754,"countPercentile":0.101,"riskLevel":2,"riskScore":0.585,"highway":"secondary","name":"Rue Jacques Kablé","lengthM":73,"yearsFrom":2019,"yearsTo":2023,"metric":"density","trafficSource":"tmja","tmja":128065,"tmjaDistM":459,"tmjaMeasureYear":2019,"accidentsPer100MVehKm":17.583,"tmjaPercentile":0.721},"geometry":{"type":"LineString","coordinates":[[2.4924209,48.8356194],[2.4926779,48.8356041],[2.4931412,48.8355766],[2.4934074,48.8355601]]}},{"type":"Feature","id":"risk-629","properties":{"segmentId":"1485787978:0","accidentCount":4,"accidentsPerKm":54.054,"percentile":0.86,"countPercentile":0.403,"riskLevel":2,"riskScore":0.706,"highway":"tertiary","name":"Avenue Danielle Casanova","lengthM":74,"yearsFrom":2019,"yearsTo":2021,"metric":"density","trafficSource":"none"},"geometry":{"type":"LineString","coordinates":[[2.3852938,48.8133143],[2.3856467,48.8130096],[2.3859158,48.8127869]]}},{"type":"Feature","id":"risk-630","properties":{"segmentId":"22749980:0","accidentCount":4,"accidentsPerKm":53.333,"percentile":0.858,"countPercentile":0.403,"riskLevel":2,"riskScore":0.704,"highway":"primary","name":"Avenue Pierre Brossolette","lengthM":75,"yearsFrom":2019,"yearsTo":2024,"metric":"density","trafficSource":"none"},"geometry":{"type":"LineString","coordinates":[[2.314187,48.8223866],[2.3139667,48.8222684],[2.3139236,48.8222388],[2.3135601,48.8219834],[2.313464,48.8219155]]}},{"type":"Feature","id":"risk-631","properties":{"segmentId":"19907528:0","accidentCount":14,"accidentsPerKm":42.553,"percentile":0.771,"countPercentile":0.959,"riskLevel":2,"riskScore":0.604,"highway":"trunk","name":"Boulevard Périphérique Extérieur","lengthM":329,"yearsFrom":2019,"yearsTo":2024,"metric":"density","trafficSource":"tmja","tmja":41672,"tmjaDistM":240,"tmjaMeasureYear":2019,"accidentsPer100MVehKm":46.628,"tmjaPercentile":0.934},"geometry":{"type":"LineString","coordinates":[[2.2548646,48.8455272],[2.2548446,48.845264],[2.2548225,48.8450898],[2.2548074,48.844875],[2.2547258,48.8443186],[2.2545156,48.8437679],[2.254222,48.8431857],[2.2540178,48.8426382]]}},{"type":"Feature","id":"risk-632","properties":{"segmentId":"10228058:0","accidentCount":6,"accidentsPerKm":77.922,"percentile":0.94,"countPercentile":0.705,"riskLevel":3,"riskScore":0.798,"highway":"motorway","lengthM":77,"yearsFrom":2019,"yearsTo":2024,"metric":"density","trafficSource":"tmja","tmja":221626,"tmjaDistM":28,"tmjaMeasureYear":2019,"accidentsPer100MVehKm":16.054,"tmjaPercentile":0.69},"geometry":{"type":"LineString","coordinates":[[2.3937349,48.8246216],[2.3930003,48.8251168]]}},{"type":"Feature","id":"risk-633","properties":{"segmentId":"184348431:0","accidentCount":11,"accidentsPerKm":73.826,"percentile":0.932,"countPercentile":0.928,"riskLevel":3,"riskScore":0.789,"highway":"trunk","name":"Boulevard Périphérique Extérieur","lengthM":149,"yearsFrom":2019,"yearsTo":2024,"metric":"density","trafficSource":"tmja","tmja":221626,"tmjaDistM":146,"tmjaMeasureYear":2019,"accidentsPer100MVehKm":15.21,"tmjaPercentile":0.671},"geometry":{"type":"LineString","coordinates":[[2.3877556,48.8260279],[2.3895638,48.8266389]]}},{"type":"Feature","id":"risk-634","properties":{"segmentId":"44860153:0","accidentCount":7,"accidentsPerKm":109.375,"percentile":0.973,"countPercentile":0.778,"riskLevel":3,"riskScore":0.836,"highway":"trunk","name":"Boulevard Périphérique Intérieur","lengthM":64,"yearsFrom":2019,"yearsTo":2023,"metric":"density","trafficSource":"none"},"geometry":{"type":"LineString","coordinates":[[2.2799934,48.8773371],[2.2804712,48.8778143]]}},{"type":"Feature","id":"risk-635","properties":{"segmentId":"24692799:0","accidentCount":17,"accidentsPerKm":51.051,"percentile":0.846,"countPercentile":0.981,"riskLevel":2,"riskScore":0.69,"highway":"trunk","name":"Boulevard Périphérique Extérieur","lengthM":333,"yearsFrom":2019,"yearsTo":2024,"metric":"density","trafficSource":"none"},"geometry":{"type":"LineString","coordinates":[[2.3729934,48.8194478],[2.3770686,48.820768]]}},{"type":"Feature","id":"risk-636","properties":{"segmentId":"170861462:0","accidentCount":10,"accidentsPerKm":125,"percentile":0.982,"countPercentile":0.908,"riskLevel":3,"riskScore":0.847,"highway":"primary","name":"Quai d'Orsay","lengthM":80,"yearsFrom":2019,"yearsTo":2024,"metric":"density","trafficSource":"none"},"geometry":{"type":"LineString","coordinates":[[2.3190488,48.862616],[2.3188539,48.8626688],[2.318803,48.8626833],[2.3185493,48.8627699],[2.3183461,48.8628358],[2.3180456,48.862886]]}},{"type":"Feature","id":"risk-637","properties":{"segmentId":"1084594009:0","accidentCount":7,"accidentsPerKm":85.366,"percentile":0.952,"countPercentile":0.779,"riskLevel":3,"riskScore":0.812,"highway":"primary","name":"Avenue Gambetta","lengthM":82,"yearsFrom":2019,"yearsTo":2023,"metric":"density","trafficSource":"none"},"geometry":{"type":"LineString","coordinates":[[2.3955474,48.8649662],[2.3953188,48.8648912],[2.3951415,48.8648432],[2.3949004,48.8647844],[2.3946801,48.8647302],[2.3945071,48.8646879]]}},{"type":"Feature","id":"risk-638","properties":{"segmentId":"192677359:0","accidentCount":10,"accidentsPerKm":43.668,"percentile":0.783,"countPercentile":0.908,"riskLevel":2,"riskScore":0.618,"highway":"primary","name":"Boulevard Jean Jaurès","lengthM":229,"yearsFrom":2019,"yearsTo":2023,"metric":"density","trafficSource":"none"},"geometry":{"type":"LineString","coordinates":[[2.3003462,48.9072851],[2.300459,48.9071472],[2.3005266,48.9070645],[2.3006779,48.9068795],[2.3008122,48.9067152],[2.3011328,48.9063231],[2.3012015,48.9062391],[2.3012256,48.9062079],[2.3013596,48.906034],[2.3014545,48.9059119],[2.3017476,48.9055451],[2.3018137,48.9054624]]}},{"type":"Feature","id":"risk-639","properties":{"segmentId":"4217074:0","accidentCount":6,"accidentsPerKm":70.588,"percentile":0.922,"countPercentile":0.705,"riskLevel":3,"riskScore":0.778,"highway":"secondary","name":"Rue Soufflot","lengthM":85,"yearsFrom":2019,"yearsTo":2024,"metric":"density","trafficSource":"none"},"geometry":{"type":"LineString","coordinates":[[2.3408546,48.8473329],[2.341152,48.8472696],[2.3412171,48.8472556],[2.3414321,48.8472093],[2.3418668,48.847116],[2.3419553,48.8470967]]}},{"type":"Feature","id":"risk-640","properties":{"segmentId":"1294720140:0","accidentCount":6,"accidentsPerKm":78.947,"percentile":0.943,"countPercentile":0.706,"riskLevel":3,"riskScore":0.802,"highway":"secondary","name":"Avenue Gambetta","lengthM":76,"yearsFrom":2019,"yearsTo":2023,"metric":"density","trafficSource":"none"},"geometry":{"type":"LineString","coordinates":[[2.4043688,48.8717235],[2.4044499,48.8719176],[2.4044639,48.8719525],[2.4044724,48.8719754],[2.4045286,48.8721214],[2.4045922,48.8722784],[2.4046062,48.8723126],[2.4046369,48.8723873]]}},{"type":"Feature","id":"risk-641","properties":{"segmentId":"1160391201:0","accidentCount":4,"accidentsPerKm":47.619,"percentile":0.82,"countPercentile":0.406,"riskLevel":2,"riskScore":0.66,"highway":"secondary","name":"Rue d'Alésia","lengthM":84,"yearsFrom":2019,"yearsTo":2020,"metric":"density","trafficSource":"none"},"geometry":{"type":"LineString","coordinates":[[2.3217672,48.8296172],[2.3211682,48.829835],[2.3207636,48.8299855]]}},{"type":"Feature","id":"risk-642","properties":{"segmentId":"156382090:1","accidentCount":8,"accidentsPerKm":59.259,"percentile":0.88,"countPercentile":0.843,"riskLevel":2,"riskScore":0.729,"highway":"tertiary","name":"Rue de la Roquette","lengthM":135,"yearsFrom":2019,"yearsTo":2024,"metric":"density","trafficSource":"none"},"geometry":{"type":"LineString","coordinates":[[2.3822713,48.8581702],[2.3821898,48.8581494],[2.3818658,48.8580672],[2.3816578,48.858013],[2.3815647,48.8579895],[2.3814974,48.8579722],[2.3811084,48.8578759],[2.3809714,48.8578477],[2.3808345,48.8578238],[2.3807489,48.8578081],[2.3806482,48.8577924],[2.3805281,48.8578139]]}},{"type":"Feature","id":"risk-643","properties":{"segmentId":"62149361:0","accidentCount":5,"accidentsPerKm":68.493,"percentile":0.916,"countPercentile":0.586,"riskLevel":3,"riskScore":0.771,"highway":"secondary","name":"Rue La Fayette","lengthM":73,"yearsFrom":2019,"yearsTo":2024,"metric":"density","trafficSource":"none"},"geometry":{"type":"LineString","coordinates":[[2.3624256,48.8806939],[2.362561,48.8807292],[2.3627105,48.8807682],[2.3633531,48.8809396]]}},{"type":"Feature","id":"risk-644","properties":{"segmentId":"705740246:0","accidentCount":5,"accidentsPerKm":42.373,"percentile":0.769,"countPercentile":0.586,"riskLevel":2,"riskScore":0.602,"highway":"tertiary","name":"Rue Marcel Grosménil","lengthM":118,"yearsFrom":2019,"yearsTo":2024,"metric":"density","trafficSource":"none"},"geometry":{"type":"LineString","coordinates":[[2.3547435,48.7969135],[2.3547213,48.7968071],[2.3547121,48.7967628],[2.3546779,48.7965978],[2.3546505,48.7964656],[2.3546117,48.7962781],[2.3545328,48.7958641]]}},{"type":"Feature","id":"risk-645","properties":{"segmentId":"1178066653:0","accidentCount":6,"accidentsPerKm":75.949,"percentile":0.937,"countPercentile":0.706,"riskLevel":3,"riskScore":0.795,"highway":"tertiary","name":"Rue de Crimée","lengthM":79,"yearsFrom":2019,"yearsTo":2022,"metric":"density","trafficSource":"none"},"geometry":{"type":"LineString","coordinates":[[2.3855547,48.8830059],[2.3856428,48.8829321],[2.385896,48.8827114],[2.3861365,48.8825007],[2.386206,48.8824403]]}},{"type":"Feature","id":"risk-646","properties":{"segmentId":"14154118:0","accidentCount":3,"accidentsPerKm":42.857,"percentile":0.775,"countPercentile":0.104,"riskLevel":2,"riskScore":0.609,"highway":"primary","name":"Quai de la Rapée","lengthM":70,"yearsFrom":2019,"yearsTo":2020,"metric":"density","trafficSource":"none"},"geometry":{"type":"LineString","coordinates":[[2.3702162,48.8434195],[2.3708491,48.8429451]]}},{"type":"Feature","id":"risk-647","properties":{"segmentId":"648287929:0","accidentCount":13,"accidentsPerKm":158.537,"percentile":0.995,"countPercentile":0.953,"riskLevel":3,"riskScore":0.862,"highway":"primary","name":"Avenue de la Porte d'Asnières","lengthM":82,"yearsFrom":2019,"yearsTo":2024,"metric":"density","trafficSource":"none"},"geometry":{"type":"LineString","coordinates":[[2.3036633,48.8902487],[2.3035079,48.8903529],[2.3031232,48.8906305],[2.3029963,48.8907203],[2.3029008,48.8907875]]}},{"type":"Feature","id":"risk-648","properties":{"segmentId":"653575616:1","accidentCount":12,"accidentsPerKm":54.545,"percentile":0.863,"countPercentile":0.939,"riskLevel":2,"riskScore":0.71,"highway":"primary","name":"Avenue de Flandre","lengthM":220,"yearsFrom":2019,"yearsTo":2023,"metric":"density","trafficSource":"none"},"geometry":{"type":"LineString","coordinates":[[2.3710389,48.886131],[2.3709925,48.8860947],[2.3708286,48.8859579],[2.3707879,48.8859239],[2.3706416,48.8858084],[2.3705098,48.885708],[2.369887,48.8852036],[2.369216,48.8846725],[2.3691285,48.8845989]]}},{"type":"Feature","id":"risk-649","properties":{"segmentId":"156620486:0","accidentCount":18,"accidentsPerKm":67.164,"percentile":0.91,"countPercentile":0.987,"riskLevel":3,"riskScore":0.764,"highway":"primary","name":"Avenue Jean Jaurès","lengthM":268,"yearsFrom":2019,"yearsTo":2024,"metric":"density","trafficSource":"none"},"geometry":{"type":"LineString","coordinates":[[2.3892753,48.8877726],[2.3894119,48.887809],[2.3904797,48.888094],[2.3907195,48.888158],[2.3908379,48.8881897],[2.3917613,48.888436],[2.3919268,48.8884801],[2.3921675,48.8885443],[2.3925317,48.8886415],[2.3926728,48.8886791]]}},{"type":"Feature","id":"risk-650","properties":{"segmentId":"806442300:0","accidentCount":20,"accidentsPerKm":87.719,"percentile":0.956,"countPercentile":0.993,"riskLevel":3,"riskScore":0.817,"highway":"primary","name":"Avenue du Général Leclerc","lengthM":228,"yearsFrom":2019,"yearsTo":2024,"metric":"density","trafficSource":"none"},"geometry":{"type":"LineString","coordinates":[[2.3259428,48.8249008],[2.3261084,48.825552],[2.326118,48.8255839],[2.3261531,48.8257183],[2.3262609,48.8261401],[2.3264231,48.8267054],[2.3264388,48.8267517],[2.3264497,48.8267842],[2.3264581,48.8268089],[2.3264964,48.8269198]]}},{"type":"Feature","id":"risk-651","properties":{"segmentId":"648742050:0","accidentCount":6,"accidentsPerKm":96.774,"percentile":0.963,"countPercentile":0.707,"riskLevel":3,"riskScore":0.825,"highway":"primary","name":"Avenue de la Porte de Clignancourt","lengthM":62,"yearsFrom":2019,"yearsTo":2023,"metric":"density","trafficSource":"none"},"geometry":{"type":"LineString","coordinates":[[2.3442119,48.8987663],[2.3441666,48.8992368],[2.3441658,48.8992776],[2.3441649,48.8993263]]}},{"type":"Feature","id":"risk-652","properties":{"segmentId":"1314409679:0","accidentCount":3,"accidentsPerKm":42.254,"percentile":0.767,"countPercentile":0.105,"riskLevel":2,"riskScore":0.6,"highway":"primary","name":"Boulevard Ney","lengthM":71,"yearsFrom":2019,"yearsTo":2020,"metric":"density","trafficSource":"tmja","tmja":132186,"tmjaDistM":348,"tmjaMeasureYear":2019,"accidentsPer100MVehKm":43.788,"tmjaPercentile":0.926},"geometry":{"type":"LineString","coordinates":[[2.3578515,48.8985181],[2.3579816,48.8985198],[2.358006,48.89852],[2.3583484,48.8985222],[2.3586568,48.8985259],[2.3587518,48.8985264],[2.358818,48.8985267]]}},{"type":"Feature","id":"risk-653","properties":{"segmentId":"184390812:0","accidentCount":6,"accidentsPerKm":52.174,"percentile":0.852,"countPercentile":0.707,"riskLevel":2,"riskScore":0.697,"highway":"secondary","name":"Rue d'Aubervilliers","lengthM":115,"yearsFrom":2019,"yearsTo":2023,"metric":"density","trafficSource":"none"},"geometry":{"type":"LineString","coordinates":[[2.370504,48.898639],[2.3705042,48.8985678],[2.3705053,48.8985465],[2.3705072,48.8985087],[2.3705185,48.8982857],[2.3705254,48.8981489],[2.3705404,48.8978517],[2.3705461,48.8977371],[2.3705515,48.8976306],[2.3705528,48.897605]]}},{"type":"Feature","id":"risk-654","properties":{"segmentId":"1291118238:0","accidentCount":9,"accidentsPerKm":54.217,"percentile":0.861,"countPercentile":0.884,"riskLevel":2,"riskScore":0.708,"highway":"secondary","name":"Avenue Georges Gosnat","lengthM":166,"yearsFrom":2019,"yearsTo":2024,"metric":"density","trafficSource":"none"},"geometry":{"type":"LineString","coordinates":[[2.3872196,48.8127464],[2.387332,48.8128002],[2.3873574,48.8128124],[2.3875158,48.8128881],[2.3880245,48.8131322],[2.3880458,48.8131424],[2.3882963,48.8132625],[2.3884215,48.8133225],[2.3885456,48.8133804],[2.3889322,48.8135607],[2.3890628,48.8136216]]}},{"type":"Feature","id":"risk-655","properties":{"segmentId":"1320186868:0","accidentCount":10,"accidentsPerKm":60.976,"percentile":0.887,"countPercentile":0.909,"riskLevel":2,"riskScore":0.738,"highway":"primary","name":"Boulevard Malesherbes","lengthM":164,"yearsFrom":2019,"yearsTo":2024,"metric":"density","trafficSource":"none"},"geometry":{"type":"LineString","coordinates":[[2.312124,48.8812052],[2.3115668,48.8816621],[2.3114208,48.8817717],[2.3113973,48.88179],[2.3113748,48.8818075],[2.311275,48.8818973],[2.3111858,48.8819735],[2.3111363,48.8820144],[2.311107,48.8820385],[2.3108191,48.8822746],[2.3107224,48.882351]]}},{"type":"Feature","id":"risk-656","properties":{"segmentId":"31544800:0","accidentCount":17,"accidentsPerKm":170,"percentile":0.996,"countPercentile":0.981,"riskLevel":3,"riskScore":0.863,"highway":"secondary","name":"Avenue Foch","lengthM":100,"yearsFrom":2019,"yearsTo":2024,"metric":"density","trafficSource":"none"},"geometry":{"type":"LineString","coordinates":[[2.2927717,48.8735839],[2.292822,48.8735899],[2.2928851,48.8735971],[2.2929281,48.8736022],[2.2934105,48.8736589],[2.2934627,48.8736651],[2.2935066,48.8736702],[2.2941165,48.8737408]]}},{"type":"Feature","id":"risk-657","properties":{"segmentId":"59725231:0","accidentCount":4,"accidentsPerKm":41.237,"percentile":0.755,"countPercentile":0.408,"riskLevel":2,"riskScore":0.586,"highway":"tertiary","name":"Rue Brancion","lengthM":97,"yearsFrom":2019,"yearsTo":2024,"metric":"density","trafficSource":"none"},"geometry":{"type":"LineString","coordinates":[[2.3051755,48.8347196],[2.3051195,48.8346539],[2.3048417,48.8343279],[2.3045249,48.8339561]]}},{"type":"Feature","id":"risk-658","properties":{"segmentId":"22768377:0","accidentCount":5,"accidentsPerKm":49.02,"percentile":0.83,"countPercentile":0.589,"riskLevel":2,"riskScore":0.672,"highway":"tertiary","name":"Rue Gay-Lussac","lengthM":102,"yearsFrom":2019,"yearsTo":2021,"metric":"density","trafficSource":"none"},"geometry":{"type":"LineString","coordinates":[[2.3406328,48.8469298],[2.3407529,48.8468163],[2.3408032,48.8467581],[2.3408288,48.8467085],[2.3409325,48.8465081],[2.3410739,48.8462519],[2.3410836,48.8462295],[2.3411616,48.8460884]]}},{"type":"Feature","id":"risk-659","properties":{"segmentId":"84152069:0","accidentCount":10,"accidentsPerKm":87.719,"percentile":0.957,"countPercentile":0.909,"riskLevel":3,"riskScore":0.818,"highway":"primary","name":"Boulevard Romain Rolland","lengthM":114,"yearsFrom":2019,"yearsTo":2024,"metric":"density","trafficSource":"none"},"geometry":{"type":"LineString","coordinates":[[2.3240226,48.8201975],[2.3252756,48.8199064],[2.3253127,48.819897],[2.3254043,48.8198771],[2.325494,48.8198577]]}},{"type":"Feature","id":"risk-660","properties":{"segmentId":"23075678:0","accidentCount":4,"accidentsPerKm":59.701,"percentile":0.882,"countPercentile":0.408,"riskLevel":2,"riskScore":0.732,"highway":"trunk","name":"Boulevard Périphérique Extérieur","lengthM":67,"yearsFrom":2019,"yearsTo":2023,"metric":"density","trafficSource":"none"},"geometry":{"type":"LineString","coordinates":[[2.3530359,48.8178529],[2.3534822,48.8177568],[2.3538942,48.8176381]]}},{"type":"Feature","id":"risk-661","properties":{"segmentId":"59942682:0","accidentCount":4,"accidentsPerKm":45.977,"percentile":0.803,"countPercentile":0.408,"riskLevel":2,"riskScore":0.641,"highway":"trunk","name":"Boulevard Périphérique Intérieur","lengthM":87,"yearsFrom":2019,"yearsTo":2022,"metric":"density","trafficSource":"none"},"geometry":{"type":"LineString","coordinates":[[2.4137922,48.8544525],[2.4137983,48.8544332],[2.4139567,48.8538106],[2.4139924,48.8536846]]}},{"type":"Feature","id":"risk-662","properties":{"segmentId":"548078044:0","accidentCount":10,"accidentsPerKm":44.843,"percentile":0.796,"countPercentile":0.91,"riskLevel":2,"riskScore":0.633,"highway":"secondary","name":"Boulevard Arago","lengthM":223,"yearsFrom":2019,"yearsTo":2023,"metric":"density","trafficSource":"none"},"geometry":{"type":"LineString","coordinates":[[2.336965,48.834607],[2.3368037,48.8346001],[2.3367274,48.8345968],[2.3362106,48.8345747],[2.3356143,48.8345492],[2.333921,48.8344769]]}},{"type":"Feature","id":"risk-663","properties":{"segmentId":"374059571:0","accidentCount":5,"accidentsPerKm":50.505,"percentile":0.841,"countPercentile":0.59,"riskLevel":2,"riskScore":0.685,"highway":"primary","name":"Place de la Madeleine","lengthM":99,"yearsFrom":2019,"yearsTo":2022,"metric":"density","trafficSource":"none"},"geometry":{"type":"LineString","coordinates":[[2.3242334,48.870831],[2.3237589,48.8701898],[2.3236652,48.8700775],[2.3236105,48.8700391]]}},{"type":"Feature","id":"risk-664","properties":{"segmentId":"478835108:0","accidentCount":22,"accidentsPerKm":68.966,"percentile":0.917,"countPercentile":0.997,"riskLevel":3,"riskScore":0.772,"highway":"primary","name":"Boulevard des Italiens","lengthM":319,"yearsFrom":2019,"yearsTo":2024,"metric":"density","trafficSource":"none"},"geometry":{"type":"LineString","coordinates":[[2.3391706,48.8718305],[2.3391201,48.8718217],[2.338819,48.8717711],[2.3382629,48.8716742],[2.3380716,48.8716437],[2.3377446,48.8715849],[2.3373097,48.8715107],[2.3370259,48.8714611],[2.3368838,48.8714373],[2.3361748,48.871318],[2.3360463,48.8712963],[2.3349511,48.8711081]]}},{"type":"Feature","id":"risk-665","properties":{"segmentId":"168404431:0","accidentCount":5,"accidentsPerKm":62.5,"percentile":0.894,"countPercentile":0.59,"riskLevel":2,"riskScore":0.746,"highway":"secondary","name":"Rue du Temple","lengthM":80,"yearsFrom":2019,"yearsTo":2024,"metric":"density","trafficSource":"none"},"geometry":{"type":"LineString","coordinates":[[2.3628642,48.8671948],[2.3620739,48.8668963],[2.3620446,48.8668853],[2.3620275,48.8668788],[2.3619044,48.8668414]]}},{"type":"Feature","id":"risk-666","properties":{"segmentId":"412481132:0","accidentCount":4,"accidentsPerKm":45.455,"percentile":0.799,"countPercentile":0.409,"riskLevel":2,"riskScore":0.636,"highway":"tertiary","name":"Avenue Danielle Casanova","lengthM":88,"yearsFrom":2019,"yearsTo":2023,"metric":"density","trafficSource":"none"},"geometry":{"type":"LineString","coordinates":[[2.3840936,48.8145942],[2.3841418,48.8145414],[2.3843068,48.8143471],[2.3843859,48.8142623],[2.3844605,48.8141753],[2.3846599,48.8139429],[2.3846971,48.8139049]]}},{"type":"Feature","id":"risk-667","properties":{"segmentId":"175476731:1","accidentCount":8,"accidentsPerKm":62.5,"percentile":0.894,"countPercentile":0.843,"riskLevel":2,"riskScore":0.746,"highway":"secondary","name":"Avenue des Grésillons","lengthM":128,"yearsFrom":2019,"yearsTo":2024,"metric":"density","trafficSource":"tmja","tmja":46680,"tmjaDistM":237,"tmjaMeasureYear":2019,"accidentsPer100MVehKm":61.137,"tmjaPercentile":0.964},"geometry":{"type":"LineString","coordinates":[[2.3050571,48.9163939],[2.3051777,48.9164408],[2.3053323,48.916501],[2.3056284,48.9166126],[2.3057709,48.9166663],[2.3064855,48.9169197],[2.3065851,48.9169551]]}},{"type":"Feature","id":"risk-668","properties":{"segmentId":"4294229:0","accidentCount":8,"accidentsPerKm":49.383,"percentile":0.832,"countPercentile":0.844,"riskLevel":2,"riskScore":0.674,"highway":"primary","name":"Voie Mazas","lengthM":162,"yearsFrom":2019,"yearsTo":2024,"metric":"density","trafficSource":"none"},"geometry":{"type":"LineString","coordinates":[[2.3654338,48.8466831],[2.3657888,48.8462846],[2.3660709,48.8460293],[2.3662341,48.8458899],[2.3665891,48.8455865],[2.3666986,48.8454929]]}},{"type":"Feature","id":"risk-669","properties":{"segmentId":"36927453:0","accidentCount":7,"accidentsPerKm":49.645,"percentile":0.834,"countPercentile":0.779,"riskLevel":2,"riskScore":0.677,"highway":"tertiary","name":"Rue d'Aubervilliers","lengthM":141,"yearsFrom":2019,"yearsTo":2022,"metric":"density","trafficSource":"none"},"geometry":{"type":"LineString","coordinates":[[2.3658175,48.8855454],[2.3657669,48.8854918],[2.3654976,48.8852062],[2.3652353,48.8849059],[2.3648748,48.8845346],[2.3648475,48.8845078],[2.3648038,48.8844652]]}},{"type":"Feature","id":"risk-670","properties":{"segmentId":"23952334:0","accidentCount":6,"accidentsPerKm":58.252,"percentile":0.875,"countPercentile":0.708,"riskLevel":2,"riskScore":0.724,"highway":"secondary","name":"Rue de Tolbiac","lengthM":103,"yearsFrom":2019,"yearsTo":2023,"metric":"density","trafficSource":"none"},"geometry":{"type":"LineString","coordinates":[[2.3465869,48.825757],[2.3464545,48.8257768],[2.3463709,48.8257887],[2.3460171,48.8258402],[2.3456816,48.8258904],[2.3454515,48.8259272],[2.3453558,48.825934],[2.3452101,48.8259416]]}},{"type":"Feature","id":"risk-671","properties":{"segmentId":"390294217:0","accidentCount":3,"accidentsPerKm":41.096,"percentile":0.754,"countPercentile":0.108,"riskLevel":2,"riskScore":0.585,"highway":"primary","name":"Boulevard Henri IV","lengthM":73,"yearsFrom":2019,"yearsTo":2023,"metric":"density","trafficSource":"none"},"geometry":{"type":"LineString","coordinates":[[2.3627799,48.8512349],[2.3628163,48.851246],[2.3630931,48.85133],[2.3635027,48.8514543],[2.3635642,48.8514729],[2.3636908,48.8515096]]}},{"type":"Feature","id":"risk-672","properties":{"segmentId":"1351591138:0","accidentCount":8,"accidentsPerKm":80.808,"percentile":0.947,"countPercentile":0.844,"riskLevel":3,"riskScore":0.807,"highway":"primary","name":"Boulevard de la Villette","lengthM":99,"yearsFrom":2019,"yearsTo":2024,"metric":"density","trafficSource":"none"},"geometry":{"type":"LineString","coordinates":[[2.3704,48.8814913],[2.3703898,48.8820618],[2.3703901,48.8822784],[2.3703878,48.8823001],[2.3703692,48.8823839]]}},{"type":"Feature","id":"risk-673","properties":{"segmentId":"757098211:0","accidentCount":8,"accidentsPerKm":53.691,"percentile":0.859,"countPercentile":0.844,"riskLevel":2,"riskScore":0.705,"highway":"tertiary","name":"Rue de Courcelles","lengthM":149,"yearsFrom":2019,"yearsTo":2024,"metric":"density","trafficSource":"none"},"geometry":{"type":"LineString","coordinates":[[2.3079388,48.8763228],[2.3088195,48.875411],[2.30903,48.8751931]]}},{"type":"Feature","id":"risk-674","properties":{"segmentId":"45829702:0","accidentCount":9,"accidentsPerKm":145.161,"percentile":0.991,"countPercentile":0.884,"riskLevel":3,"riskScore":0.857,"highway":"primary","name":"Quai d'Orsay","lengthM":62,"yearsFrom":2019,"yearsTo":2023,"metric":"density","trafficSource":"none"},"geometry":{"type":"LineString","coordinates":[[2.3198333,48.8623996],[2.3196401,48.8624526],[2.3195357,48.8624825],[2.3195036,48.8624916],[2.3190488,48.862616]]}},{"type":"Feature","id":"risk-675","properties":{"segmentId":"332612373:0","accidentCount":6,"accidentsPerKm":60.606,"percentile":0.885,"countPercentile":0.709,"riskLevel":2,"riskScore":0.735,"highway":"primary","name":"Avenue du Général de Gaulle","lengthM":99,"yearsFrom":2019,"yearsTo":2024,"metric":"density","trafficSource":"none"},"geometry":{"type":"LineString","coordinates":[[2.2341192,48.8880126],[2.2333833,48.887697],[2.2331044,48.8875848],[2.2329753,48.8875325]]}},{"type":"Feature","id":"risk-676","properties":{"segmentId":"24980023:0","accidentCount":6,"accidentsPerKm":73.171,"percentile":0.93,"countPercentile":0.709,"riskLevel":3,"riskScore":0.787,"highway":"trunk_link","lengthM":82,"yearsFrom":2019,"yearsTo":2024,"metric":"density","trafficSource":"tmja","tmja":132186,"tmjaDistM":219,"tmjaMeasureYear":2019,"accidentsPer100MVehKm":25.276,"tmjaPercentile":0.828},"geometry":{"type":"LineString","coordinates":[[2.3621742,48.9009692],[2.3621622,48.9009831],[2.3621365,48.9010135],[2.3620881,48.901048],[2.3620286,48.9010799],[2.3619584,48.9011054],[2.3618722,48.9011237],[2.3617675,48.9011367],[2.3616571,48.9011399],[2.3615273,48.9011324],[2.361363,48.9011194],[2.3611475,48.9010937]]}},{"type":"Feature","id":"risk-677","properties":{"segmentId":"1183033637:0","accidentCount":7,"accidentsPerKm":48.611,"percentile":0.826,"countPercentile":0.779,"riskLevel":2,"riskScore":0.667,"highway":"trunk","name":"Boulevard Périphérique Intérieur","lengthM":144,"yearsFrom":2019,"yearsTo":2024,"metric":"density","trafficSource":"none"},"geometry":{"type":"LineString","coordinates":[[2.3277533,48.8196516],[2.3258893,48.8200681]]}},{"type":"Feature","id":"risk-678","properties":{"segmentId":"59942668:0","accidentCount":4,"accidentsPerKm":54.054,"percentile":0.861,"countPercentile":0.411,"riskLevel":2,"riskScore":0.708,"highway":"trunk","name":"Boulevard Périphérique Extérieur","lengthM":74,"yearsFrom":2019,"yearsTo":2024,"metric":"density","trafficSource":"none"},"geometry":{"type":"LineString","coordinates":[[2.4142043,48.8537619],[2.4141686,48.8538693],[2.4140321,48.854402],[2.414026,48.8544213]]}},{"type":"Feature","id":"risk-679","properties":{"segmentId":"242311751:0","accidentCount":7,"accidentsPerKm":73.684,"percentile":0.932,"countPercentile":0.78,"riskLevel":3,"riskScore":0.789,"highway":"tertiary","name":"Rue de la Croix Nivert","lengthM":95,"yearsFrom":2019,"yearsTo":2023,"metric":"density","trafficSource":"none"},"geometry":{"type":"LineString","coordinates":[[2.2950565,48.8428918],[2.2951675,48.8430067],[2.2951883,48.8430282],[2.2956495,48.8435041],[2.2956626,48.8435176],[2.2957522,48.84361]]}},{"type":"Feature","id":"risk-680","properties":{"segmentId":"22925199:0","accidentCount":5,"accidentsPerKm":63.291,"percentile":0.898,"countPercentile":0.591,"riskLevel":2,"riskScore":0.75,"highway":"secondary","name":"Boulevard des Invalides","lengthM":79,"yearsFrom":2019,"yearsTo":2024,"metric":"density","trafficSource":"none"},"geometry":{"type":"LineString","coordinates":[[2.3143858,48.8508214],[2.3144489,48.8508846],[2.3144858,48.8511518],[2.3144926,48.8511987],[2.314509,48.851356],[2.3144797,48.8515121]]}},{"type":"Feature","id":"risk-681","properties":{"segmentId":"633809114:1","accidentCount":9,"accidentsPerKm":70.313,"percentile":0.921,"countPercentile":0.885,"riskLevel":3,"riskScore":0.777,"highway":"tertiary","name":"Rue de Belleville","lengthM":128,"yearsFrom":2019,"yearsTo":2024,"metric":"density","trafficSource":"none"},"geometry":{"type":"LineString","coordinates":[[2.3786726,48.872567],[2.378536,48.8725312],[2.3780826,48.8724161],[2.378,48.8723948],[2.3778926,48.8723669],[2.377714,48.8723192],[2.3776304,48.8722965],[2.3774851,48.8722571],[2.3771612,48.8721674],[2.3770556,48.8721249]]}},{"type":"Feature","id":"risk-682","properties":{"segmentId":"867336860:0","accidentCount":7,"accidentsPerKm":55.556,"percentile":0.866,"countPercentile":0.78,"riskLevel":2,"riskScore":0.713,"highway":"tertiary","name":"Avenue de la Porte de Montmartre","lengthM":126,"yearsFrom":2019,"yearsTo":2024,"metric":"density","trafficSource":"none"},"geometry":{"type":"LineString","coordinates":[[2.3372838,48.8979976],[2.3372115,48.8980777],[2.337017,48.8982979],[2.3368722,48.8984585],[2.3365442,48.8988286],[2.336402,48.8989761]]}},{"type":"Feature","id":"risk-683","properties":{"segmentId":"519905875:0","accidentCount":8,"accidentsPerKm":123.077,"percentile":0.98,"countPercentile":0.844,"riskLevel":3,"riskScore":0.844,"highway":"primary","name":"Boulevard Malesherbes","lengthM":65,"yearsFrom":2019,"yearsTo":2024,"metric":"density","trafficSource":"none"},"geometry":{"type":"LineString","coordinates":[[2.3100569,48.8828964],[2.3096659,48.8832147],[2.3096388,48.8832368],[2.3096108,48.8832596],[2.3094959,48.8833547]]}},{"type":"Feature","id":"risk-684","properties":{"segmentId":"686196932:0","accidentCount":6,"accidentsPerKm":95.238,"percentile":0.962,"countPercentile":0.709,"riskLevel":3,"riskScore":0.824,"highway":"primary","name":"Quai de Grenelle","lengthM":63,"yearsFrom":2019,"yearsTo":2024,"metric":"density","trafficSource":"none"},"geometry":{"type":"LineString","coordinates":[[2.2821804,48.8497742],[2.2819186,48.8496323],[2.2817119,48.8494761],[2.281664,48.8494452],[2.2815634,48.8493803]]}},{"type":"Feature","id":"risk-685","properties":{"segmentId":"5103621:0","accidentCount":5,"accidentsPerKm":63.291,"percentile":0.898,"countPercentile":0.591,"riskLevel":2,"riskScore":0.75,"highway":"primary","name":"Boulevard Jourdan","lengthM":79,"yearsFrom":2019,"yearsTo":2023,"metric":"density","trafficSource":"none"},"geometry":{"type":"LineString","coordinates":[[2.3255843,48.823027],[2.3257419,48.8229921],[2.3257718,48.8229847],[2.3265969,48.8227929]]}},{"type":"Feature","id":"risk-686","properties":{"segmentId":"697939001:0","accidentCount":5,"accidentsPerKm":49.505,"percentile":0.834,"countPercentile":0.592,"riskLevel":2,"riskScore":0.677,"highway":"secondary","name":"Place de la Bastille","lengthM":101,"yearsFrom":2019,"yearsTo":2022,"metric":"density","trafficSource":"none"},"geometry":{"type":"LineString","coordinates":[[2.3694494,48.8524184],[2.3694262,48.8524841],[2.3694181,48.8525445],[2.3694393,48.852617],[2.3694955,48.8527449],[2.3696677,48.8530926],[2.3696957,48.8531492],[2.369708,48.853182],[2.369716,48.8532239],[2.3697204,48.8532669],[2.3697178,48.8532974]]}},{"type":"Feature","id":"risk-687","properties":{"segmentId":"4039289:0","accidentCount":7,"accidentsPerKm":102.941,"percentile":0.968,"countPercentile":0.78,"riskLevel":3,"riskScore":0.831,"highway":"secondary","name":"Rue Proudhon","lengthM":68,"yearsFrom":2019,"yearsTo":2024,"metric":"density","trafficSource":"none"},"geometry":{"type":"LineString","coordinates":[[2.3903214,48.837114],[2.3905781,48.8371687],[2.3907214,48.8371994],[2.3910647,48.8372731],[2.3911474,48.8372908],[2.3912033,48.8373028]]}},{"type":"Feature","id":"risk-688","properties":{"segmentId":"197513489:0","accidentCount":17,"accidentsPerKm":75.556,"percentile":0.935,"countPercentile":0.981,"riskLevel":3,"riskScore":0.793,"highway":"primary","name":"Boulevard Barbès","lengthM":225,"yearsFrom":2019,"yearsTo":2023,"metric":"density","trafficSource":"none"},"geometry":{"type":"LineString","coordinates":[[2.3495821,48.8875792],[2.349575,48.8877708],[2.3495774,48.8878954],[2.3495845,48.8882789],[2.3495847,48.8883555],[2.3495853,48.8884528],[2.3495897,48.88942],[2.349592,48.8894785],[2.3495942,48.8896054]]}},{"type":"Feature","id":"risk-689","properties":{"segmentId":"365057712:0","accidentCount":5,"accidentsPerKm":78.125,"percentile":0.941,"countPercentile":0.593,"riskLevel":3,"riskScore":0.8,"highway":"primary","name":"Rue Marx Dormoy","lengthM":64,"yearsFrom":2019,"yearsTo":2023,"metric":"density","trafficSource":"none"},"geometry":{"type":"LineString","coordinates":[[2.3595031,48.8860937],[2.3596291,48.8866639]]}},{"type":"Feature","id":"risk-690","properties":{"segmentId":"584389017:0","accidentCount":7,"accidentsPerKm":50.36,"percentile":0.841,"countPercentile":0.78,"riskLevel":2,"riskScore":0.685,"highway":"primary","name":"Boulevard de Ménilmontant","lengthM":139,"yearsFrom":2019,"yearsTo":2023,"metric":"density","trafficSource":"none"},"geometry":{"type":"LineString","coordinates":[[2.3872833,48.8631643],[2.3872624,48.863184],[2.3872416,48.8632036],[2.3862127,48.864097],[2.3861398,48.8641627]]}},{"type":"Feature","id":"risk-691","properties":{"segmentId":"1427136646:0","accidentCount":5,"accidentsPerKm":47.17,"percentile":0.816,"countPercentile":0.593,"riskLevel":2,"riskScore":0.656,"highway":"secondary","name":"Boulevard Voltaire","lengthM":106,"yearsFrom":2019,"yearsTo":2022,"metric":"density","trafficSource":"none"},"geometry":{"type":"LineString","coordinates":[[2.3670096,48.8656124],[2.3664766,48.8659305],[2.36633,48.8660184],[2.36621,48.8660905],[2.3659311,48.866255]]}},{"type":"Feature","id":"risk-692","properties":{"segmentId":"4039874:0","accidentCount":14,"accidentsPerKm":132.075,"percentile":0.987,"countPercentile":0.96,"riskLevel":3,"riskScore":0.853,"highway":"primary","name":"Quai d'Orsay","lengthM":106,"yearsFrom":2019,"yearsTo":2024,"metric":"density","trafficSource":"none"},"geometry":{"type":"LineString","coordinates":[[2.3134495,48.8628341],[2.3136879,48.8628368],[2.3137664,48.8628389],[2.314556,48.8628655],[2.3145906,48.862867],[2.3148441,48.8628687],[2.3148938,48.8628694]]}},{"type":"Feature","id":"risk-693","properties":{"segmentId":"43904125:1","accidentCount":10,"accidentsPerKm":38.911,"percentile":0.732,"countPercentile":0.91,"riskLevel":1,"riskScore":0.559,"highway":"primary","name":"Boulevard de l'Hôpital","lengthM":257,"yearsFrom":2019,"yearsTo":2024,"metric":"density","trafficSource":"none"},"geometry":{"type":"LineString","coordinates":[[2.357756,48.8345018],[2.3578519,48.8346276],[2.3578936,48.8346844],[2.358301,48.8352352],[2.3583578,48.8353128],[2.358565,48.8355956],[2.3585868,48.835625],[2.3587506,48.8358449],[2.3587719,48.8358735],[2.3589922,48.8361694],[2.3591017,48.8363166],[2.3592953,48.8365766]]}},{"type":"Feature","id":"risk-694","properties":{"segmentId":"808369144:0","accidentCount":4,"accidentsPerKm":51.948,"percentile":0.851,"countPercentile":0.412,"riskLevel":2,"riskScore":0.696,"highway":"primary","name":"Avenue d'Italie","lengthM":77,"yearsFrom":2019,"yearsTo":2023,"metric":"density","trafficSource":"none"},"geometry":{"type":"LineString","coordinates":[[2.3568841,48.8274318],[2.3570898,48.8267543]]}},{"type":"Feature","id":"risk-695","properties":{"segmentId":"962900769:1","accidentCount":10,"accidentsPerKm":51.282,"percentile":0.847,"countPercentile":0.911,"riskLevel":2,"riskScore":0.692,"highway":"primary","name":"Rue du Faubourg Saint-Antoine","lengthM":195,"yearsFrom":2019,"yearsTo":2024,"metric":"density","trafficSource":"none"},"geometry":{"type":"LineString","coordinates":[[2.3736527,48.8519301],[2.3738119,48.8518889],[2.3739298,48.8518569],[2.3741904,48.8517912],[2.3747737,48.8516423],[2.3748568,48.851622],[2.3749701,48.8515944],[2.3750871,48.8515642],[2.3751198,48.8515563],[2.3757402,48.8514006],[2.3759192,48.8513566],[2.3761436,48.8513069]]}},{"type":"Feature","id":"risk-696","properties":{"segmentId":"20108910:1","accidentCount":10,"accidentsPerKm":42.918,"percentile":0.776,"countPercentile":0.911,"riskLevel":2,"riskScore":0.61,"highway":"tertiary","name":"Rue de Charonne","lengthM":233,"yearsFrom":2019,"yearsTo":2023,"metric":"density","trafficSource":"none"},"geometry":{"type":"LineString","coordinates":[[2.3902263,48.8555962],[2.3901232,48.8555802],[2.3897269,48.855515],[2.3896492,48.8555035],[2.3895657,48.8554908],[2.3892979,48.8554521],[2.3892199,48.8554395],[2.3891233,48.8554239],[2.3886628,48.8553532],[2.3873182,48.8551483],[2.387254,48.8551385],[2.3871219,48.8551202]]}},{"type":"Feature","id":"risk-697","properties":{"segmentId":"1217037266:0","accidentCount":6,"accidentsPerKm":65.217,"percentile":0.906,"countPercentile":0.71,"riskLevel":3,"riskScore":0.759,"highway":"tertiary","name":"Avenue Parmentier","lengthM":92,"yearsFrom":2019,"yearsTo":2023,"metric":"density","trafficSource":"none"},"geometry":{"type":"LineString","coordinates":[[2.3776654,48.861302],[2.3774019,48.8615685],[2.3773387,48.8616422],[2.3770458,48.861936],[2.3769795,48.8619968]]}},{"type":"Feature","id":"risk-698","properties":{"segmentId":"1168126453:0","accidentCount":9,"accidentsPerKm":145.161,"percentile":0.991,"countPercentile":0.885,"riskLevel":3,"riskScore":0.857,"highway":"primary","name":"Boulevard de Bonne Nouvelle","lengthM":62,"yearsFrom":2019,"yearsTo":2024,"metric":"density","trafficSource":"none"},"geometry":{"type":"LineString","coordinates":[[2.3517563,48.8698692],[2.3513967,48.8699442],[2.3509547,48.8700498]]}},{"type":"Feature","id":"risk-699","properties":{"segmentId":"14882355:0","accidentCount":6,"accidentsPerKm":42.553,"percentile":0.771,"countPercentile":0.711,"riskLevel":2,"riskScore":0.604,"highway":"primary","name":"Place de la Concorde","lengthM":141,"yearsFrom":2019,"yearsTo":2024,"metric":"density","trafficSource":"none"},"geometry":{"type":"LineString","coordinates":[[2.3204539,48.8643204],[2.3204927,48.8643926],[2.3205107,48.8645002],[2.3205035,48.8645642],[2.3204798,48.8646721],[2.3204517,48.8647568],[2.3204217,48.8649238],[2.3204126,48.8649704],[2.3204318,48.865077],[2.3205927,48.8652921],[2.3206749,48.8654018],[2.3207689,48.8655275]]}},{"type":"Feature","id":"risk-700","properties":{"segmentId":"374059573:0","accidentCount":6,"accidentsPerKm":58.252,"percentile":0.875,"countPercentile":0.711,"riskLevel":2,"riskScore":0.724,"highway":"primary","name":"Place de la Madeleine","lengthM":103,"yearsFrom":2019,"yearsTo":2024,"metric":"density","trafficSource":"none"},"geometry":{"type":"LineString","coordinates":[[2.3250866,48.8697919],[2.3251811,48.8699228],[2.3256,48.870481],[2.3256203,48.8705511],[2.3256135,48.8705906],[2.3255925,48.8706339]]}},{"type":"Feature","id":"risk-701","properties":{"segmentId":"37192190:0","accidentCount":7,"accidentsPerKm":44.586,"percentile":0.793,"countPercentile":0.781,"riskLevel":2,"riskScore":0.629,"highway":"primary","name":"Boulevard de Courcelles","lengthM":157,"yearsFrom":2019,"yearsTo":2022,"metric":"density","trafficSource":"none"},"geometry":{"type":"LineString","coordinates":[[2.3099245,48.8805305],[2.3117793,48.8807549],[2.3120295,48.8807876]]}},{"type":"Feature","id":"risk-702","properties":{"segmentId":"1087767628:0","accidentCount":9,"accidentsPerKm":44.118,"percentile":0.789,"countPercentile":0.885,"riskLevel":2,"riskScore":0.625,"highway":"primary","name":"Avenue des Champs-Élysées","lengthM":204,"yearsFrom":2019,"yearsTo":2024,"metric":"density","trafficSource":"none"},"geometry":{"type":"LineString","coordinates":[[2.3066588,48.8700859],[2.3068921,48.8700117],[2.3069296,48.8699998],[2.3070007,48.8699773],[2.3076698,48.8697647],[2.3084812,48.8695069],[2.3085382,48.8694888],[2.3090079,48.8693396],[2.3090545,48.8693248],[2.3090934,48.8693125],[2.3091745,48.8692867]]}},{"type":"Feature","id":"risk-703","properties":{"segmentId":"192907893:0","accidentCount":8,"accidentsPerKm":41.451,"percentile":0.757,"countPercentile":0.845,"riskLevel":2,"riskScore":0.588,"highway":"primary","name":"Quai Anatole France","lengthM":193,"yearsFrom":2019,"yearsTo":2024,"metric":"density","trafficSource":"none"},"geometry":{"type":"LineString","coordinates":[[2.3239784,48.8611695],[2.3237642,48.8612336],[2.3220471,48.8617465],[2.3215765,48.8618871]]}},{"type":"Feature","id":"risk-704","properties":{"segmentId":"139093031:0","accidentCount":14,"accidentsPerKm":90.323,"percentile":0.958,"countPercentile":0.96,"riskLevel":3,"riskScore":0.819,"highway":"primary","name":"Pont de la Concorde","lengthM":155,"yearsFrom":2019,"yearsTo":2024,"metric":"density","trafficSource":"none"},"geometry":{"type":"LineString","coordinates":[[2.3191283,48.862748],[2.3191561,48.8627872],[2.3196122,48.8634034],[2.3199728,48.8638906],[2.3199751,48.8638938],[2.3200297,48.863968],[2.32004,48.8639821],[2.3200487,48.863994],[2.3200548,48.8640023]]}},{"type":"Feature","id":"risk-705","properties":{"segmentId":"21121233:0","accidentCount":4,"accidentsPerKm":44.444,"percentile":0.792,"countPercentile":0.413,"riskLevel":2,"riskScore":0.628,"highway":"secondary","name":"Rue de Grenelle","lengthM":90,"yearsFrom":2019,"yearsTo":2023,"metric":"density","trafficSource":"none"},"geometry":{"type":"LineString","coordinates":[[2.3112179,48.8583957],[2.3121729,48.8584488],[2.3124415,48.8584394]]}},{"type":"Feature","id":"risk-706","properties":{"segmentId":"517156355:0","accidentCount":7,"accidentsPerKm":116.667,"percentile":0.977,"countPercentile":0.781,"riskLevel":3,"riskScore":0.841,"highway":"primary","name":"Quai de Gesvres","lengthM":60,"yearsFrom":2019,"yearsTo":2022,"metric":"density","trafficSource":"none"},"geometry":{"type":"LineString","coordinates":[[2.3472924,48.857184],[2.3475944,48.8571005],[2.3476393,48.857088],[2.348049,48.8569748]]}},{"type":"Feature","id":"risk-707","properties":{"segmentId":"683635970:0","accidentCount":9,"accidentsPerKm":125,"percentile":0.982,"countPercentile":0.885,"riskLevel":3,"riskScore":0.847,"highway":"primary","name":"Boulevard des Filles du Calvaire","lengthM":72,"yearsFrom":2019,"yearsTo":2024,"metric":"density","trafficSource":"none"},"geometry":{"type":"LineString","coordinates":[[2.3668914,48.862463],[2.3667787,48.8629381],[2.3667404,48.8631027]]}},{"type":"Feature","id":"risk-708","properties":{"segmentId":"718855746:1","accidentCount":12,"accidentsPerKm":142.857,"percentile":0.99,"countPercentile":0.94,"riskLevel":3,"riskScore":0.856,"highway":"secondary","name":"Boulevard de Sébastopol","lengthM":84,"yearsFrom":2019,"yearsTo":2024,"metric":"density","trafficSource":"none"},"geometry":{"type":"LineString","coordinates":[[2.3539027,48.868612],[2.353931,48.8686626],[2.3540537,48.8688822],[2.3540739,48.8689183],[2.3540962,48.8689581],[2.3542275,48.869193],[2.35425,48.8692333],[2.3542978,48.8693188]]}},{"type":"Feature","id":"risk-709","properties":{"segmentId":"865084962:0","accidentCount":7,"accidentsPerKm":66.038,"percentile":0.908,"countPercentile":0.782,"riskLevel":3,"riskScore":0.762,"highway":"primary","name":"Boulevard du Palais","lengthM":106,"yearsFrom":2019,"yearsTo":2024,"metric":"density","trafficSource":"none"},"geometry":{"type":"LineString","coordinates":[[2.3459053,48.8553295],[2.3459241,48.8553552],[2.3460252,48.8554715],[2.3460946,48.8555692],[2.3461604,48.8556661],[2.3462337,48.8557739],[2.3464429,48.8560819],[2.3464624,48.8561106],[2.3464808,48.8561977]]}},{"type":"Feature","id":"risk-710","properties":{"segmentId":"137007364:0","accidentCount":8,"accidentsPerKm":46.243,"percentile":0.808,"countPercentile":0.845,"riskLevel":2,"riskScore":0.647,"highway":"secondary","name":"Avenue du Général de Gaulle","lengthM":173,"yearsFrom":2019,"yearsTo":2023,"metric":"density","trafficSource":"none"},"geometry":{"type":"LineString","coordinates":[[2.41878,48.8363926],[2.418826,48.8363265],[2.4190641,48.8359865],[2.4191113,48.8359131],[2.4191618,48.835841],[2.4195068,48.835364],[2.4196821,48.8351154],[2.4196988,48.8350918],[2.4197125,48.8350724],[2.4197796,48.8349789]]}},{"type":"Feature","id":"risk-711","properties":{"segmentId":"432773976:0","accidentCount":4,"accidentsPerKm":64.516,"percentile":0.903,"countPercentile":0.413,"riskLevel":3,"riskScore":0.756,"highway":"primary","name":"Avenue Franklin Roosevelt","lengthM":62,"yearsFrom":2019,"yearsTo":2023,"metric":"density","trafficSource":"none"},"geometry":{"type":"LineString","coordinates":[[2.2211069,48.8727755],[2.2209777,48.8725475],[2.2209504,48.8724844],[2.2209448,48.8724324],[2.2209536,48.8723887],[2.2209923,48.8722916],[2.221019,48.8722442]]}},{"type":"Feature","id":"risk-712","properties":{"segmentId":"187019916:0","accidentCount":9,"accidentsPerKm":62.069,"percentile":0.892,"countPercentile":0.886,"riskLevel":2,"riskScore":0.743,"highway":"secondary","name":"Rue du Quatre Septembre","lengthM":145,"yearsFrom":2019,"yearsTo":2024,"metric":"density","trafficSource":"none"},"geometry":{"type":"LineString","coordinates":[[2.3367803,48.8695252],[2.3368818,48.8695059],[2.3374423,48.8693993],[2.3378741,48.8693172],[2.3381022,48.8692738],[2.3385484,48.8691889],[2.3385912,48.8691808],[2.3386843,48.8691631]]}},{"type":"Feature","id":"risk-713","properties":{"segmentId":"592424423:0","accidentCount":3,"accidentsPerKm":47.619,"percentile":0.82,"countPercentile":0.114,"riskLevel":2,"riskScore":0.66,"highway":"primary","name":"Avenue Bosquet","lengthM":63,"yearsFrom":2019,"yearsTo":2022,"metric":"density","trafficSource":"none"},"geometry":{"type":"LineString","coordinates":[[2.3023671,48.861157],[2.3023262,48.8612395],[2.3022031,48.8614922],[2.3021538,48.8615962],[2.3021066,48.8616967]]}},{"type":"Feature","id":"risk-714","properties":{"segmentId":"332208013:0","accidentCount":5,"accidentsPerKm":58.824,"percentile":0.878,"countPercentile":0.595,"riskLevel":2,"riskScore":0.727,"highway":"secondary","name":"Place Jean Mermoz","lengthM":85,"yearsFrom":2019,"yearsTo":2024,"metric":"density","trafficSource":"none"},"geometry":{"type":"LineString","coordinates":[[2.274833,48.9025258],[2.2749074,48.9025833],[2.2749166,48.9026586],[2.2748612,48.9027207],[2.2747681,48.9027514],[2.2746646,48.9027445],[2.2745913,48.9027092],[2.2745526,48.9026579],[2.274556,48.9025944],[2.2746167,48.9025351],[2.2747301,48.9025075],[2.274833,48.9025258]]}},{"type":"Feature","id":"risk-715","properties":{"segmentId":"485809955:0","accidentCount":5,"accidentsPerKm":64.103,"percentile":0.901,"countPercentile":0.595,"riskLevel":3,"riskScore":0.754,"highway":"primary","name":"Quai de Clichy - Charles de Gaulle","lengthM":78,"yearsFrom":2019,"yearsTo":2024,"metric":"density","trafficSource":"none"},"geometry":{"type":"LineString","coordinates":[[2.2971217,48.9071144],[2.2975675,48.9073617],[2.2976661,48.9074124],[2.2977767,48.9074622],[2.297884,48.9075023],[2.2979734,48.907533]]}},{"type":"Feature","id":"risk-716","properties":{"segmentId":"21740953:1","accidentCount":9,"accidentsPerKm":45.226,"percentile":0.798,"countPercentile":0.886,"riskLevel":2,"riskScore":0.635,"highway":"primary","name":"Rue Gounod","lengthM":199,"yearsFrom":2019,"yearsTo":2023,"metric":"density","trafficSource":"none"},"geometry":{"type":"LineString","coordinates":[[2.2112501,48.8427587],[2.2113644,48.8427708],[2.2115108,48.8427862],[2.2124504,48.8428882],[2.2125282,48.8428956],[2.2131696,48.8429563],[2.2133113,48.8429697],[2.2136929,48.8430058],[2.2138806,48.8430235],[2.2139358,48.8430287]]}},{"type":"Feature","id":"risk-717","properties":{"segmentId":"718855747:0","accidentCount":9,"accidentsPerKm":42.654,"percentile":0.773,"countPercentile":0.886,"riskLevel":2,"riskScore":0.606,"highway":"secondary","name":"Boulevard de Sébastopol","lengthM":211,"yearsFrom":2019,"yearsTo":2024,"metric":"density","trafficSource":"none"},"geometry":{"type":"LineString","coordinates":[[2.3515433,48.8644389],[2.3516403,48.8646253],[2.351934,48.8651411],[2.3519977,48.8652497],[2.3522467,48.8656907],[2.3524895,48.8661192],[2.3524995,48.8661386],[2.3525614,48.8662121]]}},{"type":"Feature","id":"risk-718","properties":{"segmentId":"996093893:0","accidentCount":6,"accidentsPerKm":68.966,"percentile":0.917,"countPercentile":0.713,"riskLevel":3,"riskScore":0.772,"highway":"secondary","name":"Rue de Paris","lengthM":87,"yearsFrom":2019,"yearsTo":2021,"metric":"density","trafficSource":"none"},"geometry":{"type":"LineString","coordinates":[[2.4159532,48.879692],[2.4157359,48.8796289],[2.4155494,48.8795747],[2.4154736,48.8795534],[2.4150524,48.8794351],[2.4148564,48.87938]]}},{"type":"Feature","id":"risk-719","properties":{"segmentId":"544686383:0","accidentCount":4,"accidentsPerKm":57.971,"percentile":0.872,"countPercentile":0.415,"riskLevel":2,"riskScore":0.72,"highway":"primary","name":"Quai Éric Tabarly","lengthM":69,"yearsFrom":2019,"yearsTo":2023,"metric":"density","trafficSource":"tmja","tmja":46680,"tmjaDistM":340,"tmjaMeasureYear":2019,"accidentsPer100MVehKm":68.048,"tmjaPercentile":0.973},"geometry":{"type":"LineString","coordinates":[[2.3104568,48.9120157],[2.3112061,48.9122747],[2.3112832,48.9123138]]}},{"type":"Feature","id":"risk-720","properties":{"segmentId":"1108005380:0","accidentCount":7,"accidentsPerKm":50,"percentile":0.838,"countPercentile":0.783,"riskLevel":2,"riskScore":0.681,"highway":"primary","name":"Avenue Marcel Paul","lengthM":140,"yearsFrom":2019,"yearsTo":2024,"metric":"density","trafficSource":"none"},"geometry":{"type":"LineString","coordinates":[[2.3029781,48.9425955],[2.3029448,48.9424323],[2.3029107,48.9421495],[2.3029244,48.9419133],[2.3029574,48.9417591],[2.3030003,48.9416478],[2.3030358,48.9415453],[2.3031234,48.9413547]]}},{"type":"Feature","id":"risk-721","properties":{"segmentId":"83279329:0","accidentCount":16,"accidentsPerKm":57.971,"percentile":0.873,"countPercentile":0.976,"riskLevel":2,"riskScore":0.721,"highway":"tertiary","name":"Rue Cambronne","lengthM":276,"yearsFrom":2019,"yearsTo":2023,"metric":"density","trafficSource":"none"},"geometry":{"type":"LineString","coordinates":[[2.3026724,48.8426289],[2.3026988,48.8425933],[2.3027582,48.8425123],[2.3028749,48.8423531],[2.3030653,48.8421016],[2.303082,48.8420795],[2.3032567,48.8418276],[2.3032947,48.8417733],[2.3039749,48.8408025],[2.3041939,48.84049],[2.3042229,48.8404465],[2.304262,48.8403778]]}},{"type":"Feature","id":"risk-722","properties":{"segmentId":"1105156310:0","accidentCount":10,"accidentsPerKm":90.09,"percentile":0.958,"countPercentile":0.912,"riskLevel":3,"riskScore":0.819,"highway":"secondary","name":"Rue Beaubourg","lengthM":111,"yearsFrom":2019,"yearsTo":2024,"metric":"density","trafficSource":"none"},"geometry":{"type":"LineString","coordinates":[[2.3534869,48.8612278],[2.3534533,48.8611658],[2.353436,48.8611338],[2.3532738,48.8608786],[2.3532032,48.8607494],[2.3531714,48.8606114],[2.3530538,48.8604126],[2.3529854,48.8602873]]}},{"type":"Feature","id":"risk-723","properties":{"segmentId":"670974241:0","accidentCount":15,"accidentsPerKm":52.817,"percentile":0.855,"countPercentile":0.967,"riskLevel":2,"riskScore":0.701,"highway":"primary","name":"Avenue Victor Hugo","lengthM":284,"yearsFrom":2019,"yearsTo":2024,"metric":"density","trafficSource":"none"},"geometry":{"type":"LineString","coordinates":[[2.379403,48.9112846],[2.379339,48.9111609],[2.3792776,48.9110396],[2.3791048,48.9107077],[2.3784711,48.9094842],[2.3784077,48.9093618],[2.3782327,48.9090206],[2.3782139,48.9089843],[2.3781477,48.9088672]]}},{"type":"Feature","id":"risk-724","properties":{"segmentId":"53098920:0","accidentCount":5,"accidentsPerKm":46.296,"percentile":0.809,"countPercentile":0.597,"riskLevel":2,"riskScore":0.648,"highway":"primary","name":"Rue de la Chapelle","lengthM":108,"yearsFrom":2019,"yearsTo":2024,"metric":"density","trafficSource":"none"},"geometry":{"type":"LineString","coordinates":[[2.3599466,48.890841],[2.3599451,48.8909974],[2.3599422,48.8910317],[2.3599387,48.8910784],[2.3598943,48.8915262],[2.359876,48.8918136]]}},{"type":"Feature","id":"risk-725","properties":{"segmentId":"197510656:0","accidentCount":3,"accidentsPerKm":46.154,"percentile":0.805,"countPercentile":0.117,"riskLevel":2,"riskScore":0.643,"highway":"secondary","name":"Rue Ordener","lengthM":65,"yearsFrom":2019,"yearsTo":2022,"metric":"density","trafficSource":"none"},"geometry":{"type":"LineString","coordinates":[[2.3487345,48.8917098],[2.3488349,48.8916945],[2.3493283,48.8916108],[2.3494609,48.8915914],[2.3496036,48.8915703]]}},{"type":"Feature","id":"risk-726","properties":{"segmentId":"1305201856:0","accidentCount":10,"accidentsPerKm":59.524,"percentile":0.881,"countPercentile":0.912,"riskLevel":2,"riskScore":0.731,"highway":"primary","name":"Avenue du Président Wilson","lengthM":168,"yearsFrom":2019,"yearsTo":2024,"metric":"density","trafficSource":"tmja","tmja":132186,"tmjaDistM":14,"tmjaMeasureYear":2019,"accidentsPer100MVehKm":20.562,"tmjaPercentile":0.765},"geometry":{"type":"LineString","coordinates":[[2.3581956,48.9137754],[2.3581894,48.9138391],[2.358177,48.9140131],[2.3581504,48.91434],[2.3581328,48.9146565],[2.3581197,48.914786],[2.3580918,48.9148403],[2.3580779,48.9148672],[2.3580603,48.9149015],[2.3579254,48.9152013],[2.3579131,48.9152285],[2.3578958,48.915267]]}},{"type":"Feature","id":"risk-727","properties":{"segmentId":"337994660:0","accidentCount":3,"accidentsPerKm":38.961,"percentile":0.733,"countPercentile":0.118,"riskLevel":1,"riskScore":0.56,"highway":"primary","name":"Avenue Henri Barbusse","lengthM":77,"yearsFrom":2019,"yearsTo":2019,"metric":"density","trafficSource":"none"},"geometry":{"type":"LineString","coordinates":[[2.4514047,48.9198444],[2.4511842,48.9197463],[2.4511705,48.9197396],[2.4505462,48.9194374]]}},{"type":"Feature","id":"risk-728","properties":{"segmentId":"150331609:0","accidentCount":9,"accidentsPerKm":50.279,"percentile":0.84,"countPercentile":0.887,"riskLevel":2,"riskScore":0.683,"highway":"tertiary","name":"Rue Jules Guesde","lengthM":179,"yearsFrom":2019,"yearsTo":2024,"metric":"density","trafficSource":"none"},"geometry":{"type":"LineString","coordinates":[[2.478651,48.9034126],[2.4785981,48.9034224],[2.4782129,48.9034914],[2.4780212,48.903521],[2.4778832,48.9035346],[2.4776658,48.9035575],[2.4776175,48.9035611],[2.4771783,48.9036091],[2.4770462,48.903632],[2.4766754,48.9036836],[2.476324,48.9037339],[2.4762603,48.9037383]]}},{"type":"Feature","id":"risk-729","properties":{"segmentId":"35447515:1","accidentCount":3,"accidentsPerKm":44.118,"percentile":0.789,"countPercentile":0.118,"riskLevel":2,"riskScore":0.625,"highway":"secondary","name":"Route du Pavé des Gardes","lengthM":68,"yearsFrom":2019,"yearsTo":2021,"metric":"density","trafficSource":"none"},"geometry":{"type":"LineString","coordinates":[[2.2160111,48.812888],[2.2158215,48.8127716],[2.2157654,48.812739],[2.2153034,48.8124965]]}},{"type":"Feature","id":"risk-730","properties":{"segmentId":"1298808040:0","accidentCount":4,"accidentsPerKm":47.619,"percentile":0.82,"countPercentile":0.417,"riskLevel":2,"riskScore":0.66,"highway":"primary","name":"Boulevard de Strasbourg","lengthM":84,"yearsFrom":2019,"yearsTo":2021,"metric":"density","trafficSource":"none"},"geometry":{"type":"LineString","coordinates":[[2.4837898,48.8419705],[2.4845778,48.8425191]]}},{"type":"Feature","id":"risk-731","properties":{"segmentId":"730844768:0","accidentCount":3,"accidentsPerKm":46.154,"percentile":0.805,"countPercentile":0.119,"riskLevel":2,"riskScore":0.643,"highway":"secondary","name":"Avenue Charles Lindbergh","lengthM":65,"yearsFrom":2019,"yearsTo":2022,"metric":"density","trafficSource":"none"},"geometry":{"type":"LineString","coordinates":[[2.3556931,48.7495811],[2.3551771,48.7500603]]}},{"type":"Feature","id":"risk-732","properties":{"segmentId":"537250704:0","accidentCount":6,"accidentsPerKm":76.923,"percentile":0.939,"countPercentile":0.713,"riskLevel":3,"riskScore":0.797,"highway":"primary","name":"Rue de Paris","lengthM":78,"yearsFrom":2019,"yearsTo":2024,"metric":"density","trafficSource":"none"},"geometry":{"type":"LineString","coordinates":[[2.4045084,48.8274308],[2.4052664,48.8269406]]}},{"type":"Feature","id":"risk-733","properties":{"segmentId":"893159999:0","accidentCount":7,"accidentsPerKm":60.345,"percentile":0.885,"countPercentile":0.784,"riskLevel":2,"riskScore":0.735,"highway":"secondary","name":"Rue Albert Dhalenne","lengthM":116,"yearsFrom":2019,"yearsTo":2024,"metric":"density","trafficSource":"none"},"geometry":{"type":"LineString","coordinates":[[2.3321678,48.9144252],[2.3320819,48.9145],[2.33143,48.9152063],[2.3313312,48.915311]]}},{"type":"Feature","id":"risk-734","properties":{"segmentId":"1463138423:0","accidentCount":7,"accidentsPerKm":38.674,"percentile":0.728,"countPercentile":0.785,"riskLevel":1,"riskScore":0.555,"highway":"primary","name":"Avenue de Verdun","lengthM":181,"yearsFrom":2019,"yearsTo":2023,"metric":"density","trafficSource":"none"},"geometry":{"type":"LineString","coordinates":[[2.2834554,48.8006904],[2.2833969,48.8006149],[2.2832835,48.8005484],[2.2824516,48.8000691],[2.2817031,48.7996353],[2.2816406,48.7995995]]}},{"type":"Feature","id":"risk-735","properties":{"segmentId":"987662465:0","accidentCount":5,"accidentsPerKm":69.444,"percentile":0.919,"countPercentile":0.599,"riskLevel":3,"riskScore":0.774,"highway":"primary","name":"Boulevard Beaumarchais","lengthM":72,"yearsFrom":2019,"yearsTo":2024,"metric":"density","trafficSource":"none"},"geometry":{"type":"LineString","coordinates":[[2.3679812,48.857916],[2.3678557,48.8584632],[2.3678345,48.8585562]]}},{"type":"Feature","id":"risk-736","properties":{"segmentId":"184759880:0","accidentCount":7,"accidentsPerKm":58.824,"percentile":0.878,"countPercentile":0.785,"riskLevel":2,"riskScore":0.727,"highway":"trunk","name":"Boulevard Périphérique Intérieur","lengthM":119,"yearsFrom":2019,"yearsTo":2022,"metric":"density","trafficSource":"none"},"geometry":{"type":"LineString","coordinates":[[2.2763386,48.8747828],[2.2766339,48.8750805],[2.2768208,48.8752407],[2.2770241,48.8754005],[2.2771838,48.8755112],[2.2773498,48.8756139]]}},{"type":"Feature","id":"risk-737","properties":{"segmentId":"1423099484:0","accidentCount":5,"accidentsPerKm":69.444,"percentile":0.919,"countPercentile":0.599,"riskLevel":3,"riskScore":0.774,"highway":"primary","name":"Avenue de Villars","lengthM":72,"yearsFrom":2019,"yearsTo":2023,"metric":"density","trafficSource":"none"},"geometry":{"type":"LineString","coordinates":[[2.312668,48.8537961],[2.3129987,48.8533101],[2.3130719,48.8532021]]}},{"type":"Feature","id":"risk-738","properties":{"segmentId":"879803157:0","accidentCount":7,"accidentsPerKm":116.667,"percentile":0.977,"countPercentile":0.785,"riskLevel":3,"riskScore":0.841,"highway":"secondary","name":"Rue Neuve Tolbiac","lengthM":60,"yearsFrom":2019,"yearsTo":2024,"metric":"density","trafficSource":"none"},"geometry":{"type":"LineString","coordinates":[[2.3784608,48.8315139],[2.3790924,48.8318615]]}},{"type":"Feature","id":"risk-739","properties":{"segmentId":"874683203:0","accidentCount":3,"accidentsPerKm":44.118,"percentile":0.789,"countPercentile":0.12,"riskLevel":2,"riskScore":0.625,"highway":"primary","name":"Quai François Mitterrand","lengthM":68,"yearsFrom":2019,"yearsTo":2024,"metric":"density","trafficSource":"none"},"geometry":{"type":"LineString","coordinates":[[2.3306639,48.8606919],[2.3306959,48.860683],[2.3307369,48.8606732],[2.3310342,48.8606078],[2.3315086,48.8605063],[2.3315459,48.8604984]]}},{"type":"Feature","id":"risk-740","properties":{"segmentId":"1120076711:0","accidentCount":8,"accidentsPerKm":74.766,"percentile":0.933,"countPercentile":0.845,"riskLevel":3,"riskScore":0.79,"highway":"tertiary","name":"Avenue Claude Vellefaux","lengthM":107,"yearsFrom":2019,"yearsTo":2024,"metric":"density","trafficSource":"none"},"geometry":{"type":"LineString","coordinates":[[2.3703117,48.8767046],[2.3702823,48.8769516],[2.3702846,48.8771406],[2.3702856,48.8771983],[2.3702876,48.8773525],[2.3702899,48.8775276],[2.3702926,48.8776034],[2.3702982,48.8776695]]}},{"type":"Feature","id":"risk-741","properties":{"segmentId":"64972828:0","accidentCount":5,"accidentsPerKm":81.967,"percentile":0.949,"countPercentile":0.6,"riskLevel":3,"riskScore":0.809,"highway":"tertiary","name":"Rue Saint-Paul","lengthM":61,"yearsFrom":2019,"yearsTo":2023,"metric":"density","trafficSource":"none"},"geometry":{"type":"LineString","coordinates":[[2.3622832,48.854141],[2.3623901,48.8542741],[2.3626707,48.8545652],[2.3627163,48.8546125]]}},{"type":"Feature","id":"risk-742","properties":{"segmentId":"318310093:0","accidentCount":4,"accidentsPerKm":40.404,"percentile":0.748,"countPercentile":0.42,"riskLevel":1,"riskScore":0.578,"highway":"secondary","name":"Avenue Eugène Thomas","lengthM":99,"yearsFrom":2019,"yearsTo":2024,"metric":"density","trafficSource":"none"},"geometry":{"type":"LineString","coordinates":[[2.3622074,48.8097993],[2.3621397,48.8097565],[2.3620652,48.8097211],[2.3619156,48.8096816],[2.3618183,48.8096695],[2.3617566,48.8096731],[2.3617137,48.8096776],[2.3615285,48.8097083],[2.3614787,48.8097138],[2.3612622,48.8097245],[2.3610929,48.8097329],[2.3609252,48.809742]]}},{"type":"Feature","id":"risk-743","properties":{"segmentId":"174847338:0","accidentCount":4,"accidentsPerKm":62.5,"percentile":0.894,"countPercentile":0.421,"riskLevel":2,"riskScore":0.746,"highway":"motorway_link","lengthM":64,"yearsFrom":2019,"yearsTo":2024,"metric":"density","trafficSource":"none"},"geometry":{"type":"LineString","coordinates":[[2.2658753,48.934936],[2.2659623,48.935019],[2.266094,48.9351421],[2.2662305,48.9352637],[2.2663702,48.9354059]]}},{"type":"Feature","id":"risk-744","properties":{"segmentId":"279950350:1","accidentCount":4,"accidentsPerKm":43.956,"percentile":0.786,"countPercentile":0.421,"riskLevel":2,"riskScore":0.621,"highway":"motorway","lengthM":91,"yearsFrom":2019,"yearsTo":2021,"metric":"density","trafficSource":"tmja","tmja":131984,"tmjaDistM":91,"tmjaMeasureYear":2019,"accidentsPer100MVehKm":30.415,"tmjaPercentile":0.868},"geometry":{"type":"LineString","coordinates":[[2.4357502,48.8730306],[2.436749,48.8735197]]}},{"type":"Feature","id":"risk-745","properties":{"segmentId":"566475377:0","accidentCount":4,"accidentsPerKm":40.404,"percentile":0.748,"countPercentile":0.421,"riskLevel":1,"riskScore":0.578,"highway":"secondary","name":"Avenue Victor Hugo","lengthM":99,"yearsFrom":2019,"yearsTo":2023,"metric":"density","trafficSource":"none"},"geometry":{"type":"LineString","coordinates":[[2.2931224,48.8729665],[2.293162,48.8729832],[2.293241,48.8730168],[2.2932727,48.8730303],[2.2934762,48.8731172],[2.2936484,48.8731905],[2.2936864,48.873207],[2.2937205,48.8732221],[2.2942458,48.8734551]]}},{"type":"Feature","id":"risk-746","properties":{"segmentId":"366984749:1","accidentCount":14,"accidentsPerKm":120.69,"percentile":0.98,"countPercentile":0.96,"riskLevel":3,"riskScore":0.844,"highway":"secondary","name":"Avenue Foch","lengthM":116,"yearsFrom":2019,"yearsTo":2024,"metric":"density","trafficSource":"none"},"geometry":{"type":"LineString","coordinates":[[2.283004,48.8725089],[2.2837951,48.8725959],[2.2843746,48.8726596],[2.2845692,48.8726811]]}},{"type":"Feature","id":"risk-747","properties":{"segmentId":"93663878:0","accidentCount":11,"accidentsPerKm":38.596,"percentile":0.728,"countPercentile":0.929,"riskLevel":1,"riskScore":0.555,"highway":"motorway","lengthM":285,"yearsFrom":2019,"yearsTo":2024,"metric":"density","trafficSource":"tmja","tmja":92091,"tmjaDistM":334,"tmjaMeasureYear":2019,"accidentsPer100MVehKm":19.138,"tmjaPercentile":0.746},"geometry":{"type":"LineString","coordinates":[[2.2117768,48.9068912],[2.2123613,48.9072699],[2.2124966,48.9073686],[2.2126818,48.9075036],[2.2128193,48.9075992],[2.21373,48.9082547],[2.2139676,48.9084456],[2.2141784,48.9086236],[2.2143705,48.9088035]]}},{"type":"Feature","id":"risk-748","properties":{"segmentId":"390918354:0","accidentCount":5,"accidentsPerKm":68.493,"percentile":0.916,"countPercentile":0.6,"riskLevel":3,"riskScore":0.771,"highway":"primary","name":"Avenue Aristide Briand","lengthM":73,"yearsFrom":2019,"yearsTo":2024,"metric":"density","trafficSource":"none"},"geometry":{"type":"LineString","coordinates":[[2.5315626,48.9165128],[2.5314046,48.9164473],[2.5308474,48.9162067],[2.5307229,48.9161537]]}},{"type":"Feature","id":"risk-749","properties":{"segmentId":"1410044102:0","accidentCount":4,"accidentsPerKm":47.059,"percentile":0.815,"countPercentile":0.422,"riskLevel":2,"riskScore":0.655,"highway":"primary","name":"Avenue Aristide Briand","lengthM":85,"yearsFrom":2019,"yearsTo":2023,"metric":"density","trafficSource":"none"},"geometry":{"type":"LineString","coordinates":[[2.5217981,48.9123367],[2.52167,48.9122887],[2.5213226,48.9121703],[2.520918,48.9120285],[2.5207767,48.9119767]]}},{"type":"Feature","id":"risk-750","properties":{"segmentId":"681125469:0","accidentCount":3,"accidentsPerKm":42.254,"percentile":0.768,"countPercentile":0.123,"riskLevel":2,"riskScore":0.601,"highway":"tertiary","name":"Rue des Bois de Groslay","lengthM":71,"yearsFrom":2019,"yearsTo":2024,"metric":"density","trafficSource":"tmja","tmja":136851,"tmjaDistM":258,"tmjaMeasureYear":2019,"accidentsPer100MVehKm":14.098,"tmjaPercentile":0.646},"geometry":{"type":"LineString","coordinates":[[2.46672,48.9178604],[2.46715,48.9177221],[2.4672321,48.9176909],[2.4673259,48.9176598],[2.4675919,48.9175716]]}},{"type":"Feature","id":"risk-751","properties":{"segmentId":"30043732:0","accidentCount":8,"accidentsPerKm":39.216,"percentile":0.736,"countPercentile":0.846,"riskLevel":1,"riskScore":0.564,"highway":"primary","name":"Avenue Henri Barbusse","lengthM":204,"yearsFrom":2019,"yearsTo":2024,"metric":"density","trafficSource":"none"},"geometry":{"type":"LineString","coordinates":[[2.4280204,48.9086659],[2.4278998,48.9086346],[2.427614,48.9084974],[2.4275692,48.9084771],[2.4275327,48.9084605],[2.4273713,48.9083836],[2.4272518,48.9083303],[2.4268468,48.9081191],[2.4264514,48.9079372],[2.4260793,48.9077787],[2.4260366,48.9077551],[2.4257368,48.9076193]]}},{"type":"Feature","id":"risk-752","properties":{"segmentId":"278585349:0","accidentCount":5,"accidentsPerKm":42.735,"percentile":0.773,"countPercentile":0.601,"riskLevel":2,"riskScore":0.606,"highway":"primary","name":"Avenue Victor Hugo","lengthM":117,"yearsFrom":2019,"yearsTo":2023,"metric":"density","trafficSource":"none"},"geometry":{"type":"LineString","coordinates":[[2.3763159,48.9070887],[2.3762148,48.9069926],[2.376169,48.9069531],[2.3761536,48.9069398],[2.3755079,48.9063823],[2.3754814,48.9063594],[2.3753512,48.9062469]]}},{"type":"Feature","id":"risk-753","properties":{"segmentId":"958792089:0","accidentCount":7,"accidentsPerKm":94.595,"percentile":0.962,"countPercentile":0.786,"riskLevel":3,"riskScore":0.824,"highway":"primary","name":"Avenue Charles de Gaulle","lengthM":74,"yearsFrom":2019,"yearsTo":2024,"metric":"density","trafficSource":"none"},"geometry":{"type":"LineString","coordinates":[[2.2721858,48.8811123],[2.2720192,48.881166],[2.2713696,48.88137],[2.2712749,48.8813997]]}},{"type":"Feature","id":"risk-754","properties":{"segmentId":"123487808:0","accidentCount":7,"accidentsPerKm":50.725,"percentile":0.843,"countPercentile":0.786,"riskLevel":2,"riskScore":0.687,"highway":"secondary","name":"Avenue de l'Opéra","lengthM":138,"yearsFrom":2019,"yearsTo":2024,"metric":"density","trafficSource":"none"},"geometry":{"type":"LineString","coordinates":[[2.3336619,48.8675112],[2.3337715,48.8672304],[2.3338158,48.8671305],[2.333842,48.8670693],[2.3338868,48.8669644],[2.3339562,48.8668073],[2.3339632,48.8667911],[2.3339784,48.8667558],[2.3339876,48.8667345],[2.3340942,48.8664866],[2.3341297,48.866404],[2.3341693,48.866312]]}},{"type":"Feature","id":"risk-755","properties":{"segmentId":"24606807:0","accidentCount":7,"accidentsPerKm":46.98,"percentile":0.814,"countPercentile":0.787,"riskLevel":2,"riskScore":0.654,"highway":"tertiary","name":"Avenue de la Porte de Montmartre","lengthM":149,"yearsFrom":2019,"yearsTo":2024,"metric":"density","trafficSource":"none"},"geometry":{"type":"LineString","coordinates":[[2.336402,48.8989761],[2.3363509,48.8990244],[2.3363335,48.8990488],[2.336268,48.8991581],[2.3361896,48.8992905],[2.3360919,48.8994518],[2.335646,48.9002215]]}},{"type":"Feature","id":"risk-756","properties":{"segmentId":"673133013:0","accidentCount":3,"accidentsPerKm":45.455,"percentile":0.799,"countPercentile":0.126,"riskLevel":2,"riskScore":0.636,"highway":"secondary","name":"Rue Paul Éluard","lengthM":66,"yearsFrom":2019,"yearsTo":2023,"metric":"density","trafficSource":"none"},"geometry":{"type":"LineString","coordinates":[[2.3417042,48.941801],[2.341859,48.9417062],[2.3420326,48.9416241],[2.3424368,48.9414589]]}},{"type":"Feature","id":"risk-757","properties":{"segmentId":"191553935:0","accidentCount":3,"accidentsPerKm":39.474,"percentile":0.739,"countPercentile":0.127,"riskLevel":1,"riskScore":0.567,"highway":"secondary","name":"Quai du Docteur Dervaux","lengthM":76,"yearsFrom":2019,"yearsTo":2024,"metric":"density","trafficSource":"none"},"geometry":{"type":"LineString","coordinates":[[2.2975793,48.9107403],[2.2982912,48.9109671],[2.2983212,48.9109774],[2.2983636,48.9109917],[2.2985173,48.9110449]]}},{"type":"Feature","id":"risk-758","properties":{"segmentId":"10231759:0","accidentCount":12,"accidentsPerKm":51.724,"percentile":0.85,"countPercentile":0.94,"riskLevel":2,"riskScore":0.695,"highway":"trunk","name":"Boulevard Périphérique Intérieur","lengthM":232,"yearsFrom":2019,"yearsTo":2023,"metric":"density","trafficSource":"none"},"geometry":{"type":"LineString","coordinates":[[2.4095778,48.8761888],[2.4100647,48.8753258],[2.4103759,48.8749201],[2.410923,48.8743021]]}},{"type":"Feature","id":"risk-759","properties":{"segmentId":"190590916:0","accidentCount":10,"accidentsPerKm":60.976,"percentile":0.887,"countPercentile":0.912,"riskLevel":2,"riskScore":0.738,"highway":"secondary","name":"Rue du Louvre","lengthM":164,"yearsFrom":2019,"yearsTo":2023,"metric":"density","trafficSource":"none"},"geometry":{"type":"LineString","coordinates":[[2.343086,48.8652925],[2.3430429,48.8652102],[2.3430295,48.8651848],[2.3427757,48.8647056],[2.3427051,48.8645721],[2.342661,48.8644887],[2.3425585,48.864284],[2.342437,48.8640508],[2.3424218,48.8640217],[2.3424101,48.8639994],[2.3423575,48.863896]]}},{"type":"Feature","id":"risk-760","properties":{"segmentId":"130584057:1","accidentCount":5,"accidentsPerKm":47.17,"percentile":0.817,"countPercentile":0.601,"riskLevel":2,"riskScore":0.657,"highway":"tertiary","name":"Rue Gallieni","lengthM":106,"yearsFrom":2019,"yearsTo":2024,"metric":"density","trafficSource":"none"},"geometry":{"type":"LineString","coordinates":[[2.236547,48.8361455],[2.2366249,48.8361556],[2.2367064,48.8361677],[2.236821,48.8361863],[2.2376642,48.8362933],[2.2377761,48.8363101],[2.2379705,48.8363321]]}},{"type":"Feature","id":"risk-761","properties":{"segmentId":"673142311:0","accidentCount":7,"accidentsPerKm":40.936,"percentile":0.752,"countPercentile":0.787,"riskLevel":2,"riskScore":0.582,"highway":"secondary","name":"Rue de Rennes","lengthM":171,"yearsFrom":2019,"yearsTo":2023,"metric":"density","trafficSource":"none"},"geometry":{"type":"LineString","coordinates":[[2.326866,48.846944],[2.3267538,48.8468308],[2.3267132,48.8467881],[2.326649,48.8467207],[2.3262677,48.8463308],[2.326139,48.8461989],[2.3256982,48.8457472],[2.3256576,48.8457055],[2.3256012,48.8456466]]}},{"type":"Feature","id":"risk-762","properties":{"segmentId":"68613064:0","accidentCount":15,"accidentsPerKm":52.265,"percentile":0.853,"countPercentile":0.968,"riskLevel":2,"riskScore":0.698,"highway":"motorway","name":"Autoroute de l’Est","lengthM":287,"yearsFrom":2019,"yearsTo":2024,"metric":"density","trafficSource":"tmja","tmja":166109,"tmjaDistM":166,"tmjaMeasureYear":2019,"accidentsPer100MVehKm":14.367,"tmjaPercentile":0.653},"geometry":{"type":"LineString","coordinates":[[2.497327,48.8298933],[2.4964712,48.8300749],[2.4959308,48.8301714],[2.4954361,48.8302465],[2.4950091,48.8302993],[2.4946555,48.8303383],[2.4941567,48.8303789],[2.4934968,48.830416]]}},{"type":"Feature","id":"risk-763","properties":{"segmentId":"651722462:0","accidentCount":8,"accidentsPerKm":43.478,"percentile":0.78,"countPercentile":0.847,"riskLevel":2,"riskScore":0.614,"highway":"primary","name":"Quai de Bercy","lengthM":184,"yearsFrom":2019,"yearsTo":2024,"metric":"density","trafficSource":"none"},"geometry":{"type":"LineString","coordinates":[[2.3802768,48.8350072],[2.3805849,48.8348348],[2.3807536,48.8347362],[2.3808282,48.8346883],[2.3809013,48.8346348],[2.3819647,48.8337902]]}},{"type":"Feature","id":"risk-764","properties":{"segmentId":"666364533:0","accidentCount":6,"accidentsPerKm":98.361,"percentile":0.964,"countPercentile":0.715,"riskLevel":3,"riskScore":0.826,"highway":"trunk_link","lengthM":61,"yearsFrom":2019,"yearsTo":2024,"metric":"density","trafficSource":"none"},"geometry":{"type":"LineString","coordinates":[[2.2244745,48.8285141],[2.2245251,48.8284111],[2.2245511,48.8283288],[2.2245592,48.8281195],[2.2245387,48.8279746]]}},{"type":"Feature","id":"risk-765","properties":{"segmentId":"636761762:0","accidentCount":3,"accidentsPerKm":41.667,"percentile":0.76,"countPercentile":0.128,"riskLevel":2,"riskScore":0.591,"highway":"primary","name":"Avenue Pierre Brossolette","lengthM":72,"yearsFrom":2019,"yearsTo":2020,"metric":"density","trafficSource":"none"},"geometry":{"type":"LineString","coordinates":[[2.3085434,48.8181799],[2.3080391,48.8178091],[2.3079916,48.8177731],[2.3078859,48.8176965]]}},{"type":"Feature","id":"risk-766","properties":{"segmentId":"832270085:0","accidentCount":7,"accidentsPerKm":51.095,"percentile":0.846,"countPercentile":0.788,"riskLevel":2,"riskScore":0.69,"highway":"secondary","name":"Rue de Colombes","lengthM":137,"yearsFrom":2019,"yearsTo":2024,"metric":"density","trafficSource":"none"},"geometry":{"type":"LineString","coordinates":[[2.25606,48.903323],[2.2559914,48.9039502],[2.2559394,48.9044175],[2.2558929,48.904546]]}},{"type":"Feature","id":"risk-767","properties":{"segmentId":"105358945:0","accidentCount":4,"accidentsPerKm":44.444,"percentile":0.793,"countPercentile":0.424,"riskLevel":2,"riskScore":0.629,"highway":"secondary","name":"Boulevard Victor Hugo","lengthM":90,"yearsFrom":2019,"yearsTo":2024,"metric":"density","trafficSource":"none"},"geometry":{"type":"LineString","coordinates":[[2.3180273,48.9021433],[2.318172,48.9022331],[2.3189263,48.9027012]]}},{"type":"Feature","id":"risk-768","properties":{"segmentId":"32555320:0","accidentCount":7,"accidentsPerKm":47.945,"percentile":0.822,"countPercentile":0.788,"riskLevel":2,"riskScore":0.663,"highway":"primary","name":"Avenue Édouard Vaillant","lengthM":146,"yearsFrom":2019,"yearsTo":2023,"metric":"density","trafficSource":"none"},"geometry":{"type":"LineString","coordinates":[[2.2438111,48.8336279],[2.2439906,48.8336865],[2.2444138,48.8338157],[2.2452872,48.8340829],[2.2455776,48.8342266]]}},{"type":"Feature","id":"risk-769","properties":{"segmentId":"541834122:0","accidentCount":3,"accidentsPerKm":44.118,"percentile":0.789,"countPercentile":0.13,"riskLevel":2,"riskScore":0.625,"highway":"secondary","name":"Avenue des Fusillés","lengthM":68,"yearsFrom":2019,"yearsTo":2021,"metric":"density","trafficSource":"tmja","tmja":43992,"tmjaDistM":111,"tmjaMeasureYear":2019,"accidentsPer100MVehKm":91.585,"tmjaPercentile":0.981},"geometry":{"type":"LineString","coordinates":[[2.4474035,48.7289129],[2.4478309,48.7287211],[2.4479137,48.7286821],[2.4479586,48.7286626],[2.4480529,48.7286218],[2.4481486,48.7285984],[2.4481923,48.7285897]]}},{"type":"Feature","id":"risk-770","properties":{"segmentId":"422058398:0","accidentCount":9,"accidentsPerKm":145.161,"percentile":0.991,"countPercentile":0.887,"riskLevel":3,"riskScore":0.857,"highway":"primary","name":"Avenue Henri Barbusse","lengthM":62,"yearsFrom":2019,"yearsTo":2024,"metric":"density","trafficSource":"none"},"geometry":{"type":"LineString","coordinates":[[2.4520891,48.9201742],[2.4517985,48.9200404],[2.4517181,48.9200016],[2.45156,48.9199253],[2.4515372,48.9199143],[2.4514047,48.9198444]]}},{"type":"Feature","id":"risk-771","properties":{"segmentId":"10345999:0","accidentCount":8,"accidentsPerKm":77.67,"percentile":0.94,"countPercentile":0.847,"riskLevel":3,"riskScore":0.798,"highway":"trunk","name":"Boulevard Périphérique Extérieur","lengthM":103,"yearsFrom":2019,"yearsTo":2024,"metric":"density","trafficSource":"tmja","tmja":132186,"tmjaDistM":415,"tmjaMeasureYear":2019,"accidentsPer100MVehKm":26.83,"tmjaPercentile":0.841},"geometry":{"type":"LineString","coordinates":[[2.3659519,48.9008812],[2.36454,48.9008957]]}},{"type":"Feature","id":"risk-772","properties":{"segmentId":"14299614:0","accidentCount":4,"accidentsPerKm":38.835,"percentile":0.73,"countPercentile":0.426,"riskLevel":1,"riskScore":0.557,"highway":"motorway","lengthM":103,"yearsFrom":2019,"yearsTo":2024,"metric":"density","trafficSource":"none"},"geometry":{"type":"LineString","coordinates":[[2.3321592,48.927813],[2.3323775,48.9276975],[2.3325815,48.9276],[2.332679,48.9275565],[2.3328487,48.9274898],[2.3330361,48.9274246],[2.3332045,48.9273735],[2.3333582,48.9273309]]}},{"type":"Feature","id":"risk-773","properties":{"segmentId":"1384332110:0","accidentCount":10,"accidentsPerKm":39.37,"percentile":0.738,"countPercentile":0.913,"riskLevel":1,"riskScore":0.566,"highway":"motorway","lengthM":254,"yearsFrom":2019,"yearsTo":2024,"metric":"density","trafficSource":"tmja","tmja":198400,"tmjaDistM":82,"tmjaMeasureYear":2019,"accidentsPer100MVehKm":9.061,"tmjaPercentile":0.463},"geometry":{"type":"LineString","coordinates":[[2.2787918,48.9540031],[2.2791553,48.9532334],[2.2794074,48.9525474],[2.2796327,48.9517887]]}},{"type":"Feature","id":"risk-774","properties":{"segmentId":"166940603:0","accidentCount":4,"accidentsPerKm":58.824,"percentile":0.878,"countPercentile":0.426,"riskLevel":2,"riskScore":0.727,"highway":"primary","name":"Boulevard d'Alsace-Lorraine","lengthM":68,"yearsFrom":2019,"yearsTo":2023,"metric":"density","trafficSource":"tmja","tmja":128065,"tmjaDistM":391,"tmjaMeasureYear":2019,"accidentsPer100MVehKm":25.169,"tmjaPercentile":0.827},"geometry":{"type":"LineString","coordinates":[[2.4952161,48.8487284],[2.4956191,48.8489662],[2.4957329,48.8490278],[2.4959389,48.8491179]]}},{"type":"Feature","id":"risk-775","properties":{"segmentId":"52985451:0","accidentCount":4,"accidentsPerKm":42.105,"percentile":0.765,"countPercentile":0.427,"riskLevel":2,"riskScore":0.597,"highway":"trunk_link","lengthM":95,"yearsFrom":2019,"yearsTo":2021,"metric":"density","trafficSource":"none"},"geometry":{"type":"LineString","coordinates":[[2.381757,48.900499],[2.3811071,48.9004462],[2.3804663,48.900404]]}},{"type":"Feature","id":"risk-776","properties":{"segmentId":"583999366:0","accidentCount":3,"accidentsPerKm":38.462,"percentile":0.726,"countPercentile":0.132,"riskLevel":1,"riskScore":0.552,"highway":"primary","name":"Boulevard Macdonald","lengthM":78,"yearsFrom":2019,"yearsTo":2023,"metric":"density","trafficSource":"none"},"geometry":{"type":"LineString","coordinates":[[2.3915492,48.8974563],[2.3923101,48.8973662],[2.3926009,48.8973291]]}},{"type":"Feature","id":"risk-777","properties":{"segmentId":"28686624:0","accidentCount":5,"accidentsPerKm":52.632,"percentile":0.854,"countPercentile":0.604,"riskLevel":2,"riskScore":0.7,"highway":"primary","name":"Allée de Longchamp","lengthM":95,"yearsFrom":2019,"yearsTo":2024,"metric":"density","trafficSource":"none"},"geometry":{"type":"LineString","coordinates":[[2.2749746,48.8763229],[2.2738383,48.8759141]]}},{"type":"Feature","id":"risk-778","properties":{"segmentId":"1455500550:0","accidentCount":5,"accidentsPerKm":51.02,"percentile":0.845,"countPercentile":0.605,"riskLevel":2,"riskScore":0.689,"highway":"primary","name":"Avenue Michelet","lengthM":98,"yearsFrom":2019,"yearsTo":2024,"metric":"density","trafficSource":"none"},"geometry":{"type":"LineString","coordinates":[[2.3441464,48.904434],[2.3441534,48.9045897],[2.3441786,48.9051527],[2.3441857,48.9053117]]}},{"type":"Feature","id":"risk-779","properties":{"segmentId":"27245956:0","accidentCount":9,"accidentsPerKm":130.435,"percentile":0.986,"countPercentile":0.888,"riskLevel":3,"riskScore":0.851,"highway":"secondary","name":"Avenue des Ternes","lengthM":69,"yearsFrom":2019,"yearsTo":2024,"metric":"density","trafficSource":"none"},"geometry":{"type":"LineString","coordinates":[[2.2969823,48.8780166],[2.2960944,48.8782166]]}},{"type":"Feature","id":"risk-780","properties":{"segmentId":"4444183:0","accidentCount":10,"accidentsPerKm":105.263,"percentile":0.97,"countPercentile":0.914,"riskLevel":3,"riskScore":0.833,"highway":"primary","name":"Avenue de Wagram","lengthM":95,"yearsFrom":2019,"yearsTo":2023,"metric":"density","trafficSource":"none"},"geometry":{"type":"LineString","coordinates":[[2.2954443,48.8743369],[2.2955321,48.8744543],[2.2955996,48.8745492],[2.2957151,48.8747107],[2.2957333,48.8747383],[2.2957557,48.8747716],[2.2958504,48.8748982],[2.2959596,48.8750526],[2.295973,48.8750716],[2.2960024,48.8751081]]}},{"type":"Feature","id":"risk-781","properties":{"segmentId":"53578234:0","accidentCount":14,"accidentsPerKm":59.829,"percentile":0.883,"countPercentile":0.96,"riskLevel":2,"riskScore":0.733,"highway":"primary","name":"Quai de la Mégisserie","lengthM":234,"yearsFrom":2019,"yearsTo":2024,"metric":"density","trafficSource":"none"},"geometry":{"type":"LineString","coordinates":[[2.3424643,48.8584826],[2.3427901,48.8583945],[2.3428375,48.8583818],[2.3431677,48.8582925],[2.3433672,48.8582382],[2.3434105,48.8582255],[2.3443842,48.8579631],[2.3453065,48.8577167],[2.3454202,48.8576865]]}},{"type":"Feature","id":"risk-782","properties":{"segmentId":"236272703:0","accidentCount":4,"accidentsPerKm":43.956,"percentile":0.786,"countPercentile":0.428,"riskLevel":2,"riskScore":0.621,"highway":"secondary","name":"Rue Gabriel Péri","lengthM":91,"yearsFrom":2019,"yearsTo":2022,"metric":"density","trafficSource":"none"},"geometry":{"type":"LineString","coordinates":[[2.3119678,48.8198709],[2.3116699,48.8199325],[2.311182,48.819933],[2.3111416,48.8199327],[2.310761,48.8198388]]}},{"type":"Feature","id":"risk-783","properties":{"segmentId":"66222272:0","accidentCount":6,"accidentsPerKm":46.875,"percentile":0.812,"countPercentile":0.716,"riskLevel":2,"riskScore":0.651,"highway":"tertiary","name":"Rue du Docteur Marc Bombiger","lengthM":128,"yearsFrom":2019,"yearsTo":2022,"metric":"density","trafficSource":"none"},"geometry":{"type":"LineString","coordinates":[[2.2123366,48.863176],[2.2123455,48.8630662],[2.2123497,48.8630147],[2.2124299,48.862024]]}},{"type":"Feature","id":"risk-784","properties":{"segmentId":"16108207:0","accidentCount":4,"accidentsPerKm":39.604,"percentile":0.741,"countPercentile":0.429,"riskLevel":1,"riskScore":0.57,"highway":"trunk","name":"Boulevard Périphérique Extérieur","lengthM":101,"yearsFrom":2019,"yearsTo":2024,"metric":"density","trafficSource":"none"},"geometry":{"type":"LineString","coordinates":[[2.2994726,48.8258189],[2.3007882,48.8255324]]}},{"type":"Feature","id":"risk-785","properties":{"segmentId":"673408476:0","accidentCount":14,"accidentsPerKm":49.645,"percentile":0.835,"countPercentile":0.961,"riskLevel":2,"riskScore":0.678,"highway":"primary","name":"Avenue Jean Jaurès","lengthM":282,"yearsFrom":2019,"yearsTo":2024,"metric":"density","trafficSource":"none"},"geometry":{"type":"LineString","coordinates":[[2.3850725,48.8866861],[2.3851085,48.8866954],[2.3862149,48.8869814],[2.386346,48.8870153],[2.3867853,48.8871288],[2.3869395,48.8871687],[2.3870331,48.8871928],[2.3871604,48.8872257],[2.3877262,48.887372],[2.3885172,48.8875764],[2.3886567,48.8876125]]}},{"type":"Feature","id":"risk-786","properties":{"segmentId":"37776167:0","accidentCount":6,"accidentsPerKm":58.252,"percentile":0.875,"countPercentile":0.716,"riskLevel":2,"riskScore":0.724,"highway":"tertiary","name":"Rue La Boétie","lengthM":103,"yearsFrom":2019,"yearsTo":2024,"metric":"density","trafficSource":"none"},"geometry":{"type":"LineString","coordinates":[[2.3158959,48.8739198],[2.3157944,48.8739015],[2.3148933,48.8737536],[2.3146354,48.8737118],[2.3145271,48.8736923]]}},{"type":"Feature","id":"risk-787","properties":{"segmentId":"96864065:0","accidentCount":4,"accidentsPerKm":50,"percentile":0.838,"countPercentile":0.429,"riskLevel":2,"riskScore":0.681,"highway":"secondary","name":"Avenue Foch","lengthM":80,"yearsFrom":2019,"yearsTo":2024,"metric":"density","trafficSource":"none"},"geometry":{"type":"LineString","coordinates":[[2.4916161,48.8024489],[2.491739,48.8023758],[2.4918432,48.8023123],[2.4919362,48.8022543],[2.4920505,48.8022072],[2.4922006,48.802157],[2.4924341,48.8020848],[2.4925227,48.8020659]]}},{"type":"Feature","id":"risk-788","properties":{"segmentId":"112888100:0","accidentCount":3,"accidentsPerKm":41.667,"percentile":0.76,"countPercentile":0.134,"riskLevel":2,"riskScore":0.591,"highway":"secondary","name":"Boulevard d'Alsace-Lorraine","lengthM":72,"yearsFrom":2019,"yearsTo":2022,"metric":"density","trafficSource":"tmja","tmja":48157,"tmjaDistM":167,"tmjaMeasureYear":2019,"accidentsPer100MVehKm":59.262,"tmjaPercentile":0.962},"geometry":{"type":"LineString","coordinates":[[2.4892863,48.8837274],[2.4890736,48.883781],[2.4889077,48.8838177],[2.4888689,48.8838263],[2.4886176,48.883865],[2.4884897,48.8838847],[2.4883406,48.883908]]}},{"type":"Feature","id":"risk-789","properties":{"segmentId":"553237947:0","accidentCount":4,"accidentsPerKm":57.971,"percentile":0.873,"countPercentile":0.43,"riskLevel":2,"riskScore":0.721,"highway":"secondary","name":"Avenue des Gobelins","lengthM":69,"yearsFrom":2019,"yearsTo":2022,"metric":"density","trafficSource":"none"},"geometry":{"type":"LineString","coordinates":[[2.352241,48.8362229],[2.3522217,48.8362502],[2.3522041,48.8362749],[2.3519775,48.8366036],[2.3519581,48.8366318],[2.3519319,48.8366702],[2.3518495,48.836787]]}},{"type":"Feature","id":"risk-790","properties":{"segmentId":"41114800:0","accidentCount":8,"accidentsPerKm":40.816,"percentile":0.751,"countPercentile":0.848,"riskLevel":2,"riskScore":0.581,"highway":"primary","name":"Avenue Jean Lolive","lengthM":196,"yearsFrom":2019,"yearsTo":2023,"metric":"density","trafficSource":"none"},"geometry":{"type":"LineString","coordinates":[[2.4186123,48.894243],[2.4189116,48.8942985],[2.4198055,48.8944531],[2.4203264,48.8945519],[2.4211974,48.8947092]]}},{"type":"Feature","id":"risk-791","properties":{"segmentId":"29156793:0","accidentCount":8,"accidentsPerKm":41.885,"percentile":0.763,"countPercentile":0.848,"riskLevel":2,"riskScore":0.595,"highway":"secondary","name":"Avenue de la République","lengthM":191,"yearsFrom":2019,"yearsTo":2024,"metric":"density","trafficSource":"tmja","tmja":183813,"tmjaDistM":452,"tmjaMeasureYear":2019,"accidentsPer100MVehKm":10.405,"tmjaPercentile":0.532},"geometry":{"type":"LineString","coordinates":[[2.4409937,48.8058074],[2.4410733,48.8058352],[2.441117,48.805849],[2.44115,48.8058594],[2.4422508,48.8062073],[2.4424537,48.8062717],[2.4425713,48.8063075],[2.442659,48.8063363],[2.4431998,48.8065025],[2.4433537,48.8065456]]}},{"type":"Feature","id":"risk-792","properties":{"segmentId":"625362769:0","accidentCount":5,"accidentsPerKm":76.923,"percentile":0.939,"countPercentile":0.608,"riskLevel":3,"riskScore":0.797,"highway":"primary","name":"Avenue de la Porte de Bagnolet","lengthM":65,"yearsFrom":2019,"yearsTo":2021,"metric":"density","trafficSource":"tmja","tmja":131984,"tmjaDistM":199,"tmjaMeasureYear":2019,"accidentsPer100MVehKm":53.226,"tmjaPercentile":0.951},"geometry":{"type":"LineString","coordinates":[[2.4117292,48.865521],[2.4113272,48.8651641],[2.411304,48.8651428],[2.4112777,48.8651155],[2.4112315,48.8650849],[2.4111898,48.865058]]}},{"type":"Feature","id":"risk-793","properties":{"segmentId":"41584738:1","accidentCount":12,"accidentsPerKm":42.553,"percentile":0.772,"countPercentile":0.941,"riskLevel":2,"riskScore":0.605,"highway":"primary","name":"Boulevard de Magenta","lengthM":282,"yearsFrom":2019,"yearsTo":2024,"metric":"density","trafficSource":"none"},"geometry":{"type":"LineString","coordinates":[[2.3604114,48.8714347],[2.3603471,48.8715058],[2.3600509,48.8718412],[2.3598727,48.8720347],[2.3597598,48.872164],[2.3597453,48.8721808],[2.3589215,48.8730979],[2.3589202,48.8730993],[2.3588478,48.8731807],[2.3587111,48.8733281],[2.3584742,48.8735886],[2.3584491,48.8736167]]}},{"type":"Feature","id":"risk-794","properties":{"segmentId":"193869188:0","accidentCount":5,"accidentsPerKm":67.568,"percentile":0.913,"countPercentile":0.608,"riskLevel":3,"riskScore":0.767,"highway":"primary","name":"Boulevard Mortier","lengthM":74,"yearsFrom":2019,"yearsTo":2022,"metric":"density","trafficSource":"none"},"geometry":{"type":"LineString","coordinates":[[2.4072596,48.8764732],[2.4069794,48.8769468],[2.406895,48.8770943]]}},{"type":"Feature","id":"risk-795","properties":{"segmentId":"148668656:0","accidentCount":4,"accidentsPerKm":41.667,"percentile":0.761,"countPercentile":0.431,"riskLevel":2,"riskScore":0.593,"highway":"motorway","name":"Tunnel de Bicêtre","lengthM":96,"yearsFrom":2019,"yearsTo":2022,"metric":"density","trafficSource":"none"},"geometry":{"type":"LineString","coordinates":[[2.3491248,48.8095501],[2.3494537,48.8099164],[2.349781,48.8103004]]}},{"type":"Feature","id":"risk-796","properties":{"segmentId":"226000382:0","accidentCount":7,"accidentsPerKm":41.667,"percentile":0.761,"countPercentile":0.79,"riskLevel":2,"riskScore":0.593,"highway":"primary","name":"Avenue de Paris","lengthM":168,"yearsFrom":2019,"yearsTo":2024,"metric":"density","trafficSource":"none"},"geometry":{"type":"LineString","coordinates":[[2.3630947,48.8071728],[2.3630987,48.8071593],[2.3631264,48.8070665],[2.3631437,48.8070087],[2.3631532,48.8069769],[2.3633551,48.8063307],[2.3634889,48.8058608],[2.3634965,48.8058336],[2.3635321,48.8056936]]}},{"type":"Feature","id":"risk-797","properties":{"segmentId":"1137557386:0","accidentCount":6,"accidentsPerKm":54.545,"percentile":0.863,"countPercentile":0.717,"riskLevel":2,"riskScore":0.71,"highway":"primary","name":"Avenue de la République","lengthM":110,"yearsFrom":2019,"yearsTo":2024,"metric":"density","trafficSource":"none"},"geometry":{"type":"LineString","coordinates":[[2.3856002,48.8631627],[2.3856457,48.8631543],[2.3856846,48.8631471],[2.3867499,48.8629421],[2.386783,48.8629362],[2.3868198,48.8629291],[2.3868814,48.8629161],[2.3870398,48.8628859]]}},{"type":"Feature","id":"risk-798","properties":{"segmentId":"19907758:0","accidentCount":7,"accidentsPerKm":43.478,"percentile":0.78,"countPercentile":0.79,"riskLevel":2,"riskScore":0.614,"highway":"trunk","name":"Boulevard Périphérique Extérieur","lengthM":161,"yearsFrom":2019,"yearsTo":2024,"metric":"density","trafficSource":"tmja","tmja":41672,"tmjaDistM":34,"tmjaMeasureYear":2019,"accidentsPer100MVehKm":47.641,"tmjaPercentile":0.938},"geometry":{"type":"LineString","coordinates":[[2.2544301,48.8469384],[2.2545473,48.8467345],[2.2546077,48.8466128],[2.2547037,48.846375],[2.2547631,48.8461887],[2.2548123,48.8459748],[2.25485,48.8457434],[2.2548646,48.8455272]]}},{"type":"Feature","id":"risk-799","properties":{"segmentId":"1426643914:0","accidentCount":4,"accidentsPerKm":48.78,"percentile":0.828,"countPercentile":0.434,"riskLevel":2,"riskScore":0.67,"highway":"primary","name":"Quai Marcel Dassault","lengthM":82,"yearsFrom":2019,"yearsTo":2023,"metric":"density","trafficSource":"none"},"geometry":{"type":"LineString","coordinates":[[2.224666,48.8603973],[2.2248118,48.8606681],[2.2250104,48.8610439],[2.2250384,48.8610969]]}},{"type":"Feature","id":"risk-800","properties":{"segmentId":"75848466:0","accidentCount":15,"accidentsPerKm":40.541,"percentile":0.75,"countPercentile":0.968,"riskLevel":2,"riskScore":0.58,"highway":"motorway","name":"Tunnel de Champigny","lengthM":370,"yearsFrom":2019,"yearsTo":2023,"metric":"density","trafficSource":"none"},"geometry":{"type":"LineString","coordinates":[[2.5151685,48.8267426],[2.5128848,48.8269042],[2.510153,48.8271675]]}},{"type":"Feature","id":"risk-801","properties":{"segmentId":"109400095:0","accidentCount":6,"accidentsPerKm":70.588,"percentile":0.922,"countPercentile":0.717,"riskLevel":3,"riskScore":0.778,"highway":"primary","name":"Rue Belgrand","lengthM":85,"yearsFrom":2019,"yearsTo":2023,"metric":"density","trafficSource":"none"},"geometry":{"type":"LineString","coordinates":[[2.4013042,48.864807],[2.4011247,48.8648141],[2.4008965,48.8648229],[2.4003796,48.8648443],[2.4001479,48.8648536]]}},{"type":"Feature","id":"risk-802","properties":{"segmentId":"667900520:0","accidentCount":8,"accidentsPerKm":133.333,"percentile":0.988,"countPercentile":0.849,"riskLevel":3,"riskScore":0.854,"highway":"primary","name":"Place Auguste Baron","lengthM":60,"yearsFrom":2019,"yearsTo":2024,"metric":"density","trafficSource":"none"},"geometry":{"type":"LineString","coordinates":[[2.3880879,48.9009939],[2.3879938,48.9010217],[2.3878947,48.9010406],[2.3877925,48.9010501],[2.3876893,48.9010501],[2.3875871,48.9010406],[2.3874879,48.9010218],[2.3873938,48.900994],[2.3873065,48.9009577]]}},{"type":"Feature","id":"risk-803","properties":{"segmentId":"50312697:0","accidentCount":7,"accidentsPerKm":88.608,"percentile":0.957,"countPercentile":0.79,"riskLevel":3,"riskScore":0.818,"highway":"primary","name":"Boulevard Jourdan","lengthM":79,"yearsFrom":2019,"yearsTo":2023,"metric":"density","trafficSource":"none"},"geometry":{"type":"LineString","coordinates":[[2.326631,48.8230075],[2.3258698,48.8231747],[2.3258197,48.8231862],[2.3257918,48.8231932],[2.3256156,48.8232351]]}},{"type":"Feature","id":"risk-804","properties":{"segmentId":"355181687:0","accidentCount":7,"accidentsPerKm":78.652,"percentile":0.943,"countPercentile":0.791,"riskLevel":3,"riskScore":0.802,"highway":"primary","name":"Avenue du Général Leclerc","lengthM":89,"yearsFrom":2019,"yearsTo":2024,"metric":"density","trafficSource":"none"},"geometry":{"type":"LineString","coordinates":[[2.2381924,48.8319241],[2.2392856,48.832274]]}},{"type":"Feature","id":"risk-805","properties":{"segmentId":"1375797249:0","accidentCount":9,"accidentsPerKm":55.556,"percentile":0.867,"countPercentile":0.888,"riskLevel":2,"riskScore":0.715,"highway":"tertiary","name":"Boulevard de la Tour Maubourg","lengthM":162,"yearsFrom":2019,"yearsTo":2024,"metric":"density","trafficSource":"none"},"geometry":{"type":"LineString","coordinates":[[2.3102809,48.8611198],[2.3102873,48.8611915],[2.3103576,48.8619727],[2.3103947,48.8623604],[2.3103991,48.8624146],[2.310405,48.8624955],[2.3104189,48.8625754]]}},{"type":"Feature","id":"risk-806","properties":{"segmentId":"23109826:1","accidentCount":5,"accidentsPerKm":59.524,"percentile":0.881,"countPercentile":0.611,"riskLevel":2,"riskScore":0.731,"highway":"secondary","name":"Boulevard Victor Hugo","lengthM":84,"yearsFrom":2019,"yearsTo":2023,"metric":"density","trafficSource":"none"},"geometry":{"type":"LineString","coordinates":[[2.3121155,48.8984485],[2.3113698,48.8979776],[2.3112809,48.8979263]]}},{"type":"Feature","id":"risk-807","properties":{"segmentId":"29105623:0","accidentCount":4,"accidentsPerKm":61.538,"percentile":0.89,"countPercentile":0.436,"riskLevel":2,"riskScore":0.741,"highway":"primary","name":"Avenue de la Porte de Clignancourt","lengthM":65,"yearsFrom":2019,"yearsTo":2023,"metric":"density","trafficSource":"none"},"geometry":{"type":"LineString","coordinates":[[2.3440479,48.9012352],[2.3440412,48.9010583],[2.3440289,48.9007844],[2.3440462,48.9007424],[2.3441233,48.9006722]]}},{"type":"Feature","id":"risk-808","properties":{"segmentId":"99084430:0","accidentCount":14,"accidentsPerKm":110.236,"percentile":0.974,"countPercentile":0.961,"riskLevel":3,"riskScore":0.838,"highway":"trunk","name":"Boulevard Périphérique Extérieur","lengthM":127,"yearsFrom":2019,"yearsTo":2023,"metric":"density","trafficSource":"tmja","tmja":221626,"tmjaDistM":98,"tmjaMeasureYear":2019,"accidentsPer100MVehKm":27.255,"tmjaPercentile":0.847},"geometry":{"type":"LineString","coordinates":[[2.3903095,48.8268957],[2.3906227,48.8270101],[2.3912184,48.8272043],[2.3915985,48.827309],[2.3918813,48.8273763]]}},{"type":"Feature","id":"risk-809","properties":{"segmentId":"10228059:0","accidentCount":13,"accidentsPerKm":101.563,"percentile":0.967,"countPercentile":0.953,"riskLevel":3,"riskScore":0.83,"highway":"trunk","name":"Boulevard Périphérique Intérieur","lengthM":128,"yearsFrom":2019,"yearsTo":2024,"metric":"density","trafficSource":"tmja","tmja":221626,"tmjaDistM":164,"tmjaMeasureYear":2019,"accidentsPer100MVehKm":20.925,"tmjaPercentile":0.771},"geometry":{"type":"LineString","coordinates":[[2.3936979,48.8277975],[2.3927871,48.827688],[2.3925412,48.8276553],[2.3919914,48.8275532]]}},{"type":"Feature","id":"risk-810","properties":{"segmentId":"1183851653:0","accidentCount":12,"accidentsPerKm":55.3,"percentile":0.865,"countPercentile":0.941,"riskLevel":2,"riskScore":0.712,"highway":"trunk","name":"Boulevard Périphérique Extérieur","lengthM":217,"yearsFrom":2019,"yearsTo":2024,"metric":"density","trafficSource":"none"},"geometry":{"type":"LineString","coordinates":[[2.3259048,48.8199366],[2.3287115,48.8193109]]}},{"type":"Feature","id":"risk-811","properties":{"segmentId":"23052416:0","accidentCount":5,"accidentsPerKm":40,"percentile":0.744,"countPercentile":0.611,"riskLevel":1,"riskScore":0.573,"highway":"motorway_link","lengthM":125,"yearsFrom":2019,"yearsTo":2024,"metric":"density","trafficSource":"tmja","tmja":221626,"tmjaDistM":310,"tmjaMeasureYear":2019,"accidentsPer100MVehKm":8.241,"tmjaPercentile":0.411},"geometry":{"type":"LineString","coordinates":[[2.3896196,48.8276475],[2.3885989,48.8282065],[2.3884775,48.8282925],[2.388355,48.8283975]]}},{"type":"Feature","id":"risk-812","properties":{"segmentId":"516982089:0","accidentCount":7,"accidentsPerKm":41.916,"percentile":0.763,"countPercentile":0.791,"riskLevel":2,"riskScore":0.595,"highway":"tertiary","name":"Rue d'Avron","lengthM":167,"yearsFrom":2019,"yearsTo":2022,"metric":"density","trafficSource":"none"},"geometry":{"type":"LineString","coordinates":[[2.4074878,48.8529381],[2.4075624,48.8529519],[2.4083425,48.8530944],[2.4088001,48.85318],[2.4088457,48.8531884],[2.4091192,48.8532369],[2.4096933,48.8533385]]}},{"type":"Feature","id":"risk-813","properties":{"segmentId":"559551878:0","accidentCount":5,"accidentsPerKm":50,"percentile":0.839,"countPercentile":0.612,"riskLevel":2,"riskScore":0.682,"highway":"primary","name":"Rue de Paris","lengthM":100,"yearsFrom":2019,"yearsTo":2022,"metric":"density","trafficSource":"none"},"geometry":{"type":"LineString","coordinates":[[2.4168575,48.8546063],[2.4162845,48.8545061],[2.4160791,48.8544701],[2.4155361,48.8543751]]}},{"type":"Feature","id":"risk-814","properties":{"segmentId":"1146559481:0","accidentCount":3,"accidentsPerKm":47.619,"percentile":0.82,"countPercentile":0.146,"riskLevel":2,"riskScore":0.66,"highway":"tertiary","name":"Rue Raymond Losserand","lengthM":63,"yearsFrom":2019,"yearsTo":2024,"metric":"density","trafficSource":"none"},"geometry":{"type":"LineString","coordinates":[[2.3174668,48.8336017],[2.3176599,48.8336965],[2.3180374,48.8339018],[2.318144,48.8339549]]}},{"type":"Feature","id":"risk-815","properties":{"segmentId":"23754841:0","accidentCount":10,"accidentsPerKm":62.5,"percentile":0.895,"countPercentile":0.914,"riskLevel":2,"riskScore":0.747,"highway":"motorway","lengthM":160,"yearsFrom":2019,"yearsTo":2024,"metric":"density","trafficSource":"tmja","tmja":131984,"tmjaDistM":171,"tmjaMeasureYear":2019,"accidentsPer100MVehKm":21.623,"tmjaPercentile":0.781},"geometry":{"type":"LineString","coordinates":[[2.4183724,48.865631],[2.4178128,48.8656915],[2.4162502,48.8659676]]}},{"type":"Feature","id":"risk-816","properties":{"segmentId":"10231764:0","accidentCount":18,"accidentsPerKm":54.878,"percentile":0.865,"countPercentile":0.987,"riskLevel":2,"riskScore":0.712,"highway":"trunk","name":"Boulevard Périphérique Intérieur","lengthM":328,"yearsFrom":2019,"yearsTo":2024,"metric":"density","trafficSource":"none"},"geometry":{"type":"LineString","coordinates":[[2.4128138,48.8717575],[2.4129879,48.8713784],[2.4131092,48.8709714],[2.4132025,48.8705937],[2.4132625,48.8699444],[2.4132378,48.8688417]]}},{"type":"Feature","id":"risk-817","properties":{"segmentId":"879720892:0","accidentCount":3,"accidentsPerKm":42.254,"percentile":0.768,"countPercentile":0.147,"riskLevel":2,"riskScore":0.601,"highway":"secondary","name":"Boulevard Saint-Marcel","lengthM":71,"yearsFrom":2019,"yearsTo":2022,"metric":"density","trafficSource":"none"},"geometry":{"type":"LineString","coordinates":[[2.3527005,48.837098],[2.3521802,48.8369335],[2.3518495,48.836787]]}},{"type":"Feature","id":"risk-818","properties":{"segmentId":"974654603:0","accidentCount":6,"accidentsPerKm":59.406,"percentile":0.88,"countPercentile":0.72,"riskLevel":2,"riskScore":0.729,"highway":"primary","name":"Boulevard Malesherbes","lengthM":101,"yearsFrom":2019,"yearsTo":2021,"metric":"density","trafficSource":"none"},"geometry":{"type":"LineString","coordinates":[[2.3047066,48.8876663],[2.3046847,48.8876806],[2.3046727,48.8876925],[2.3046697,48.8877057],[2.3044147,48.8885482]]}},{"type":"Feature","id":"risk-819","properties":{"segmentId":"66320306:0","accidentCount":8,"accidentsPerKm":50.314,"percentile":0.84,"countPercentile":0.85,"riskLevel":2,"riskScore":0.683,"highway":"primary","name":"Boulevard Saint-Michel","lengthM":159,"yearsFrom":2019,"yearsTo":2024,"metric":"density","trafficSource":"none"},"geometry":{"type":"LineString","coordinates":[[2.3431724,48.8513977],[2.3432626,48.8515931],[2.3433408,48.8517626],[2.3433796,48.8518427],[2.3434219,48.8519291],[2.3437924,48.8526969],[2.3438219,48.8527586]]}},{"type":"Feature","id":"risk-820","properties":{"segmentId":"35587267:0","accidentCount":9,"accidentsPerKm":54.217,"percentile":0.861,"countPercentile":0.889,"riskLevel":2,"riskScore":0.708,"highway":"trunk","name":"Boulevard Périphérique Intérieur","lengthM":166,"yearsFrom":2019,"yearsTo":2024,"metric":"density","trafficSource":"none"},"geometry":{"type":"LineString","coordinates":[[2.2778482,48.8759138],[2.2784264,48.8762827],[2.2791462,48.8767206],[2.279483,48.8769458]]}},{"type":"Feature","id":"risk-821","properties":{"segmentId":"166755013:0","accidentCount":5,"accidentsPerKm":51.546,"percentile":0.849,"countPercentile":0.614,"riskLevel":2,"riskScore":0.694,"highway":"primary","name":"Boulevard Masséna","lengthM":97,"yearsFrom":2019,"yearsTo":2023,"metric":"density","trafficSource":"none"},"geometry":{"type":"LineString","coordinates":[[2.37165,48.8222851],[2.3717804,48.8223282],[2.3718203,48.8223414],[2.3723433,48.8225063],[2.3725813,48.8225824],[2.372637,48.8226002],[2.3728423,48.8226681]]}},{"type":"Feature","id":"risk-822","properties":{"segmentId":"363716776:0","accidentCount":5,"accidentsPerKm":38.462,"percentile":0.726,"countPercentile":0.614,"riskLevel":1,"riskScore":0.552,"highway":"primary","name":"Quai d'Austerlitz","lengthM":130,"yearsFrom":2019,"yearsTo":2023,"metric":"density","trafficSource":"none"},"geometry":{"type":"LineString","coordinates":[[2.3667262,48.8428009],[2.3669428,48.8425931],[2.3676547,48.8420541],[2.3676912,48.8420265],[2.3677287,48.8420013],[2.3677599,48.8419807],[2.367868,48.8419094]]}},{"type":"Feature","id":"risk-823","properties":{"segmentId":"1298038448:0","accidentCount":4,"accidentsPerKm":45.977,"percentile":0.803,"countPercentile":0.44,"riskLevel":2,"riskScore":0.641,"highway":"primary","name":"Avenue de New York","lengthM":87,"yearsFrom":2019,"yearsTo":2024,"metric":"density","trafficSource":"none"},"geometry":{"type":"LineString","coordinates":[[2.2904844,48.8600622],[2.2904418,48.8600188],[2.2901143,48.8597512],[2.2897455,48.8594529]]}},{"type":"Feature","id":"risk-824","properties":{"segmentId":"1148218426:0","accidentCount":4,"accidentsPerKm":38.835,"percentile":0.73,"countPercentile":0.44,"riskLevel":1,"riskScore":0.557,"highway":"tertiary","name":"Boulevard de l'Amiral Bruix","lengthM":103,"yearsFrom":2019,"yearsTo":2021,"metric":"density","trafficSource":"none"},"geometry":{"type":"LineString","coordinates":[[2.2824304,48.8763144],[2.2823153,48.8762517],[2.2822277,48.8762067],[2.2821458,48.8761666],[2.2820242,48.8761113],[2.2819137,48.8760639],[2.2817817,48.8760118],[2.2816556,48.8759645],[2.2815252,48.8759204],[2.2814107,48.8758854],[2.2812336,48.8758308]]}},{"type":"Feature","id":"risk-825","properties":{"segmentId":"746646690:0","accidentCount":6,"accidentsPerKm":95.238,"percentile":0.962,"countPercentile":0.72,"riskLevel":3,"riskScore":0.824,"highway":"secondary","name":"Rue La Fayette","lengthM":63,"yearsFrom":2019,"yearsTo":2024,"metric":"density","trafficSource":"none"},"geometry":{"type":"LineString","coordinates":[[2.3639892,48.8811044],[2.3646378,48.8812797],[2.3647367,48.8813073],[2.3647882,48.8813213]]}},{"type":"Feature","id":"risk-826","properties":{"segmentId":"68915107:0","accidentCount":10,"accidentsPerKm":65.359,"percentile":0.906,"countPercentile":0.914,"riskLevel":3,"riskScore":0.759,"highway":"primary","name":"Boulevard des Capucines","lengthM":153,"yearsFrom":2019,"yearsTo":2024,"metric":"density","trafficSource":"none"},"geometry":{"type":"LineString","coordinates":[[2.3320659,48.8706246],[2.331836,48.8705869],[2.3318339,48.8705865],[2.3317923,48.8705793],[2.3302957,48.8703198],[2.3300447,48.8702725]]}},{"type":"Feature","id":"risk-827","properties":{"segmentId":"374057844:0","accidentCount":4,"accidentsPerKm":41.667,"percentile":0.761,"countPercentile":0.441,"riskLevel":2,"riskScore":0.593,"highway":"primary","name":"Boulevard Malesherbes","lengthM":96,"yearsFrom":2019,"yearsTo":2024,"metric":"density","trafficSource":"none"},"geometry":{"type":"LineString","coordinates":[[2.3220943,48.871718],[2.3221656,48.8716134],[2.3224943,48.871151],[2.3226649,48.8709396]]}},{"type":"Feature","id":"risk-828","properties":{"segmentId":"563923664:0","accidentCount":8,"accidentsPerKm":79.208,"percentile":0.943,"countPercentile":0.851,"riskLevel":3,"riskScore":0.802,"highway":"secondary","name":"Rue de Rome","lengthM":101,"yearsFrom":2019,"yearsTo":2023,"metric":"density","trafficSource":"none"},"geometry":{"type":"LineString","coordinates":[[2.3226225,48.8780545],[2.3227065,48.877898],[2.3229647,48.8774184],[2.3230414,48.8772702],[2.3230811,48.8771999]]}},{"type":"Feature","id":"risk-829","properties":{"segmentId":"162993474:0","accidentCount":4,"accidentsPerKm":46.512,"percentile":0.81,"countPercentile":0.441,"riskLevel":2,"riskScore":0.649,"highway":"tertiary","name":"Avenue du Général Leclerc","lengthM":86,"yearsFrom":2019,"yearsTo":2023,"metric":"density","trafficSource":"none"},"geometry":{"type":"LineString","coordinates":[[2.5060673,48.7544321],[2.505965,48.7544932],[2.5056507,48.7547139],[2.5055341,48.7548122],[2.5054069,48.7549442],[2.5052963,48.7550098]]}},{"type":"Feature","id":"risk-830","properties":{"segmentId":"1371662427:0","accidentCount":7,"accidentsPerKm":38.043,"percentile":0.723,"countPercentile":0.793,"riskLevel":1,"riskScore":0.549,"highway":"motorway","lengthM":184,"yearsFrom":2019,"yearsTo":2024,"metric":"density","trafficSource":"none"},"geometry":{"type":"LineString","coordinates":[[2.2265242,48.9218214],[2.2267311,48.9220099],[2.2268162,48.9220787],[2.2270294,48.9222269],[2.2274509,48.9224825],[2.228345,48.9229543]]}},{"type":"Feature","id":"risk-831","properties":{"segmentId":"23046243:0","accidentCount":5,"accidentsPerKm":42.373,"percentile":0.77,"countPercentile":0.615,"riskLevel":2,"riskScore":0.603,"highway":"trunk_link","lengthM":118,"yearsFrom":2019,"yearsTo":2024,"metric":"density","trafficSource":"tmja","tmja":221626,"tmjaDistM":206,"tmjaMeasureYear":2019,"accidentsPer100MVehKm":8.73,"tmjaPercentile":0.445},"geometry":{"type":"LineString","coordinates":[[2.3927875,48.8272],[2.3936669,48.8275387],[2.394201,48.8277066]]}},{"type":"Feature","id":"risk-832","properties":{"segmentId":"602543365:0","accidentCount":6,"accidentsPerKm":66.667,"percentile":0.909,"countPercentile":0.72,"riskLevel":3,"riskScore":0.763,"highway":"primary","name":"Quai Valéry Giscard d'Estaing","lengthM":90,"yearsFrom":2019,"yearsTo":2023,"metric":"density","trafficSource":"none"},"geometry":{"type":"LineString","coordinates":[[2.3253111,48.860779],[2.3243968,48.8610537],[2.3243307,48.8610736],[2.3241928,48.8611149]]}},{"type":"Feature","id":"risk-833","properties":{"segmentId":"564101348:0","accidentCount":5,"accidentsPerKm":43.86,"percentile":0.784,"countPercentile":0.616,"riskLevel":2,"riskScore":0.619,"highway":"primary","name":"Quai de Bercy","lengthM":114,"yearsFrom":2020,"yearsTo":2024,"metric":"density","trafficSource":"none"},"geometry":{"type":"LineString","coordinates":[[2.3824963,48.8333716],[2.3834752,48.8325773]]}},{"type":"Feature","id":"risk-834","properties":{"segmentId":"52514166:0","accidentCount":4,"accidentsPerKm":57.971,"percentile":0.873,"countPercentile":0.445,"riskLevel":2,"riskScore":0.721,"highway":"tertiary","name":"Rue de Bagnolet","lengthM":69,"yearsFrom":2020,"yearsTo":2024,"metric":"density","trafficSource":"tmja","tmja":131984,"tmjaDistM":327,"tmjaMeasureYear":2019,"accidentsPer100MVehKm":24.067,"tmjaPercentile":0.821},"geometry":{"type":"LineString","coordinates":[[2.4076857,48.8637383],[2.4081367,48.8642269],[2.4081859,48.8642632]]}},{"type":"Feature","id":"risk-835","properties":{"segmentId":"707604893:0","accidentCount":6,"accidentsPerKm":38.462,"percentile":0.727,"countPercentile":0.721,"riskLevel":1,"riskScore":0.554,"highway":"primary","name":"Avenue Aristide Briand","lengthM":156,"yearsFrom":2020,"yearsTo":2023,"metric":"density","trafficSource":"none"},"geometry":{"type":"LineString","coordinates":[[2.3267228,48.8107542],[2.3266395,48.8110205],[2.3263134,48.8119946],[2.3262767,48.8121104],[2.3262748,48.8121246]]}},{"type":"Feature","id":"risk-836","properties":{"segmentId":"669905823:0","accidentCount":4,"accidentsPerKm":47.619,"percentile":0.821,"countPercentile":0.445,"riskLevel":2,"riskScore":0.662,"highway":"primary","name":"Avenue Jean Lolive","lengthM":84,"yearsFrom":2020,"yearsTo":2023,"metric":"density","trafficSource":"none"},"geometry":{"type":"LineString","coordinates":[[2.3998084,48.8905301],[2.4007455,48.8907752],[2.4008794,48.8908102]]}},{"type":"Feature","id":"risk-837","properties":{"segmentId":"197510649:0","accidentCount":8,"accidentsPerKm":38.462,"percentile":0.727,"countPercentile":0.851,"riskLevel":1,"riskScore":0.554,"highway":"primary","name":"Avenue Gabriel Péri","lengthM":208,"yearsFrom":2020,"yearsTo":2023,"metric":"density","trafficSource":"none"},"geometry":{"type":"LineString","coordinates":[[2.3326397,48.9084065],[2.33259,48.9082577],[2.3325828,48.9082331],[2.3325479,48.9081266],[2.3324676,48.9078928],[2.3324414,48.9078133],[2.3320548,48.9066969],[2.3320077,48.906582]]}},{"type":"Feature","id":"risk-838","properties":{"segmentId":"167036880:1","accidentCount":3,"accidentsPerKm":42.857,"percentile":0.775,"countPercentile":0.154,"riskLevel":2,"riskScore":0.609,"highway":"motorway","name":"Autoroute du Nord","lengthM":70,"yearsFrom":2020,"yearsTo":2023,"metric":"density","trafficSource":"tmja","tmja":132186,"tmjaDistM":40,"tmjaMeasureYear":2019,"accidentsPer100MVehKm":22.207,"tmjaPercentile":0.794},"geometry":{"type":"LineString","coordinates":[[2.3779969,48.9334787],[2.3770629,48.9333342]]}},{"type":"Feature","id":"risk-839","properties":{"segmentId":"1192585376:0","accidentCount":7,"accidentsPerKm":104.478,"percentile":0.969,"countPercentile":0.794,"riskLevel":3,"riskScore":0.832,"highway":"tertiary","name":"Boulevard de l'Amiral Bruix","lengthM":67,"yearsFrom":2020,"yearsTo":2022,"metric":"density","trafficSource":"none"},"geometry":{"type":"LineString","coordinates":[[2.2834307,48.8769345],[2.2835312,48.8770718],[2.2835517,48.8770999],[2.2835902,48.8771525],[2.2836686,48.8772597],[2.2837836,48.8774169],[2.2838259,48.8774748]]}},{"type":"Feature","id":"risk-840","properties":{"segmentId":"724873705:0","accidentCount":8,"accidentsPerKm":60.606,"percentile":0.886,"countPercentile":0.852,"riskLevel":2,"riskScore":0.736,"highway":"primary","name":"Avenue Victor Hugo","lengthM":132,"yearsFrom":2020,"yearsTo":2024,"metric":"density","trafficSource":"none"},"geometry":{"type":"LineString","coordinates":[[2.3799546,48.9124186],[2.3798512,48.912206],[2.3797586,48.9120157],[2.3796519,48.9117963],[2.3795828,48.9116542],[2.3794595,48.9114007],[2.379403,48.9112846]]}},{"type":"Feature","id":"risk-841","properties":{"segmentId":"1233255713:0","accidentCount":7,"accidentsPerKm":58.824,"percentile":0.878,"countPercentile":0.794,"riskLevel":2,"riskScore":0.727,"highway":"secondary","name":"Rue de Sèvres","lengthM":119,"yearsFrom":2020,"yearsTo":2024,"metric":"density","trafficSource":"none"},"geometry":{"type":"LineString","coordinates":[[2.3153669,48.8464376],[2.3149287,48.8463021],[2.3143354,48.8461185],[2.3142378,48.8460883],[2.3139664,48.8460043],[2.3138936,48.8459809]]}},{"type":"Feature","id":"risk-842","properties":{"segmentId":"30174054:0","accidentCount":4,"accidentsPerKm":54.795,"percentile":0.864,"countPercentile":0.447,"riskLevel":2,"riskScore":0.711,"highway":"motorway_link","lengthM":73,"yearsFrom":2020,"yearsTo":2023,"metric":"density","trafficSource":"tmja","tmja":221626,"tmjaDistM":56,"tmjaMeasureYear":2019,"accidentsPer100MVehKm":16.934,"tmjaPercentile":0.702},"geometry":{"type":"LineString","coordinates":[[2.3918455,48.826426],[2.3918117,48.8265375],[2.3918142,48.8266722],[2.3918375,48.8267969],[2.3918719,48.8269202],[2.3919517,48.8270716]]}},{"type":"Feature","id":"risk-843","properties":{"segmentId":"23075679:0","accidentCount":4,"accidentsPerKm":58.824,"percentile":0.879,"countPercentile":0.448,"riskLevel":2,"riskScore":0.728,"highway":"trunk","name":"Boulevard Périphérique Intérieur","lengthM":68,"yearsFrom":2020,"yearsTo":2023,"metric":"density","trafficSource":"none"},"geometry":{"type":"LineString","coordinates":[[2.3539371,48.8177511],[2.3534736,48.8178811],[2.3530614,48.8179652]]}},{"type":"Feature","id":"risk-844","properties":{"segmentId":"106634305:0","accidentCount":6,"accidentsPerKm":80,"percentile":0.945,"countPercentile":0.722,"riskLevel":3,"riskScore":0.804,"highway":"secondary","name":"Avenue du Président John Fitzgerald Kennedy","lengthM":75,"yearsFrom":2020,"yearsTo":2024,"metric":"density","trafficSource":"none"},"geometry":{"type":"LineString","coordinates":[[2.4630439,48.814898],[2.4629162,48.8148097],[2.462773,48.8146951],[2.4626955,48.8146132],[2.4626317,48.8145234],[2.4626058,48.8144851],[2.462514,48.8143283]]}},{"type":"Feature","id":"risk-845","properties":{"segmentId":"19215400:0","accidentCount":7,"accidentsPerKm":60.87,"percentile":0.886,"countPercentile":0.795,"riskLevel":2,"riskScore":0.736,"highway":"trunk_link","lengthM":115,"yearsFrom":2020,"yearsTo":2024,"metric":"density","trafficSource":"none"},"geometry":{"type":"LineString","coordinates":[[2.210446,48.8113357],[2.2105712,48.8113043],[2.2109696,48.8114274],[2.2110662,48.8114343],[2.2111683,48.8114338],[2.2112332,48.8114288],[2.2113381,48.8113938],[2.2114196,48.8113396],[2.2115114,48.8112733],[2.2115952,48.8112031],[2.2117239,48.8110757]]}},{"type":"Feature","id":"risk-846","properties":{"segmentId":"331463052:0","accidentCount":7,"accidentsPerKm":71.429,"percentile":0.926,"countPercentile":0.795,"riskLevel":3,"riskScore":0.782,"highway":"secondary","name":"Avenue des Grésillons","lengthM":98,"yearsFrom":2020,"yearsTo":2024,"metric":"density","trafficSource":"tmja","tmja":46680,"tmjaDistM":489,"tmjaMeasureYear":2019,"accidentsPer100MVehKm":83.845,"tmjaPercentile":0.978},"geometry":{"type":"LineString","coordinates":[[2.3130729,48.9194556],[2.3134083,48.9195688],[2.3139506,48.9197513],[2.3140721,48.9197921],[2.3142656,48.9198559]]}},{"type":"Feature","id":"risk-847","properties":{"segmentId":"106278878:0","accidentCount":8,"accidentsPerKm":51.948,"percentile":0.851,"countPercentile":0.852,"riskLevel":2,"riskScore":0.696,"highway":"primary","name":"Avenue Paul Vaillant-Couturier","lengthM":154,"yearsFrom":2020,"yearsTo":2023,"metric":"density","trafficSource":"none"},"geometry":{"type":"LineString","coordinates":[[2.452346,48.9082563],[2.4520711,48.9083357],[2.4518373,48.9083981],[2.4516243,48.9084552],[2.4514755,48.9084969],[2.4511801,48.9085755],[2.4504077,48.9087911]]}},{"type":"Feature","id":"risk-848","properties":{"segmentId":"69632467:0","accidentCount":3,"accidentsPerKm":37.975,"percentile":0.721,"countPercentile":0.156,"riskLevel":1,"riskScore":0.547,"highway":"primary","name":"Avenue du Général Gallieni","lengthM":79,"yearsFrom":2020,"yearsTo":2023,"metric":"density","trafficSource":"none"},"geometry":{"type":"LineString","coordinates":[[2.4733594,48.8201133],[2.4735152,48.8201086],[2.4735523,48.8201086],[2.4736207,48.8201086],[2.473799,48.8201086],[2.4741203,48.8201016],[2.4741962,48.8201006],[2.4744324,48.8200975]]}},{"type":"Feature","id":"risk-849","properties":{"segmentId":"1137823569:0","accidentCount":3,"accidentsPerKm":38.462,"percentile":0.727,"countPercentile":0.156,"riskLevel":1,"riskScore":0.554,"highway":"secondary","name":"Avenue du Maréchal de Lattre de Tassigny","lengthM":78,"yearsFrom":2020,"yearsTo":2024,"metric":"density","trafficSource":"none"},"geometry":{"type":"LineString","coordinates":[[2.4199565,48.8240807],[2.4198964,48.8239579],[2.4198879,48.8236404],[2.419885,48.8235458],[2.4198738,48.8235264],[2.4198659,48.8235104],[2.4198395,48.82347],[2.4198037,48.8234397],[2.419764,48.8234049]]}},{"type":"Feature","id":"risk-850","properties":{"segmentId":"466729804:0","accidentCount":4,"accidentsPerKm":43.011,"percentile":0.777,"countPercentile":0.448,"riskLevel":2,"riskScore":0.611,"highway":"trunk","name":"La Francilienne","lengthM":93,"yearsFrom":2020,"yearsTo":2024,"metric":"density","trafficSource":"tmja","tmja":64100,"tmjaDistM":256,"tmjaMeasureYear":2019,"accidentsPer100MVehKm":36.767,"tmjaPercentile":0.906},"geometry":{"type":"LineString","coordinates":[[2.124037,49.0383128],[2.1235917,49.0380896],[2.12305,49.0377791]]}},{"type":"Feature","id":"risk-851","properties":{"segmentId":"178824077:0","accidentCount":6,"accidentsPerKm":37.975,"percentile":0.721,"countPercentile":0.722,"riskLevel":1,"riskScore":0.547,"highway":"secondary","name":"Avenue Jean Jaurès","lengthM":158,"yearsFrom":2020,"yearsTo":2024,"metric":"density","trafficSource":"none"},"geometry":{"type":"LineString","coordinates":[[2.2077633,48.8644158],[2.2078147,48.8643929],[2.2079785,48.8643234],[2.2080082,48.8643122],[2.2080372,48.8643015],[2.2082744,48.8641862],[2.2083956,48.864112],[2.208445,48.8640755],[2.2086599,48.8639233],[2.2089302,48.8637173],[2.2091772,48.8635175],[2.209298,48.8634323]]}},{"type":"Feature","id":"risk-852","properties":{"segmentId":"156382086:1","accidentCount":3,"accidentsPerKm":38.462,"percentile":0.727,"countPercentile":0.158,"riskLevel":1,"riskScore":0.554,"highway":"secondary","name":"Boulevard Voltaire","lengthM":78,"yearsFrom":2020,"yearsTo":2024,"metric":"density","trafficSource":"none"},"geometry":{"type":"LineString","coordinates":[[2.3737364,48.861604],[2.3730938,48.8619871],[2.3730615,48.8620061],[2.3730374,48.8620203],[2.3729443,48.8620778]]}},{"type":"Feature","id":"risk-853","properties":{"segmentId":"330679578:0","accidentCount":3,"accidentsPerKm":43.478,"percentile":0.78,"countPercentile":0.158,"riskLevel":2,"riskScore":0.614,"highway":"secondary","name":"Avenue Frédéric et Irène Joliot-Curie","lengthM":69,"yearsFrom":2020,"yearsTo":2024,"metric":"density","trafficSource":"none"},"geometry":{"type":"LineString","coordinates":[[2.2026065,48.8883132],[2.2029028,48.8884791],[2.2031056,48.8886064],[2.2031318,48.8886228],[2.2031527,48.888636],[2.2032669,48.8887502]]}},{"type":"Feature","id":"risk-854","properties":{"segmentId":"635335477:1","accidentCount":3,"accidentsPerKm":45.455,"percentile":0.8,"countPercentile":0.159,"riskLevel":2,"riskScore":0.638,"highway":"secondary","name":"Boulevard de la Boissière","lengthM":66,"yearsFrom":2020,"yearsTo":2023,"metric":"density","trafficSource":"tmja","tmja":131984,"tmjaDistM":368,"tmjaMeasureYear":2019,"accidentsPer100MVehKm":23.589,"tmjaPercentile":0.811},"geometry":{"type":"LineString","coordinates":[[2.4584911,48.8778976],[2.4581167,48.8779575],[2.4580705,48.8779649],[2.457609,48.8780427]]}},{"type":"Feature","id":"risk-855","properties":{"segmentId":"72676999:0","accidentCount":4,"accidentsPerKm":38.835,"percentile":0.731,"countPercentile":0.451,"riskLevel":1,"riskScore":0.558,"highway":"primary","name":"Route de la Reine","lengthM":103,"yearsFrom":2020,"yearsTo":2021,"metric":"density","trafficSource":"none"},"geometry":{"type":"LineString","coordinates":[[2.2302282,48.8405222],[2.2303384,48.8405125],[2.231388,48.8404196],[2.2314524,48.840414],[2.2316167,48.8404495]]}},{"type":"Feature","id":"risk-856","properties":{"segmentId":"362985277:0","accidentCount":5,"accidentsPerKm":46.729,"percentile":0.811,"countPercentile":0.619,"riskLevel":2,"riskScore":0.65,"highway":"trunk_link","name":"Boulevard Périphérique Intérieur","lengthM":107,"yearsFrom":2020,"yearsTo":2024,"metric":"density","trafficSource":"none"},"geometry":{"type":"LineString","coordinates":[[2.3160772,48.8223211],[2.3159047,48.8223706],[2.3155531,48.822463],[2.3151962,48.82255],[2.3150724,48.8225923],[2.3149846,48.8226348],[2.3147242,48.8226609]]}},{"type":"Feature","id":"risk-857","properties":{"segmentId":"169832931:0","accidentCount":8,"accidentsPerKm":55.172,"percentile":0.865,"countPercentile":0.852,"riskLevel":2,"riskScore":0.712,"highway":"primary","name":"Quai de Bercy","lengthM":145,"yearsFrom":2020,"yearsTo":2024,"metric":"density","trafficSource":"none"},"geometry":{"type":"LineString","coordinates":[[2.3880477,48.8287143],[2.3870292,48.8298378]]}},{"type":"Feature","id":"risk-858","properties":{"segmentId":"16108782:0","accidentCount":4,"accidentsPerKm":63.492,"percentile":0.899,"countPercentile":0.451,"riskLevel":2,"riskScore":0.751,"highway":"tertiary","name":"Boulevard Adolphe Pinard","lengthM":63,"yearsFrom":2020,"yearsTo":2023,"metric":"density","trafficSource":"none"},"geometry":{"type":"LineString","coordinates":[[2.301334,48.8251754],[2.3018429,48.8250635],[2.3019778,48.8250366],[2.3020145,48.8250285],[2.3021495,48.8250034]]}},{"type":"Feature","id":"risk-859","properties":{"segmentId":"13871245:0","accidentCount":4,"accidentsPerKm":65.574,"percentile":0.907,"countPercentile":0.452,"riskLevel":3,"riskScore":0.761,"highway":"secondary","name":"Rue de l'Amiral Cloué","lengthM":61,"yearsFrom":2020,"yearsTo":2023,"metric":"density","trafficSource":"none"},"geometry":{"type":"LineString","coordinates":[[2.274423,48.8471424],[2.2743184,48.8471866],[2.2742826,48.8472011],[2.274133,48.8472638],[2.2739599,48.8473361],[2.2739266,48.84735],[2.2737147,48.8474292]]}},{"type":"Feature","id":"risk-860","properties":{"segmentId":"362885203:0","accidentCount":11,"accidentsPerKm":180.328,"percentile":0.997,"countPercentile":0.929,"riskLevel":3,"riskScore":0.864,"highway":"trunk_link","lengthM":61,"yearsFrom":2020,"yearsTo":2024,"metric":"density","trafficSource":"none"},"geometry":{"type":"LineString","coordinates":[[2.3598647,48.8163722],[2.3597517,48.8163644],[2.3596379,48.8163568],[2.3590969,48.8163903],[2.3590326,48.8163943]]}},{"type":"Feature","id":"risk-861","properties":{"segmentId":"1432622804:0","accidentCount":4,"accidentsPerKm":45.977,"percentile":0.803,"countPercentile":0.453,"riskLevel":2,"riskScore":0.641,"highway":"secondary","name":"Avenue du Bac","lengthM":87,"yearsFrom":2020,"yearsTo":2024,"metric":"density","trafficSource":"none"},"geometry":{"type":"LineString","coordinates":[[2.5049286,48.7970646],[2.5048272,48.7971043],[2.5039152,48.7974653]]}},{"type":"Feature","id":"risk-862","properties":{"segmentId":"22604587:0","accidentCount":10,"accidentsPerKm":48.077,"percentile":0.823,"countPercentile":0.915,"riskLevel":2,"riskScore":0.664,"highway":"secondary","name":"Boulevard Gallieni","lengthM":208,"yearsFrom":2020,"yearsTo":2024,"metric":"density","trafficSource":"none"},"geometry":{"type":"LineString","coordinates":[[2.2675478,48.8278714],[2.267526,48.8279631],[2.2675142,48.8281824],[2.2675055,48.8283437],[2.2674919,48.8285096],[2.2674646,48.8288441],[2.267459,48.8289131],[2.2673821,48.829734]]}},{"type":"Feature","id":"risk-863","properties":{"segmentId":"27867615:0","accidentCount":13,"accidentsPerKm":42.345,"percentile":0.769,"countPercentile":0.953,"riskLevel":2,"riskScore":0.602,"highway":"trunk","name":"Boulevard Périphérique Extérieur","lengthM":307,"yearsFrom":2020,"yearsTo":2024,"metric":"density","trafficSource":"none"},"geometry":{"type":"LineString","coordinates":[[2.3235934,48.9006401],[2.3228781,48.9005968],[2.3222498,48.9005206],[2.3218269,48.9004452],[2.3215364,48.9003823],[2.3211609,48.9002966],[2.3207827,48.9001846],[2.3196164,48.8998358]]}},{"type":"Feature","id":"risk-864","properties":{"segmentId":"184759878:0","accidentCount":15,"accidentsPerKm":67.265,"percentile":0.911,"countPercentile":0.968,"riskLevel":3,"riskScore":0.765,"highway":"trunk","name":"Boulevard Périphérique Extérieur","lengthM":223,"yearsFrom":2020,"yearsTo":2024,"metric":"density","trafficSource":"none"},"geometry":{"type":"LineString","coordinates":[[2.2757996,48.8745508],[2.2754786,48.8741397],[2.2750273,48.8736106],[2.2743312,48.8727945]]}},{"type":"Feature","id":"risk-865","properties":{"segmentId":"23055378:0","accidentCount":4,"accidentsPerKm":56.338,"percentile":0.869,"countPercentile":0.454,"riskLevel":2,"riskScore":0.717,"highway":"trunk_link","lengthM":71,"yearsFrom":2020,"yearsTo":2024,"metric":"density","trafficSource":"none"},"geometry":{"type":"LineString","coordinates":[[2.3848109,48.8254207],[2.3846661,48.8252414],[2.3846059,48.8251533],[2.3843192,48.8248736]]}},{"type":"Feature","id":"risk-866","properties":{"segmentId":"751317794:0","accidentCount":3,"accidentsPerKm":46.154,"percentile":0.805,"countPercentile":0.164,"riskLevel":2,"riskScore":0.643,"highway":"secondary","name":"Rue Monge","lengthM":65,"yearsFrom":2020,"yearsTo":2022,"metric":"density","trafficSource":"none"},"geometry":{"type":"LineString","coordinates":[[2.3516349,48.8466037],[2.3515537,48.8467132],[2.3515226,48.8467552],[2.3513604,48.846974],[2.3512394,48.8471299]]}},{"type":"Feature","id":"risk-867","properties":{"segmentId":"1493366227:0","accidentCount":10,"accidentsPerKm":107.527,"percentile":0.972,"countPercentile":0.916,"riskLevel":3,"riskScore":0.835,"highway":"primary","name":"Boulevard Bessières","lengthM":93,"yearsFrom":2020,"yearsTo":2024,"metric":"density","trafficSource":"none"},"geometry":{"type":"LineString","coordinates":[[2.325407,48.8976473],[2.3253223,48.8976491],[2.3247848,48.8976405],[2.3244305,48.8976353],[2.324143,48.8976174]]}},{"type":"Feature","id":"risk-868","properties":{"segmentId":"449523341:0","accidentCount":5,"accidentsPerKm":78.125,"percentile":0.941,"countPercentile":0.621,"riskLevel":3,"riskScore":0.8,"highway":"secondary","name":"Avenue Foch","lengthM":64,"yearsFrom":2020,"yearsTo":2024,"metric":"density","trafficSource":"none"},"geometry":{"type":"LineString","coordinates":[[2.4997702,48.7991213],[2.4996974,48.7991516],[2.4990745,48.7994034],[2.4990225,48.7994245]]}},{"type":"Feature","id":"risk-869","properties":{"segmentId":"589359232:0","accidentCount":8,"accidentsPerKm":45.198,"percentile":0.797,"countPercentile":0.853,"riskLevel":2,"riskScore":0.634,"highway":"primary","name":"Boulevard Maxime Gorki","lengthM":177,"yearsFrom":2020,"yearsTo":2023,"metric":"density","trafficSource":"none"},"geometry":{"type":"LineString","coordinates":[[2.3695639,48.7911735],[2.369597,48.7913664],[2.3696087,48.7915745],[2.369592,48.7916726],[2.3695885,48.791693],[2.3695853,48.7917122],[2.369569,48.7918081],[2.3694881,48.7922852],[2.369413,48.792625],[2.3693822,48.7927568]]}},{"type":"Feature","id":"risk-870","properties":{"segmentId":"197340114:0","accidentCount":3,"accidentsPerKm":40.541,"percentile":0.75,"countPercentile":0.165,"riskLevel":2,"riskScore":0.58,"highway":"tertiary","name":"Rue du Vieux Colombier","lengthM":74,"yearsFrom":2020,"yearsTo":2024,"metric":"density","trafficSource":"none"},"geometry":{"type":"LineString","coordinates":[[2.3329009,48.8512897],[2.3327834,48.8513017],[2.3321576,48.8513593],[2.3320553,48.8513677],[2.3319045,48.85138]]}},{"type":"Feature","id":"risk-871","properties":{"segmentId":"1456690391:0","accidentCount":4,"accidentsPerKm":59.701,"percentile":0.882,"countPercentile":0.455,"riskLevel":2,"riskScore":0.732,"highway":"primary","name":"Avenue de Stalingrad","lengthM":67,"yearsFrom":2020,"yearsTo":2024,"metric":"density","trafficSource":"none"},"geometry":{"type":"LineString","coordinates":[[2.3726618,48.9471469],[2.3735385,48.9473094]]}},{"type":"Feature","id":"risk-872","properties":{"segmentId":"41872851:0","accidentCount":12,"accidentsPerKm":41.958,"percentile":0.764,"countPercentile":0.941,"riskLevel":2,"riskScore":0.596,"highway":"primary","name":"Avenue de Wagram","lengthM":286,"yearsFrom":2020,"yearsTo":2023,"metric":"density","trafficSource":"none"},"geometry":{"type":"LineString","coordinates":[[2.2960232,48.8751368],[2.2960695,48.8751991],[2.2961769,48.8753505],[2.2962423,48.8754383],[2.2965147,48.8758168],[2.2965316,48.8758402],[2.2966395,48.875988],[2.2966552,48.87601],[2.2968292,48.8762526],[2.2968738,48.8763148],[2.29718,48.8767306],[2.2977185,48.8774561]]}},{"type":"Feature","id":"risk-873","properties":{"segmentId":"34678160:0","accidentCount":5,"accidentsPerKm":53.763,"percentile":0.859,"countPercentile":0.621,"riskLevel":2,"riskScore":0.705,"highway":"primary","name":"Boulevard Haussmann","lengthM":93,"yearsFrom":2020,"yearsTo":2022,"metric":"density","trafficSource":"none"},"geometry":{"type":"LineString","coordinates":[[2.3330174,48.8729871],[2.3329351,48.8729972],[2.331769,48.8731474]]}},{"type":"Feature","id":"risk-874","properties":{"segmentId":"1189910069:0","accidentCount":4,"accidentsPerKm":40,"percentile":0.744,"countPercentile":0.455,"riskLevel":1,"riskScore":0.573,"highway":"primary","name":"Rue Jean Jaurès","lengthM":100,"yearsFrom":2020,"yearsTo":2023,"metric":"density","trafficSource":"none"},"geometry":{"type":"LineString","coordinates":[[2.4341896,48.7940993],[2.4342437,48.793892],[2.4342532,48.7938556],[2.4342793,48.7937758],[2.4343129,48.7936523],[2.4343313,48.7935688],[2.4343369,48.7935461],[2.4344236,48.79321]]}},{"type":"Feature","id":"risk-875","properties":{"segmentId":"755634515:0","accidentCount":7,"accidentsPerKm":52.239,"percentile":0.853,"countPercentile":0.796,"riskLevel":2,"riskScore":0.698,"highway":"trunk","name":"Boulevard Périphérique Intérieur","lengthM":134,"yearsFrom":2020,"yearsTo":2023,"metric":"density","trafficSource":"none"},"geometry":{"type":"LineString","coordinates":[[2.3220046,48.9003212],[2.3224731,48.9003985],[2.322773,48.9004292],[2.3235142,48.9004519],[2.3238152,48.9004611]]}},{"type":"Feature","id":"risk-876","properties":{"segmentId":"53396278:0","accidentCount":5,"accidentsPerKm":78.125,"percentile":0.941,"countPercentile":0.622,"riskLevel":3,"riskScore":0.8,"highway":"primary","name":"Quai de Grenelle","lengthM":64,"yearsFrom":2020,"yearsTo":2023,"metric":"density","trafficSource":"none"},"geometry":{"type":"LineString","coordinates":[[2.2816662,48.849313],[2.2817596,48.8493894],[2.2818011,48.8494233],[2.2820249,48.8495898],[2.2821804,48.8497742]]}},{"type":"Feature","id":"risk-877","properties":{"segmentId":"110801688:0","accidentCount":7,"accidentsPerKm":52.632,"percentile":0.854,"countPercentile":0.796,"riskLevel":2,"riskScore":0.7,"highway":"tertiary","name":"Rue Didot","lengthM":133,"yearsFrom":2020,"yearsTo":2024,"metric":"density","trafficSource":"none"},"geometry":{"type":"LineString","coordinates":[[2.3179875,48.8296807],[2.3180492,48.829722],[2.319124,48.8304401],[2.3191755,48.8304744],[2.319263,48.8305326]]}},{"type":"Feature","id":"risk-878","properties":{"segmentId":"173218658:0","accidentCount":10,"accidentsPerKm":53.191,"percentile":0.857,"countPercentile":0.916,"riskLevel":2,"riskScore":0.703,"highway":"secondary","name":"Boulevard du Général Leclerc","lengthM":188,"yearsFrom":2020,"yearsTo":2024,"metric":"density","trafficSource":"none"},"geometry":{"type":"LineString","coordinates":[[2.3147759,48.9016918],[2.3146863,48.9017661],[2.3142737,48.9021049],[2.3141685,48.9021871],[2.31391,48.902389],[2.3138158,48.9024672],[2.3137279,48.9025402],[2.3135481,48.9026962],[2.3134569,48.9027726],[2.3132895,48.9029129],[2.3131701,48.903013]]}},{"type":"Feature","id":"risk-879","properties":{"segmentId":"233180600:0","accidentCount":9,"accidentsPerKm":49.18,"percentile":0.831,"countPercentile":0.889,"riskLevel":2,"riskScore":0.673,"highway":"primary","name":"Avenue de la Porte de Vincennes","lengthM":183,"yearsFrom":2020,"yearsTo":2023,"metric":"density","trafficSource":"none"},"geometry":{"type":"LineString","coordinates":[[2.4113918,48.8469218],[2.4115717,48.8469353],[2.4116011,48.8469375],[2.4116544,48.8469339],[2.4119145,48.8469136],[2.4134896,48.8467898],[2.4135317,48.846787],[2.4137283,48.8467428],[2.4138542,48.8467132]]}},{"type":"Feature","id":"risk-880","properties":{"segmentId":"536837280:0","accidentCount":6,"accidentsPerKm":52.632,"percentile":0.855,"countPercentile":0.724,"riskLevel":2,"riskScore":0.701,"highway":"primary","name":"Rue de la Chapelle","lengthM":114,"yearsFrom":2020,"yearsTo":2024,"metric":"density","trafficSource":"none"},"geometry":{"type":"LineString","coordinates":[[2.3591852,48.8974724],[2.3591969,48.8972617],[2.3591995,48.8972145],[2.3592017,48.8971753],[2.3592054,48.8971075],[2.3592164,48.8970198],[2.3592215,48.8969663],[2.3592591,48.8964508]]}},{"type":"Feature","id":"risk-881","properties":{"segmentId":"670976950:0","accidentCount":7,"accidentsPerKm":47.945,"percentile":0.822,"countPercentile":0.796,"riskLevel":2,"riskScore":0.663,"highway":"secondary","name":"Avenue de la République","lengthM":146,"yearsFrom":2020,"yearsTo":2023,"metric":"density","trafficSource":"none"},"geometry":{"type":"LineString","coordinates":[[2.3852298,48.9106082],[2.3852929,48.9105335],[2.3858773,48.9099425],[2.3860431,48.9097732],[2.3861574,48.9096574],[2.3863033,48.9095048]]}},{"type":"Feature","id":"risk-882","properties":{"segmentId":"591064233:1","accidentCount":5,"accidentsPerKm":50,"percentile":0.839,"countPercentile":0.623,"riskLevel":2,"riskScore":0.682,"highway":"tertiary","name":"Rue Maurice Arnoux","lengthM":100,"yearsFrom":2020,"yearsTo":2022,"metric":"density","trafficSource":"none"},"geometry":{"type":"LineString","coordinates":[[2.3118473,48.8172304],[2.3118281,48.8171752],[2.3118146,48.8171362],[2.3116151,48.8166194],[2.3115858,48.8165432],[2.3115252,48.8163941],[2.3115125,48.8163629]]}},{"type":"Feature","id":"risk-883","properties":{"segmentId":"35213980:1","accidentCount":8,"accidentsPerKm":74.766,"percentile":0.934,"countPercentile":0.853,"riskLevel":3,"riskScore":0.792,"highway":"secondary","name":"Boulevard Louise Michel","lengthM":107,"yearsFrom":2020,"yearsTo":2023,"metric":"density","trafficSource":"none"},"geometry":{"type":"LineString","coordinates":[[2.3204756,48.9225745],[2.3205836,48.9226734],[2.3206903,48.9227703],[2.3210445,48.9230921],[2.3212052,48.9232423],[2.3212262,48.9232618],[2.321327,48.9233529]]}},{"type":"Feature","id":"risk-884","properties":{"segmentId":"14304994:0","accidentCount":12,"accidentsPerKm":107.143,"percentile":0.972,"countPercentile":0.942,"riskLevel":3,"riskScore":0.835,"highway":"motorway","lengthM":112,"yearsFrom":2020,"yearsTo":2024,"metric":"density","trafficSource":"tmja","tmja":92091,"tmjaDistM":4,"tmjaMeasureYear":2019,"accidentsPer100MVehKm":63.75,"tmjaPercentile":0.966},"geometry":{"type":"LineString","coordinates":[[2.2969834,48.9382502],[2.2976801,48.9378619],[2.2981519,48.937599]]}},{"type":"Feature","id":"risk-885","properties":{"segmentId":"24663187:0","accidentCount":10,"accidentsPerKm":161.29,"percentile":0.995,"countPercentile":0.916,"riskLevel":3,"riskScore":0.862,"highway":"primary","name":"Avenue de Versailles","lengthM":62,"yearsFrom":2020,"yearsTo":2024,"metric":"density","trafficSource":"none"},"geometry":{"type":"LineString","coordinates":[[2.2654788,48.8409634],[2.2656325,48.8410431],[2.2657936,48.8411253],[2.26582,48.8411403],[2.2661229,48.8412973],[2.2661489,48.8413098]]}},{"type":"Feature","id":"risk-886","properties":{"segmentId":"10231221:0","accidentCount":16,"accidentsPerKm":47.761,"percentile":0.821,"countPercentile":0.977,"riskLevel":2,"riskScore":0.662,"highway":"trunk","name":"Boulevard Périphérique Extérieur","lengthM":335,"yearsFrom":2020,"yearsTo":2024,"metric":"density","trafficSource":"none"},"geometry":{"type":"LineString","coordinates":[[2.4142207,48.8569388],[2.4143233,48.8582066],[2.4143258,48.8589248],[2.4141995,48.8599432]]}},{"type":"Feature","id":"risk-887","properties":{"segmentId":"156857308:0","accidentCount":6,"accidentsPerKm":96.774,"percentile":0.963,"countPercentile":0.724,"riskLevel":3,"riskScore":0.825,"highway":"tertiary","name":"Avenue de la Porte Chaumont","lengthM":62,"yearsFrom":2020,"yearsTo":2023,"metric":"density","trafficSource":"none"},"geometry":{"type":"LineString","coordinates":[[2.3977151,48.886073],[2.3968884,48.8861855]]}},{"type":"Feature","id":"risk-888","properties":{"segmentId":"34673103:0","accidentCount":7,"accidentsPerKm":67.308,"percentile":0.911,"countPercentile":0.797,"riskLevel":3,"riskScore":0.765,"highway":"tertiary","name":"Rue d'Avron","lengthM":104,"yearsFrom":2020,"yearsTo":2024,"metric":"density","trafficSource":"none"},"geometry":{"type":"LineString","coordinates":[[2.4061085,48.8526951],[2.4062503,48.8527197],[2.4065229,48.8527673],[2.4066132,48.8527831],[2.406731,48.852804],[2.4074878,48.8529381]]}},{"type":"Feature","id":"risk-889","properties":{"segmentId":"1217037279:0","accidentCount":4,"accidentsPerKm":63.492,"percentile":0.899,"countPercentile":0.456,"riskLevel":2,"riskScore":0.751,"highway":"tertiary","name":"Avenue Parmentier","lengthM":63,"yearsFrom":2020,"yearsTo":2023,"metric":"density","trafficSource":"none"},"geometry":{"type":"LineString","coordinates":[[2.3724162,48.8681156],[2.3722937,48.8682824],[2.3722559,48.8683331],[2.3720388,48.8686276]]}},{"type":"Feature","id":"risk-890","properties":{"segmentId":"31140480:0","accidentCount":7,"accidentsPerKm":76.923,"percentile":0.939,"countPercentile":0.798,"riskLevel":3,"riskScore":0.797,"highway":"tertiary","name":"Rue de Bagnolet","lengthM":91,"yearsFrom":2020,"yearsTo":2024,"metric":"density","trafficSource":"none"},"geometry":{"type":"LineString","coordinates":[[2.4021238,48.8591448],[2.4022651,48.859233],[2.4024891,48.8593467],[2.4027604,48.8594868],[2.4029961,48.8596132],[2.4030888,48.859666]]}},{"type":"Feature","id":"risk-891","properties":{"segmentId":"694164003:0","accidentCount":5,"accidentsPerKm":73.529,"percentile":0.931,"countPercentile":0.624,"riskLevel":3,"riskScore":0.788,"highway":"primary","name":"Avenue de Flandre","lengthM":68,"yearsFrom":2020,"yearsTo":2024,"metric":"density","trafficSource":"none"},"geometry":{"type":"LineString","coordinates":[[2.3822734,48.8947381],[2.382159,48.8946945],[2.3816152,48.8944877],[2.3814641,48.8944376]]}},{"type":"Feature","id":"risk-892","properties":{"segmentId":"93995405:0","accidentCount":9,"accidentsPerKm":64.286,"percentile":0.902,"countPercentile":0.89,"riskLevel":3,"riskScore":0.755,"highway":"trunk_link","lengthM":140,"yearsFrom":2020,"yearsTo":2024,"metric":"density","trafficSource":"none"},"geometry":{"type":"LineString","coordinates":[[2.3322915,48.9005052],[2.332786,48.9005214],[2.3332893,48.9005659],[2.3341795,48.9006765]]}},{"type":"Feature","id":"risk-893","properties":{"segmentId":"4234143:0","accidentCount":4,"accidentsPerKm":51.948,"percentile":0.851,"countPercentile":0.456,"riskLevel":2,"riskScore":0.696,"highway":"tertiary","name":"Rue de Castiglione","lengthM":77,"yearsFrom":2020,"yearsTo":2024,"metric":"density","trafficSource":"none"},"geometry":{"type":"LineString","coordinates":[[2.3273072,48.8653522],[2.3273546,48.8653983],[2.3273801,48.8654233],[2.3278366,48.8658719],[2.3278927,48.8659313]]}},{"type":"Feature","id":"risk-894","properties":{"segmentId":"364913374:0","accidentCount":5,"accidentsPerKm":52.632,"percentile":0.855,"countPercentile":0.625,"riskLevel":2,"riskScore":0.701,"highway":"tertiary","name":"Rue Curial","lengthM":95,"yearsFrom":2020,"yearsTo":2021,"metric":"density","trafficSource":"none"},"geometry":{"type":"LineString","coordinates":[[2.3727474,48.8924484],[2.3727958,48.8925585],[2.3728956,48.892783],[2.3729535,48.8929134],[2.3730996,48.8932258],[2.3731164,48.8932695]]}},{"type":"Feature","id":"risk-895","properties":{"segmentId":"34856901:0","accidentCount":4,"accidentsPerKm":60.606,"percentile":0.886,"countPercentile":0.457,"riskLevel":2,"riskScore":0.736,"highway":"secondary","name":"Boulevard de Port-Royal","lengthM":66,"yearsFrom":2020,"yearsTo":2023,"metric":"density","trafficSource":"none"},"geometry":{"type":"LineString","coordinates":[[2.3375854,48.8394603],[2.3374368,48.8395021],[2.3373935,48.8395143],[2.3372598,48.8395524],[2.3369745,48.839629],[2.336946,48.8396362],[2.3367591,48.8396872]]}},{"type":"Feature","id":"risk-896","properties":{"segmentId":"607084661:0","accidentCount":6,"accidentsPerKm":70.588,"percentile":0.922,"countPercentile":0.724,"riskLevel":3,"riskScore":0.778,"highway":"trunk","name":"Boulevard Périphérique Intérieur","lengthM":85,"yearsFrom":2020,"yearsTo":2024,"metric":"density","trafficSource":"none"},"geometry":{"type":"LineString","coordinates":[[2.4124136,48.8369102],[2.4123477,48.8367399],[2.4121414,48.8361683]]}},{"type":"Feature","id":"risk-897","properties":{"segmentId":"17243509:0","accidentCount":9,"accidentsPerKm":80.357,"percentile":0.946,"countPercentile":0.89,"riskLevel":3,"riskScore":0.805,"highway":"tertiary","name":"Rue Pasquier","lengthM":112,"yearsFrom":2020,"yearsTo":2024,"metric":"density","trafficSource":"none"},"geometry":{"type":"LineString","coordinates":[[2.3238335,48.8751864],[2.3238128,48.8751],[2.3238878,48.8746059],[2.3239096,48.8744625],[2.3239168,48.8743103],[2.3239231,48.8741867]]}},{"type":"Feature","id":"risk-898","properties":{"segmentId":"106705429:0","accidentCount":9,"accidentsPerKm":54.545,"percentile":0.863,"countPercentile":0.89,"riskLevel":2,"riskScore":0.71,"highway":"secondary","name":"Boulevard de Champigny","lengthM":165,"yearsFrom":2020,"yearsTo":2024,"metric":"density","trafficSource":"none"},"geometry":{"type":"LineString","coordinates":[[2.509104,48.8078242],[2.5091128,48.8078537],[2.5091175,48.8078745],[2.509138,48.8079644],[2.5092401,48.8082914],[2.5093903,48.8087257],[2.5096076,48.8092677]]}},{"type":"Feature","id":"risk-899","properties":{"segmentId":"68778702:0","accidentCount":3,"accidentsPerKm":46.154,"percentile":0.805,"countPercentile":0.17,"riskLevel":2,"riskScore":0.643,"highway":"secondary","name":"Avenue de la République","lengthM":65,"yearsFrom":2020,"yearsTo":2023,"metric":"density","trafficSource":"tmja","tmja":166109,"tmjaDistM":397,"tmjaMeasureYear":2019,"accidentsPer100MVehKm":19.031,"tmjaPercentile":0.744},"geometry":{"type":"LineString","coordinates":[[2.5096216,48.826444],[2.5096773,48.8265744],[2.5096866,48.8266004],[2.5097044,48.8266333],[2.5097346,48.8266692],[2.5097919,48.8267112],[2.5098513,48.8267461],[2.5101,48.8269164]]}},{"type":"Feature","id":"risk-900","properties":{"segmentId":"130574652:0","accidentCount":3,"accidentsPerKm":39.474,"percentile":0.739,"countPercentile":0.17,"riskLevel":1,"riskScore":0.567,"highway":"tertiary","name":"Rue Paul Bert","lengthM":76,"yearsFrom":2020,"yearsTo":2024,"metric":"density","trafficSource":"none"},"geometry":{"type":"LineString","coordinates":[[2.2438191,48.9314579],[2.2440075,48.9312361],[2.2440737,48.931158],[2.2441022,48.9311227],[2.2441197,48.9311025],[2.2441494,48.9310665],[2.2443448,48.9309293],[2.2444006,48.9308958]]}},{"type":"Feature","id":"risk-901","properties":{"segmentId":"685596472:0","accidentCount":5,"accidentsPerKm":43.86,"percentile":0.785,"countPercentile":0.626,"riskLevel":2,"riskScore":0.62,"highway":"tertiary","name":"Rue Henri Barbusse","lengthM":114,"yearsFrom":2020,"yearsTo":2024,"metric":"density","trafficSource":"none"},"geometry":{"type":"LineString","coordinates":[[2.3035173,48.8988526],[2.3034673,48.8988324],[2.3022636,48.8983386],[2.3021885,48.898309]]}},{"type":"Feature","id":"risk-902","properties":{"segmentId":"607084654:0","accidentCount":6,"accidentsPerKm":50,"percentile":0.839,"countPercentile":0.725,"riskLevel":2,"riskScore":0.682,"highway":"trunk_link","lengthM":120,"yearsFrom":2020,"yearsTo":2022,"metric":"density","trafficSource":"none"},"geometry":{"type":"LineString","coordinates":[[2.410732,48.8341933],[2.4108078,48.8343392],[2.4108452,48.8343811],[2.4109084,48.8344341],[2.4111538,48.834581],[2.4114959,48.8348195],[2.4117619,48.8350178]]}},{"type":"Feature","id":"risk-903","properties":{"segmentId":"258169387:0","accidentCount":7,"accidentsPerKm":86.42,"percentile":0.954,"countPercentile":0.798,"riskLevel":3,"riskScore":0.815,"highway":"secondary","name":"Rue Barbès","lengthM":81,"yearsFrom":2020,"yearsTo":2023,"metric":"density","trafficSource":"none"},"geometry":{"type":"LineString","coordinates":[[2.3300973,48.817188],[2.3298744,48.8172176],[2.3295274,48.8172432],[2.3293778,48.8172503],[2.3291123,48.8172723],[2.3290692,48.8172744],[2.3290342,48.8172759],[2.3289955,48.8172779]]}},{"type":"Feature","id":"risk-904","properties":{"segmentId":"378989500:0","accidentCount":3,"accidentsPerKm":44.118,"percentile":0.79,"countPercentile":0.173,"riskLevel":2,"riskScore":0.626,"highway":"secondary","name":"Rue de Pont-à-Mousson","lengthM":68,"yearsFrom":2020,"yearsTo":2020,"metric":"density","trafficSource":"none"},"geometry":{"type":"LineString","coordinates":[[2.3240319,48.8981284],[2.3238784,48.8986917],[2.3238469,48.8987198]]}},{"type":"Feature","id":"risk-905","properties":{"segmentId":"35546463:0","accidentCount":4,"accidentsPerKm":38.095,"percentile":0.723,"countPercentile":0.459,"riskLevel":1,"riskScore":0.549,"highway":"primary","name":"Rue Paul Vaillant-Couturier","lengthM":105,"yearsFrom":2020,"yearsTo":2023,"metric":"density","trafficSource":"none"},"geometry":{"type":"LineString","coordinates":[[2.2044455,48.8825215],[2.2045244,48.8823783],[2.2045484,48.8823456],[2.2046899,48.8821529],[2.2047222,48.8821085],[2.2047793,48.8820339],[2.2049095,48.8819098],[2.2050248,48.8818054],[2.2051527,48.8817116]]}},{"type":"Feature","id":"risk-906","properties":{"segmentId":"879320960:0","accidentCount":4,"accidentsPerKm":51.282,"percentile":0.848,"countPercentile":0.459,"riskLevel":2,"riskScore":0.693,"highway":"secondary","name":"Boulevard Voltaire","lengthM":78,"yearsFrom":2020,"yearsTo":2022,"metric":"density","trafficSource":"none"},"geometry":{"type":"LineString","coordinates":[[2.3659311,48.866255],[2.3656962,48.8663936],[2.36538,48.8665802],[2.3653403,48.866604],[2.3651418,48.8667247]]}},{"type":"Feature","id":"risk-907","properties":{"segmentId":"9923623:0","accidentCount":4,"accidentsPerKm":47.059,"percentile":0.815,"countPercentile":0.46,"riskLevel":2,"riskScore":0.655,"highway":"motorway","lengthM":85,"yearsFrom":2020,"yearsTo":2022,"metric":"density","trafficSource":"tmja","tmja":183813,"tmjaDistM":19,"tmjaMeasureYear":2019,"accidentsPer100MVehKm":23.38,"tmjaPercentile":0.809},"geometry":{"type":"LineString","coordinates":[[2.4491323,48.8110214],[2.4491439,48.8112768],[2.4491425,48.8115323],[2.4491282,48.8117876]]}},{"type":"Feature","id":"risk-908","properties":{"segmentId":"30001177:0","accidentCount":7,"accidentsPerKm":38.889,"percentile":0.731,"countPercentile":0.799,"riskLevel":1,"riskScore":0.558,"highway":"primary","name":"Boulevard Maxime Gorki","lengthM":180,"yearsFrom":2020,"yearsTo":2023,"metric":"density","trafficSource":"none"},"geometry":{"type":"LineString","coordinates":[[2.3678038,48.797545],[2.3678119,48.7975207],[2.3679827,48.7970781],[2.3681272,48.7966959],[2.3683424,48.7960888],[2.3683769,48.795972]]}},{"type":"Feature","id":"risk-909","properties":{"segmentId":"4411090:0","accidentCount":3,"accidentsPerKm":46.154,"percentile":0.806,"countPercentile":0.176,"riskLevel":2,"riskScore":0.644,"highway":"primary","name":"Boulevard Henri Sellier","lengthM":65,"yearsFrom":2020,"yearsTo":2022,"metric":"density","trafficSource":"none"},"geometry":{"type":"LineString","coordinates":[[2.2285874,48.8671107],[2.2284348,48.8671916],[2.2283725,48.8672184],[2.2283067,48.8672399],[2.2278839,48.8673516],[2.2278368,48.8673648],[2.2278077,48.8673735]]}},{"type":"Feature","id":"risk-910","properties":{"segmentId":"44844886:0","accidentCount":13,"accidentsPerKm":42.623,"percentile":0.772,"countPercentile":0.953,"riskLevel":2,"riskScore":0.605,"highway":"trunk","name":"Boulevard Périphérique Intérieur","lengthM":305,"yearsFrom":2020,"yearsTo":2024,"metric":"density","trafficSource":"none"},"geometry":{"type":"LineString","coordinates":[[2.3366949,48.8168211],[2.336403,48.8168314],[2.3361283,48.8168534],[2.3358526,48.8168921],[2.3353891,48.8170164],[2.3351323,48.8171086],[2.3348798,48.8172357],[2.3341234,48.8177659],[2.333321,48.8182604]]}},{"type":"Feature","id":"risk-911","properties":{"segmentId":"30140680:0","accidentCount":3,"accidentsPerKm":38.462,"percentile":0.728,"countPercentile":0.181,"riskLevel":1,"riskScore":0.555,"highway":"secondary","name":"Rue Pierre Semard","lengthM":78,"yearsFrom":2020,"yearsTo":2023,"metric":"density","trafficSource":"none"},"geometry":{"type":"LineString","coordinates":[[2.4807214,48.9299026],[2.480332,48.929616],[2.4802,48.9295733],[2.4800734,48.9295804],[2.4800012,48.9295954],[2.4798807,48.9296357]]}},{"type":"Feature","id":"risk-912","properties":{"segmentId":"14017134:1","accidentCount":5,"accidentsPerKm":46.296,"percentile":0.809,"countPercentile":0.629,"riskLevel":2,"riskScore":0.648,"highway":"motorway","lengthM":108,"yearsFrom":2020,"yearsTo":2022,"metric":"density","trafficSource":"tmja","tmja":131984,"tmjaDistM":183,"tmjaMeasureYear":2019,"accidentsPer100MVehKm":32.034,"tmjaPercentile":0.877},"geometry":{"type":"LineString","coordinates":[[2.4301303,48.8700147],[2.4292241,48.8692454]]}},{"type":"Feature","id":"risk-913","properties":{"segmentId":"526288351:0","accidentCount":5,"accidentsPerKm":42.373,"percentile":0.77,"countPercentile":0.629,"riskLevel":2,"riskScore":0.603,"highway":"secondary","name":"Avenue Marx Dormoy","lengthM":118,"yearsFrom":2020,"yearsTo":2024,"metric":"density","trafficSource":"none"},"geometry":{"type":"LineString","coordinates":[[2.3144315,48.8101159],[2.3142664,48.810131],[2.3134354,48.8102008],[2.312916,48.8102473],[2.3128349,48.8102545]]}},{"type":"Feature","id":"risk-914","properties":{"segmentId":"145170884:1","accidentCount":13,"accidentsPerKm":46.099,"percentile":0.804,"countPercentile":0.954,"riskLevel":2,"riskScore":0.642,"highway":"tertiary","name":"Rue d'Aubervilliers","lengthM":282,"yearsFrom":2020,"yearsTo":2024,"metric":"density","trafficSource":"none"},"geometry":{"type":"LineString","coordinates":[[2.3682071,48.8898438],[2.3681887,48.8898018],[2.3681599,48.8897423],[2.3681514,48.8897229],[2.3681174,48.889688],[2.3680447,48.8896062],[2.367699,48.8889094],[2.3675539,48.8885941],[2.3675134,48.8885104],[2.3674212,48.8882808],[2.3671748,48.8876033],[2.3670952,48.8874183]]}},{"type":"Feature","id":"risk-915","properties":{"segmentId":"493983962:0","accidentCount":5,"accidentsPerKm":44.248,"percentile":0.791,"countPercentile":0.63,"riskLevel":2,"riskScore":0.627,"highway":"motorway","lengthM":113,"yearsFrom":2020,"yearsTo":2024,"metric":"density","trafficSource":"tmja","tmja":128065,"tmjaDistM":219,"tmjaMeasureYear":2019,"accidentsPer100MVehKm":18.932,"tmjaPercentile":0.741},"geometry":{"type":"LineString","coordinates":[[2.48308,48.8625522],[2.4829071,48.8631332],[2.482748,48.8635445]]}},{"type":"Feature","id":"risk-916","properties":{"segmentId":"584130084:1","accidentCount":7,"accidentsPerKm":86.42,"percentile":0.954,"countPercentile":0.8,"riskLevel":3,"riskScore":0.815,"highway":"primary","name":"Boulevard Mortier","lengthM":81,"yearsFrom":2020,"yearsTo":2024,"metric":"density","trafficSource":"tmja","tmja":131984,"tmjaDistM":340,"tmjaMeasureYear":2019,"accidentsPer100MVehKm":35.878,"tmjaPercentile":0.895},"geometry":{"type":"LineString","coordinates":[[2.4087213,48.8653798],[2.4086967,48.8650799],[2.4086591,48.8648636],[2.4086552,48.864841],[2.4086499,48.8648101],[2.4086471,48.8647707],[2.4086357,48.8646564]]}},{"type":"Feature","id":"risk-917","properties":{"segmentId":"635180328:0","accidentCount":3,"accidentsPerKm":43.478,"percentile":0.78,"countPercentile":0.183,"riskLevel":2,"riskScore":0.614,"highway":"secondary","name":"Rue du Général Leclerc","lengthM":69,"yearsFrom":2020,"yearsTo":2021,"metric":"density","trafficSource":"none"},"geometry":{"type":"LineString","coordinates":[[2.5115321,48.7774492],[2.5116399,48.7779358],[2.5116687,48.7780622]]}},{"type":"Feature","id":"risk-918","properties":{"segmentId":"431550730:0","accidentCount":12,"accidentsPerKm":37.975,"percentile":0.721,"countPercentile":0.942,"riskLevel":1,"riskScore":0.547,"highway":"motorway","name":"Autoroute de l’Est","lengthM":316,"yearsFrom":2020,"yearsTo":2024,"metric":"density","trafficSource":"tmja","tmja":166109,"tmjaDistM":99,"tmjaMeasureYear":2019,"accidentsPer100MVehKm":12.527,"tmjaPercentile":0.616},"geometry":{"type":"LineString","coordinates":[[2.5411612,48.8363234],[2.5406609,48.8361755],[2.5401451,48.8360107],[2.5395803,48.8358056],[2.5383625,48.8352978],[2.5374348,48.8348955]]}},{"type":"Feature","id":"risk-919","properties":{"segmentId":"3127185:0","accidentCount":7,"accidentsPerKm":41.42,"percentile":0.756,"countPercentile":0.8,"riskLevel":2,"riskScore":0.587,"highway":"secondary","name":"Boulevard Diderot","lengthM":169,"yearsFrom":2020,"yearsTo":2022,"metric":"density","trafficSource":"none"},"geometry":{"type":"LineString","coordinates":[[2.3928506,48.8480382],[2.3926825,48.848021],[2.392275,48.8479748],[2.3920682,48.8479514],[2.391175,48.8478502],[2.3907375,48.8478007],[2.3905698,48.8477817]]}},{"type":"Feature","id":"risk-920","properties":{"segmentId":"35744484:0","accidentCount":3,"accidentsPerKm":45.455,"percentile":0.8,"countPercentile":0.184,"riskLevel":2,"riskScore":0.638,"highway":"tertiary","name":"Avenue Henri Ginoux","lengthM":66,"yearsFrom":2020,"yearsTo":2024,"metric":"density","trafficSource":"none"},"geometry":{"type":"LineString","coordinates":[[2.322317,48.8180247],[2.3222478,48.8179665],[2.3222021,48.8179198],[2.3221188,48.8177925],[2.3219549,48.8175397],[2.3219237,48.8174915]]}},{"type":"Feature","id":"risk-921","properties":{"segmentId":"1217037281:0","accidentCount":6,"accidentsPerKm":75,"percentile":0.935,"countPercentile":0.728,"riskLevel":3,"riskScore":0.793,"highway":"tertiary","name":"Avenue Parmentier","lengthM":80,"yearsFrom":2020,"yearsTo":2024,"metric":"density","trafficSource":"none"},"geometry":{"type":"LineString","coordinates":[[2.3717415,48.8690301],[2.3715376,48.8693078],[2.3712647,48.8696783]]}},{"type":"Feature","id":"risk-922","properties":{"segmentId":"24594011:0","accidentCount":6,"accidentsPerKm":37.975,"percentile":0.721,"countPercentile":0.728,"riskLevel":1,"riskScore":0.547,"highway":"secondary","name":"Rue Albert Dhalenne","lengthM":158,"yearsFrom":2020,"yearsTo":2023,"metric":"density","trafficSource":"none"},"geometry":{"type":"LineString","coordinates":[[2.3313312,48.915311],[2.3312334,48.9154193],[2.3309446,48.9157363],[2.3304678,48.9162548],[2.3303592,48.9163857],[2.3303066,48.9164669],[2.330266,48.9165479]]}},{"type":"Feature","id":"risk-923","properties":{"segmentId":"606371102:0","accidentCount":3,"accidentsPerKm":37.975,"percentile":0.722,"countPercentile":0.185,"riskLevel":1,"riskScore":0.548,"highway":"secondary","name":"Avenue Daumesnil","lengthM":79,"yearsFrom":2020,"yearsTo":2024,"metric":"density","trafficSource":"none"},"geometry":{"type":"LineString","coordinates":[[2.3927553,48.8402876],[2.3928403,48.8402676],[2.3928634,48.8402626],[2.3929159,48.8402513],[2.3937743,48.8400552]]}},{"type":"Feature","id":"risk-924","properties":{"segmentId":"890488018:0","accidentCount":5,"accidentsPerKm":60.241,"percentile":0.884,"countPercentile":0.632,"riskLevel":2,"riskScore":0.734,"highway":"primary","name":"Avenue François Mitterrand","lengthM":83,"yearsFrom":2020,"yearsTo":2024,"metric":"density","trafficSource":"tmja","tmja":77009,"tmjaDistM":442,"tmjaMeasureYear":2019,"accidentsPer100MVehKm":42.863,"tmjaPercentile":0.922},"geometry":{"type":"LineString","coordinates":[[2.3714443,48.7087533],[2.3714382,48.7088717],[2.3714302,48.709225],[2.3714249,48.7094989]]}},{"type":"Feature","id":"risk-925","properties":{"segmentId":"905752680:0","accidentCount":10,"accidentsPerKm":86.957,"percentile":0.955,"countPercentile":0.917,"riskLevel":3,"riskScore":0.816,"highway":"secondary","name":"Avenue de Clichy","lengthM":115,"yearsFrom":2020,"yearsTo":2024,"metric":"density","trafficSource":"none"},"geometry":{"type":"LineString","coordinates":[[2.317309,48.8922484],[2.3175119,48.8921352],[2.3175403,48.8921194],[2.317743,48.8920008],[2.3179152,48.8918856],[2.3179457,48.8918669],[2.3183312,48.8916499],[2.3184769,48.8915587]]}},{"type":"Feature","id":"risk-926","properties":{"segmentId":"776941048:0","accidentCount":3,"accidentsPerKm":42.857,"percentile":0.776,"countPercentile":0.187,"riskLevel":2,"riskScore":0.61,"highway":"secondary","name":"Allée de Montfermeil","lengthM":70,"yearsFrom":2020,"yearsTo":2024,"metric":"density","trafficSource":"none"},"geometry":{"type":"LineString","coordinates":[[2.5402893,48.8992922],[2.5402075,48.8992995],[2.5399138,48.8993172],[2.5398388,48.8993234],[2.5396236,48.8993255],[2.5394792,48.8993111],[2.5393419,48.8992887]]}},{"type":"Feature","id":"risk-927","properties":{"segmentId":"216601412:0","accidentCount":3,"accidentsPerKm":37.975,"percentile":0.722,"countPercentile":0.187,"riskLevel":1,"riskScore":0.548,"highway":"secondary","name":"Avenue du 18 Juin 1940","lengthM":79,"yearsFrom":2020,"yearsTo":2021,"metric":"density","trafficSource":"none"},"geometry":{"type":"LineString","coordinates":[[2.1964421,48.8676894],[2.1964917,48.8676829],[2.1965736,48.8676674],[2.197423,48.8675389],[2.1974961,48.867524]]}},{"type":"Feature","id":"risk-928","properties":{"segmentId":"332194891:0","accidentCount":3,"accidentsPerKm":44.118,"percentile":0.79,"countPercentile":0.187,"riskLevel":2,"riskScore":0.626,"highway":"tertiary","name":"Rue Paul Bert","lengthM":68,"yearsFrom":2020,"yearsTo":2021,"metric":"density","trafficSource":"none"},"geometry":{"type":"LineString","coordinates":[[2.2445812,48.9308299],[2.2446306,48.930805],[2.2447211,48.930768],[2.2448105,48.9307164],[2.2448806,48.9306662],[2.2450592,48.9305292],[2.2451627,48.9304661],[2.2452703,48.930419]]}},{"type":"Feature","id":"risk-929","properties":{"segmentId":"1337565134:0","accidentCount":3,"accidentsPerKm":48.387,"percentile":0.825,"countPercentile":0.188,"riskLevel":2,"riskScore":0.666,"highway":"primary","name":"Boulevard Ornano","lengthM":62,"yearsFrom":2020,"yearsTo":2020,"metric":"density","trafficSource":"none"},"geometry":{"type":"LineString","coordinates":[[2.3441809,48.9136031],[2.3441607,48.9131614],[2.34423,48.9130591]]}},{"type":"Feature","id":"risk-930","properties":{"segmentId":"301446117:0","accidentCount":5,"accidentsPerKm":73.529,"percentile":0.931,"countPercentile":0.632,"riskLevel":3,"riskScore":0.788,"highway":"primary","name":"Rue Jean Charcot","lengthM":68,"yearsFrom":2020,"yearsTo":2024,"metric":"density","trafficSource":"none"},"geometry":{"type":"LineString","coordinates":[[2.4907234,48.9338528],[2.4908321,48.9339097],[2.4909668,48.9339911],[2.4910835,48.9340568],[2.4912234,48.9341266],[2.4914541,48.9342281]]}},{"type":"Feature","id":"risk-931","properties":{"segmentId":"4039974:0","accidentCount":4,"accidentsPerKm":40.404,"percentile":0.748,"countPercentile":0.465,"riskLevel":1,"riskScore":0.578,"highway":"secondary","name":"Avenue Ledru-Rollin","lengthM":99,"yearsFrom":2020,"yearsTo":2023,"metric":"density","trafficSource":"none"},"geometry":{"type":"LineString","coordinates":[[2.3796975,48.85745],[2.3795879,48.85725],[2.3795528,48.8571879],[2.3792492,48.856658],[2.3792263,48.8566185]]}},{"type":"Feature","id":"risk-932","properties":{"segmentId":"963883287:0","accidentCount":4,"accidentsPerKm":39.216,"percentile":0.736,"countPercentile":0.466,"riskLevel":1,"riskScore":0.564,"highway":"primary","name":"Avenue Paul Vaillant-Couturier","lengthM":102,"yearsFrom":2020,"yearsTo":2024,"metric":"density","trafficSource":"none"},"geometry":{"type":"LineString","coordinates":[[2.4504077,48.9087911],[2.4497821,48.9089607],[2.4495515,48.9090245],[2.4492803,48.9091086],[2.449133,48.9091615]]}},{"type":"Feature","id":"risk-933","properties":{"segmentId":"550640241:0","accidentCount":3,"accidentsPerKm":40.541,"percentile":0.75,"countPercentile":0.19,"riskLevel":2,"riskScore":0.58,"highway":"secondary","name":"Avenue Henri Barbusse","lengthM":74,"yearsFrom":2020,"yearsTo":2022,"metric":"density","trafficSource":"none"},"geometry":{"type":"LineString","coordinates":[[2.252688,48.9183215],[2.2526861,48.9184662],[2.2526774,48.9185812],[2.2526699,48.9186991],[2.2526593,48.9189393],[2.252659,48.9189874]]}},{"type":"Feature","id":"risk-934","properties":{"segmentId":"958876428:0","accidentCount":12,"accidentsPerKm":139.535,"percentile":0.989,"countPercentile":0.942,"riskLevel":3,"riskScore":0.855,"highway":"primary","name":"Grande Rue","lengthM":86,"yearsFrom":2020,"yearsTo":2024,"metric":"density","trafficSource":"none"},"geometry":{"type":"LineString","coordinates":[[2.2184077,48.8261325],[2.2184356,48.8261417],[2.2189989,48.8263274],[2.2190215,48.8263349],[2.2190466,48.8263432],[2.2190702,48.8263497],[2.2191108,48.8263609],[2.219191,48.8263831],[2.2192888,48.8264101],[2.2193158,48.8264205],[2.2194566,48.826475]]}},{"type":"Feature","id":"risk-935","properties":{"segmentId":"563926537:0","accidentCount":8,"accidentsPerKm":119.403,"percentile":0.979,"countPercentile":0.855,"riskLevel":3,"riskScore":0.843,"highway":"primary","name":"Quai de l'Hôtel de Ville","lengthM":67,"yearsFrom":2020,"yearsTo":2024,"metric":"density","trafficSource":"none"},"geometry":{"type":"LineString","coordinates":[[2.3549444,48.8543758],[2.3550858,48.8543215],[2.3551538,48.8542945],[2.3555137,48.8541513],[2.3557363,48.8540708]]}},{"type":"Feature","id":"risk-936","properties":{"segmentId":"8415609:0","accidentCount":12,"accidentsPerKm":45.802,"percentile":0.801,"countPercentile":0.943,"riskLevel":2,"riskScore":0.639,"highway":"tertiary","name":"Avenue Raymond Poincaré","lengthM":262,"yearsFrom":2020,"yearsTo":2024,"metric":"density","trafficSource":"none"},"geometry":{"type":"LineString","coordinates":[[2.2846852,48.8721988],[2.2847009,48.872138],[2.2847379,48.8719951],[2.2848099,48.8717169],[2.2848551,48.8715419],[2.2848688,48.871489],[2.2850327,48.8708557],[2.2851886,48.8702532],[2.2852149,48.8701515],[2.2852218,48.8701246],[2.2852288,48.8700979],[2.2852855,48.8698787]]}},{"type":"Feature","id":"risk-937","properties":{"segmentId":"506103814:0","accidentCount":6,"accidentsPerKm":53.097,"percentile":0.857,"countPercentile":0.729,"riskLevel":2,"riskScore":0.703,"highway":"trunk","name":"Boulevard Périphérique Extérieur","lengthM":113,"yearsFrom":2020,"yearsTo":2024,"metric":"density","trafficSource":"tmja","tmja":131984,"tmjaDistM":276,"tmjaMeasureYear":2019,"accidentsPer100MVehKm":22.044,"tmjaPercentile":0.79},"geometry":{"type":"LineString","coordinates":[[2.4139978,48.8611995],[2.4137943,48.8622097]]}},{"type":"Feature","id":"risk-938","properties":{"segmentId":"582210717:0","accidentCount":3,"accidentsPerKm":44.118,"percentile":0.79,"countPercentile":0.194,"riskLevel":2,"riskScore":0.626,"highway":"primary","name":"Boulevard Bessières","lengthM":68,"yearsFrom":2020,"yearsTo":2023,"metric":"density","trafficSource":"none"},"geometry":{"type":"LineString","coordinates":[[2.324143,48.8976174],[2.3239411,48.8976076],[2.3237611,48.8976031],[2.3232121,48.8975872]]}},{"type":"Feature","id":"risk-939","properties":{"segmentId":"278802542:0","accidentCount":3,"accidentsPerKm":44.118,"percentile":0.79,"countPercentile":0.195,"riskLevel":2,"riskScore":0.626,"highway":"primary","name":"Rue Paul Vaillant-Couturier","lengthM":68,"yearsFrom":2020,"yearsTo":2024,"metric":"density","trafficSource":"none"},"geometry":{"type":"LineString","coordinates":[[2.5494599,48.8763943],[2.5496146,48.8762292],[2.5497844,48.8760901],[2.5498418,48.8760431],[2.5499421,48.875973],[2.5499998,48.8759302],[2.5500337,48.8759287]]}},{"type":"Feature","id":"risk-940","properties":{"segmentId":"176650401:0","accidentCount":7,"accidentsPerKm":39.326,"percentile":0.737,"countPercentile":0.802,"riskLevel":1,"riskScore":0.565,"highway":"primary","name":"Boulevard Brune","lengthM":178,"yearsFrom":2020,"yearsTo":2022,"metric":"density","trafficSource":"none"},"geometry":{"type":"LineString","coordinates":[[2.3254625,48.8232714],[2.3253214,48.823305],[2.3252845,48.8233137],[2.3245898,48.8234703],[2.323902,48.8236597],[2.3235152,48.8237474],[2.3234632,48.8237585],[2.3234277,48.8237661],[2.3233076,48.8237927],[2.323173,48.8238206]]}},{"type":"Feature","id":"risk-941","properties":{"segmentId":"541529149:0","accidentCount":5,"accidentsPerKm":78.125,"percentile":0.941,"countPercentile":0.633,"riskLevel":3,"riskScore":0.8,"highway":"tertiary","name":"Rue de la Bongarde","lengthM":64,"yearsFrom":2020,"yearsTo":2024,"metric":"density","trafficSource":"none"},"geometry":{"type":"LineString","coordinates":[[2.3260925,48.9245603],[2.3256324,48.9248777],[2.325612,48.9248923],[2.3254484,48.9249328]]}},{"type":"Feature","id":"risk-942","properties":{"segmentId":"27867615:2","accidentCount":6,"accidentsPerKm":40.268,"percentile":0.746,"countPercentile":0.73,"riskLevel":1,"riskScore":0.575,"highway":"trunk","name":"Boulevard Périphérique Extérieur","lengthM":149,"yearsFrom":2020,"yearsTo":2022,"metric":"density","trafficSource":"none"},"geometry":{"type":"LineString","coordinates":[[2.3152265,48.8985298],[2.3141678,48.8981853],[2.3134259,48.8979066]]}},{"type":"Feature","id":"risk-943","properties":{"segmentId":"35305692:0","accidentCount":15,"accidentsPerKm":64.103,"percentile":0.901,"countPercentile":0.968,"riskLevel":3,"riskScore":0.754,"highway":"motorway","lengthM":234,"yearsFrom":2020,"yearsTo":2024,"metric":"density","trafficSource":"tmja","tmja":118500,"tmjaDistM":80,"tmjaMeasureYear":2019,"accidentsPer100MVehKm":29.641,"tmjaPercentile":0.865},"geometry":{"type":"LineString","coordinates":[[2.4692867,48.8990094],[2.4693405,48.8982929],[2.4693824,48.8979656],[2.4695005,48.8975239],[2.4696424,48.8971644],[2.469731,48.89693]]}},{"type":"Feature","id":"risk-944","properties":{"segmentId":"1453112225:0","accidentCount":3,"accidentsPerKm":41.667,"percentile":0.761,"countPercentile":0.197,"riskLevel":2,"riskScore":0.593,"highway":"primary","lengthM":72,"yearsFrom":2020,"yearsTo":2024,"metric":"density","trafficSource":"none"},"geometry":{"type":"LineString","coordinates":[[2.0771145,48.939336],[2.076516,48.9393774],[2.0762791,48.9393983],[2.0761345,48.9394133]]}},{"type":"Feature","id":"risk-945","properties":{"segmentId":"648771650:0","accidentCount":7,"accidentsPerKm":59.829,"percentile":0.883,"countPercentile":0.803,"riskLevel":2,"riskScore":0.733,"highway":"primary","name":"Rue Martre","lengthM":117,"yearsFrom":2020,"yearsTo":2022,"metric":"density","trafficSource":"none"},"geometry":{"type":"LineString","coordinates":[[2.3025619,48.9068658],[2.3022258,48.9071726],[2.3021721,48.9072207],[2.3015633,48.9075345],[2.3014278,48.907598]]}},{"type":"Feature","id":"risk-946","properties":{"segmentId":"700084230:0","accidentCount":9,"accidentsPerKm":113.924,"percentile":0.975,"countPercentile":0.891,"riskLevel":3,"riskScore":0.839,"highway":"primary","name":"Boulevard Poniatowski","lengthM":79,"yearsFrom":2020,"yearsTo":2024,"metric":"density","trafficSource":"none"},"geometry":{"type":"LineString","coordinates":[[2.3986359,48.8322297],[2.3983486,48.8321089],[2.3979165,48.8319292],[2.3978824,48.831915],[2.3978449,48.8318994],[2.3978316,48.8318936],[2.3977294,48.8318489]]}},{"type":"Feature","id":"risk-947","properties":{"segmentId":"186011422:1","accidentCount":6,"accidentsPerKm":71.429,"percentile":0.926,"countPercentile":0.731,"riskLevel":3,"riskScore":0.782,"highway":"primary","name":"Avenue Gabriel Péri","lengthM":84,"yearsFrom":2020,"yearsTo":2024,"metric":"density","trafficSource":"none"},"geometry":{"type":"LineString","coordinates":[[2.4411703,48.857202],[2.4410117,48.8572331],[2.4408068,48.8572753],[2.440278,48.8573804],[2.4402513,48.8573869],[2.4400728,48.8574263]]}},{"type":"Feature","id":"risk-948","properties":{"segmentId":"450269775:0","accidentCount":3,"accidentsPerKm":37.975,"percentile":0.722,"countPercentile":0.197,"riskLevel":1,"riskScore":0.548,"highway":"tertiary","name":"Quai Beaubourg","lengthM":79,"yearsFrom":2020,"yearsTo":2022,"metric":"density","trafficSource":"none"},"geometry":{"type":"LineString","coordinates":[[2.4797187,48.8129554],[2.4796297,48.8129764],[2.4795559,48.8130046],[2.4791012,48.8131846],[2.4787942,48.8133156]]}},{"type":"Feature","id":"risk-949","properties":{"segmentId":"14017191:0","accidentCount":3,"accidentsPerKm":43.478,"percentile":0.781,"countPercentile":0.198,"riskLevel":2,"riskScore":0.616,"highway":"motorway","lengthM":69,"yearsFrom":2020,"yearsTo":2021,"metric":"density","trafficSource":"tmja","tmja":131984,"tmjaDistM":228,"tmjaMeasureYear":2019,"accidentsPer100MVehKm":45.126,"tmjaPercentile":0.928},"geometry":{"type":"LineString","coordinates":[[2.4281453,48.8680199],[2.4287345,48.868502]]}},{"type":"Feature","id":"risk-950","properties":{"segmentId":"16288946:0","accidentCount":4,"accidentsPerKm":60.606,"percentile":0.886,"countPercentile":0.472,"riskLevel":2,"riskScore":0.736,"highway":"motorway","name":"Tunnel d'Italie","lengthM":66,"yearsFrom":2020,"yearsTo":2024,"metric":"density","trafficSource":"none"},"geometry":{"type":"LineString","coordinates":[[2.3563495,48.8154974],[2.3565833,48.8158077],[2.3566319,48.8158679],[2.3567203,48.8159348],[2.3568363,48.8159857]]}},{"type":"Feature","id":"risk-951","properties":{"segmentId":"30266828:0","accidentCount":8,"accidentsPerKm":49.689,"percentile":0.835,"countPercentile":0.855,"riskLevel":2,"riskScore":0.678,"highway":"tertiary","name":"Rue de Crimée","lengthM":161,"yearsFrom":2020,"yearsTo":2024,"metric":"density","trafficSource":"none"},"geometry":{"type":"LineString","coordinates":[[2.3842587,48.8841805],[2.3843473,48.8841091],[2.3853971,48.8831469],[2.3854166,48.8831293],[2.3855547,48.8830059]]}},{"type":"Feature","id":"risk-952","properties":{"segmentId":"721155608:0","accidentCount":3,"accidentsPerKm":43.478,"percentile":0.781,"countPercentile":0.2,"riskLevel":2,"riskScore":0.616,"highway":"tertiary","name":"Boulevard de Beauséjour","lengthM":69,"yearsFrom":2020,"yearsTo":2023,"metric":"density","trafficSource":"none"},"geometry":{"type":"LineString","coordinates":[[2.2670302,48.856832],[2.2665349,48.8567029],[2.2664078,48.8566618],[2.2662997,48.8566243],[2.2662366,48.8566033],[2.2661721,48.8565826]]}},{"type":"Feature","id":"risk-953","properties":{"segmentId":"290186444:1","accidentCount":4,"accidentsPerKm":45.455,"percentile":0.8,"countPercentile":0.474,"riskLevel":2,"riskScore":0.638,"highway":"tertiary","name":"Avenue Lénine","lengthM":88,"yearsFrom":2020,"yearsTo":2023,"metric":"density","trafficSource":"none"},"geometry":{"type":"LineString","coordinates":[[2.3333872,48.8160006],[2.3336907,48.8166803],[2.3337086,48.8167639]]}},{"type":"Feature","id":"risk-954","properties":{"segmentId":"79657388:0","accidentCount":4,"accidentsPerKm":43.956,"percentile":0.787,"countPercentile":0.475,"riskLevel":2,"riskScore":0.623,"highway":"tertiary","name":"Avenue Albert de Mun","lengthM":91,"yearsFrom":2020,"yearsTo":2023,"metric":"density","trafficSource":"none"},"geometry":{"type":"LineString","coordinates":[[2.2906444,48.8637789],[2.2907275,48.8637181],[2.2912697,48.8633608],[2.2915223,48.8631977]]}},{"type":"Feature","id":"risk-955","properties":{"segmentId":"336695477:0","accidentCount":3,"accidentsPerKm":46.154,"percentile":0.806,"countPercentile":0.202,"riskLevel":2,"riskScore":0.644,"highway":"primary","name":"Rue Louis Talamoni","lengthM":65,"yearsFrom":2020,"yearsTo":2024,"metric":"density","trafficSource":"none"},"geometry":{"type":"LineString","coordinates":[[2.513291,48.81296],[2.5137041,48.8128674],[2.5139067,48.8128231],[2.5141307,48.8127667]]}},{"type":"Feature","id":"risk-956","properties":{"segmentId":"4450688:0","accidentCount":6,"accidentsPerKm":66.667,"percentile":0.91,"countPercentile":0.732,"riskLevel":3,"riskScore":0.764,"highway":"primary","name":"Avenue de Neuilly","lengthM":90,"yearsFrom":2020,"yearsTo":2024,"metric":"density","trafficSource":"none"},"geometry":{"type":"LineString","coordinates":[[2.2811668,48.8783178],[2.2810352,48.8783483],[2.2809704,48.8783686],[2.2806735,48.8784615],[2.2804114,48.8785435],[2.2803758,48.8785546],[2.2803418,48.8785653],[2.2803034,48.8785773],[2.280255,48.8785924],[2.2801537,48.8786241],[2.2801171,48.8786469],[2.2800695,48.8786806]]}},{"type":"Feature","id":"risk-957","properties":{"segmentId":"30157758:0","accidentCount":9,"accidentsPerKm":104.651,"percentile":0.969,"countPercentile":0.891,"riskLevel":3,"riskScore":0.832,"highway":"secondary","name":"Rue Froidevaux","lengthM":86,"yearsFrom":2020,"yearsTo":2024,"metric":"density","trafficSource":"none"},"geometry":{"type":"LineString","coordinates":[[2.3240066,48.8372329],[2.3238514,48.8372833],[2.3231412,48.8375113],[2.3230808,48.8375186],[2.3229328,48.8375281]]}},{"type":"Feature","id":"risk-958","properties":{"segmentId":"693558024:0","accidentCount":6,"accidentsPerKm":52.174,"percentile":0.853,"countPercentile":0.732,"riskLevel":2,"riskScore":0.698,"highway":"primary","name":"Avenue du Général Gallieni","lengthM":115,"yearsFrom":2020,"yearsTo":2024,"metric":"density","trafficSource":"none"},"geometry":{"type":"LineString","coordinates":[[2.4887819,48.9070263],[2.4891762,48.9070867],[2.4892125,48.9070922],[2.4903092,48.9072723]]}},{"type":"Feature","id":"risk-959","properties":{"segmentId":"5213138:0","accidentCount":3,"accidentsPerKm":41.667,"percentile":0.762,"countPercentile":0.205,"riskLevel":2,"riskScore":0.594,"highway":"primary","name":"Boulevard du Montparnasse","lengthM":72,"yearsFrom":2020,"yearsTo":2021,"metric":"density","trafficSource":"none"},"geometry":{"type":"LineString","coordinates":[[2.3233822,48.8440272],[2.3241477,48.8437837],[2.3242703,48.8437403]]}},{"type":"Feature","id":"risk-960","properties":{"segmentId":"24692202:0","accidentCount":3,"accidentsPerKm":41.096,"percentile":0.754,"countPercentile":0.206,"riskLevel":2,"riskScore":0.585,"highway":"primary","name":"Quai du Point du Jour","lengthM":73,"yearsFrom":2020,"yearsTo":2023,"metric":"density","trafficSource":"none"},"geometry":{"type":"LineString","coordinates":[[2.2576145,48.8307165],[2.2583295,48.8311793]]}},{"type":"Feature","id":"risk-961","properties":{"segmentId":"88442103:0","accidentCount":13,"accidentsPerKm":84.416,"percentile":0.951,"countPercentile":0.954,"riskLevel":3,"riskScore":0.811,"highway":"primary","name":"Avenue Édouard Vaillant","lengthM":154,"yearsFrom":2020,"yearsTo":2024,"metric":"density","trafficSource":"none"},"geometry":{"type":"LineString","coordinates":[[2.2536054,48.8368099],[2.2534762,48.8367596],[2.2532191,48.8366789],[2.25278,48.8365408],[2.252463,48.8364411],[2.2520794,48.8363212],[2.2517519,48.8362178],[2.2517106,48.8362048]]}},{"type":"Feature","id":"risk-962","properties":{"segmentId":"1082415569:0","accidentCount":4,"accidentsPerKm":51.282,"percentile":0.848,"countPercentile":0.476,"riskLevel":2,"riskScore":0.693,"highway":"secondary","name":"Boulevard d'Alsace-Lorraine","lengthM":78,"yearsFrom":2020,"yearsTo":2023,"metric":"density","trafficSource":"tmja","tmja":48157,"tmjaDistM":330,"tmjaMeasureYear":2019,"accidentsPer100MVehKm":72.938,"tmjaPercentile":0.975},"geometry":{"type":"LineString","coordinates":[[2.4843839,48.884514],[2.4843544,48.8845183],[2.4842758,48.8845297],[2.4833467,48.8846703]]}},{"type":"Feature","id":"risk-963","properties":{"segmentId":"805446081:0","accidentCount":7,"accidentsPerKm":81.395,"percentile":0.948,"countPercentile":0.804,"riskLevel":3,"riskScore":0.808,"highway":"primary","name":"Avenue Georges Clemenceau","lengthM":86,"yearsFrom":2020,"yearsTo":2024,"metric":"density","trafficSource":"none"},"geometry":{"type":"LineString","coordinates":[[2.2112212,48.8863012],[2.2120397,48.8862402],[2.2123837,48.8862145]]}},{"type":"Feature","id":"risk-964","properties":{"segmentId":"169833597:0","accidentCount":8,"accidentsPerKm":41.451,"percentile":0.757,"countPercentile":0.856,"riskLevel":2,"riskScore":0.588,"highway":"trunk","name":"Boulevard Périphérique Intérieur","lengthM":193,"yearsFrom":2020,"yearsTo":2024,"metric":"density","trafficSource":"none"},"geometry":{"type":"LineString","coordinates":[[2.4148471,48.8489724],[2.4147353,48.8483838],[2.414503,48.847251]]}},{"type":"Feature","id":"risk-965","properties":{"segmentId":"874632754:0","accidentCount":5,"accidentsPerKm":71.429,"percentile":0.926,"countPercentile":0.636,"riskLevel":3,"riskScore":0.782,"highway":"primary","name":"Pont d'Austerlitz","lengthM":70,"yearsFrom":2020,"yearsTo":2023,"metric":"density","trafficSource":"none"},"geometry":{"type":"LineString","coordinates":[[2.3658124,48.8448434],[2.3650856,48.8444364]]}},{"type":"Feature","id":"risk-966","properties":{"segmentId":"397338050:0","accidentCount":8,"accidentsPerKm":74.766,"percentile":0.934,"countPercentile":0.856,"riskLevel":3,"riskScore":0.792,"highway":"secondary","name":"Avenue de la République","lengthM":107,"yearsFrom":2020,"yearsTo":2022,"metric":"density","trafficSource":"none"},"geometry":{"type":"LineString","coordinates":[[2.3869384,48.9088733],[2.3871726,48.9086354],[2.3872432,48.9085637],[2.3874011,48.9084034],[2.3875085,48.9082942],[2.3877384,48.9080666]]}},{"type":"Feature","id":"risk-967","properties":{"segmentId":"51315956:0","accidentCount":5,"accidentsPerKm":79.365,"percentile":0.944,"countPercentile":0.637,"riskLevel":3,"riskScore":0.803,"highway":"primary","name":"Avenue Jean Jaurès","lengthM":63,"yearsFrom":2020,"yearsTo":2022,"metric":"density","trafficSource":"none"},"geometry":{"type":"LineString","coordinates":[[2.3714466,48.883094],[2.3709556,48.8829859],[2.3709043,48.8829718],[2.3707741,48.8829385],[2.3706225,48.8829209]]}},{"type":"Feature","id":"risk-968","properties":{"segmentId":"16106764:0","accidentCount":7,"accidentsPerKm":76.087,"percentile":0.937,"countPercentile":0.804,"riskLevel":3,"riskScore":0.795,"highway":"trunk","name":"Boulevard Périphérique Intérieur","lengthM":92,"yearsFrom":2020,"yearsTo":2024,"metric":"density","trafficSource":"none"},"geometry":{"type":"LineString","coordinates":[[2.2918451,48.8277207],[2.29132,48.8279083],[2.2908605,48.828087],[2.2907551,48.8281285]]}},{"type":"Feature","id":"risk-969","properties":{"segmentId":"342590632:0","accidentCount":12,"accidentsPerKm":196.721,"percentile":0.998,"countPercentile":0.943,"riskLevel":3,"riskScore":0.865,"highway":"primary","name":"Rue Martre","lengthM":61,"yearsFrom":2020,"yearsTo":2024,"metric":"density","trafficSource":"none"},"geometry":{"type":"LineString","coordinates":[[2.3080461,48.9008994],[2.3079899,48.9009677],[2.3078579,48.9011345],[2.307799,48.9011989],[2.3077583,48.9012482],[2.3076457,48.9013841]]}},{"type":"Feature","id":"risk-970","properties":{"segmentId":"436543218:0","accidentCount":5,"accidentsPerKm":75.758,"percentile":0.936,"countPercentile":0.637,"riskLevel":3,"riskScore":0.794,"highway":"primary","name":"Avenue du Maréchal de Lattre de Tassigny","lengthM":66,"yearsFrom":2020,"yearsTo":2024,"metric":"density","trafficSource":"none"},"geometry":{"type":"LineString","coordinates":[[2.4565322,48.7974005],[2.4563527,48.7975515],[2.456332,48.797569],[2.4560435,48.7977816],[2.4559325,48.7978416]]}},{"type":"Feature","id":"risk-971","properties":{"segmentId":"167668078:0","accidentCount":4,"accidentsPerKm":50.633,"percentile":0.843,"countPercentile":0.479,"riskLevel":2,"riskScore":0.687,"highway":"primary","name":"Avenue de Rosny","lengthM":79,"yearsFrom":2020,"yearsTo":2022,"metric":"density","trafficSource":"none"},"geometry":{"type":"LineString","coordinates":[[2.5065671,48.8847679],[2.5066458,48.8847249],[2.5068278,48.8846855],[2.5072514,48.8845962],[2.5073566,48.8845744],[2.5075768,48.88453]]}},{"type":"Feature","id":"risk-972","properties":{"segmentId":"69632478:0","accidentCount":4,"accidentsPerKm":57.971,"percentile":0.873,"countPercentile":0.479,"riskLevel":2,"riskScore":0.721,"highway":"primary","name":"Rue Jean Jaurès","lengthM":69,"yearsFrom":2020,"yearsTo":2022,"metric":"density","trafficSource":"none"},"geometry":{"type":"LineString","coordinates":[[2.5088656,48.8142096],[2.5092843,48.8140299],[2.509344,48.8140056],[2.5094084,48.8139806],[2.5096704,48.8138903]]}},{"type":"Feature","id":"risk-973","properties":{"segmentId":"249588708:0","accidentCount":4,"accidentsPerKm":57.971,"percentile":0.874,"countPercentile":0.479,"riskLevel":2,"riskScore":0.723,"highway":"primary","name":"Avenue du Général de Gaulle","lengthM":69,"yearsFrom":2020,"yearsTo":2022,"metric":"density","trafficSource":"none"},"geometry":{"type":"LineString","coordinates":[[2.4784127,48.8790982],[2.4783974,48.8791165],[2.4781851,48.8793601],[2.4780318,48.8795387],[2.4779618,48.8796107],[2.4779376,48.8796356]]}},{"type":"Feature","id":"risk-974","properties":{"segmentId":"977135076:0","accidentCount":5,"accidentsPerKm":79.365,"percentile":0.944,"countPercentile":0.638,"riskLevel":3,"riskScore":0.803,"highway":"primary","name":"Avenue Jean Jaurès","lengthM":63,"yearsFrom":2020,"yearsTo":2022,"metric":"density","trafficSource":"none"},"geometry":{"type":"LineString","coordinates":[[2.3958053,48.9070973],[2.395841,48.9071305],[2.3961875,48.9074565],[2.3963061,48.9075634]]}},{"type":"Feature","id":"risk-975","properties":{"segmentId":"263936632:0","accidentCount":5,"accidentsPerKm":46.296,"percentile":0.809,"countPercentile":0.638,"riskLevel":2,"riskScore":0.648,"highway":"primary","name":"Avenue de Colmar","lengthM":108,"yearsFrom":2020,"yearsTo":2022,"metric":"density","trafficSource":"none"},"geometry":{"type":"LineString","coordinates":[[2.1795237,48.8871679],[2.1793584,48.8871551],[2.1786895,48.8870921],[2.1783674,48.8870568],[2.1780658,48.887013]]}},{"type":"Feature","id":"risk-976","properties":{"segmentId":"44844884:0","accidentCount":4,"accidentsPerKm":42.553,"percentile":0.772,"countPercentile":0.481,"riskLevel":2,"riskScore":0.605,"highway":"trunk","name":"Boulevard Périphérique Extérieur","lengthM":94,"yearsFrom":2020,"yearsTo":2024,"metric":"density","trafficSource":"none"},"geometry":{"type":"LineString","coordinates":[[2.3423582,48.8164709],[2.3428522,48.8164602],[2.3436427,48.8164131]]}},{"type":"Feature","id":"risk-977","properties":{"segmentId":"35432645:0","accidentCount":10,"accidentsPerKm":43.478,"percentile":0.781,"countPercentile":0.917,"riskLevel":2,"riskScore":0.616,"highway":"motorway","name":"Tunnel André Dreyer","lengthM":230,"yearsFrom":2020,"yearsTo":2024,"metric":"density","trafficSource":"tmja","tmja":166109,"tmjaDistM":271,"tmjaMeasureYear":2019,"accidentsPer100MVehKm":14.342,"tmjaPercentile":0.649},"geometry":{"type":"LineString","coordinates":[[2.5041583,48.8281055],[2.5028086,48.8284083],[2.5012044,48.8288159]]}},{"type":"Feature","id":"risk-978","properties":{"segmentId":"1189910054:1","accidentCount":4,"accidentsPerKm":38.095,"percentile":0.723,"countPercentile":0.481,"riskLevel":1,"riskScore":0.549,"highway":"primary","name":"Rue Jean Jaurès","lengthM":105,"yearsFrom":2020,"yearsTo":2021,"metric":"density","trafficSource":"tmja","tmja":183813,"tmjaDistM":322,"tmjaMeasureYear":2019,"accidentsPer100MVehKm":28.39,"tmjaPercentile":0.856},"geometry":{"type":"LineString","coordinates":[[2.4353299,48.7896861],[2.4354743,48.7891386],[2.4355718,48.7887571]]}},{"type":"Feature","id":"risk-979","properties":{"segmentId":"809893926:0","accidentCount":3,"accidentsPerKm":46.875,"percentile":0.813,"countPercentile":0.223,"riskLevel":2,"riskScore":0.652,"highway":"secondary","name":"Rue Saint-Jacques","lengthM":64,"yearsFrom":2020,"yearsTo":2021,"metric":"density","trafficSource":"none"},"geometry":{"type":"LineString","coordinates":[[2.3454775,48.8507755],[2.3454412,48.8507036],[2.3452285,48.8502962],[2.3451879,48.8502349]]}},{"type":"Feature","id":"risk-980","properties":{"segmentId":"1217409391:0","accidentCount":5,"accidentsPerKm":56.18,"percentile":0.868,"countPercentile":0.64,"riskLevel":2,"riskScore":0.716,"highway":"tertiary","name":"Rue Henri Barbusse","lengthM":89,"yearsFrom":2020,"yearsTo":2023,"metric":"density","trafficSource":"none"},"geometry":{"type":"LineString","coordinates":[[2.306224,48.9000272],[2.3060988,48.8999677],[2.3052926,48.8995882],[2.3052289,48.8995616]]}},{"type":"Feature","id":"risk-981","properties":{"segmentId":"192903836:0","accidentCount":4,"accidentsPerKm":63.492,"percentile":0.899,"countPercentile":0.483,"riskLevel":2,"riskScore":0.751,"highway":"secondary","name":"Place d'Estienne d'Orves","lengthM":63,"yearsFrom":2020,"yearsTo":2024,"metric":"density","trafficSource":"none"},"geometry":{"type":"LineString","coordinates":[[2.3317833,48.8764552],[2.3316778,48.8764452],[2.331621,48.8764413],[2.3315271,48.8764377],[2.3314326,48.8764329],[2.3313271,48.8764385],[2.3312258,48.8764515],[2.3311779,48.8764631],[2.3309578,48.8765397]]}},{"type":"Feature","id":"risk-982","properties":{"segmentId":"219837899:0","accidentCount":5,"accidentsPerKm":69.444,"percentile":0.92,"countPercentile":0.64,"riskLevel":3,"riskScore":0.776,"highway":"secondary","name":"Avenue André Morizet","lengthM":72,"yearsFrom":2020,"yearsTo":2024,"metric":"density","trafficSource":"none"},"geometry":{"type":"LineString","coordinates":[[2.2315699,48.8392505],[2.2307674,48.8396321]]}},{"type":"Feature","id":"risk-983","properties":{"segmentId":"149898509:1","accidentCount":8,"accidentsPerKm":64.516,"percentile":0.903,"countPercentile":0.857,"riskLevel":3,"riskScore":0.756,"highway":"motorway","lengthM":124,"yearsFrom":2020,"yearsTo":2024,"metric":"density","trafficSource":"tmja","tmja":131984,"tmjaDistM":359,"tmjaMeasureYear":2019,"accidentsPer100MVehKm":26.785,"tmjaPercentile":0.84},"geometry":{"type":"LineString","coordinates":[[2.4255304,48.8667742],[2.4259985,48.8669113],[2.4265853,48.8671433],[2.4270091,48.8673233]]}},{"type":"Feature","id":"risk-984","properties":{"segmentId":"805446077:0","accidentCount":7,"accidentsPerKm":70.707,"percentile":0.924,"countPercentile":0.805,"riskLevel":3,"riskScore":0.78,"highway":"primary","name":"Avenue Georges Clemenceau","lengthM":99,"yearsFrom":2020,"yearsTo":2024,"metric":"density","trafficSource":"none"},"geometry":{"type":"LineString","coordinates":[[2.2103423,48.8863654],[2.2102729,48.8864002],[2.2098635,48.8864371],[2.2096896,48.8864498],[2.209641,48.8864533],[2.2093254,48.8864814],[2.2090108,48.886506]]}},{"type":"Feature","id":"risk-985","properties":{"segmentId":"83286978:0","accidentCount":7,"accidentsPerKm":67.961,"percentile":0.914,"countPercentile":0.805,"riskLevel":3,"riskScore":0.769,"highway":"tertiary","name":"Rue Robert Esnault-Pelterie","lengthM":103,"yearsFrom":2020,"yearsTo":2023,"metric":"density","trafficSource":"none"},"geometry":{"type":"LineString","coordinates":[[2.3150632,48.8619497],[2.3151324,48.8625661],[2.3151377,48.8626133],[2.3151395,48.8626293],[2.3151405,48.8626384],[2.3151435,48.8626653],[2.3151465,48.8626921],[2.315161,48.8628722]]}},{"type":"Feature","id":"risk-986","properties":{"segmentId":"492194044:0","accidentCount":3,"accidentsPerKm":50,"percentile":0.839,"countPercentile":0.227,"riskLevel":2,"riskScore":0.682,"highway":"trunk","name":"Boulevard Périphérique Extérieur","lengthM":60,"yearsFrom":2020,"yearsTo":2022,"metric":"density","trafficSource":"none"},"geometry":{"type":"LineString","coordinates":[[2.2844696,48.8836949],[2.2839514,48.8832709]]}},{"type":"Feature","id":"risk-987","properties":{"segmentId":"34172829:0","accidentCount":6,"accidentsPerKm":69.767,"percentile":0.92,"countPercentile":0.736,"riskLevel":3,"riskScore":0.776,"highway":"primary","name":"Boulevard Murat","lengthM":86,"yearsFrom":2020,"yearsTo":2024,"metric":"density","trafficSource":"tmja","tmja":41672,"tmjaDistM":445,"tmjaMeasureYear":2019,"accidentsPer100MVehKm":91.737,"tmjaPercentile":0.982},"geometry":{"type":"LineString","coordinates":[[2.258508,48.847191],[2.2588433,48.8477659],[2.258852,48.8477796],[2.2588602,48.8477926],[2.2589322,48.8479161]]}},{"type":"Feature","id":"risk-988","properties":{"segmentId":"867326114:0","accidentCount":6,"accidentsPerKm":85.714,"percentile":0.952,"countPercentile":0.736,"riskLevel":3,"riskScore":0.812,"highway":"primary","name":"Quai Anatole France","lengthM":70,"yearsFrom":2020,"yearsTo":2024,"metric":"density","trafficSource":"none"},"geometry":{"type":"LineString","coordinates":[[2.3215765,48.8618871],[2.3206992,48.8621479]]}},{"type":"Feature","id":"risk-989","properties":{"segmentId":"672627341:0","accidentCount":4,"accidentsPerKm":38.095,"percentile":0.723,"countPercentile":0.485,"riskLevel":1,"riskScore":0.549,"highway":"primary","name":"Boulevard de Magenta","lengthM":105,"yearsFrom":2020,"yearsTo":2023,"metric":"density","trafficSource":"none"},"geometry":{"type":"LineString","coordinates":[[2.356717,48.8755402],[2.3566522,48.8756658],[2.3565333,48.8757979],[2.3563308,48.876024],[2.3560893,48.876297],[2.3560333,48.8763653]]}},{"type":"Feature","id":"risk-990","properties":{"segmentId":"621329120:0","accidentCount":4,"accidentsPerKm":47.059,"percentile":0.816,"countPercentile":0.485,"riskLevel":2,"riskScore":0.656,"highway":"primary","name":"Place Auguste Baron","lengthM":85,"yearsFrom":2020,"yearsTo":2022,"metric":"density","trafficSource":"none"},"geometry":{"type":"LineString","coordinates":[[2.3873567,48.9001585],[2.3874608,48.9001236],[2.3875721,48.9001],[2.3876876,48.9000883],[2.3878044,48.9000889],[2.3879197,48.9001016],[2.3879389,48.9001059],[2.3880304,48.9001262],[2.3881337,48.9001621],[2.3882271,48.9002083],[2.3883081,48.9002636],[2.3883748,48.9003268]]}},{"type":"Feature","id":"risk-991","properties":{"segmentId":"1371661847:0","accidentCount":4,"accidentsPerKm":62.5,"percentile":0.895,"countPercentile":0.485,"riskLevel":2,"riskScore":0.747,"highway":"motorway","lengthM":64,"yearsFrom":2020,"yearsTo":2024,"metric":"density","trafficSource":"none"},"geometry":{"type":"LineString","coordinates":[[2.2489636,48.9326075],[2.2485019,48.9324791],[2.24815,48.9323859]]}},{"type":"Feature","id":"risk-992","properties":{"segmentId":"665199906:0","accidentCount":5,"accidentsPerKm":61.728,"percentile":0.891,"countPercentile":0.642,"riskLevel":2,"riskScore":0.742,"highway":"secondary","name":"Rue Réaumur","lengthM":81,"yearsFrom":2020,"yearsTo":2022,"metric":"density","trafficSource":"none"},"geometry":{"type":"LineString","coordinates":[[2.3560623,48.8654632],[2.3561665,48.8654414],[2.3563711,48.8653949],[2.3563957,48.8653898],[2.3566011,48.865344],[2.3567266,48.8653162],[2.3569021,48.8652773],[2.3571175,48.8652296]]}},{"type":"Feature","id":"risk-993","properties":{"segmentId":"470987535:0","accidentCount":5,"accidentsPerKm":41.667,"percentile":0.762,"countPercentile":0.642,"riskLevel":2,"riskScore":0.594,"highway":"primary","name":"Avenue de la Grande Armée","lengthM":120,"yearsFrom":2020,"yearsTo":2024,"metric":"density","trafficSource":"none"},"geometry":{"type":"LineString","coordinates":[[2.288992,48.875698],[2.2892112,48.8756304],[2.2892607,48.8756147],[2.2893771,48.8755778],[2.2894434,48.8755567],[2.2903463,48.8752693],[2.2904686,48.8752303]]}},{"type":"Feature","id":"risk-994","properties":{"segmentId":"332348247:0","accidentCount":5,"accidentsPerKm":52.632,"percentile":0.855,"countPercentile":0.643,"riskLevel":2,"riskScore":0.701,"highway":"primary","name":"Quai de Dion Bouton","lengthM":95,"yearsFrom":2020,"yearsTo":2024,"metric":"density","trafficSource":"none"},"geometry":{"type":"LineString","coordinates":[[2.240259,48.8764876],[2.2405726,48.8766839],[2.2410641,48.8769921],[2.2411951,48.8770736]]}},{"type":"Feature","id":"risk-995","properties":{"segmentId":"31612774:0","accidentCount":3,"accidentsPerKm":40,"percentile":0.744,"countPercentile":0.231,"riskLevel":1,"riskScore":0.573,"highway":"primary","name":"Avenue Pierre Brossolette","lengthM":75,"yearsFrom":2020,"yearsTo":2023,"metric":"density","trafficSource":"none"},"geometry":{"type":"LineString","coordinates":[[2.3120019,48.8207584],[2.3113088,48.8202612]]}},{"type":"Feature","id":"risk-996","properties":{"segmentId":"397338053:0","accidentCount":5,"accidentsPerKm":59.524,"percentile":0.881,"countPercentile":0.645,"riskLevel":2,"riskScore":0.731,"highway":"secondary","name":"Avenue de la République","lengthM":84,"yearsFrom":2021,"yearsTo":2023,"metric":"density","trafficSource":"none"},"geometry":{"type":"LineString","coordinates":[[2.3863033,48.9095048],[2.3865778,48.9092177],[2.3866167,48.909177],[2.3867484,48.9090526],[2.3869384,48.9088733]]}},{"type":"Feature","id":"risk-997","properties":{"segmentId":"517072464:0","accidentCount":8,"accidentsPerKm":96.386,"percentile":0.963,"countPercentile":0.857,"riskLevel":3,"riskScore":0.825,"highway":"motorway","lengthM":83,"yearsFrom":2021,"yearsTo":2024,"metric":"density","trafficSource":"tmja","tmja":136851,"tmjaDistM":157,"tmjaMeasureYear":2019,"accidentsPer100MVehKm":48.24,"tmjaPercentile":0.943},"geometry":{"type":"LineString","coordinates":[[2.4723229,48.906716],[2.4721843,48.9063359],[2.4720553,48.9059901]]}},{"type":"Feature","id":"risk-998","properties":{"segmentId":"32388949:0","accidentCount":7,"accidentsPerKm":57.377,"percentile":0.87,"countPercentile":0.806,"riskLevel":2,"riskScore":0.718,"highway":"primary","name":"Avenue de Stalingrad","lengthM":122,"yearsFrom":2021,"yearsTo":2024,"metric":"density","trafficSource":"none"},"geometry":{"type":"LineString","coordinates":[[2.3672726,48.7834893],[2.3672461,48.7836146],[2.3672231,48.7840493],[2.3671991,48.7844403],[2.3671959,48.7844927],[2.3671978,48.7845361],[2.3671954,48.7845838]]}},{"type":"Feature","id":"risk-999","properties":{"segmentId":"34925570:0","accidentCount":6,"accidentsPerKm":46.875,"percentile":0.813,"countPercentile":0.737,"riskLevel":2,"riskScore":0.652,"highway":"primary","name":"Avenue de Paris","lengthM":128,"yearsFrom":2021,"yearsTo":2023,"metric":"density","trafficSource":"none"},"geometry":{"type":"LineString","coordinates":[[2.2943948,48.8074448],[2.2943294,48.8074112],[2.2939702,48.8072161],[2.2936654,48.8070469],[2.2935633,48.8069877],[2.2934635,48.8069311],[2.2931546,48.8067486],[2.293063,48.8066947]]}},{"type":"Feature","id":"risk-1000","properties":{"segmentId":"712517895:0","accidentCount":3,"accidentsPerKm":46.154,"percentile":0.806,"countPercentile":0.234,"riskLevel":2,"riskScore":0.644,"highway":"secondary","name":"Rue Lachelier","lengthM":65,"yearsFrom":2021,"yearsTo":2024,"metric":"density","trafficSource":"none"},"geometry":{"type":"LineString","coordinates":[[2.3660394,48.8199592],[2.3660507,48.8201302],[2.3660554,48.8202141],[2.3660579,48.8202464],[2.3660582,48.8202919],[2.3660603,48.8204493],[2.366056,48.8204796],[2.3660278,48.8205404]]}},{"type":"Feature","id":"risk-1001","properties":{"segmentId":"16207107:0","accidentCount":3,"accidentsPerKm":46.875,"percentile":0.813,"countPercentile":0.234,"riskLevel":2,"riskScore":0.652,"highway":"trunk_link","lengthM":64,"yearsFrom":2021,"yearsTo":2022,"metric":"density","trafficSource":"tmja","tmja":221626,"tmjaDistM":61,"tmjaMeasureYear":2019,"accidentsPer100MVehKm":28.973,"tmjaPercentile":0.863},"geometry":{"type":"LineString","coordinates":[[2.3905409,48.8267966],[2.3909758,48.8268323],[2.3912422,48.8268662],[2.3914092,48.8268855]]}},{"type":"Feature","id":"risk-1002","properties":{"segmentId":"236569080:0","accidentCount":5,"accidentsPerKm":49.505,"percentile":0.834,"countPercentile":0.646,"riskLevel":2,"riskScore":0.677,"highway":"primary","name":"Route de Chevreuse","lengthM":101,"yearsFrom":2021,"yearsTo":2024,"metric":"density","trafficSource":"tmja","tmja":101664,"tmjaDistM":201,"tmjaMeasureYear":2019,"accidentsPer100MVehKm":33.353,"tmjaPercentile":0.886},"geometry":{"type":"LineString","coordinates":[[2.2301298,48.7768393],[2.2300447,48.7767435],[2.2299312,48.7766333],[2.2298816,48.7765989],[2.2297781,48.7765549],[2.2295178,48.7764485],[2.229277,48.7763434],[2.2291191,48.7762481]]}},{"type":"Feature","id":"risk-1003","properties":{"segmentId":"440502045:0","accidentCount":8,"accidentsPerKm":64,"percentile":0.9,"countPercentile":0.858,"riskLevel":3,"riskScore":0.753,"highway":"primary","name":"Quai d'Issy-les-Moulineaux","lengthM":125,"yearsFrom":2021,"yearsTo":2024,"metric":"density","trafficSource":"none"},"geometry":{"type":"LineString","coordinates":[[2.2656827,48.8346307],[2.2657772,48.8346902],[2.2658953,48.8347646],[2.2661134,48.8349648],[2.2662956,48.8351079],[2.2663828,48.8351765],[2.2666641,48.8353118],[2.2667001,48.8353291],[2.2667543,48.8353505],[2.2668926,48.8354098]]}},{"type":"Feature","id":"risk-1004","properties":{"segmentId":"678522920:0","accidentCount":4,"accidentsPerKm":62.5,"percentile":0.895,"countPercentile":0.489,"riskLevel":2,"riskScore":0.747,"highway":"primary","name":"Quai de l'Hôtel de Ville","lengthM":64,"yearsFrom":2021,"yearsTo":2024,"metric":"density","trafficSource":"none"},"geometry":{"type":"LineString","coordinates":[[2.3521892,48.8555147],[2.3515617,48.8557483],[2.3514296,48.8558005]]}},{"type":"Feature","id":"risk-1005","properties":{"segmentId":"106650126:0","accidentCount":3,"accidentsPerKm":42.857,"percentile":0.776,"countPercentile":0.238,"riskLevel":2,"riskScore":0.61,"highway":"primary","name":"Avenue des Canadiens","lengthM":70,"yearsFrom":2021,"yearsTo":2023,"metric":"density","trafficSource":"tmja","tmja":218577,"tmjaDistM":198,"tmjaMeasureYear":2019,"accidentsPer100MVehKm":17.906,"tmjaPercentile":0.723},"geometry":{"type":"LineString","coordinates":[[2.4581116,48.8170107],[2.4585336,48.8170563],[2.4587797,48.8171523],[2.4589897,48.8172336]]}},{"type":"Feature","id":"risk-1006","properties":{"segmentId":"819333723:0","accidentCount":5,"accidentsPerKm":50,"percentile":0.84,"countPercentile":0.647,"riskLevel":2,"riskScore":0.683,"highway":"primary","name":"Avenue Aristide Briand","lengthM":100,"yearsFrom":2021,"yearsTo":2024,"metric":"density","trafficSource":"none"},"geometry":{"type":"LineString","coordinates":[[2.3064911,48.7572138],[2.3064569,48.7571194],[2.3064457,48.7570884],[2.3064374,48.7570656],[2.3063424,48.7568027],[2.3062932,48.7566765],[2.3062655,48.7566055],[2.306162,48.7563402]]}},{"type":"Feature","id":"risk-1007","properties":{"segmentId":"93995404:0","accidentCount":5,"accidentsPerKm":43.86,"percentile":0.785,"countPercentile":0.647,"riskLevel":2,"riskScore":0.62,"highway":"trunk_link","lengthM":114,"yearsFrom":2021,"yearsTo":2024,"metric":"density","trafficSource":"none"},"geometry":{"type":"LineString","coordinates":[[2.325133,48.9007894],[2.3244517,48.9007123],[2.3235934,48.9006401]]}},{"type":"Feature","id":"risk-1008","properties":{"segmentId":"310553005:0","accidentCount":11,"accidentsPerKm":43.825,"percentile":0.783,"countPercentile":0.93,"riskLevel":2,"riskScore":0.618,"highway":"motorway","lengthM":251,"yearsFrom":2021,"yearsTo":2024,"metric":"density","trafficSource":"none"},"geometry":{"type":"LineString","coordinates":[[2.220382,48.9156168],[2.2195996,48.9147726],[2.2193994,48.9145502],[2.2193318,48.9144751],[2.2189801,48.9140928],[2.2186249,48.9136738]]}},{"type":"Feature","id":"risk-1009","properties":{"segmentId":"135671558:0","accidentCount":7,"accidentsPerKm":68.627,"percentile":0.917,"countPercentile":0.808,"riskLevel":3,"riskScore":0.772,"highway":"trunk","name":"Boulevard Périphérique Intérieur","lengthM":102,"yearsFrom":2021,"yearsTo":2024,"metric":"density","trafficSource":"tmja","tmja":41672,"tmjaDistM":16,"tmjaMeasureYear":2019,"accidentsPer100MVehKm":112.798,"tmjaPercentile":0.99},"geometry":{"type":"LineString","coordinates":[[2.2550317,48.8461208],[2.2549687,48.8463007],[2.2549064,48.8464701],[2.2548442,48.8466243],[2.2548091,48.8466932],[2.254733,48.8468427],[2.2546396,48.8469978]]}},{"type":"Feature","id":"risk-1010","properties":{"segmentId":"1355298021:0","accidentCount":7,"accidentsPerKm":112.903,"percentile":0.975,"countPercentile":0.808,"riskLevel":3,"riskScore":0.839,"highway":"motorway_link","lengthM":62,"yearsFrom":2021,"yearsTo":2023,"metric":"density","trafficSource":"none"},"geometry":{"type":"LineString","coordinates":[[2.3998619,48.7733575],[2.3993445,48.7732244],[2.3990842,48.7731402]]}},{"type":"Feature","id":"risk-1011","properties":{"segmentId":"505973114:0","accidentCount":7,"accidentsPerKm":51.471,"percentile":0.849,"countPercentile":0.809,"riskLevel":2,"riskScore":0.694,"highway":"motorway","lengthM":136,"yearsFrom":2021,"yearsTo":2024,"metric":"density","trafficSource":"tmja","tmja":183813,"tmjaDistM":143,"tmjaMeasureYear":2019,"accidentsPer100MVehKm":19.179,"tmjaPercentile":0.748},"geometry":{"type":"LineString","coordinates":[[2.4491127,48.8120006],[2.4490708,48.8122618],[2.448999,48.8127049],[2.4489639,48.8128956],[2.4489411,48.8131444],[2.4489346,48.8132154]]}},{"type":"Feature","id":"risk-1012","properties":{"segmentId":"24781099:1","accidentCount":5,"accidentsPerKm":70.423,"percentile":0.921,"countPercentile":0.648,"riskLevel":3,"riskScore":0.777,"highway":"trunk","name":"Boulevard Périphérique Intérieur","lengthM":71,"yearsFrom":2021,"yearsTo":2023,"metric":"density","trafficSource":"tmja","tmja":41672,"tmjaDistM":270,"tmjaMeasureYear":2019,"accidentsPer100MVehKm":154.331,"tmjaPercentile":0.994},"geometry":{"type":"LineString","coordinates":[[2.2522157,48.8505613],[2.2522054,48.8506767],[2.2521982,48.8509616],[2.2522183,48.851198]]}},{"type":"Feature","id":"risk-1013","properties":{"segmentId":"669903309:0","accidentCount":8,"accidentsPerKm":40.816,"percentile":0.752,"countPercentile":0.858,"riskLevel":2,"riskScore":0.582,"highway":"primary","name":"Avenue Jean Lolive","lengthM":196,"yearsFrom":2021,"yearsTo":2024,"metric":"density","trafficSource":"none"},"geometry":{"type":"LineString","coordinates":[[2.4122908,48.8930288],[2.4121619,48.8929976],[2.412064,48.8929795],[2.4099822,48.8925855],[2.4098979,48.8925683],[2.409713,48.8925295]]}},{"type":"Feature","id":"risk-1014","properties":{"segmentId":"702183342:0","accidentCount":8,"accidentsPerKm":125,"percentile":0.983,"countPercentile":0.858,"riskLevel":3,"riskScore":0.848,"highway":"motorway_link","lengthM":64,"yearsFrom":2021,"yearsTo":2024,"metric":"density","trafficSource":"tmja","tmja":218577,"tmjaDistM":260,"tmjaMeasureYear":2019,"accidentsPer100MVehKm":39.17,"tmjaPercentile":0.911},"geometry":{"type":"LineString","coordinates":[[2.4897204,48.8299777],[2.4892365,48.8304552]]}},{"type":"Feature","id":"risk-1015","properties":{"segmentId":"290401791:0","accidentCount":3,"accidentsPerKm":42.254,"percentile":0.768,"countPercentile":0.252,"riskLevel":2,"riskScore":0.601,"highway":"primary","name":"Place Maurice Nilès","lengthM":71,"yearsFrom":2021,"yearsTo":2023,"metric":"density","trafficSource":"none"},"geometry":{"type":"LineString","coordinates":[[2.4384399,48.9270128],[2.4383763,48.9270646],[2.4383185,48.9271203],[2.4381474,48.927338],[2.4380436,48.9274766],[2.4379705,48.9275718]]}},{"type":"Feature","id":"risk-1016","properties":{"segmentId":"553527787:0","accidentCount":7,"accidentsPerKm":63.636,"percentile":0.899,"countPercentile":0.809,"riskLevel":2,"riskScore":0.751,"highway":"primary","name":"Avenue du Général Leclerc","lengthM":110,"yearsFrom":2021,"yearsTo":2024,"metric":"density","trafficSource":"none"},"geometry":{"type":"LineString","coordinates":[[2.230854,48.8298689],[2.2307172,48.8298791],[2.2306159,48.829881],[2.2305033,48.8298777],[2.2304022,48.8298673],[2.2303012,48.8298474],[2.23014,48.8298012],[2.2294533,48.8295822]]}},{"type":"Feature","id":"risk-1017","properties":{"segmentId":"1307476057:0","accidentCount":3,"accidentsPerKm":43.478,"percentile":0.782,"countPercentile":0.254,"riskLevel":2,"riskScore":0.617,"highway":"primary","name":"Avenue de la Division Leclerc","lengthM":69,"yearsFrom":2021,"yearsTo":2021,"metric":"density","trafficSource":"none"},"geometry":{"type":"LineString","coordinates":[[2.3036651,48.7467299],[2.3035578,48.7462266],[2.3035524,48.7462016],[2.3035509,48.7461783],[2.3035331,48.7461189]]}},{"type":"Feature","id":"risk-1018","properties":{"segmentId":"180082688:0","accidentCount":5,"accidentsPerKm":54.348,"percentile":0.862,"countPercentile":0.649,"riskLevel":2,"riskScore":0.709,"highway":"primary","name":"Avenue du Général Leclerc","lengthM":92,"yearsFrom":2021,"yearsTo":2024,"metric":"density","trafficSource":"none"},"geometry":{"type":"LineString","coordinates":[[2.3288176,48.8300689],[2.3289559,48.8302272],[2.3293161,48.8306419],[2.3293867,48.8307231],[2.3294427,48.8307875]]}},{"type":"Feature","id":"risk-1019","properties":{"segmentId":"187452526:0","accidentCount":6,"accidentsPerKm":85.714,"percentile":0.953,"countPercentile":0.739,"riskLevel":3,"riskScore":0.813,"highway":"primary","name":"Boulevard de Magenta","lengthM":70,"yearsFrom":2021,"yearsTo":2023,"metric":"density","trafficSource":"none"},"geometry":{"type":"LineString","coordinates":[[2.3538719,48.878739],[2.3538444,48.8787691],[2.3537442,48.8788787],[2.3534615,48.8791878],[2.3534395,48.8792119],[2.353378,48.8792792]]}},{"type":"Feature","id":"risk-1020","properties":{"segmentId":"1363606772:0","accidentCount":5,"accidentsPerKm":61.728,"percentile":0.891,"countPercentile":0.65,"riskLevel":2,"riskScore":0.742,"highway":"motorway","name":"Autoroute du Nord","lengthM":81,"yearsFrom":2021,"yearsTo":2024,"metric":"density","trafficSource":"tmja","tmja":132186,"tmjaDistM":42,"tmjaMeasureYear":2019,"accidentsPer100MVehKm":31.985,"tmjaPercentile":0.875},"geometry":{"type":"LineString","coordinates":[[2.3630109,48.929777],[2.3619719,48.9295289]]}},{"type":"Feature","id":"risk-1021","properties":{"segmentId":"28068609:0","accidentCount":6,"accidentsPerKm":93.75,"percentile":0.961,"countPercentile":0.74,"riskLevel":3,"riskScore":0.823,"highway":"secondary","name":"Boulevard Gallieni","lengthM":64,"yearsFrom":2021,"yearsTo":2024,"metric":"density","trafficSource":"none"},"geometry":{"type":"LineString","coordinates":[[2.3312524,48.9280385],[2.3314182,48.9281154],[2.3314577,48.9281535],[2.3315568,48.928273],[2.331719,48.9285117]]}},{"type":"Feature","id":"risk-1022","properties":{"segmentId":"32539311:0","accidentCount":3,"accidentsPerKm":43.478,"percentile":0.782,"countPercentile":0.258,"riskLevel":2,"riskScore":0.617,"highway":"secondary","name":"Boulevard Robert Ballanger","lengthM":69,"yearsFrom":2021,"yearsTo":2023,"metric":"density","trafficSource":"none"},"geometry":{"type":"LineString","coordinates":[[2.5292003,48.9522997],[2.5290427,48.9522605],[2.52854,48.9520789],[2.5283676,48.9520101]]}},{"type":"Feature","id":"risk-1023","properties":{"segmentId":"537428567:0","accidentCount":7,"accidentsPerKm":114.754,"percentile":0.976,"countPercentile":0.81,"riskLevel":3,"riskScore":0.84,"highway":"primary","name":"Avenue du Maine","lengthM":61,"yearsFrom":2021,"yearsTo":2024,"metric":"density","trafficSource":"none"},"geometry":{"type":"LineString","coordinates":[[2.3268106,48.8280469],[2.3267841,48.828114],[2.326761,48.8281677],[2.3267312,48.8282449],[2.3266956,48.8283338],[2.3265979,48.8285778]]}},{"type":"Feature","id":"risk-1024","properties":{"segmentId":"132760931:1","accidentCount":6,"accidentsPerKm":41.958,"percentile":0.764,"countPercentile":0.74,"riskLevel":2,"riskScore":0.596,"highway":"primary","name":"Boulevard Murat","lengthM":143,"yearsFrom":2021,"yearsTo":2024,"metric":"density","trafficSource":"none"},"geometry":{"type":"LineString","coordinates":[[2.2564061,48.8398524],[2.2565504,48.8395175],[2.2565954,48.8394201],[2.2566828,48.8392314],[2.2567752,48.8390315],[2.2568694,48.8388281],[2.2568989,48.8387643],[2.2569186,48.8387215],[2.2569645,48.8386225]]}},{"type":"Feature","id":"risk-1025","properties":{"segmentId":"34491632:0","accidentCount":3,"accidentsPerKm":37.975,"percentile":0.722,"countPercentile":0.262,"riskLevel":1,"riskScore":0.548,"highway":"secondary","name":"Boulevard Diderot","lengthM":79,"yearsFrom":2021,"yearsTo":2022,"metric":"density","trafficSource":"none"},"geometry":{"type":"LineString","coordinates":[[2.3821893,48.8468263],[2.3830815,48.8469265],[2.3832482,48.8469451]]}},{"type":"Feature","id":"risk-1026","properties":{"segmentId":"22972817:1","accidentCount":5,"accidentsPerKm":64.935,"percentile":0.905,"countPercentile":0.652,"riskLevel":3,"riskScore":0.758,"highway":"motorway","name":"Tunnel Voie du Moulin","lengthM":77,"yearsFrom":2021,"yearsTo":2024,"metric":"density","trafficSource":"tmja","tmja":146338,"tmjaDistM":256,"tmjaMeasureYear":2019,"accidentsPer100MVehKm":30.393,"tmjaPercentile":0.867},"geometry":{"type":"LineString","coordinates":[[2.3816046,48.76219],[2.3820409,48.7615623]]}},{"type":"Feature","id":"risk-1027","properties":{"segmentId":"462633923:0","accidentCount":4,"accidentsPerKm":41.667,"percentile":0.762,"countPercentile":0.5,"riskLevel":2,"riskScore":0.594,"highway":"secondary","name":"Rue des Pyrénées","lengthM":96,"yearsFrom":2021,"yearsTo":2024,"metric":"density","trafficSource":"none"},"geometry":{"type":"LineString","coordinates":[[2.4047315,48.8565247],[2.4048464,48.8563544],[2.4048898,48.85629],[2.404943,48.856194],[2.4049987,48.8560885],[2.4050819,48.8559269],[2.4051707,48.8557126]]}},{"type":"Feature","id":"risk-1028","properties":{"segmentId":"24979418:0","accidentCount":6,"accidentsPerKm":50.847,"percentile":0.844,"countPercentile":0.741,"riskLevel":2,"riskScore":0.688,"highway":"trunk","name":"Boulevard Périphérique Extérieur","lengthM":118,"yearsFrom":2021,"yearsTo":2024,"metric":"density","trafficSource":"none"},"geometry":{"type":"LineString","coordinates":[[2.3834463,48.9004356],[2.381841,48.9003482]]}},{"type":"Feature","id":"risk-1029","properties":{"segmentId":"22662568:0","accidentCount":5,"accidentsPerKm":40,"percentile":0.744,"countPercentile":0.652,"riskLevel":1,"riskScore":0.573,"highway":"motorway","lengthM":125,"yearsFrom":2021,"yearsTo":2023,"metric":"density","trafficSource":"none"},"geometry":{"type":"LineString","coordinates":[[2.4773331,48.8775678],[2.4771024,48.87791],[2.476661,48.8785983]]}},{"type":"Feature","id":"risk-1030","properties":{"segmentId":"166094938:0","accidentCount":3,"accidentsPerKm":41.096,"percentile":0.755,"countPercentile":0.265,"riskLevel":2,"riskScore":0.586,"highway":"motorway","lengthM":73,"yearsFrom":2021,"yearsTo":2023,"metric":"density","trafficSource":"tmja","tmja":92091,"tmjaDistM":41,"tmjaMeasureYear":2019,"accidentsPer100MVehKm":40.754,"tmjaPercentile":0.917},"geometry":{"type":"LineString","coordinates":[[2.2980737,48.9381274],[2.2971164,48.9379375]]}},{"type":"Feature","id":"risk-1031","properties":{"segmentId":"1455463739:0","accidentCount":4,"accidentsPerKm":41.237,"percentile":0.756,"countPercentile":0.501,"riskLevel":2,"riskScore":0.587,"highway":"secondary","name":"Avenue Jean Jaurès","lengthM":97,"yearsFrom":2021,"yearsTo":2023,"metric":"density","trafficSource":"none"},"geometry":{"type":"LineString","coordinates":[[2.551878,48.898491],[2.5517119,48.8985026],[2.5505603,48.8985828]]}},{"type":"Feature","id":"risk-1032","properties":{"segmentId":"466698430:0","accidentCount":3,"accidentsPerKm":46.154,"percentile":0.806,"countPercentile":0.267,"riskLevel":2,"riskScore":0.644,"highway":"primary","name":"Avenue Louis Aragon","lengthM":65,"yearsFrom":2021,"yearsTo":2023,"metric":"density","trafficSource":"none"},"geometry":{"type":"LineString","coordinates":[[2.4405091,48.9146361],[2.4400207,48.9144005],[2.4397808,48.9142931]]}},{"type":"Feature","id":"risk-1033","properties":{"segmentId":"34925572:0","accidentCount":4,"accidentsPerKm":64.516,"percentile":0.903,"countPercentile":0.503,"riskLevel":3,"riskScore":0.756,"highway":"primary","name":"Avenue de Paris","lengthM":62,"yearsFrom":2021,"yearsTo":2023,"metric":"density","trafficSource":"none"},"geometry":{"type":"LineString","coordinates":[[2.2950329,48.8078122],[2.2949366,48.8077584],[2.2949207,48.8077495],[2.2943948,48.8074448]]}},{"type":"Feature","id":"risk-1034","properties":{"segmentId":"30127727:0","accidentCount":6,"accidentsPerKm":46.512,"percentile":0.81,"countPercentile":0.741,"riskLevel":2,"riskScore":0.649,"highway":"tertiary","name":"Boulevard de la Paix","lengthM":129,"yearsFrom":2021,"yearsTo":2024,"metric":"density","trafficSource":"none"},"geometry":{"type":"LineString","coordinates":[[2.2623208,48.9009707],[2.261663,48.9007365],[2.2613265,48.9006144],[2.2610348,48.9005086],[2.261006,48.9004982],[2.2609725,48.900488],[2.2607734,48.9004153]]}},{"type":"Feature","id":"risk-1035","properties":{"segmentId":"1086441122:0","accidentCount":3,"accidentsPerKm":41.667,"percentile":0.762,"countPercentile":0.272,"riskLevel":2,"riskScore":0.594,"highway":"primary","name":"Quai de Clichy - Charles de Gaulle","lengthM":72,"yearsFrom":2021,"yearsTo":2022,"metric":"density","trafficSource":"none"},"geometry":{"type":"LineString","coordinates":[[2.2918721,48.90445],[2.2926717,48.9048343]]}},{"type":"Feature","id":"risk-1036","properties":{"segmentId":"977796778:0","accidentCount":3,"accidentsPerKm":40,"percentile":0.745,"countPercentile":0.272,"riskLevel":1,"riskScore":0.574,"highway":"primary","name":"Boulevard Anatole France","lengthM":75,"yearsFrom":2021,"yearsTo":2024,"metric":"density","trafficSource":"none"},"geometry":{"type":"LineString","coordinates":[[2.3439142,48.920145],[2.343839,48.920082],[2.3432752,48.9196199]]}},{"type":"Feature","id":"risk-1037","properties":{"segmentId":"22756706:0","accidentCount":4,"accidentsPerKm":49.383,"percentile":0.833,"countPercentile":0.506,"riskLevel":2,"riskScore":0.675,"highway":"tertiary","name":"Rue Lienard","lengthM":81,"yearsFrom":2021,"yearsTo":2024,"metric":"density","trafficSource":"none"},"geometry":{"type":"LineString","coordinates":[[2.1865108,48.8786705],[2.1866657,48.8787194],[2.1867523,48.8787519],[2.187246,48.8789281],[2.1873301,48.8789471],[2.187429,48.8789566],[2.1875099,48.8789576]]}},{"type":"Feature","id":"risk-1038","properties":{"segmentId":"1164286365:0","accidentCount":12,"accidentsPerKm":43.478,"percentile":0.782,"countPercentile":0.943,"riskLevel":2,"riskScore":0.617,"highway":"secondary","name":"Boulevard de la Bastille","lengthM":276,"yearsFrom":2021,"yearsTo":2023,"metric":"density","trafficSource":"none"},"geometry":{"type":"LineString","coordinates":[[2.3668468,48.8464299],[2.3669254,48.8465001],[2.3669337,48.8465082],[2.3669537,48.8465384],[2.3669683,48.8465652],[2.3675963,48.847914],[2.3676438,48.8480159],[2.3676824,48.848104],[2.3679988,48.8487894]]}},{"type":"Feature","id":"risk-1039","properties":{"segmentId":"83591806:1","accidentCount":5,"accidentsPerKm":55.556,"percentile":0.867,"countPercentile":0.654,"riskLevel":2,"riskScore":0.715,"highway":"tertiary","name":"Rue de la Croix Nivert","lengthM":90,"yearsFrom":2021,"yearsTo":2024,"metric":"density","trafficSource":"none"},"geometry":{"type":"LineString","coordinates":[[2.3005513,48.8472188],[2.3012537,48.8476958],[2.3012792,48.8477126],[2.3013153,48.8477381],[2.301404,48.8477978]]}},{"type":"Feature","id":"risk-1040","properties":{"segmentId":"24692413:0","accidentCount":4,"accidentsPerKm":46.512,"percentile":0.811,"countPercentile":0.507,"riskLevel":2,"riskScore":0.65,"highway":"tertiary","name":"Avenue de la Marne","lengthM":86,"yearsFrom":2021,"yearsTo":2023,"metric":"density","trafficSource":"none"},"geometry":{"type":"LineString","coordinates":[[2.3080611,48.8174809],[2.3081567,48.8175937],[2.3083455,48.817823],[2.3083562,48.817836],[2.3084303,48.8179418],[2.3084357,48.8179495],[2.3084566,48.8179847],[2.3085434,48.8181799]]}},{"type":"Feature","id":"risk-1041","properties":{"segmentId":"634363184:0","accidentCount":3,"accidentsPerKm":38.961,"percentile":0.733,"countPercentile":0.273,"riskLevel":1,"riskScore":0.56,"highway":"secondary","name":"Boulevard de Verdun","lengthM":77,"yearsFrom":2021,"yearsTo":2023,"metric":"density","trafficSource":"none"},"geometry":{"type":"LineString","coordinates":[[2.2576138,48.9036328],[2.2575185,48.9037319],[2.2575018,48.903749],[2.2571712,48.9040876],[2.2570447,48.904213]]}},{"type":"Feature","id":"risk-1042","properties":{"segmentId":"17043537:0","accidentCount":3,"accidentsPerKm":40,"percentile":0.745,"countPercentile":0.274,"riskLevel":1,"riskScore":0.574,"highway":"tertiary","name":"Rue Geoffroy Saint-Hilaire","lengthM":75,"yearsFrom":2021,"yearsTo":2022,"metric":"density","trafficSource":"none"},"geometry":{"type":"LineString","coordinates":[[2.3563437,48.8401157],[2.3561313,48.8406909],[2.3561173,48.840727],[2.3561006,48.840774]]}},{"type":"Feature","id":"risk-1043","properties":{"segmentId":"1069195098:0","accidentCount":3,"accidentsPerKm":39.474,"percentile":0.739,"countPercentile":0.275,"riskLevel":1,"riskScore":0.567,"highway":"primary","name":"Boulevard Malesherbes","lengthM":76,"yearsFrom":2021,"yearsTo":2023,"metric":"density","trafficSource":"none"},"geometry":{"type":"LineString","coordinates":[[2.3038674,48.8899055],[2.3039007,48.8898149],[2.3039899,48.8895688],[2.3040923,48.8892345]]}},{"type":"Feature","id":"risk-1044","properties":{"segmentId":"51260162:0","accidentCount":3,"accidentsPerKm":46.154,"percentile":0.807,"countPercentile":0.277,"riskLevel":2,"riskScore":0.646,"highway":"primary","name":"Place de l'École Militaire","lengthM":65,"yearsFrom":2021,"yearsTo":2023,"metric":"density","trafficSource":"none"},"geometry":{"type":"LineString","coordinates":[[2.3054471,48.8542721],[2.3056919,48.8542246],[2.3061276,48.854145],[2.3062968,48.8541144]]}},{"type":"Feature","id":"risk-1045","properties":{"segmentId":"39489020:0","accidentCount":3,"accidentsPerKm":41.096,"percentile":0.755,"countPercentile":0.278,"riskLevel":2,"riskScore":0.586,"highway":"primary","lengthM":73,"yearsFrom":2021,"yearsTo":2024,"metric":"density","trafficSource":"none"},"geometry":{"type":"LineString","coordinates":[[2.267192,48.8933529],[2.2679741,48.8937621]]}},{"type":"Feature","id":"risk-1046","properties":{"segmentId":"28108225:0","accidentCount":4,"accidentsPerKm":41.237,"percentile":0.756,"countPercentile":0.509,"riskLevel":2,"riskScore":0.587,"highway":"secondary","name":"Rue Gabriel Péri","lengthM":97,"yearsFrom":2021,"yearsTo":2023,"metric":"density","trafficSource":"tmja","tmja":92091,"tmjaDistM":381,"tmjaMeasureYear":2019,"accidentsPer100MVehKm":40.894,"tmjaPercentile":0.918},"geometry":{"type":"LineString","coordinates":[[2.2300481,48.9148554],[2.2298738,48.9148449],[2.2295946,48.9148029],[2.2294315,48.9147536],[2.2292391,48.9146817],[2.2292116,48.914672],[2.2291698,48.9146543],[2.2290388,48.9146149],[2.2289504,48.9145704],[2.2289245,48.9145574],[2.2288442,48.9145171]]}},{"type":"Feature","id":"risk-1047","properties":{"segmentId":"35393474:0","accidentCount":7,"accidentsPerKm":48.951,"percentile":0.828,"countPercentile":0.811,"riskLevel":2,"riskScore":0.67,"highway":"trunk","name":"Boulevard Périphérique Intérieur","lengthM":143,"yearsFrom":2021,"yearsTo":2024,"metric":"density","trafficSource":"none"},"geometry":{"type":"LineString","coordinates":[[2.2542328,48.8540765],[2.2544536,48.8542267],[2.2550612,48.85464],[2.2554313,48.8548917],[2.2555928,48.8550016]]}},{"type":"Feature","id":"risk-1048","properties":{"segmentId":"364913377:0","accidentCount":3,"accidentsPerKm":46.154,"percentile":0.807,"countPercentile":0.282,"riskLevel":2,"riskScore":0.646,"highway":"tertiary","name":"Rue Curial","lengthM":65,"yearsFrom":2021,"yearsTo":2022,"metric":"density","trafficSource":"none"},"geometry":{"type":"LineString","coordinates":[[2.3714769,48.8896627],[2.3716464,48.8900058],[2.3717453,48.8902191]]}},{"type":"Feature","id":"risk-1049","properties":{"segmentId":"223992534:0","accidentCount":3,"accidentsPerKm":44.776,"percentile":0.795,"countPercentile":0.283,"riskLevel":2,"riskScore":0.632,"highway":"secondary","name":"Rue de la Convention","lengthM":67,"yearsFrom":2021,"yearsTo":2023,"metric":"density","trafficSource":"none"},"geometry":{"type":"LineString","coordinates":[[2.3580308,48.8121487],[2.3579143,48.8121481],[2.3572123,48.812133],[2.3571101,48.8121316]]}},{"type":"Feature","id":"risk-1050","properties":{"segmentId":"722958668:0","accidentCount":8,"accidentsPerKm":45.198,"percentile":0.797,"countPercentile":0.859,"riskLevel":2,"riskScore":0.634,"highway":"secondary","name":"Avenue Victor Hugo","lengthM":177,"yearsFrom":2021,"yearsTo":2024,"metric":"density","trafficSource":"none"},"geometry":{"type":"LineString","coordinates":[[2.2830274,48.8686817],[2.2832453,48.8687743],[2.283325,48.8688064],[2.2847025,48.8693983],[2.2847313,48.8694107],[2.2847539,48.8694193],[2.2847929,48.8694361],[2.2848374,48.8694553],[2.2850594,48.8695511]]}},{"type":"Feature","id":"risk-1051","properties":{"segmentId":"432773974:0","accidentCount":4,"accidentsPerKm":45.455,"percentile":0.8,"countPercentile":0.511,"riskLevel":2,"riskScore":0.638,"highway":"primary","name":"Avenue Franklin Roosevelt","lengthM":88,"yearsFrom":2021,"yearsTo":2023,"metric":"density","trafficSource":"none"},"geometry":{"type":"LineString","coordinates":[[2.2213133,48.8730435],[2.2215322,48.8734003],[2.2216641,48.8736184],[2.2216809,48.8736471],[2.2216996,48.8737279],[2.2217096,48.8737914]]}},{"type":"Feature","id":"risk-1052","properties":{"segmentId":"332072965:0","accidentCount":3,"accidentsPerKm":46.154,"percentile":0.807,"countPercentile":0.285,"riskLevel":2,"riskScore":0.646,"highway":"secondary","name":"Boulevard Gallieni","lengthM":65,"yearsFrom":2021,"yearsTo":2023,"metric":"density","trafficSource":"none"},"geometry":{"type":"LineString","coordinates":[[2.3270211,48.925718],[2.3269667,48.9257511],[2.3268921,48.9257747],[2.3267827,48.9257718],[2.3266931,48.9257441],[2.3265206,48.9256539],[2.3264921,48.925628],[2.3264642,48.9255774],[2.3264595,48.925513],[2.326479,48.9254685]]}},{"type":"Feature","id":"risk-1053","properties":{"segmentId":"331242339:2","accidentCount":4,"accidentsPerKm":43.011,"percentile":0.777,"countPercentile":0.511,"riskLevel":2,"riskScore":0.611,"highway":"motorway","name":"Tunnel de la Défense","lengthM":93,"yearsFrom":2021,"yearsTo":2024,"metric":"density","trafficSource":"tmja","tmja":14600,"tmjaDistM":285,"tmjaMeasureYear":2019,"accidentsPer100MVehKm":201.777,"tmjaPercentile":0.999},"geometry":{"type":"LineString","coordinates":[[2.2390613,48.8911646],[2.2402073,48.8908114]]}},{"type":"Feature","id":"risk-1054","properties":{"segmentId":"1037341553:0","accidentCount":3,"accidentsPerKm":44.776,"percentile":0.795,"countPercentile":0.288,"riskLevel":2,"riskScore":0.632,"highway":"secondary","name":"Rue du Pont","lengthM":67,"yearsFrom":2021,"yearsTo":2022,"metric":"density","trafficSource":"none"},"geometry":{"type":"LineString","coordinates":[[2.5232351,48.7899492],[2.5230393,48.7900062],[2.5228559,48.7900833],[2.5226243,48.7902028],[2.5224447,48.7902381]]}},{"type":"Feature","id":"risk-1055","properties":{"segmentId":"162074308:0","accidentCount":3,"accidentsPerKm":42.254,"percentile":0.768,"countPercentile":0.289,"riskLevel":2,"riskScore":0.601,"highway":"primary","name":"Boulevard de Strasbourg","lengthM":71,"yearsFrom":2021,"yearsTo":2024,"metric":"density","trafficSource":"none"},"geometry":{"type":"LineString","coordinates":[[2.4751573,48.8361333],[2.4748837,48.8360208],[2.4747712,48.8359618],[2.4743879,48.8357529]]}},{"type":"Feature","id":"risk-1056","properties":{"segmentId":"23884208:0","accidentCount":6,"accidentsPerKm":58.252,"percentile":0.875,"countPercentile":0.743,"riskLevel":2,"riskScore":0.724,"highway":"tertiary","name":"Rue Caulaincourt","lengthM":103,"yearsFrom":2021,"yearsTo":2024,"metric":"density","trafficSource":"none"},"geometry":{"type":"LineString","coordinates":[[2.3306985,48.8853626],[2.3305132,48.8852428],[2.3297334,48.8847386],[2.3296969,48.884715]]}},{"type":"Feature","id":"risk-1057","properties":{"segmentId":"44960883:0","accidentCount":3,"accidentsPerKm":40,"percentile":0.745,"countPercentile":0.29,"riskLevel":1,"riskScore":0.574,"highway":"primary","name":"Avenue Charles de Gaulle","lengthM":75,"yearsFrom":2022,"yearsTo":2023,"metric":"density","trafficSource":"none"},"geometry":{"type":"LineString","coordinates":[[2.2784553,48.8788706],[2.279373,48.8785778]]}},{"type":"Feature","id":"risk-1058","properties":{"segmentId":"1333749747:0","accidentCount":6,"accidentsPerKm":83.333,"percentile":0.95,"countPercentile":0.744,"riskLevel":3,"riskScore":0.81,"highway":"motorway","lengthM":72,"yearsFrom":2022,"yearsTo":2024,"metric":"density","trafficSource":"none"},"geometry":{"type":"LineString","coordinates":[[2.3335176,48.9274877],[2.3333432,48.9275339],[2.3331823,48.927591],[2.3328821,48.9276946],[2.3326458,48.927781]]}},{"type":"Feature","id":"risk-1059","properties":{"segmentId":"13622093:0","accidentCount":4,"accidentsPerKm":39.216,"percentile":0.736,"countPercentile":0.513,"riskLevel":1,"riskScore":0.564,"highway":"secondary","name":"Place des Insurgés de Varsovie","lengthM":102,"yearsFrom":2022,"yearsTo":2022,"metric":"density","trafficSource":"none"},"geometry":{"type":"LineString","coordinates":[[2.2923035,48.8272242],[2.2924254,48.8271903],[2.2924983,48.8271843],[2.2926086,48.8271898],[2.2926463,48.8271996],[2.2927301,48.8272323],[2.2927983,48.8272751],[2.2929136,48.8274223],[2.292917,48.8274969],[2.2928698,48.8276486],[2.2928211,48.8277169],[2.2927347,48.8277764]]}},{"type":"Feature","id":"risk-1060","properties":{"segmentId":"35587168:0","accidentCount":3,"accidentsPerKm":46.154,"percentile":0.807,"countPercentile":0.293,"riskLevel":2,"riskScore":0.646,"highway":"trunk","name":"Boulevard Périphérique Extérieur","lengthM":65,"yearsFrom":2022,"yearsTo":2024,"metric":"density","trafficSource":"none"},"geometry":{"type":"LineString","coordinates":[[2.2797818,48.8774092],[2.2794056,48.8771253],[2.2792567,48.8770177],[2.279191,48.8769688]]}},{"type":"Feature","id":"risk-1061","properties":{"segmentId":"1450827571:0","accidentCount":3,"accidentsPerKm":43.478,"percentile":0.782,"countPercentile":0.294,"riskLevel":2,"riskScore":0.617,"highway":"motorway","name":"Autoroute du Soleil","lengthM":69,"yearsFrom":2022,"yearsTo":2022,"metric":"density","trafficSource":"none"},"geometry":{"type":"LineString","coordinates":[[2.3154719,48.6972819],[2.3148069,48.6977219]]}},{"type":"Feature","id":"risk-1062","properties":{"segmentId":"44508239:0","accidentCount":4,"accidentsPerKm":39.604,"percentile":0.741,"countPercentile":0.515,"riskLevel":1,"riskScore":0.57,"highway":"primary","name":"Boulevard Gambetta","lengthM":101,"yearsFrom":2022,"yearsTo":2022,"metric":"density","trafficSource":"none"},"geometry":{"type":"LineString","coordinates":[[2.2740344,48.8278714],[2.2742116,48.8278475],[2.2742346,48.8278444],[2.2745298,48.8278053],[2.2747166,48.8277806],[2.275382,48.8276915]]}},{"type":"Feature","id":"risk-1063","properties":{"segmentId":"197642231:0","accidentCount":3,"accidentsPerKm":39.474,"percentile":0.74,"countPercentile":0.298,"riskLevel":1,"riskScore":0.568,"highway":"primary","name":"Boulevard Macdonald","lengthM":76,"yearsFrom":2022,"yearsTo":2024,"metric":"density","trafficSource":"none"},"geometry":{"type":"LineString","coordinates":[[2.3850271,48.8984245],[2.3857381,48.898265],[2.385801,48.8982522],[2.3858272,48.8982468],[2.3858566,48.8982396],[2.3860098,48.898191]]}},{"type":"Feature","id":"risk-1064","properties":{"segmentId":"1355298019:0","accidentCount":3,"accidentsPerKm":48.387,"percentile":0.825,"countPercentile":0.3,"riskLevel":2,"riskScore":0.666,"highway":"motorway","lengthM":62,"yearsFrom":2022,"yearsTo":2023,"metric":"density","trafficSource":"none"},"geometry":{"type":"LineString","coordinates":[[2.3999506,48.7732273],[2.3995288,48.7731232],[2.399161,48.7730185]]}},{"type":"Feature","id":"risk-1065","properties":{"segmentId":"344069127:0","accidentCount":4,"accidentsPerKm":59.701,"percentile":0.883,"countPercentile":0.516,"riskLevel":2,"riskScore":0.733,"highway":"primary","name":"Avenue Aristide Briand","lengthM":67,"yearsFrom":2022,"yearsTo":2024,"metric":"density","trafficSource":"none"},"geometry":{"type":"LineString","coordinates":[[2.3265976,48.8101575],[2.3262664,48.8097577],[2.326244,48.8097307],[2.3261968,48.8096724],[2.3261745,48.8096203]]}},{"type":"Feature","id":"risk-1066","properties":{"segmentId":"297161180:0","accidentCount":4,"accidentsPerKm":65.574,"percentile":0.907,"countPercentile":0.517,"riskLevel":3,"riskScore":0.761,"highway":"secondary","name":"Rue Jacques Le Paire","lengthM":61,"yearsFrom":2022,"yearsTo":2024,"metric":"density","trafficSource":"none"},"geometry":{"type":"LineString","coordinates":[[2.7013744,48.87748],[2.7013852,48.8775205],[2.7014015,48.8776136],[2.7014085,48.8776484],[2.701474,48.8779284],[2.7014985,48.8780218]]}},{"type":"Feature","id":"risk-1067","properties":{"segmentId":"102154914:0","accidentCount":3,"accidentsPerKm":46.875,"percentile":0.813,"countPercentile":0.303,"riskLevel":2,"riskScore":0.652,"highway":"primary","name":"Boulevard de la République","lengthM":64,"yearsFrom":2022,"yearsTo":2024,"metric":"density","trafficSource":"none"},"geometry":{"type":"LineString","coordinates":[[2.2572471,48.8310774],[2.2576743,48.8309643],[2.2579089,48.8309131],[2.2580549,48.8308608]]}},{"type":"Feature","id":"risk-1068","properties":{"segmentId":"31822568:0","accidentCount":5,"accidentsPerKm":60.241,"percentile":0.884,"countPercentile":0.656,"riskLevel":2,"riskScore":0.734,"highway":"primary","name":"Quai Voltaire","lengthM":83,"yearsFrom":2022,"yearsTo":2024,"metric":"density","trafficSource":"none"},"geometry":{"type":"LineString","coordinates":[[2.3302977,48.8592245],[2.330205,48.8592549],[2.3296641,48.8594308],[2.3294616,48.8594968],[2.329285,48.8595512]]}},{"type":"Feature","id":"risk-1069","properties":{"segmentId":"61361888:0","accidentCount":5,"accidentsPerKm":47.17,"percentile":0.817,"countPercentile":0.657,"riskLevel":2,"riskScore":0.657,"highway":"secondary","name":"Avenue Louis Roche","lengthM":106,"yearsFrom":2022,"yearsTo":2024,"metric":"density","trafficSource":"none"},"geometry":{"type":"LineString","coordinates":[[2.3104711,48.9290439],[2.3104432,48.9290584],[2.310372,48.9290981],[2.3102843,48.9291455],[2.3096019,48.9295141],[2.3094154,48.9296029],[2.309337,48.9296401]]}},{"type":"Feature","id":"risk-1070","properties":{"segmentId":"936406956:0","accidentCount":3,"accidentsPerKm":38.961,"percentile":0.734,"countPercentile":0.307,"riskLevel":1,"riskScore":0.562,"highway":"primary","name":"Carrefour Simone de Beauvoir","lengthM":77,"yearsFrom":2022,"yearsTo":2024,"metric":"density","trafficSource":"none"},"geometry":{"type":"LineString","coordinates":[[2.4786694,48.762638],[2.4788501,48.7626875],[2.4791367,48.7627867],[2.4795038,48.7629574],[2.4795724,48.7629932]]}},{"type":"Feature","id":"risk-1071","properties":{"segmentId":"685597775:0","accidentCount":4,"accidentsPerKm":38.462,"percentile":0.728,"countPercentile":0.52,"riskLevel":1,"riskScore":0.555,"highway":"primary","name":"Rue Martre","lengthM":104,"yearsFrom":2022,"yearsTo":2024,"metric":"density","trafficSource":"none"},"geometry":{"type":"LineString","coordinates":[[2.3070144,48.9021076],[2.306703,48.9024739],[2.3064145,48.9028132],[2.3063207,48.9029235]]}},{"type":"Feature","id":"risk-1072","properties":{"segmentId":"371575416:0","accidentCount":3,"accidentsPerKm":38.961,"percentile":0.734,"countPercentile":0.31,"riskLevel":1,"riskScore":0.562,"highway":"secondary","name":"Rue Lénine","lengthM":77,"yearsFrom":2022,"yearsTo":2024,"metric":"density","trafficSource":"tmja","tmja":221626,"tmjaDistM":255,"tmjaMeasureYear":2019,"accidentsPer100MVehKm":16.054,"tmjaPercentile":0.691},"geometry":{"type":"LineString","coordinates":[[2.3985,48.8183758],[2.3987996,48.8185559],[2.3988495,48.8185932],[2.3989351,48.8186572],[2.399096,48.8188026],[2.3991109,48.8188182],[2.39914,48.8188486],[2.3991606,48.8188701],[2.3991855,48.8188961]]}},{"type":"Feature","id":"risk-1073","properties":{"segmentId":"1392077925:0","accidentCount":4,"accidentsPerKm":38.835,"percentile":0.731,"countPercentile":0.521,"riskLevel":1,"riskScore":0.558,"highway":"primary","name":"Boulevard Bineau","lengthM":103,"yearsFrom":2022,"yearsTo":2024,"metric":"density","trafficSource":"none"},"geometry":{"type":"LineString","coordinates":[[2.2716914,48.8899942],[2.2727516,48.8894334],[2.2727924,48.8894118]]}},{"type":"Feature","id":"risk-1074","properties":{"segmentId":"165353055:0","accidentCount":3,"accidentsPerKm":48.387,"percentile":0.825,"countPercentile":0.313,"riskLevel":2,"riskScore":0.666,"highway":"secondary","name":"Avenue de la République","lengthM":62,"yearsFrom":2022,"yearsTo":2024,"metric":"density","trafficSource":"tmja","tmja":136851,"tmjaDistM":272,"tmjaMeasureYear":2019,"accidentsPer100MVehKm":32.29,"tmjaPercentile":0.881},"geometry":{"type":"LineString","coordinates":[[2.4677185,48.9357567],[2.4681262,48.9356483],[2.4681877,48.9356324],[2.4685113,48.9355465]]}},{"type":"Feature","id":"risk-1075","properties":{"segmentId":"338178866:0","accidentCount":8,"accidentsPerKm":47.059,"percentile":0.816,"countPercentile":0.86,"riskLevel":2,"riskScore":0.656,"highway":"motorway_link","lengthM":170,"yearsFrom":2023,"yearsTo":2024,"metric":"density","trafficSource":"tmja","tmja":131984,"tmjaDistM":271,"tmjaMeasureYear":2019,"accidentsPer100MVehKm":48.842,"tmjaPercentile":0.944},"geometry":{"type":"LineString","coordinates":[[2.4146876,48.8662437],[2.414474,48.8662506],[2.4139397,48.8663337],[2.4138267,48.866339],[2.4136977,48.8663421],[2.4134939,48.8663247],[2.4133303,48.8663],[2.4131674,48.8662626],[2.4130312,48.8662172],[2.4128623,48.8661379],[2.4127105,48.866053],[2.4125765,48.8659433]]}},{"type":"Feature","id":"risk-1076","properties":{"segmentId":"1391912067:0","accidentCount":5,"accidentsPerKm":44.643,"percentile":0.794,"countPercentile":0.658,"riskLevel":2,"riskScore":0.631,"highway":"primary","name":"Boulevard du Général Leclerc","lengthM":112,"yearsFrom":2023,"yearsTo":2024,"metric":"density","trafficSource":"none"},"geometry":{"type":"LineString","coordinates":[[2.2592001,48.8891648],[2.2590943,48.8890932],[2.2587968,48.8889081],[2.2583809,48.8886147],[2.2581524,48.8884344]]}},{"type":"Feature","id":"risk-1077","properties":{"segmentId":"687182252:0","accidentCount":5,"accidentsPerKm":71.429,"percentile":0.927,"countPercentile":0.658,"riskLevel":3,"riskScore":0.784,"highway":"primary","name":"Boulevard Charles de Gaulle","lengthM":70,"yearsFrom":2023,"yearsTo":2024,"metric":"density","trafficSource":"none"},"geometry":{"type":"LineString","coordinates":[[2.2358837,48.9093505],[2.2360777,48.9092206],[2.2362059,48.9091348],[2.2363564,48.9090522],[2.2363938,48.9090316],[2.2366093,48.9089397]]}},{"type":"Feature","id":"risk-1078","properties":{"segmentId":"34681800:0","accidentCount":4,"accidentsPerKm":42.105,"percentile":0.766,"countPercentile":0.522,"riskLevel":2,"riskScore":0.598,"highway":"secondary","name":"Rue Montmartre","lengthM":95,"yearsFrom":2023,"yearsTo":2024,"metric":"density","trafficSource":"none"},"geometry":{"type":"LineString","coordinates":[[2.3439549,48.8673275],[2.3439251,48.867399],[2.3438596,48.8675563],[2.3437648,48.8677839],[2.3436783,48.867995],[2.3436681,48.86802],[2.343656,48.8680467],[2.3436015,48.8681507]]}},{"type":"Feature","id":"risk-1079","properties":{"segmentId":"805446095:0","accidentCount":3,"accidentsPerKm":39.474,"percentile":0.74,"countPercentile":0.323,"riskLevel":1,"riskScore":0.568,"highway":"primary","name":"Avenue Georges Clemenceau","lengthM":76,"yearsFrom":2023,"yearsTo":2024,"metric":"density","trafficSource":"none"},"geometry":{"type":"LineString","coordinates":[[2.2178774,48.8858026],[2.2174385,48.885836],[2.2171339,48.8858581],[2.2168515,48.885881]]}},{"type":"Feature","id":"risk-1080","properties":{"segmentId":"1347402707:0","accidentCount":3,"accidentsPerKm":39.474,"percentile":0.74,"countPercentile":0.325,"riskLevel":1,"riskScore":0.568,"highway":"motorway","lengthM":76,"yearsFrom":2023,"yearsTo":2024,"metric":"density","trafficSource":"none"},"geometry":{"type":"LineString","coordinates":[[2.4824791,48.8705901],[2.4824038,48.870798],[2.4822282,48.8711268],[2.4821606,48.8712364]]}},{"type":"Feature","id":"risk-1081","properties":{"segmentId":"438876996:0","accidentCount":4,"accidentsPerKm":49.383,"percentile":0.833,"countPercentile":0.523,"riskLevel":2,"riskScore":0.675,"highway":"primary","lengthM":81,"yearsFrom":2023,"yearsTo":2024,"metric":"density","trafficSource":"none"},"geometry":{"type":"LineString","coordinates":[[2.3630886,48.7056711],[2.3631081,48.7056098],[2.363217,48.7055813],[2.3632991,48.7055881],[2.3633684,48.7056246],[2.3633778,48.7056768],[2.3633736,48.7057635],[2.3633443,48.7058048],[2.3631808,48.705821],[2.3631148,48.7057954],[2.3630873,48.7057235],[2.3630886,48.7056711]]}}]}