{"type":"FeatureCollection","metadata":{"source":"OpenStreetMap via Overpass","region":"Île-de-France (+ 5 km)","algorithm":"curvature-v4","displayMin":0.62,"segments":2547,"mode":"merge-only","exportedAt":"2026-06-01T14:19:50.502Z"},"features":[{"type":"Feature","properties":{"sinuosity":0.7,"highway":"primary"},"geometry":{"type":"LineString","coordinates":[[2.6637205,48.9630908],[2.6635622,48.9637338],[2.6633203,48.9647073],[2.663162,48.9655447],[2.6629021,48.9665212],[2.6626851,48.9670745],[2.6625893,48.9673165],[2.662559,48.9674477],[2.6625914,48.9675274],[2.6627013,48.9675952]]}},{"type":"Feature","properties":{"sinuosity":0.7,"highway":"primary"},"geometry":{"type":"LineString","coordinates":[[2.6626797,48.9681666],[2.6625968,48.968212],[2.6624863,48.9683319],[2.6622792,48.9690946],[2.6621157,48.9698622],[2.6617759,48.9712153]]}},{"type":"Feature","properties":{"sinuosity":0.743,"highway":"tertiary"},"geometry":{"type":"LineString","coordinates":[[2.6988573,48.9671003],[2.6984578,48.9671388],[2.697355,48.967259],[2.6962922,48.9673522],[2.695968,48.9673445],[2.6953585,48.9673186],[2.693917,48.9673309],[2.6934519,48.967476],[2.6932808,48.9677116],[2.6930147,48.9682548]]}},{"type":"Feature","properties":{"sinuosity":0.949,"highway":"primary"},"geometry":{"type":"LineString","coordinates":[[2.3979171,48.8828828],[2.3988809,48.8827343],[2.3994822,48.8826546],[2.4000112,48.8825071],[2.4004265,48.8822477],[2.4005685,48.8819711],[2.400466,48.8816207],[2.4000794,48.8812346],[2.3999852,48.8809936],[2.4000569,48.8806977]]}},{"type":"Feature","properties":{"sinuosity":0.929,"highway":"secondary"},"geometry":{"type":"LineString","coordinates":[[2.3755408,48.8177034],[2.3756188,48.8177307],[2.3756602,48.8177436],[2.3767217,48.8181083],[2.3767522,48.8181078],[2.3767696,48.8181043],[2.3767898,48.8181003],[2.3770984,48.8177961],[2.3776845,48.8171845],[2.3779164,48.8169567]]}},{"type":"Feature","properties":{"sinuosity":0.7,"highway":"primary"},"geometry":{"type":"LineString","coordinates":[[2.3655296,48.8474723],[2.3652148,48.8476649],[2.3649623,48.8481369],[2.3645688,48.8488396],[2.3640389,48.8495089],[2.3633774,48.8500607],[2.3630084,48.8503598],[2.3623139,48.8509245],[2.3622848,48.850951],[2.36225,48.8510716]]}},{"type":"Feature","properties":{"sinuosity":0.734,"highway":"secondary"},"geometry":{"type":"LineString","coordinates":[[2.317738,48.8372198],[2.3172844,48.8372641],[2.3170715,48.8372435],[2.3169417,48.8371997],[2.3166107,48.8370065],[2.315999,48.8366415],[2.3156255,48.8363439],[2.3154368,48.8361753],[2.3153754,48.8360166],[2.3153738,48.8359345]]}},{"type":"Feature","properties":{"sinuosity":1,"highway":"motorway_link"},"geometry":{"type":"LineString","coordinates":[[2.1108566,48.840146],[2.1108143,48.8396348],[2.1103918,48.8393225],[2.1096912,48.8392801],[2.1082635,48.8397166],[2.1074586,48.8403795],[2.1074669,48.8405768],[2.107587,48.840705],[2.1078585,48.8408037],[2.108128,48.8408078]]}},{"type":"Feature","properties":{"sinuosity":0.788,"highway":"motorway_link"},"geometry":{"type":"LineString","coordinates":[[2.1099473,48.8434634],[2.1099481,48.8430653],[2.1099028,48.8427972],[2.1098212,48.8426585],[2.1096082,48.8424598],[2.1081085,48.8414684],[2.107847,48.8413908],[2.1075866,48.8413506],[2.1070351,48.8413664],[2.1064256,48.8414081]]}},{"type":"Feature","properties":{"sinuosity":0.7,"highway":"motorway_link"},"geometry":{"type":"LineString","coordinates":[[2.1155195,48.8402204],[2.1151551,48.8402995],[2.1146354,48.8404181],[2.1144019,48.8405199],[2.1139878,48.8408311],[2.113473,48.8413949],[2.1125587,48.8419972],[2.112099,48.8421948],[2.1106178,48.8427512],[2.1103031,48.8430739]]}},{"type":"Feature","properties":{"sinuosity":0.7,"highway":"motorway_link"},"geometry":{"type":"LineString","coordinates":[[2.421547,48.6226906],[2.421576,48.6225857],[2.4231302,48.6215305],[2.4236537,48.6211524],[2.4238241,48.6209705]]}},{"type":"Feature","properties":{"sinuosity":0.7,"highway":"motorway_link"},"geometry":{"type":"LineString","coordinates":[[2.3348434,48.6787857],[2.3352096,48.6785186],[2.3354281,48.6783951],[2.3358932,48.677989],[2.3363636,48.677465],[2.3364723,48.677387],[2.3367445,48.6772525],[2.3374306,48.6769187],[2.3374459,48.6768916],[2.3374713,48.6768133]]}},{"type":"Feature","properties":{"sinuosity":1,"highway":"motorway_link"},"geometry":{"type":"LineString","coordinates":[[2.337482,48.6770363],[2.3366403,48.6773984],[2.3365769,48.6774933],[2.3365887,48.6775631],[2.3366544,48.6776367],[2.336776,48.6776811],[2.3369175,48.6776846],[2.3370731,48.6776386],[2.3380424,48.677185],[2.3398696,48.6762183]]}},{"type":"Feature","properties":{"sinuosity":0.7,"highway":"motorway_link"},"geometry":{"type":"LineString","coordinates":[[2.3113462,48.6996535],[2.3113323,48.6995977],[2.3113415,48.699554],[2.3113885,48.699492],[2.3120278,48.6991229],[2.3127346,48.6987414],[2.3129799,48.6986099],[2.3137704,48.6982108]]}},{"type":"Feature","properties":{"sinuosity":1,"highway":"motorway_link"},"geometry":{"type":"LineString","coordinates":[[2.3388894,48.6774527],[2.3395211,48.6773901],[2.3398237,48.6771471],[2.3398653,48.67697],[2.3397244,48.6768513],[2.3395488,48.676838],[2.3392197,48.6769616],[2.3374379,48.6779529],[2.3359618,48.6785834],[2.3346931,48.679018]]}},{"type":"Feature","properties":{"sinuosity":0.936,"highway":"motorway_link"},"geometry":{"type":"LineString","coordinates":[[2.3023616,48.7270787],[2.3020782,48.7269845],[2.301623,48.7268221],[2.3014091,48.7267904],[2.3011127,48.726786],[2.3008702,48.7268289],[2.3006245,48.7269743],[2.3004552,48.7271839],[2.3003747,48.7273814],[2.30029,48.7275826]]}},{"type":"Feature","properties":{"sinuosity":0.7,"highway":"motorway_link"},"geometry":{"type":"LineString","coordinates":[[2.3080046,48.7020361],[2.3080154,48.7019394],[2.3084188,48.7015984],[2.309121,48.7010744],[2.3094727,48.7008189],[2.3105934,48.7000191],[2.3106967,48.6999482],[2.3108383,48.6997966],[2.3108985,48.6997257]]}},{"type":"Feature","properties":{"sinuosity":1,"highway":"motorway_link"},"geometry":{"type":"LineString","coordinates":[[2.2150602,48.6857062],[2.2153694,48.685519],[2.2154201,48.6852966],[2.21519,48.6850768],[2.2149371,48.6850291],[2.2146385,48.6850959],[2.2144805,48.6852333],[2.2144494,48.6854829],[2.2149799,48.6858976],[2.2171583,48.6873542]]}},{"type":"Feature","properties":{"sinuosity":0.706,"highway":"primary"},"geometry":{"type":"LineString","coordinates":[[2.2601699,48.820822],[2.2603807,48.8207404],[2.2605427,48.8206693],[2.2606208,48.8206401],[2.2608214,48.8206203],[2.261481,48.8207592],[2.2628611,48.8211593],[2.2629965,48.8211919],[2.2631106,48.8212024],[2.263172,48.8212002]]}},{"type":"Feature","properties":{"sinuosity":1,"highway":"trunk_link"},"geometry":{"type":"LineString","coordinates":[[2.6094286,48.7739977],[2.6103627,48.7736192],[2.6112497,48.7737913],[2.6126843,48.773598],[2.6135255,48.7732575],[2.6135565,48.7727588],[2.6130003,48.7724508],[2.6124124,48.7724865],[2.6120456,48.772723],[2.6118905,48.7731215]]}},{"type":"Feature","properties":{"sinuosity":0.748,"highway":"trunk_link"},"geometry":{"type":"LineString","coordinates":[[2.6125438,48.7756362],[2.6122273,48.7751875],[2.6119885,48.7749078],[2.6116837,48.7746769],[2.6113222,48.7745027],[2.6110532,48.7744147],[2.6106532,48.774335],[2.6102118,48.7743157],[2.6099598,48.7743328],[2.6096495,48.7743402]]}},{"type":"Feature","properties":{"sinuosity":0.71,"highway":"trunk_link"},"geometry":{"type":"LineString","coordinates":[[2.6121505,48.7708974],[2.6121726,48.7711957],[2.6121996,48.7714541],[2.6123669,48.7718186],[2.6127109,48.7721449],[2.6131189,48.7723825],[2.6141693,48.7728592],[2.615523,48.7730719],[2.6162638,48.773012],[2.6181735,48.7727511]]}},{"type":"Feature","properties":{"sinuosity":0.76,"highway":"trunk_link"},"geometry":{"type":"LineString","coordinates":[[2.6161168,48.7732179],[2.6157022,48.7733476],[2.6149574,48.7736245],[2.6145958,48.7738844],[2.6138482,48.7747285],[2.6133083,48.7755283],[2.613241,48.7758981],[2.6133011,48.7762182],[2.6135282,48.776604],[2.6137313,48.7769388]]}},{"type":"Feature","properties":{"sinuosity":0.7,"highway":"trunk_link"},"geometry":{"type":"LineString","coordinates":[[2.0310183,49.0580646],[2.0311102,49.0581137],[2.0313256,49.0582052],[2.0314313,49.058243],[2.031666,49.0582871],[2.031882,49.0583037],[2.0323621,49.0583169],[2.0326506,49.0583038],[2.033885,49.0581609],[2.0340765,49.0581797]]}},{"type":"Feature","properties":{"sinuosity":0.7,"highway":"motorway_link"},"geometry":{"type":"LineString","coordinates":[[2.0815003,49.0417441],[2.0813772,49.0417465],[2.0811081,49.0418036],[2.0809978,49.0418543],[2.0806699,49.0421644],[2.0804043,49.0424126],[2.0795819,49.043007],[2.0793197,49.0431477],[2.0786282,49.0434758],[2.0780907,49.0436576]]}},{"type":"Feature","properties":{"sinuosity":0.857,"highway":"motorway_link"},"geometry":{"type":"LineString","coordinates":[[2.4012554,48.6349879],[2.4016198,48.6347031],[2.4018345,48.6344935],[2.4019141,48.6341593],[2.4018256,48.6338568],[2.4018155,48.6334731],[2.4019429,48.6332353],[2.402345,48.6329753],[2.402826,48.6329022],[2.4035712,48.6329785]]}},{"type":"Feature","properties":{"sinuosity":1,"highway":"trunk_link"},"geometry":{"type":"LineString","coordinates":[[2.2238897,48.7767279],[2.2246443,48.7762778],[2.2247587,48.7761025],[2.2247394,48.7758903],[2.2245698,48.7756821],[2.2237045,48.775106],[2.2234139,48.7750576],[2.2231204,48.7750992],[2.2229011,48.7752162],[2.2226283,48.7756426]]}},{"type":"Feature","properties":{"sinuosity":0.971,"highway":"tertiary"},"geometry":{"type":"LineString","coordinates":[[1.8374954,49.1315005],[1.8353805,49.1323325],[1.8321246,49.1336072],[1.8318124,49.1336975],[1.8316036,49.1336407],[1.8313004,49.1315712],[1.8311749,49.1313739],[1.8310194,49.1312799],[1.8308549,49.1312294],[1.8263344,49.1307561]]}},{"type":"Feature","properties":{"sinuosity":0.673,"highway":"tertiary"},"geometry":{"type":"LineString","coordinates":[[2.1410411,48.7716768],[2.1409825,48.7717312],[2.1399843,48.7725327],[2.1381881,48.7732491],[2.1367258,48.7736348],[2.1350196,48.7745816],[2.1347848,48.774694],[2.1341351,48.7747156],[2.1338308,48.774717],[2.1335657,48.7747362]]}},{"type":"Feature","properties":{"sinuosity":0.7,"highway":"tertiary"},"geometry":{"type":"LineString","coordinates":[[2.1454476,48.7701931],[2.1451141,48.7702173],[2.1450236,48.7702283],[2.1448284,48.7702676],[2.1447165,48.770299],[2.14463,48.7703344],[2.1436362,48.7707794],[2.143144,48.7709341],[2.1417586,48.7711798],[2.1410411,48.7716768]]}},{"type":"Feature","properties":{"sinuosity":1,"highway":"trunk_link"},"geometry":{"type":"LineString","coordinates":[[2.4300528,48.613946],[2.4304193,48.6131222],[2.4305446,48.6127936],[2.4305605,48.6126661],[2.4305066,48.6125316],[2.4304666,48.612476],[2.4303385,48.6123849],[2.4301631,48.6123241],[2.4299911,48.6123056],[2.4294216,48.6124181]]}},{"type":"Feature","properties":{"sinuosity":0.768,"highway":"secondary"},"geometry":{"type":"LineString","coordinates":[[2.7527109,48.4868266],[2.7527479,48.4869375],[2.7527129,48.4871052],[2.7525277,48.4873713],[2.7521121,48.4875678],[2.7516755,48.4876216],[2.7508957,48.4877785],[2.7498551,48.4880696],[2.7494735,48.4882633],[2.7494654,48.488562]]}},{"type":"Feature","properties":{"sinuosity":0.7,"highway":"tertiary"},"geometry":{"type":"LineString","coordinates":[[2.847105,48.5045197],[2.8489778,48.5042756],[2.8494763,48.5042727],[2.8508895,48.5044048],[2.8512884,48.5044278],[2.8516742,48.5043905],[2.852112,48.5042468],[2.8534212,48.5034771],[2.8536727,48.5033708],[2.8537999,48.503354]]}},{"type":"Feature","properties":{"sinuosity":1,"highway":"trunk_link"},"geometry":{"type":"LineString","coordinates":[[2.369766,48.7535767],[2.3699431,48.75353],[2.3701836,48.753457],[2.3702908,48.7533574],[2.3703191,48.7531658],[2.3701859,48.7530052],[2.3695797,48.752612],[2.3693262,48.7526009],[2.3690767,48.7527313],[2.3689868,48.7529562]]}},{"type":"Feature","properties":{"sinuosity":0.7,"highway":"trunk_link"},"geometry":{"type":"LineString","coordinates":[[2.3658912,48.7534817],[2.3659922,48.7534394],[2.366255,48.7534389],[2.3666559,48.753389],[2.3668963,48.753298],[2.3684232,48.7523925],[2.3686732,48.7522634],[2.3687515,48.7521724],[2.3687762,48.7521282],[2.36888,48.7519701]]}},{"type":"Feature","properties":{"sinuosity":0.704,"highway":"motorway_link"},"geometry":{"type":"LineString","coordinates":[[2.174486,48.7810796],[2.1739311,48.7811456],[2.1737079,48.7811811],[2.1734948,48.7812488],[2.1728813,48.7815206],[2.172687,48.7815843],[2.1725204,48.781607],[2.1723168,48.7816016],[2.17213,48.7815522],[2.1719913,48.7814909]]}},{"type":"Feature","properties":{"sinuosity":0.785,"highway":"motorway_link"},"geometry":{"type":"LineString","coordinates":[[2.1822225,48.9930481],[2.1822765,48.9931384],[2.1823634,48.9932191],[2.182505,48.9933073],[2.1826579,48.9933768],[2.1828367,48.9934293],[2.1835297,48.9936433],[2.1843567,48.993694],[2.1847107,48.9936099],[2.1859659,48.9931031]]}},{"type":"Feature","properties":{"sinuosity":0.776,"highway":"motorway_link"},"geometry":{"type":"LineString","coordinates":[[2.3306518,48.7564253],[2.3316807,48.7560345],[2.3319849,48.7558758],[2.3320855,48.7558042],[2.3322853,48.7555867],[2.3323967,48.7553347],[2.3324047,48.7550898],[2.3323846,48.7549907],[2.3322733,48.7547579],[2.3322347,48.7546376]]}},{"type":"Feature","properties":{"sinuosity":0.7,"highway":"motorway"},"geometry":{"type":"LineString","coordinates":[[2.4736326,48.8893039],[2.4736108,48.8892104],[2.4736981,48.8889835],[2.4737853,48.8886193],[2.4738227,48.8883838],[2.4738335,48.8881255],[2.4738174,48.8878204],[2.4737558,48.88754],[2.4736699,48.8872763],[2.4736324,48.8872286]]}},{"type":"Feature","properties":{"sinuosity":0.7,"highway":"motorway_link"},"geometry":{"type":"LineString","coordinates":[[2.4702319,48.949899],[2.4703799,48.9498428],[2.4705538,48.9498408],[2.470916,48.9498309],[2.4713799,48.9497754],[2.4718305,48.9496931],[2.47267,48.9494563],[2.473126,48.9493359],[2.4733639,48.9492768],[2.4735262,48.9492827]]}},{"type":"Feature","properties":{"sinuosity":0.7,"highway":"motorway_link"},"geometry":{"type":"LineString","coordinates":[[2.4735262,48.9492827],[2.4738839,48.9491584],[2.4742118,48.9490267],[2.4746054,48.9488203],[2.4749216,48.9485598],[2.4751806,48.9482788],[2.4753469,48.948033],[2.4756392,48.9474659],[2.476004,48.9466888],[2.4761381,48.9466143]]}},{"type":"Feature","properties":{"sinuosity":0.809,"highway":"motorway_link"},"geometry":{"type":"LineString","coordinates":[[2.5861972,48.9752752],[2.5858346,48.9756254],[2.5857485,48.9757661],[2.5856726,48.9761307],[2.5857069,48.9763141],[2.58591,48.9766585],[2.5860871,48.9768053],[2.5867572,48.9772005],[2.587331,48.977467],[2.5876465,48.9776572]]}},{"type":"Feature","properties":{"sinuosity":1,"highway":"trunk_link"},"geometry":{"type":"LineString","coordinates":[[2.6345542,48.9991113],[2.6339686,48.9989143],[2.633591,48.998903],[2.6330159,48.9991508],[2.632909,48.999406],[2.6330107,49.0006638],[2.6331241,49.0009584],[2.6336342,49.0012183],[2.6341742,49.001194],[2.6347647,49.001046]]}},{"type":"Feature","properties":{"sinuosity":0.7,"highway":"tertiary"},"geometry":{"type":"LineString","coordinates":[[2.3967319,48.8813373],[2.3961886,48.8819669],[2.3961932,48.8823501],[2.396073,48.8826395],[2.3955184,48.8828721],[2.3951215,48.8831078],[2.3950814,48.8831699],[2.3948631,48.8837025],[2.3948037,48.8838847],[2.3945415,48.8845179]]}},{"type":"Feature","properties":{"sinuosity":1,"highway":"trunk_link"},"geometry":{"type":"LineString","coordinates":[[2.534962,48.6424588],[2.5348737,48.6418721],[2.5346053,48.6416784],[2.5341887,48.6416261],[2.5338324,48.6417485],[2.5336805,48.6419161],[2.5336339,48.6422528],[2.5338148,48.6427657],[2.5340471,48.6430616],[2.5345919,48.6434808]]}},{"type":"Feature","properties":{"sinuosity":0.879,"highway":"trunk"},"geometry":{"type":"LineString","coordinates":[[2.2223456,48.8231636],[2.2222376,48.8233137],[2.2213041,48.8243985],[2.2211686,48.8246609],[2.2211595,48.8250761],[2.2212051,48.8252227],[2.2214477,48.8255049],[2.2216069,48.8256224],[2.2221841,48.8258813],[2.2230276,48.8261562]]}},{"type":"Feature","properties":{"sinuosity":0.7,"highway":"primary"},"geometry":{"type":"LineString","coordinates":[[2.6153524,48.455051],[2.6157365,48.4547295],[2.6159975,48.4546146],[2.6167502,48.4544712],[2.6170347,48.4544806],[2.6181862,48.4545446],[2.6186881,48.4544669],[2.6196414,48.454087],[2.620128,48.4538626],[2.6214263,48.4531365]]}},{"type":"Feature","properties":{"sinuosity":0.7,"highway":"tertiary"},"geometry":{"type":"LineString","coordinates":[[2.3321427,48.8034752],[2.3321125,48.8034254],[2.3321184,48.8033898],[2.3317106,48.8029127],[2.3316648,48.8028539],[2.3316245,48.8026745],[2.3315541,48.80201],[2.3315535,48.801868],[2.3316033,48.801692],[2.3317057,48.8015868]]}},{"type":"Feature","properties":{"sinuosity":0.967,"highway":"secondary"},"geometry":{"type":"LineString","coordinates":[[2.8376162,48.3392848],[2.83846,48.3394831],[2.8421577,48.3406803],[2.8438821,48.3410635],[2.8450009,48.3409704],[2.845557,48.3407463],[2.8460037,48.3403934],[2.8463281,48.3396596],[2.8463884,48.3387472],[2.8463508,48.3372674]]}},{"type":"Feature","properties":{"sinuosity":0.712,"highway":"secondary"},"geometry":{"type":"LineString","coordinates":[[2.303357,48.9401768],[2.3031904,48.9401552],[2.3030784,48.9401579],[2.3028333,48.9401724],[2.3026216,48.9401325],[2.3023702,48.9399984],[2.3021713,48.9399165],[2.3019297,48.9398875],[2.3016537,48.9399102],[2.300584,48.940164]]}},{"type":"Feature","properties":{"sinuosity":0.7,"highway":"motorway_link"},"geometry":{"type":"LineString","coordinates":[[2.2750373,49.1005938],[2.275239,49.100682],[2.2753368,49.1007083],[2.2757327,49.1007257],[2.2769005,49.1006511],[2.2776438,49.1005884],[2.278028,49.1005725],[2.2788757,49.1004903],[2.2791009,49.1004615],[2.2796696,49.1003986]]}},{"type":"Feature","properties":{"sinuosity":1,"highway":"trunk_link"},"geometry":{"type":"LineString","coordinates":[[2.2667686,49.0991202],[2.2668339,49.0988924],[2.2668129,49.0987626],[2.2666733,49.0985625],[2.2663487,49.0984193],[2.2661034,49.0983948],[2.2657009,49.098499],[2.2654606,49.0987294],[2.2654434,49.0988531],[2.2656037,49.0992505]]}},{"type":"Feature","properties":{"sinuosity":0.841,"highway":"motorway_link"},"geometry":{"type":"LineString","coordinates":[[2.1615808,49.2082122],[2.160341,49.2087234],[2.1600352,49.2089713],[2.1597697,49.2092902],[2.1594921,49.2097108],[2.159241,49.209953],[2.1590401,49.2100367],[2.1586364,49.2100753],[2.1583824,49.2100342],[2.1575043,49.2096466]]}},{"type":"Feature","properties":{"sinuosity":0.7,"highway":"secondary"},"geometry":{"type":"LineString","coordinates":[[2.1461793,49.2118451],[2.1462154,49.2120227],[2.1477748,49.2145518],[2.1480174,49.2146973]]}},{"type":"Feature","properties":{"sinuosity":0.768,"highway":"secondary"},"geometry":{"type":"LineString","coordinates":[[2.1482497,49.2152031],[2.1485237,49.2153588],[2.1487367,49.2156117],[2.1488369,49.215799],[2.148884,49.2159882],[2.1488611,49.2162501],[2.1487367,49.216496],[2.1485843,49.2166858],[2.1482395,49.2169933],[2.1481653,49.2170675]]}},{"type":"Feature","properties":{"sinuosity":0.7,"highway":"trunk_link"},"geometry":{"type":"LineString","coordinates":[[2.1088717,48.7913493],[2.1087257,48.7913588],[2.1085113,48.7913641],[2.1083012,48.7913836],[2.1078683,48.7914342],[2.1075533,48.7914235],[2.1073508,48.7913641],[2.1069267,48.7912753],[2.1066201,48.791233],[2.1061349,48.7911886]]}},{"type":"Feature","properties":{"sinuosity":0.7,"highway":"tertiary"},"geometry":{"type":"LineString","coordinates":[[2.1242688,48.7939822],[2.1244213,48.7939349],[2.1251294,48.7937364],[2.1259663,48.7934887],[2.1262224,48.7934129],[2.1267488,48.7932598],[2.1277261,48.7929714],[2.1282166,48.7928063],[2.1283198,48.7928055],[2.1283876,48.7928189]]}},{"type":"Feature","properties":{"sinuosity":1,"highway":"motorway_link"},"geometry":{"type":"LineString","coordinates":[[2.1137872,49.0321952],[2.1130966,49.0323332],[2.1127661,49.0324161],[2.1125263,49.0325197],[2.1123154,49.032666],[2.1121531,49.0328552],[2.1120391,49.0331637],[2.1119806,49.033538],[2.1121505,49.0338651],[2.113109,49.034385]]}},{"type":"Feature","properties":{"sinuosity":0.865,"highway":"motorway_link"},"geometry":{"type":"LineString","coordinates":[[2.0061789,48.9165914],[2.00634,48.9171104],[2.0064613,48.9173698],[2.0066723,48.9175892],[2.0069222,48.9177459],[2.0072358,48.917861],[2.0076429,48.9179267],[2.0080159,48.9179236],[2.0096072,48.9176788]]}},{"type":"Feature","properties":{"sinuosity":0.712,"highway":"motorway"},"geometry":{"type":"LineString","coordinates":[[2.4860686,48.9722465],[2.4860739,48.9722486],[2.4867038,48.9725807],[2.4872372,48.9728331],[2.4883015,48.9731655],[2.4887994,48.9732275],[2.4898637,48.9732782],[2.4905675,48.9731824],[2.4918987,48.9728899],[2.4920371,48.9728843]]}},{"type":"Feature","properties":{"sinuosity":0.706,"highway":"motorway_link"},"geometry":{"type":"LineString","coordinates":[[2.4843168,48.9748466],[2.4844506,48.974723],[2.4848296,48.9744216],[2.4850689,48.9741796],[2.4852153,48.9738954],[2.4852665,48.9736248],[2.4852626,48.9733977],[2.4851607,48.9731176],[2.4851002,48.9729837],[2.4850772,48.9728879]]}},{"type":"Feature","properties":{"sinuosity":0.747,"highway":"motorway_link"},"geometry":{"type":"LineString","coordinates":[[2.4937403,48.9726724],[2.4930125,48.9729482],[2.492956,48.9729672],[2.4918626,48.9735401],[2.4913545,48.9739891],[2.4912833,48.9741389],[2.4910943,48.974943],[2.4912066,48.9753479],[2.4912181,48.9753666],[2.491288,48.9754898]]}},{"type":"Feature","properties":{"sinuosity":0.7,"highway":"motorway_link"},"geometry":{"type":"LineString","coordinates":[[2.4896094,48.9754013],[2.4894922,48.9753547],[2.4885098,48.9748024],[2.4883632,48.9747359],[2.4880655,48.974659],[2.4877836,48.9746324],[2.4870461,48.9746743],[2.4865729,48.9747779],[2.4851697,48.9751303],[2.4850021,48.9751657]]}},{"type":"Feature","properties":{"sinuosity":1,"highway":"motorway_link"},"geometry":{"type":"LineString","coordinates":[[2.5818805,48.9752663],[2.5808899,48.9749659],[2.5805204,48.9749355],[2.5801168,48.975098],[2.5799793,48.9752991],[2.5800464,48.975568],[2.5804098,48.9758224],[2.5814518,48.9761565],[2.5823718,48.9762309],[2.5833366,48.9761222]]}},{"type":"Feature","properties":{"sinuosity":1,"highway":"motorway_link"},"geometry":{"type":"LineString","coordinates":[[2.5301255,49.0116031],[2.5314677,49.0115008],[2.5318288,49.0113183],[2.5319743,49.0110362],[2.5318527,49.0106025],[2.5313058,49.0101795],[2.5306458,49.0100366],[2.5300835,49.0101525],[2.5297767,49.0104133],[2.5296367,49.0106708]]}},{"type":"Feature","properties":{"sinuosity":0.7,"highway":"trunk_link"},"geometry":{"type":"LineString","coordinates":[[2.5275937,49.0285351],[2.5283816,49.0286006],[2.5291649,49.0286252],[2.5306159,49.0284687],[2.5313375,49.0282548],[2.5318274,49.0280896],[2.5320215,49.0280045],[2.5323042,49.0278603],[2.5324205,49.0277856],[2.5325296,49.0276631]]}},{"type":"Feature","properties":{"sinuosity":0.837,"highway":"secondary"},"geometry":{"type":"LineString","coordinates":[[2.5363184,49.0263055],[2.5364095,49.0265469],[2.5364399,49.0267058],[2.5363646,49.0271065],[2.5361861,49.0273409],[2.5360616,49.0274444],[2.5357324,49.0276261],[2.5353385,49.0277331],[2.5351381,49.027764],[2.5343149,49.0278051]]}},{"type":"Feature","properties":{"sinuosity":0.734,"highway":"trunk_link"},"geometry":{"type":"LineString","coordinates":[[2.4021193,49.0627384],[2.4028196,49.0636074],[2.4031395,49.0637911],[2.4040165,49.0640169],[2.404554,49.0641862],[2.4052898,49.0644834],[2.4068893,49.065114],[2.4076671,49.0651717],[2.4079482,49.0651277],[2.4087073,49.0649197]]}},{"type":"Feature","properties":{"sinuosity":0.705,"highway":"trunk_link"},"geometry":{"type":"LineString","coordinates":[[2.4090493,49.065199],[2.4090299,49.065231],[2.4083289,49.065465],[2.4081229,49.065573],[2.4079598,49.0657192],[2.406741,49.0675806],[2.4063891,49.068216],[2.4060973,49.0687446],[2.4059773,49.0692941],[2.4062807,49.0699434]]}},{"type":"Feature","properties":{"sinuosity":1,"highway":"trunk_link"},"geometry":{"type":"LineString","coordinates":[[2.4046782,49.0671711],[2.4050966,49.0677176],[2.405971,49.0679498],[2.4063823,49.0677815],[2.4068698,49.0671757],[2.4073332,49.0663792],[2.4072913,49.0662061],[2.4071688,49.0660756],[2.40665,49.0659276],[2.405406,49.0661446]]}},{"type":"Feature","properties":{"sinuosity":1,"highway":"trunk_link"},"geometry":{"type":"LineString","coordinates":[[2.4027679,49.0667662],[2.4017542,49.0671364],[2.4016513,49.0674119],[2.4017972,49.0676481],[2.4031118,49.0682116],[2.4039065,49.0684906],[2.4044136,49.0685035],[2.4047757,49.0683067],[2.404863,49.0680401],[2.4045678,49.0671986]]}},{"type":"Feature","properties":{"sinuosity":0.7,"highway":"trunk_link"},"geometry":{"type":"LineString","coordinates":[[2.4061718,49.0699661],[2.4056662,49.0693417],[2.4054811,49.0691083],[2.4048106,49.0687638],[2.4038816,49.068551],[2.4018315,49.0677718],[2.4012822,49.0675356],[2.4003962,49.067317],[2.3999102,49.0673367],[2.3995994,49.0673188]]}},{"type":"Feature","properties":{"sinuosity":1,"highway":"trunk_link"},"geometry":{"type":"LineString","coordinates":[[2.4035409,49.0654214],[2.4028872,49.0647351],[2.4023293,49.0647295],[2.4019779,49.0649109],[2.4011487,49.0659672],[2.401064,49.066461],[2.4011957,49.0665983],[2.4014311,49.0667005],[2.4017118,49.0667343],[2.4024562,49.0666708]]}},{"type":"Feature","properties":{"sinuosity":1,"highway":"trunk_link"},"geometry":{"type":"LineString","coordinates":[[2.4055541,49.0659516],[2.4059934,49.0657748],[2.4065084,49.0654775],[2.4065121,49.065169],[2.40631,49.064962],[2.4052408,49.0645239],[2.4042071,49.0641582],[2.4037296,49.0641838],[2.4033434,49.0644694],[2.4036507,49.0653948]]}},{"type":"Feature","properties":{"sinuosity":0.7,"highway":"primary"},"geometry":{"type":"LineString","coordinates":[[2.6680871,48.827219],[2.6682176,48.8272718],[2.6683875,48.8272946],[2.6686912,48.8272862],[2.6691292,48.8272771],[2.6700568,48.8272482],[2.6703635,48.8272394],[2.6709104,48.8272244],[2.6715968,48.8272111],[2.6719198,48.8272151]]}},{"type":"Feature","properties":{"sinuosity":0.709,"highway":"motorway"},"geometry":{"type":"LineString","coordinates":[[2.4680424,48.9021357],[2.4689868,48.9015238],[2.4691477,48.9013457],[2.4692818,48.9011253],[2.4693328,48.900815],[2.4692711,48.9000656]]}},{"type":"Feature","properties":{"sinuosity":0.7,"highway":"tertiary"},"geometry":{"type":"LineString","coordinates":[[2.2805406,48.8320578],[2.2806144,48.8319778],[2.2806672,48.8319256],[2.28084,48.8318541],[2.2809978,48.8318201],[2.2815563,48.8316204],[2.2837749,48.8308035],[2.284267,48.8305855],[2.2845679,48.8304523],[2.2847308,48.8303645]]}},{"type":"Feature","properties":{"sinuosity":0.987,"highway":"secondary"},"geometry":{"type":"LineString","coordinates":[[2.5298016,49.0145937],[2.5296207,49.014695],[2.5295337,49.0147684],[2.529421,49.0149267],[2.5294011,49.0150998],[2.5294184,49.0154111],[2.5294841,49.0156283],[2.5297463,49.0158636],[2.5300034,49.0159356],[2.5308515,49.0160048]]}},{"type":"Feature","properties":{"sinuosity":0.959,"highway":"secondary"},"geometry":{"type":"LineString","coordinates":[[2.5308515,49.0160048],[2.5300602,49.0159699],[2.5296675,49.0158896],[2.5295403,49.0158233],[2.5293686,49.0155721],[2.5293202,49.0153681],[2.5293255,49.0149855],[2.5293911,49.0148632],[2.5296069,49.0146107],[2.5296322,49.0145343]]}},{"type":"Feature","properties":{"sinuosity":1,"highway":"primary"},"geometry":{"type":"LineString","coordinates":[[3.0094921,48.5564127],[3.009964,48.5563455],[3.0099844,48.5566089],[3.0099058,48.5572124],[3.0097779,48.5581735],[3.010627,48.5581984],[3.0113195,48.558222],[3.0119209,48.5582394],[3.0134265,48.558276],[3.0135715,48.5582712]]}},{"type":"Feature","properties":{"sinuosity":0.7,"highway":"motorway_link"},"geometry":{"type":"LineString","coordinates":[[2.3583184,48.901517],[2.358196,48.90141],[2.357894,48.9012279],[2.3577363,48.901171],[2.3575468,48.9011205],[2.3571191,48.90108],[2.3567219,48.9011016],[2.356399,48.9011218],[2.3555903,48.9011541],[2.3550456,48.9010927]]}},{"type":"Feature","properties":{"sinuosity":0.7,"highway":"secondary"},"geometry":{"type":"LineString","coordinates":[[2.1881442,48.7006828],[2.1881482,48.7007029],[2.1882032,48.7007895],[2.1882848,48.7008944],[2.1885245,48.7010833],[2.1887139,48.7011818],[2.1889966,48.7012939],[2.1892427,48.7013745],[2.1900409,48.7016823],[2.1902339,48.7018146]]}},{"type":"Feature","properties":{"sinuosity":0.7,"highway":"tertiary"},"geometry":{"type":"LineString","coordinates":[[2.1836418,48.7051828],[2.1835142,48.7050837],[2.1825291,48.704893],[2.1809399,48.7050451],[2.1797757,48.7048903],[2.1792559,48.7046097],[2.1788357,48.7045697],[2.1779504,48.7047349],[2.177427,48.7046678],[2.1773145,48.7046041]]}},{"type":"Feature","properties":{"sinuosity":0.7,"highway":"trunk_link"},"geometry":{"type":"LineString","coordinates":[[2.3046846,48.8244362],[2.3050285,48.8244545],[2.3051156,48.8244481],[2.3054773,48.8243709],[2.3060482,48.8242197],[2.3064096,48.8241394],[2.3067718,48.8240745],[2.3073198,48.8240056],[2.30766,48.8239985]]}},{"type":"Feature","properties":{"sinuosity":0.704,"highway":"motorway"},"geometry":{"type":"LineString","coordinates":[[2.3612003,48.8162773],[2.3595554,48.8163822],[2.3581284,48.8164688],[2.3578227,48.8164847],[2.3576108,48.8164882],[2.3573157,48.8164423],[2.3571548,48.8163928],[2.3570475,48.8163469],[2.3567739,48.8161827],[2.3565606,48.8159754]]}},{"type":"Feature","properties":{"sinuosity":0.7,"highway":"motorway_link"},"geometry":{"type":"LineString","coordinates":[[2.1789845,48.9971206],[2.1795148,48.9965947],[2.1796301,48.9963413],[2.1796757,48.9960315],[2.1797767,48.9953187],[2.1801361,48.9949016],[2.1809988,48.9944051],[2.1814761,48.9940766],[2.1816838,48.9938607],[2.1819293,48.9931984]]}},{"type":"Feature","properties":{"sinuosity":0.702,"highway":"motorway_link"},"geometry":{"type":"LineString","coordinates":[[1.8356531,48.5252806],[1.8357878,48.5254143],[1.8358959,48.5256505],[1.8359641,48.5259658],[1.8360229,48.5261642],[1.8361329,48.5263516],[1.8362647,48.5265034],[1.8366033,48.5267169],[1.836939,48.5268406],[1.8374786,48.5270874]]}},{"type":"Feature","properties":{"sinuosity":1,"highway":"motorway_link"},"geometry":{"type":"LineString","coordinates":[[2.1809274,48.9966013],[2.1805566,48.9969224],[2.1804836,48.9971941],[2.1805751,48.9973632],[2.1807435,48.9975044],[2.1811054,48.9976031],[2.181385,48.9975883],[2.1816355,48.9975032],[2.1818859,48.9972568],[2.1819749,48.9969169]]}},{"type":"Feature","properties":{"sinuosity":1,"highway":"motorway_link"},"geometry":{"type":"LineString","coordinates":[[2.1819693,48.9952086],[2.181636,48.9948329],[2.1812261,48.9946996],[2.1807836,48.9947435],[2.1800871,48.9951341],[2.1799425,48.9954078],[2.1800681,48.9957257],[2.1804156,48.9958942],[2.1808082,48.9959063],[2.1812458,48.9957705]]}},{"type":"Feature","properties":{"sinuosity":1,"highway":"motorway_link"},"geometry":{"type":"LineString","coordinates":[[2.1831962,48.9945949],[2.1836129,48.9942167],[2.1836388,48.9940749],[2.1835687,48.9938875],[2.1833047,48.9936972],[2.1830075,48.9936424],[2.1826006,48.99371],[2.182347,48.9938653],[2.1822176,48.9940538],[2.1820845,48.9946348]]}},{"type":"Feature","properties":{"sinuosity":0.7,"highway":"trunk_link"},"geometry":{"type":"LineString","coordinates":[[2.4356899,49.0476082],[2.4361189,49.0473619],[2.4365331,49.0470703],[2.4366946,49.0468821],[2.4368003,49.0465527],[2.4368299,49.046238],[2.436916,49.0459192],[2.4370366,49.0457722],[2.4377177,49.0452717],[2.4377588,49.0452151]]}},{"type":"Feature","properties":{"sinuosity":0.925,"highway":"trunk_link"},"geometry":{"type":"LineString","coordinates":[[1.979285,48.7984837],[1.979254,48.7990429],[1.9793313,48.7994387],[1.9796575,48.799761],[1.9798015,48.7998269],[1.9801493,48.7999017],[1.9803714,48.7999141],[1.9808643,48.7998797],[1.9812842,48.7998335],[1.9815239,48.7998238]]}},{"type":"Feature","properties":{"sinuosity":1,"highway":"trunk_link"},"geometry":{"type":"LineString","coordinates":[[2.3679965,48.7539151],[2.3678458,48.7539654],[2.3676458,48.7539951],[2.3674317,48.7541369],[2.3673895,48.754264],[2.3674653,48.7544283],[2.3679512,48.7547916],[2.3683285,48.7548939],[2.3685554,48.7548198],[2.3686726,48.7546779]]}},{"type":"Feature","properties":{"sinuosity":0.726,"highway":"motorway_link"},"geometry":{"type":"LineString","coordinates":[[2.5180185,48.997808],[2.51751,48.9974738],[2.5172559,48.9973211],[2.5167736,48.9971547],[2.5166033,48.9971313],[2.5154991,48.9973095],[2.5150366,48.9973824],[2.5146274,48.9973738],[2.5141171,48.997308],[2.5137668,48.9973398]]}},{"type":"Feature","properties":{"sinuosity":0.7,"highway":"motorway_link"},"geometry":{"type":"LineString","coordinates":[[2.4294421,48.9422895],[2.4293706,48.9422067],[2.429294,48.9421491],[2.4289885,48.94204],[2.4287667,48.9419777],[2.4275129,48.9415167],[2.4270764,48.9413703],[2.4266546,48.9412333],[2.4261816,48.9410928],[2.4260449,48.9410009]]}},{"type":"Feature","properties":{"sinuosity":0.7,"highway":"tertiary"},"geometry":{"type":"LineString","coordinates":[[2.4537224,49.0299599],[2.4538872,49.0300172],[2.4542248,49.0300505],[2.4550881,49.0301357],[2.4554238,49.0301688],[2.4554803,49.0301749],[2.4555503,49.0301825],[2.4560172,49.0302295],[2.456366,49.0303008],[2.4565196,49.0303699]]}},{"type":"Feature","properties":{"sinuosity":0.879,"highway":"trunk_link"},"geometry":{"type":"LineString","coordinates":[[2.219249,48.747625],[2.2192238,48.7476749],[2.2186808,48.7483439],[2.2186435,48.7484528],[2.2186422,48.7485381],[2.2187091,48.7487061],[2.218791,48.7487791],[2.2188775,48.7488393],[2.2191235,48.7489248],[2.2194772,48.7490422]]}},{"type":"Feature","properties":{"sinuosity":0.7,"highway":"trunk_link"},"geometry":{"type":"LineString","coordinates":[[2.2112445,48.75035],[2.2109921,48.7502402],[2.2107731,48.7502153],[2.2103343,48.7500893],[2.20992,48.7499519],[2.2091451,48.7496793],[2.2089461,48.7496481],[2.2086509,48.7496512],[2.2085385,48.7496626],[2.208319,48.7496414]]}},{"type":"Feature","properties":{"sinuosity":0.7,"highway":"primary"},"geometry":{"type":"LineString","coordinates":[[2.4150676,48.9248062],[2.4151439,48.9248626],[2.4154016,48.9251146],[2.4156251,48.9253266],[2.4166198,48.9262343],[2.4168899,48.9264713],[2.4176215,48.9271433],[2.4177877,48.927296],[2.4181376,48.9275463],[2.4183377,48.9277521]]}},{"type":"Feature","properties":{"sinuosity":0.7,"highway":"trunk_link"},"geometry":{"type":"LineString","coordinates":[[2.5002982,49.0288911],[2.5004444,49.0289101],[2.5006303,49.0289047],[2.5011533,49.0287919],[2.5015535,49.0287001],[2.5031619,49.0284364],[2.5035267,49.0283825],[2.5040812,49.028281],[2.5046123,49.0281508],[2.5048459,49.0281366]]}},{"type":"Feature","properties":{"sinuosity":0.723,"highway":"motorway_link"},"geometry":{"type":"LineString","coordinates":[[2.562078,49.1324278],[2.563203,49.1326409],[2.5637211,49.1327423],[2.5639732,49.1328334],[2.5641972,49.1329397],[2.5643827,49.133077],[2.5645187,49.1332085],[2.5647028,49.1335021],[2.5651147,49.1341487],[2.5651893,49.1342762]]}},{"type":"Feature","properties":{"sinuosity":0.774,"highway":"tertiary"},"geometry":{"type":"LineString","coordinates":[[2.2116953,48.788984],[2.2115515,48.7889099],[2.2112221,48.7888428],[2.2110363,48.7888089],[2.2101267,48.7886431],[2.2100931,48.7886335],[2.2098301,48.7885194],[2.2094104,48.7879718],[2.2094452,48.787864],[2.2095057,48.7878008]]}},{"type":"Feature","properties":{"sinuosity":0.825,"highway":"tertiary"},"geometry":{"type":"LineString","coordinates":[[2.2474992,48.7393702],[2.2475721,48.7387821],[2.2477165,48.7384404],[2.2479637,48.7382092],[2.2485003,48.737859],[2.2485785,48.7376972],[2.2485729,48.7375127],[2.2484722,48.7373667],[2.2482135,48.7371941],[2.2476913,48.7369341]]}},{"type":"Feature","properties":{"sinuosity":0.7,"highway":"trunk_link"},"geometry":{"type":"LineString","coordinates":[[2.4121414,48.8361683],[2.4119469,48.8359699],[2.4118523,48.8358948],[2.4114207,48.835439],[2.4112339,48.8352554],[2.4109771,48.8350493],[2.4106604,48.8348601],[2.4100567,48.834541],[2.4100146,48.8344993],[2.4099579,48.8344223]]}},{"type":"Feature","properties":{"sinuosity":1,"highway":"trunk_link"},"geometry":{"type":"LineString","coordinates":[[2.4020664,48.8300892],[2.4029367,48.830427],[2.4033156,48.8304641],[2.4035255,48.8304213],[2.403846,48.8302213],[2.4039513,48.8300567],[2.4039838,48.8298958],[2.4039697,48.8297647],[2.4039037,48.8296005],[2.4037721,48.8294241]]}},{"type":"Feature","properties":{"sinuosity":0.7,"highway":"trunk_link"},"geometry":{"type":"LineString","coordinates":[[2.4035609,48.8320819],[2.4035798,48.8319761],[2.4035722,48.8319119],[2.403495,48.8317763],[2.4032976,48.8315391],[2.4030057,48.8312453],[2.4021113,48.8303554]]}},{"type":"Feature","properties":{"sinuosity":0.7,"highway":"secondary"},"geometry":{"type":"LineString","coordinates":[[2.128237,48.8254015],[2.1281889,48.825475],[2.1281785,48.8255256],[2.1282285,48.8257083],[2.1283752,48.8261741],[2.1284023,48.8262809],[2.1284397,48.8263956],[2.128537,48.8267754],[2.1287188,48.8273583],[2.1288326,48.8275951]]}},{"type":"Feature","properties":{"sinuosity":0.7,"highway":"primary"},"geometry":{"type":"LineString","coordinates":[[2.2730169,48.7637051],[2.2746795,48.763478],[2.2749451,48.7634274],[2.2757177,48.7633479],[2.2770951,48.7631408],[2.2795642,48.7628332],[2.2801016,48.7627201],[2.2812654,48.7626034],[2.2823953,48.7624348],[2.2827052,48.76238]]}},{"type":"Feature","properties":{"sinuosity":0.737,"highway":"tertiary"},"geometry":{"type":"LineString","coordinates":[[2.1463197,48.8091678],[2.1463418,48.8099565],[2.1463505,48.8102558],[2.1463466,48.8102815],[2.1463305,48.8103133],[2.1456854,48.8107214],[2.1455862,48.8108114],[2.1454968,48.810872],[2.1453327,48.8109713],[2.1451901,48.8109965]]}},{"type":"Feature","properties":{"sinuosity":0.71,"highway":"trunk_link"},"geometry":{"type":"LineString","coordinates":[[2.3870127,48.9005109],[2.3867683,48.9002305],[2.3861539,48.8999699],[2.3858693,48.8998849],[2.3856315,48.8998756],[2.3852495,48.8999721],[2.3843178,48.9003648],[2.3838397,48.9005112],[2.3831869,48.9006145],[2.381757,48.900499]]}},{"type":"Feature","properties":{"sinuosity":0.829,"highway":"tertiary"},"geometry":{"type":"LineString","coordinates":[[2.1537723,48.700003],[2.1538753,48.7000362],[2.1548279,48.7005018],[2.1549766,48.7006141],[2.1550011,48.7006469],[2.1551402,48.7009452],[2.1551347,48.7019768],[2.1551686,48.7020503],[2.1561863,48.7020601],[2.1562661,48.7020815]]}},{"type":"Feature","properties":{"sinuosity":0.973,"highway":"motorway_link"},"geometry":{"type":"LineString","coordinates":[[2.4819692,48.5617523],[2.4840017,48.5607023],[2.4844108,48.5603813],[2.4844935,48.5602141],[2.4844822,48.5600861],[2.4843869,48.5599676],[2.4842337,48.5598933],[2.4839758,48.5598766],[2.4837789,48.5599353],[2.4834353,48.5602853]]}},{"type":"Feature","properties":{"sinuosity":0.871,"highway":"secondary"},"geometry":{"type":"LineString","coordinates":[[2.3802828,48.3708659],[2.3795566,48.3707378],[2.378928,48.3705694],[2.3787203,48.3705441],[2.3785575,48.3705555],[2.3783436,48.3707303],[2.3782834,48.3709074],[2.3782362,48.3710248],[2.3780441,48.3711996],[2.3777804,48.3713018]]}},{"type":"Feature","properties":{"sinuosity":0.7,"highway":"secondary"},"geometry":{"type":"LineString","coordinates":[[2.4717834,48.4007742],[2.4716944,48.4006901],[2.4709668,48.4005989],[2.4707487,48.4005727],[2.4705048,48.4005412],[2.470287,48.4005153],[2.4700479,48.4004905],[2.4697937,48.4004576],[2.469369,48.4004109],[2.4690841,48.4003929]]}},{"type":"Feature","properties":{"sinuosity":0.842,"highway":"tertiary"},"geometry":{"type":"LineString","coordinates":[[2.1826322,48.8255203],[2.1835953,48.8255429],[2.1840274,48.8256216],[2.1842767,48.8256856],[2.1844306,48.8258558],[2.1845392,48.8259488],[2.1847559,48.8260705],[2.1847614,48.8264069],[2.1847695,48.8267233],[2.1848998,48.8269144]]}},{"type":"Feature","properties":{"sinuosity":0.7,"highway":"secondary"},"geometry":{"type":"LineString","coordinates":[[2.2182409,48.8491261],[2.2183348,48.8489066],[2.2184241,48.8485336],[2.2184743,48.8484526],[2.2186005,48.8478112],[2.2185708,48.8472961],[2.2186044,48.846576],[2.2186967,48.8461206],[2.218706,48.8460805],[2.218785,48.8459766]]}},{"type":"Feature","properties":{"sinuosity":0.714,"highway":"secondary"},"geometry":{"type":"LineString","coordinates":[[2.1737811,48.8704651],[2.1743835,48.8709176],[2.1750281,48.8712171],[2.1758766,48.8715939],[2.1765992,48.8718845],[2.1768681,48.8719949],[2.1778345,48.8724076],[2.1780262,48.8725659],[2.1781553,48.8728636],[2.1781002,48.8734951]]}},{"type":"Feature","properties":{"sinuosity":0.7,"highway":"primary"},"geometry":{"type":"LineString","coordinates":[[2.0091675,48.7796331],[2.0088042,48.7796379],[2.0081217,48.779623],[2.0077341,48.7796908],[2.0074543,48.7797451],[2.0073237,48.7797518],[2.0070124,48.7797262],[2.0065722,48.77968],[2.00612,48.7797306],[2.005671,48.7798126]]}},{"type":"Feature","properties":{"sinuosity":0.824,"highway":"secondary"},"geometry":{"type":"LineString","coordinates":[[2.1714753,48.8320478],[2.171574,48.8319546],[2.1717364,48.8318698],[2.1719355,48.8318219],[2.1740258,48.8315525],[2.1742837,48.8314175],[2.1743606,48.8312482],[2.1743891,48.8310124],[2.1744789,48.830325],[2.1745147,48.8300552]]}},{"type":"Feature","properties":{"sinuosity":1,"highway":"trunk_link"},"geometry":{"type":"LineString","coordinates":[[1.9673245,48.7997702],[1.9676276,48.7996783],[1.9677966,48.7994981],[1.9677027,48.7991854],[1.9673567,48.7989292],[1.9670389,48.7987976],[1.9666968,48.7987604],[1.9661269,48.798976],[1.9659573,48.7992554],[1.9658408,48.7994453]]}},{"type":"Feature","properties":{"sinuosity":1,"highway":"trunk_link"},"geometry":{"type":"LineString","coordinates":[[1.9657337,48.7994149],[1.9657527,48.7990369],[1.965693,48.7988031],[1.9649789,48.7985218],[1.9643007,48.7986507],[1.9640052,48.7988037],[1.9638805,48.7990122],[1.9640576,48.7992914],[1.9643687,48.7994133],[1.9645943,48.7994911]]}},{"type":"Feature","properties":{"sinuosity":1,"highway":"trunk_link"},"geometry":{"type":"LineString","coordinates":[[2.3498619,48.7540569],[2.3500158,48.7538625],[2.3500155,48.7536952],[2.3499185,48.7535706],[2.3497333,48.753484],[2.3494483,48.7534542],[2.3491132,48.7534906],[2.3488881,48.7535605],[2.3486293,48.7536904],[2.3481203,48.7540492]]}},{"type":"Feature","properties":{"sinuosity":0.7,"highway":"trunk_link"},"geometry":{"type":"LineString","coordinates":[[2.3503837,48.7542842],[2.3503106,48.7543675],[2.3498509,48.7544517],[2.3495316,48.7545366],[2.3493221,48.7546199],[2.3488815,48.7548896],[2.3484532,48.7552044],[2.3482234,48.7553516],[2.3478923,48.7555201],[2.3474749,48.7556661]]}},{"type":"Feature","properties":{"sinuosity":0.7,"highway":"tertiary"},"geometry":{"type":"LineString","coordinates":[[2.2427204,48.6560311],[2.2428125,48.6560681],[2.243444,48.6563555],[2.2435753,48.656433],[2.2438317,48.6567059],[2.2441006,48.6573314],[2.2441422,48.6574127],[2.2442294,48.6575796],[2.2444111,48.6579436],[2.2443857,48.6580456]]}},{"type":"Feature","properties":{"sinuosity":0.942,"highway":"tertiary"},"geometry":{"type":"LineString","coordinates":[[1.9601597,48.79003],[1.9602817,48.7897934],[1.9604365,48.7895526],[1.9621882,48.7881682],[1.962441,48.7876752],[1.9616269,48.787319],[1.9604837,48.7871108],[1.9600605,48.7865482],[1.9602116,48.7858336],[1.9611471,48.7850462]]}},{"type":"Feature","properties":{"sinuosity":0.7,"highway":"trunk_link"},"geometry":{"type":"LineString","coordinates":[[1.9643628,48.7963365],[1.9647515,48.7967578],[1.9649277,48.7969601],[1.9657197,48.7977988],[1.9676839,48.7990334],[1.9678261,48.7991571],[1.9683089,48.7997419],[1.9686146,48.7999309],[1.968789,48.7999875],[1.9690088,48.8000519]]}},{"type":"Feature","properties":{"sinuosity":0.7,"highway":"primary"},"geometry":{"type":"LineString","coordinates":[[1.9621031,48.7932748],[1.9620607,48.7934084],[1.9620879,48.7935882],[1.9622137,48.793805],[1.9635038,48.7953233],[1.9636226,48.7954018],[1.963658,48.7954214],[1.9636895,48.7954347],[1.963715,48.7954435],[1.9637541,48.7954529]]}},{"type":"Feature","properties":{"sinuosity":0.702,"highway":"tertiary"},"geometry":{"type":"LineString","coordinates":[[1.9467519,48.7629959],[1.9462936,48.7623142],[1.9460515,48.7620766],[1.9458287,48.7617623],[1.9457625,48.7616132],[1.9457361,48.7611893],[1.9457795,48.7610211],[1.9459877,48.7606266],[1.9460787,48.7604855],[1.9460442,48.7603476]]}},{"type":"Feature","properties":{"sinuosity":0.7,"highway":"secondary"},"geometry":{"type":"LineString","coordinates":[[1.8980977,48.816033],[1.8979525,48.8158894],[1.8979254,48.8150823],[1.8977164,48.8147542],[1.8975818,48.8142037],[1.89751,48.8138529],[1.8968997,48.8128446],[1.8963296,48.8122881],[1.8961339,48.8121467],[1.8959952,48.8120702]]}},{"type":"Feature","properties":{"sinuosity":0.7,"highway":"primary"},"geometry":{"type":"LineString","coordinates":[[1.8765013,48.8484445],[1.8765566,48.848352],[1.876629,48.8482567],[1.8767282,48.8481808],[1.8768677,48.8481031],[1.8772486,48.8480378],[1.8776429,48.8480131],[1.8780747,48.8479707],[1.8785226,48.8479054],[1.8790188,48.8478225]]}},{"type":"Feature","properties":{"sinuosity":0.7,"highway":"primary"},"geometry":{"type":"LineString","coordinates":[[1.8746389,48.8283584],[1.8743919,48.8285545],[1.874275,48.8288752],[1.8743182,48.8292116],[1.8744825,48.8295401],[1.8745812,48.829782],[1.874887,48.8302807],[1.8754408,48.8310328],[1.8756337,48.8312808],[1.87572,48.831417]]}},{"type":"Feature","properties":{"sinuosity":1,"highway":"motorway_link"},"geometry":{"type":"LineString","coordinates":[[2.110897,48.8410686],[2.1109038,48.8412168],[2.1108985,48.8413444],[2.1109298,48.8416851],[2.1110227,48.8418558],[2.1114667,48.8420746],[2.1117826,48.8420971],[2.1120311,48.8420554],[2.112245,48.8419737],[2.11339,48.8412948]]}},{"type":"Feature","properties":{"sinuosity":0.7,"highway":"tertiary"},"geometry":{"type":"LineString","coordinates":[[2.0952731,48.8691973],[2.0952064,48.8691284],[2.0949233,48.868838],[2.0944262,48.8682718],[2.0942288,48.868071],[2.0941452,48.8679323],[2.0941321,48.8678353],[2.0941112,48.8675304],[2.0940783,48.8674783],[2.0939524,48.8673248]]}},{"type":"Feature","properties":{"sinuosity":1,"highway":"tertiary"},"geometry":{"type":"LineString","coordinates":[[2.0424251,48.770099],[2.0420593,48.7697258],[2.0418537,48.7696148],[2.0414719,48.7696795],[2.0401471,48.7702001],[2.0398928,48.7701469],[2.0396063,48.7697483],[2.0393996,48.7694325],[2.0392195,48.7691019],[2.0395978,48.7688446]]}},{"type":"Feature","properties":{"sinuosity":0.7,"highway":"tertiary"},"geometry":{"type":"LineString","coordinates":[[2.0536213,48.7676371],[2.0528888,48.767945],[2.0514611,48.7685392],[2.0505763,48.7689099],[2.0498303,48.7694137],[2.0493606,48.7694149],[2.0476204,48.7701425],[2.0464052,48.7706399],[2.0451749,48.7711617],[2.0440508,48.7716378]]}},{"type":"Feature","properties":{"sinuosity":0.7,"highway":"primary"},"geometry":{"type":"LineString","coordinates":[[2.0384636,48.8114126],[2.0385805,48.8114233],[2.0386614,48.8114081],[2.0387081,48.8113993],[2.0388637,48.811363],[2.0401068,48.8108234],[2.0412123,48.8103706],[2.0413795,48.8103069],[2.0418223,48.81015],[2.0420216,48.8100793]]}},{"type":"Feature","properties":{"sinuosity":0.7,"highway":"motorway_link"},"geometry":{"type":"LineString","coordinates":[[2.4821606,48.8712364],[2.4820844,48.8714506],[2.4819513,48.8716217],[2.4816058,48.8720453],[2.481335,48.872279],[2.4809657,48.8725869],[2.4807387,48.8729136]]}},{"type":"Feature","properties":{"sinuosity":0.682,"highway":"tertiary"},"geometry":{"type":"LineString","coordinates":[[2.0343976,48.7584932],[2.032921,48.7585825],[2.0323014,48.7586199],[2.0306825,48.7587253],[2.0301397,48.7589072],[2.0295342,48.7594015],[2.0294141,48.7594723],[2.0289298,48.7596338],[2.0285913,48.7597403],[2.0282402,48.7601491]]}},{"type":"Feature","properties":{"sinuosity":0.7,"highway":"trunk_link"},"geometry":{"type":"LineString","coordinates":[[1.9307764,48.7974852],[1.9309167,48.7975417],[1.9310145,48.7975582],[1.931581,48.7975441],[1.9317199,48.7975642],[1.9318933,48.7976224],[1.9319784,48.7976698],[1.9326578,48.7983316],[1.9331256,48.7985542],[1.9348534,48.7990618]]}},{"type":"Feature","properties":{"sinuosity":1,"highway":"trunk_link"},"geometry":{"type":"LineString","coordinates":[[1.9310021,48.7990799],[1.9315603,48.799081],[1.9317307,48.799027],[1.9317929,48.7989723],[1.931824,48.7989084],[1.9318068,48.798806],[1.9317531,48.7987466],[1.9316633,48.798699],[1.9305355,48.7985499],[1.9299293,48.7984604]]}},{"type":"Feature","properties":{"sinuosity":0.775,"highway":"tertiary"},"geometry":{"type":"LineString","coordinates":[[2.0464961,48.7761432],[2.0471827,48.7759564],[2.047402,48.7754999],[2.0481969,48.7751714],[2.0498073,48.7747304],[2.051124,48.774366],[2.0527397,48.7739205],[2.0536016,48.7737415],[2.054133,48.7739021],[2.0548419,48.774458]]}},{"type":"Feature","properties":{"sinuosity":1,"highway":"secondary"},"geometry":{"type":"LineString","coordinates":[[2.360885,48.7426256],[2.3609025,48.7423861],[2.3611452,48.7421229],[2.3614386,48.7420476],[2.3616705,48.7420664],[2.3617851,48.742102],[2.3619818,48.7422325],[2.3620574,48.7423922],[2.3620476,48.742581],[2.3617273,48.7433508]]}},{"type":"Feature","properties":{"sinuosity":0.7,"highway":"tertiary"},"geometry":{"type":"LineString","coordinates":[[2.4700839,48.4031858],[2.4699106,48.4032053],[2.4697459,48.4032184],[2.4695925,48.4032391],[2.4691436,48.4033257],[2.4685228,48.4034574],[2.4683092,48.4034579],[2.4679756,48.4034198],[2.4673858,48.4033435],[2.4670402,48.4033149]]}},{"type":"Feature","properties":{"sinuosity":0.7,"highway":"motorway_link"},"geometry":{"type":"LineString","coordinates":[[1.6918152,48.981456],[1.6920205,48.9813467],[1.6925661,48.9812185],[1.6954598,48.9804189],[1.6956922,48.98037],[1.6957366,48.980365],[1.6957922,48.9803663]]}},{"type":"Feature","properties":{"sinuosity":0.7,"highway":"motorway"},"geometry":{"type":"LineString","coordinates":[[2.4400657,48.7857518],[2.4400403,48.7857149],[2.4400157,48.7856163],[2.4401583,48.784134],[2.4401863,48.7838867]]}},{"type":"Feature","properties":{"sinuosity":0.7,"highway":"trunk_link"},"geometry":{"type":"LineString","coordinates":[[2.3653614,48.7352627],[2.3654291,48.7352308],[2.3654502,48.7352127],[2.3654817,48.7351524],[2.36558,48.7349312],[2.3657061,48.7346519],[2.3660383,48.7339496],[2.3663405,48.7333112],[2.3663963,48.7332103],[2.3665059,48.7330925]]}},{"type":"Feature","properties":{"sinuosity":0.74,"highway":"tertiary"},"geometry":{"type":"LineString","coordinates":[[2.2344019,48.8924415],[2.234456,48.8925687],[2.2346245,48.8928353],[2.2349661,48.8931834],[2.2355063,48.8935492],[2.2356782,48.8936183],[2.2358868,48.8937115],[2.2359617,48.8938483],[2.2359187,48.893924],[2.235808,48.8939522]]}},{"type":"Feature","properties":{"sinuosity":0.63,"highway":"primary"},"geometry":{"type":"LineString","coordinates":[[2.49285,48.7642176],[2.4927532,48.7642926],[2.4916719,48.7651221],[2.4913843,48.7653362],[2.4911227,48.7655312],[2.4910592,48.7655803],[2.4905149,48.76597],[2.4903728,48.7660336],[2.4902293,48.7661388],[2.4901864,48.7662018]]}},{"type":"Feature","properties":{"sinuosity":0.7,"highway":"trunk_link"},"geometry":{"type":"LineString","coordinates":[[2.4936785,48.7634613],[2.4936594,48.7633826],[2.4935993,48.763294],[2.4934235,48.7630066],[2.4931162,48.7626354],[2.4927078,48.762243],[2.4922177,48.7618803],[2.4912033,48.7613461],[2.4884521,48.7605804],[2.488322,48.7605185]]}},{"type":"Feature","properties":{"sinuosity":0.7,"highway":"trunk_link"},"geometry":{"type":"LineString","coordinates":[[2.1714988,48.7167403],[2.1719766,48.7161778],[2.1720519,48.7160792],[2.1721407,48.7157704],[2.1720872,48.7152632],[2.1720956,48.7151564],[2.1721594,48.7150158],[2.1722502,48.7148405],[2.1722543,48.7147644],[2.1722476,48.7146304]]}},{"type":"Feature","properties":{"sinuosity":1,"highway":"trunk_link"},"geometry":{"type":"LineString","coordinates":[[2.1727858,48.7148596],[2.1724589,48.7149416],[2.1722733,48.7150443],[2.1721963,48.7152745],[2.1722678,48.7154133],[2.1724646,48.7155148],[2.1727262,48.7155409],[2.1730366,48.715453],[2.173157,48.7153863],[2.1745579,48.7147314]]}},{"type":"Feature","properties":{"sinuosity":0.773,"highway":"tertiary"},"geometry":{"type":"LineString","coordinates":[[2.5362853,48.6870828],[2.5362694,48.687243],[2.5362365,48.6873199],[2.5361365,48.6874048],[2.5358556,48.6875103],[2.5357624,48.6875356],[2.5351966,48.6876177],[2.5344667,48.687617],[2.5342283,48.6875983],[2.5339637,48.6875584]]}},{"type":"Feature","properties":{"sinuosity":0.816,"highway":"secondary"},"geometry":{"type":"LineString","coordinates":[[2.1748031,48.7587537],[2.1752813,48.7590982],[2.1756039,48.7594515],[2.1758722,48.7598334],[2.175895,48.7600819],[2.1758413,48.7602092],[2.1755798,48.7605407],[2.1753464,48.7607246],[2.1752418,48.7607803],[2.1750487,48.7608316]]}},{"type":"Feature","properties":{"sinuosity":0.7,"highway":"motorway_link"},"geometry":{"type":"LineString","coordinates":[[2.1572202,48.8736838],[2.1568853,48.8734594],[2.1565678,48.8731715],[2.1562931,48.8728271],[2.1561386,48.872494],[2.1560442,48.8720876],[2.1561054,48.871669]]}},{"type":"Feature","properties":{"sinuosity":0.7,"highway":"motorway_link"},"geometry":{"type":"LineString","coordinates":[[2.6301438,48.9361963],[2.6299587,48.9363251],[2.6297605,48.9366485],[2.629671,48.9368179],[2.6295289,48.9369476],[2.6288766,48.9374832],[2.6286535,48.9376806],[2.6284648,48.9380085],[2.628386,48.938777],[2.6282988,48.9389419]]}},{"type":"Feature","properties":{"sinuosity":0.803,"highway":"secondary"},"geometry":{"type":"LineString","coordinates":[[2.08463,48.711096],[2.0850635,48.7105176],[2.0850843,48.7103414],[2.0837215,48.7095766],[2.0829148,48.7094146],[2.0806534,48.7096449],[2.0784519,48.7093888],[2.0759877,48.7079207],[2.075352,48.7073456],[2.0746919,48.7067386]]}},{"type":"Feature","properties":{"sinuosity":0.7,"highway":"motorway_link"},"geometry":{"type":"LineString","coordinates":[[2.3734087,48.6604053],[2.3733191,48.660378],[2.373144,48.6603652],[2.3730097,48.6603812],[2.3728271,48.6604177],[2.3723944,48.6605521],[2.3721288,48.6606823],[2.3715298,48.6609846],[2.3705932,48.6614888],[2.3695291,48.6620002]]}},{"type":"Feature","properties":{"sinuosity":1,"highway":"motorway_link"},"geometry":{"type":"LineString","coordinates":[[2.3837523,48.6502601],[2.3844852,48.6493381],[2.3844758,48.6491308],[2.3843618,48.6489686],[2.3841821,48.648857],[2.3839192,48.6487861],[2.3836465,48.6487888],[2.3833772,48.6488558],[2.3832307,48.648948],[2.3831692,48.6491283]]}},{"type":"Feature","properties":{"sinuosity":0.7,"highway":"tertiary"},"geometry":{"type":"LineString","coordinates":[[1.6181457,48.7872997],[1.6181844,48.7873357],[1.6182438,48.7873911],[1.6178068,48.7884653],[1.6177529,48.7886131],[1.6177468,48.7886827],[1.6177383,48.7887807],[1.6177445,48.7888889],[1.6178884,48.7900785],[1.617888,48.7900943]]}},{"type":"Feature","properties":{"sinuosity":0.646,"highway":"secondary"},"geometry":{"type":"LineString","coordinates":[[1.6292616,48.7924998],[1.6289936,48.7924997],[1.6284537,48.7926038],[1.6277541,48.7927011],[1.6243033,48.7925522]]}},{"type":"Feature","properties":{"sinuosity":1,"highway":"trunk_link"},"geometry":{"type":"LineString","coordinates":[[2.4549088,48.6172574],[2.454574,48.6178515],[2.4546712,48.6182203],[2.4548931,48.6184158],[2.4553572,48.618551],[2.4558192,48.6185412],[2.456188,48.6184282],[2.4564153,48.6182411],[2.4565085,48.6179596],[2.4563291,48.6176048]]}},{"type":"Feature","properties":{"sinuosity":1,"highway":"motorway_link"},"geometry":{"type":"LineString","coordinates":[[2.4916287,48.8518422],[2.4916991,48.8517397],[2.4919044,48.8514237],[2.4919065,48.8512502],[2.4916935,48.8510186],[2.4915093,48.8509468],[2.4910855,48.8509456],[2.4908851,48.8510332],[2.4905311,48.851628],[2.4904359,48.8516379]]}},{"type":"Feature","properties":{"sinuosity":1,"highway":"motorway_link"},"geometry":{"type":"LineString","coordinates":[[2.49117,48.849575],[2.4910597,48.8501858],[2.4910731,48.8503935],[2.4913054,48.8507029],[2.4915932,48.8508427],[2.4923509,48.8510868],[2.4925618,48.8510857],[2.4929908,48.8509547],[2.4933509,48.8507426],[2.4935497,48.850666]]}},{"type":"Feature","properties":{"sinuosity":0.712,"highway":"tertiary"},"geometry":{"type":"LineString","coordinates":[[2.1283317,48.6956085],[2.1286046,48.695747],[2.1292033,48.6958385],[2.1301702,48.6963664],[2.130444,48.6964426],[2.1309701,48.6965332],[2.131703,48.6969329],[2.131822,48.697051],[2.131819,48.6971415],[2.1317662,48.6972449]]}},{"type":"Feature","properties":{"sinuosity":0.733,"highway":"trunk"},"geometry":{"type":"LineString","coordinates":[[2.2222219,48.8231082],[2.2222739,48.8226381],[2.2221886,48.8224037],[2.2219706,48.8221424],[2.2217201,48.8219682],[2.2211525,48.8217517],[2.2202311,48.82152],[2.2195472,48.8213116],[2.2192272,48.8211816],[2.2186239,48.8207885]]}},{"type":"Feature","properties":{"sinuosity":0.73,"highway":"trunk"},"geometry":{"type":"LineString","coordinates":[[2.2181152,48.8198931],[2.2185261,48.820518],[2.21909,48.8209913],[2.219425,48.8211585],[2.2201746,48.8214068],[2.2215663,48.8217883],[2.2220874,48.8220887],[2.2222551,48.8222557],[2.222447,48.8227224],[2.2223456,48.8231636]]}},{"type":"Feature","properties":{"sinuosity":0.932,"highway":"secondary"},"geometry":{"type":"LineString","coordinates":[[2.3017214,48.576983],[2.3013546,48.576749],[2.3009656,48.5768092],[2.2991174,48.5773951],[2.2984618,48.5772382],[2.2981843,48.5769239],[2.2971469,48.5755684],[2.2970525,48.5740578],[2.2967786,48.5731966],[2.2964212,48.5725818]]}},{"type":"Feature","properties":{"sinuosity":0.7,"highway":"tertiary"},"geometry":{"type":"LineString","coordinates":[[2.4846911,48.3617579],[2.4863731,48.3627086],[2.4876064,48.3633924],[2.4885824,48.3642238],[2.4906516,48.3654374],[2.4911742,48.3658426],[2.4921895,48.366825],[2.4929115,48.3667282],[2.4932658,48.3668699],[2.4940065,48.3678449]]}},{"type":"Feature","properties":{"sinuosity":0.7,"highway":"tertiary"},"geometry":{"type":"LineString","coordinates":[[2.4940065,48.3678449],[2.4943121,48.3681092],[2.4945404,48.3684357],[2.494862,48.3686516],[2.49499,48.3689476],[2.4953009,48.3691051],[2.4955153,48.3693142]]}},{"type":"Feature","properties":{"sinuosity":0.661,"highway":"tertiary"},"geometry":{"type":"LineString","coordinates":[[2.4234559,48.2999405],[2.4233066,48.3001982],[2.4232274,48.3004345],[2.4232891,48.3010366],[2.4232364,48.3013379],[2.4227374,48.3018533],[2.4214944,48.3025569],[2.4208532,48.3037022],[2.4207541,48.3040262],[2.4207239,48.3048005]]}},{"type":"Feature","properties":{"sinuosity":0.7,"highway":"tertiary"},"geometry":{"type":"LineString","coordinates":[[2.3925393,48.3775435],[2.3917797,48.3784162],[2.3915114,48.3786317],[2.3913682,48.3787119],[2.3912433,48.3787899],[2.3901569,48.380618],[2.3896453,48.3809636],[2.3894251,48.3812021],[2.3894586,48.3824039],[2.3895617,48.382702]]}},{"type":"Feature","properties":{"sinuosity":0.626,"highway":"secondary"},"geometry":{"type":"LineString","coordinates":[[2.3797348,48.4389973],[2.3794935,48.4388238],[2.3792776,48.4382267],[2.3791201,48.4376844],[2.378989,48.4374151],[2.37884,48.4372389],[2.3783283,48.4369367],[2.3778521,48.4366839],[2.3773532,48.4363663],[2.3767278,48.4359562]]}},{"type":"Feature","properties":{"sinuosity":0.81,"highway":"tertiary"},"geometry":{"type":"LineString","coordinates":[[2.540797,48.4560011],[2.5403198,48.456507],[2.5398665,48.4567265],[2.539304,48.4568166],[2.5383488,48.4569426],[2.5376982,48.4570429],[2.5374777,48.4576929],[2.5375885,48.458252],[2.5371879,48.4586831],[2.5371513,48.4589382]]}},{"type":"Feature","properties":{"sinuosity":0.902,"highway":"tertiary"},"geometry":{"type":"LineString","coordinates":[[2.5365631,48.4596196],[2.5363987,48.4596176],[2.5359305,48.4596543],[2.5357439,48.4596991],[2.534957,48.4599908],[2.5345593,48.4601138],[2.5332859,48.4603874],[2.5331847,48.4603438],[2.5327489,48.4599008],[2.5324257,48.4593241]]}},{"type":"Feature","properties":{"sinuosity":0.7,"highway":"trunk_link"},"geometry":{"type":"LineString","coordinates":[[2.4453779,48.6109197],[2.4453324,48.6108888],[2.445055,48.6108176],[2.4447777,48.610774],[2.4441131,48.6107649],[2.4437671,48.6108313],[2.4431871,48.6109482],[2.4428473,48.6109712],[2.4421607,48.6108726],[2.4419238,48.6107812]]}},{"type":"Feature","properties":{"sinuosity":0.7,"highway":"secondary"},"geometry":{"type":"LineString","coordinates":[[2.4401592,48.6105122],[2.4399691,48.6104521],[2.43974,48.6104291],[2.4393019,48.6104501],[2.4390006,48.6104673],[2.438584,48.6105186],[2.4380827,48.6105906],[2.4360626,48.6109905]]}},{"type":"Feature","properties":{"sinuosity":0.7,"highway":"trunk_link"},"geometry":{"type":"LineString","coordinates":[[2.4533095,48.6184028],[2.4533367,48.6183069],[2.4535861,48.6179483],[2.4536462,48.6177837],[2.4536859,48.617613],[2.4537133,48.6171341],[2.4536975,48.6169862],[2.4537049,48.6168643],[2.4537331,48.6165557],[2.4537612,48.6164298]]}},{"type":"Feature","properties":{"sinuosity":0.72,"highway":"trunk_link"},"geometry":{"type":"LineString","coordinates":[[2.478749,48.6278865],[2.4780054,48.6276952],[2.4773225,48.6275597],[2.4766244,48.6275611],[2.4759168,48.6277441],[2.4754988,48.6279108],[2.474954,48.6279606],[2.4745911,48.6278754],[2.4735301,48.6273833],[2.4733661,48.6273453]]}},{"type":"Feature","properties":{"sinuosity":0.761,"highway":"secondary"},"geometry":{"type":"LineString","coordinates":[[2.3469047,48.4814405],[2.3468117,48.4819926],[2.3467096,48.482097],[2.3462568,48.482314],[2.3462088,48.4824198],[2.3463509,48.4828992],[2.3463711,48.4831508],[2.3462224,48.4833673],[2.3462122,48.4834597],[2.346892,48.4841868]]}},{"type":"Feature","properties":{"sinuosity":0.7,"highway":"tertiary"},"geometry":{"type":"LineString","coordinates":[[1.9341197,48.7600578],[1.93387,48.7600948],[1.9334865,48.7602092],[1.9327247,48.7604944],[1.9309407,48.7609957],[1.9306171,48.7610654],[1.9300062,48.7611687],[1.9270796,48.7619595],[1.9266938,48.7621427],[1.9261535,48.7622928]]}},{"type":"Feature","properties":{"sinuosity":0.7,"highway":"tertiary"},"geometry":{"type":"LineString","coordinates":[[1.9166583,48.7637424],[1.9168505,48.7637619],[1.9193759,48.7633891],[1.9212072,48.7631207],[1.9212189,48.7631164],[1.9212905,48.76309],[1.9213725,48.7630359]]}},{"type":"Feature","properties":{"sinuosity":0.993,"highway":"secondary"},"geometry":{"type":"LineString","coordinates":[[1.6803736,48.8927661],[1.6802508,48.8928412],[1.6800826,48.8930224],[1.6799687,48.8931613],[1.6796139,48.8935733],[1.6794765,48.8936429],[1.6793181,48.8936598],[1.6792352,48.8936465],[1.6787235,48.893423],[1.6781542,48.8931558]]}},{"type":"Feature","properties":{"sinuosity":0.7,"highway":"secondary"},"geometry":{"type":"LineString","coordinates":[[1.4892825,48.9468064],[1.4881441,48.9470379],[1.4877525,48.9471131],[1.4869655,48.947311],[1.4867442,48.9473787],[1.4864392,48.9474746],[1.4863613,48.9475055],[1.4858005,48.9477911],[1.485561,48.947844],[1.4851534,48.9479648]]}},{"type":"Feature","properties":{"sinuosity":0.736,"highway":"tertiary"},"geometry":{"type":"LineString","coordinates":[[1.9132813,48.8620244],[1.913491,48.861879],[1.9139905,48.861392],[1.9141984,48.8611951],[1.9143474,48.8609878],[1.9143868,48.8607749],[1.9142978,48.8605579],[1.9141919,48.8603051],[1.9141482,48.8602009],[1.9139484,48.8598598]]}},{"type":"Feature","properties":{"sinuosity":0.779,"highway":"tertiary"},"geometry":{"type":"LineString","coordinates":[[1.8919361,48.8197201],[1.8921045,48.8196795],[1.8923152,48.8196343],[1.8926351,48.8196217],[1.8927992,48.8196855],[1.8930898,48.8199103],[1.8935541,48.8203202],[1.8939611,48.8210142],[1.8942236,48.8211465],[1.8948368,48.821217]]}},{"type":"Feature","properties":{"sinuosity":0.704,"highway":"tertiary"},"geometry":{"type":"LineString","coordinates":[[2.4674115,48.6196571],[2.4671921,48.6202352],[2.4669996,48.6206543],[2.4669329,48.6208272],[2.4668626,48.6210555],[2.4667912,48.6212316],[2.4666212,48.6214136],[2.4664999,48.6214676],[2.4661796,48.6215415],[2.4660525,48.6215761]]}},{"type":"Feature","properties":{"sinuosity":0.744,"highway":"tertiary"},"geometry":{"type":"LineString","coordinates":[[2.4700021,48.615232],[2.4696293,48.6151407],[2.4693881,48.6150817],[2.4691425,48.6150621],[2.4688897,48.6150974],[2.4674804,48.6159126],[2.467244,48.6160272],[2.4670094,48.6160827],[2.4667826,48.6160774],[2.4659006,48.6159648]]}},{"type":"Feature","properties":{"sinuosity":0.7,"highway":"motorway_link"},"geometry":{"type":"LineString","coordinates":[[2.3800053,48.7536734],[2.3801239,48.7536705],[2.3801634,48.7536812],[2.380667,48.7538579],[2.3810042,48.7539595],[2.3811532,48.7540032],[2.382334,48.7543391],[2.3831655,48.754546],[2.3850232,48.7550722],[2.3852234,48.7551072]]}},{"type":"Feature","properties":{"sinuosity":1,"highway":"secondary"},"geometry":{"type":"LineString","coordinates":[[2.3458311,48.8150471],[2.3454696,48.8144621],[2.3454036,48.8143013],[2.3454266,48.8142259],[2.3455453,48.8141392],[2.3456964,48.8141058],[2.345766,48.8141062],[2.3458343,48.8141187],[2.3472157,48.8147434],[2.3478276,48.8150166]]}},{"type":"Feature","properties":{"sinuosity":0.7,"highway":"secondary"},"geometry":{"type":"LineString","coordinates":[[2.3476,48.8144685],[2.3473949,48.8143836],[2.3468967,48.814157],[2.3467251,48.8140747],[2.3465395,48.8139862],[2.3456604,48.8136359],[2.3449547,48.8132222],[2.3447854,48.8131023],[2.3447504,48.8130485],[2.3447351,48.8129855]]}},{"type":"Feature","properties":{"sinuosity":0.713,"highway":"secondary"},"geometry":{"type":"LineString","coordinates":[[2.3851798,48.4418196],[2.3841807,48.4414225],[2.382873,48.4409421],[2.3822704,48.4409199],[2.3817037,48.4406012],[2.3815068,48.4401204],[2.3811888,48.4398387],[2.3808233,48.4395953],[2.380377,48.4391835],[2.3797348,48.4389973]]}},{"type":"Feature","properties":{"sinuosity":0.706,"highway":"tertiary"},"geometry":{"type":"LineString","coordinates":[[2.5209911,48.46444],[2.5208735,48.4635656],[2.5215944,48.4628421],[2.5219191,48.4626476],[2.5220536,48.4625854],[2.5234507,48.4619395],[2.5245838,48.4612507],[2.5253283,48.460877],[2.5264346,48.4603366],[2.5274325,48.459878]]}},{"type":"Feature","properties":{"sinuosity":0.7,"highway":"secondary"},"geometry":{"type":"LineString","coordinates":[[2.49163,48.4761327],[2.4922389,48.476066],[2.4930342,48.4759913],[2.4932796,48.4759362],[2.4938846,48.4756815],[2.4941432,48.4754161],[2.4946327,48.4751236],[2.4949332,48.4750222],[2.4960161,48.4748644],[2.4963051,48.4748097]]}},{"type":"Feature","properties":{"sinuosity":0.7,"highway":"tertiary"},"geometry":{"type":"LineString","coordinates":[[2.495004,48.4838367],[2.4950602,48.4838348],[2.4951994,48.4837397],[2.495549,48.4829513],[2.4958062,48.4825353],[2.4958786,48.4822206],[2.4960028,48.4810546],[2.4959687,48.4800099]]}},{"type":"Feature","properties":{"sinuosity":0.702,"highway":"tertiary"},"geometry":{"type":"LineString","coordinates":[[2.4153058,48.4913335],[2.4152444,48.4916878],[2.4152773,48.4917895],[2.4157477,48.4922385],[2.415893,48.492334],[2.4160786,48.4924161],[2.4166885,48.4926578],[2.4168719,48.4928538],[2.4172472,48.4933407],[2.4173931,48.4935086]]}},{"type":"Feature","properties":{"sinuosity":0.7,"highway":"tertiary"},"geometry":{"type":"LineString","coordinates":[[2.1472748,48.7634861],[2.1470052,48.7635847],[2.1465812,48.7636406],[2.1457505,48.7639503],[2.1453249,48.7641855],[2.1452348,48.7642091],[2.1450992,48.7642646],[2.1448754,48.7643218],[2.1442354,48.7644143],[2.144006,48.7644529]]}},{"type":"Feature","properties":{"sinuosity":0.757,"highway":"motorway_link"},"geometry":{"type":"LineString","coordinates":[[2.476287,48.8869973],[2.4759027,48.8870428],[2.475546,48.8871095],[2.4750118,48.8873056],[2.4747999,48.887439],[2.4746682,48.8875677],[2.4745724,48.887705],[2.4743612,48.8884999],[2.4743222,48.8886799],[2.4742698,48.8887432]]}},{"type":"Feature","properties":{"sinuosity":0.7,"highway":"secondary"},"geometry":{"type":"LineString","coordinates":[[2.4595549,48.3462967],[2.4595742,48.3462667],[2.4595808,48.3462442],[2.4595637,48.3461727],[2.4594651,48.3457528],[2.4594387,48.3454597],[2.4594477,48.3453627],[2.4595437,48.3447732],[2.4595588,48.3445949],[2.4595129,48.3444826]]}},{"type":"Feature","properties":{"sinuosity":0.7,"highway":"tertiary"},"geometry":{"type":"LineString","coordinates":[[2.497299,48.8559607],[2.4985855,48.8565979],[2.4990498,48.8568275],[2.4993962,48.8569864],[2.4996132,48.8570394],[2.4998287,48.8572026],[2.5000689,48.8573282],[2.500466,48.8575196],[2.5018077,48.8581939],[2.5020031,48.8582921]]}},{"type":"Feature","properties":{"sinuosity":0.7,"highway":"motorway_link"},"geometry":{"type":"LineString","coordinates":[[2.5827776,48.8356112],[2.582703,48.8354856],[2.5825437,48.8353512],[2.5824434,48.8353089],[2.5820576,48.8352317],[2.5810405,48.8351427],[2.5802623,48.8351111],[2.5796562,48.8350928],[2.5786087,48.835086],[2.5780184,48.8350551]]}},{"type":"Feature","properties":{"sinuosity":0.719,"highway":"secondary"},"geometry":{"type":"LineString","coordinates":[[1.8458171,48.7806006],[1.8460818,48.7804908],[1.8463277,48.7802394],[1.8464757,48.7797412],[1.8468274,48.7795867],[1.8479487,48.7796655],[1.8486159,48.7796551],[1.8502485,48.7792909],[1.8521833,48.7788566],[1.8541591,48.778693]]}},{"type":"Feature","properties":{"sinuosity":0.7,"highway":"trunk_link"},"geometry":{"type":"LineString","coordinates":[[1.8474668,48.8009657],[1.8474486,48.8008985],[1.8474298,48.8008614],[1.847407,48.8008278],[1.8473459,48.8007753],[1.8472718,48.8007448],[1.8462674,48.8006308],[1.8449011,48.8005649],[1.8438324,48.8005629],[1.8432754,48.8005142]]}},{"type":"Feature","properties":{"sinuosity":0.7,"highway":"tertiary"},"geometry":{"type":"LineString","coordinates":[[2.5469021,48.4168911],[2.5474937,48.4168848],[2.5483748,48.4171492],[2.5497971,48.4171177],[2.5506656,48.4171177],[2.5516663,48.4172247],[2.552234,48.4172655],[2.5530635,48.417124],[2.5540521,48.4167843],[2.5549123,48.4165044]]}},{"type":"Feature","properties":{"sinuosity":0.71,"highway":"tertiary"},"geometry":{"type":"LineString","coordinates":[[2.4976128,48.265379],[2.4981205,48.2651968],[2.4989279,48.2650683],[2.4994403,48.264889],[2.4996743,48.2648693],[2.5001056,48.2649875],[2.5009741,48.2651483],[2.5019038,48.2654209],[2.5025327,48.2655683],[2.5033175,48.2658042]]}},{"type":"Feature","properties":{"sinuosity":0.7,"highway":"tertiary"},"geometry":{"type":"LineString","coordinates":[[2.5539295,48.2608272],[2.5545309,48.260479],[2.5559757,48.2589573],[2.5567148,48.2586824],[2.5567425,48.2586648]]}},{"type":"Feature","properties":{"sinuosity":0.733,"highway":"secondary"},"geometry":{"type":"LineString","coordinates":[[2.5041433,48.2562767],[2.5044777,48.256675],[2.5047474,48.2571128],[2.5048022,48.2574882],[2.5048419,48.2577201],[2.5050759,48.2578709],[2.5056674,48.2580003],[2.5066999,48.2583774],[2.5071703,48.2585069],[2.5081391,48.2587646]]}},{"type":"Feature","properties":{"sinuosity":0.7,"highway":"tertiary"},"geometry":{"type":"LineString","coordinates":[[2.426721,48.2851575],[2.4268654,48.2851991],[2.4271184,48.285332],[2.4276848,48.285818],[2.4279222,48.2859044],[2.4282293,48.285973],[2.4289952,48.2861232],[2.4297297,48.2862373],[2.4301237,48.2863342],[2.4302918,48.2864604]]}},{"type":"Feature","properties":{"sinuosity":0.7,"highway":"motorway_link"},"geometry":{"type":"LineString","coordinates":[[2.5313296,49.0088116],[2.5312973,49.0088218],[2.5309883,49.0089795],[2.530602,49.0092047],[2.5303322,49.0094287],[2.5298988,49.0099209],[2.5297385,49.0102146],[2.5296423,49.0104694],[2.5296218,49.0105678],[2.5296367,49.0106708]]}},{"type":"Feature","properties":{"sinuosity":0.7,"highway":"trunk_link"},"geometry":{"type":"LineString","coordinates":[[2.5012728,48.6318296],[2.5010728,48.6318761],[2.4996089,48.6319627],[2.4979829,48.6321146],[2.497719,48.6321573],[2.4976896,48.6321631],[2.4975508,48.632214]]}},{"type":"Feature","properties":{"sinuosity":0.7,"highway":"secondary"},"geometry":{"type":"LineString","coordinates":[[2.8732993,49.0373447],[2.8734502,49.0373358],[2.8743564,49.0373799],[2.8746014,49.0373979],[2.8749939,49.0373395],[2.8757265,49.0371505],[2.8758977,49.0371043],[2.8762793,49.0370012],[2.8769524,49.0368531],[2.8770997,49.036788]]}},{"type":"Feature","properties":{"sinuosity":0.822,"highway":"secondary"},"geometry":{"type":"LineString","coordinates":[[2.9463691,49.037511],[2.9472177,49.0370038],[2.9488773,49.0369654],[2.9496777,49.0375079],[2.9505158,49.0383739],[2.9521411,49.0393977],[2.9534312,49.0404398],[2.9549576,49.0411899],[2.9559464,49.0412937],[2.9568768,49.0408923]]}},{"type":"Feature","properties":{"sinuosity":0.811,"highway":"secondary"},"geometry":{"type":"LineString","coordinates":[[2.9750464,49.0400447],[2.9745294,49.0400224],[2.9738493,49.039935],[2.9735526,49.0400879],[2.9732528,49.0406522],[2.9730879,49.040799],[2.9727711,49.0408982],[2.9722851,49.0408575],[2.9714253,49.0407193],[2.9707472,49.040663]]}},{"type":"Feature","properties":{"sinuosity":0.925,"highway":"motorway_link"},"geometry":{"type":"LineString","coordinates":[[2.2165875,48.6854709],[2.2161524,48.6855545],[2.2159137,48.6856457],[2.215797,48.6857537],[2.2157474,48.6858803],[2.2157579,48.6859675],[2.2158635,48.6862175],[2.2160397,48.6864603],[2.2163831,48.6867524],[2.2171583,48.6873542]]}},{"type":"Feature","properties":{"sinuosity":0.764,"highway":"tertiary"},"geometry":{"type":"LineString","coordinates":[[2.5198069,48.8168749],[2.519771,48.8168415],[2.5195251,48.8166479],[2.5193469,48.8165181],[2.5191444,48.8163399],[2.5191289,48.8162891],[2.5194114,48.8157872],[2.5197704,48.8151955],[2.5199417,48.8149193],[2.5199632,48.8148925]]}},{"type":"Feature","properties":{"sinuosity":1,"highway":"trunk_link"},"geometry":{"type":"LineString","coordinates":[[2.2809371,48.6727172],[2.2811078,48.6728663],[2.2813802,48.673395],[2.2815041,48.6735518],[2.2818391,48.6737151],[2.282371,48.6737728],[2.2828583,48.6736974],[2.2830393,48.6735681],[2.2843668,48.671458],[2.2844011,48.6713006]]}},{"type":"Feature","properties":{"sinuosity":0.7,"highway":"secondary"},"geometry":{"type":"LineString","coordinates":[[2.4727634,48.2029838],[2.4727161,48.203088],[2.4725633,48.2032122],[2.4724483,48.2032671],[2.4722025,48.2033567],[2.4718227,48.2035164],[2.4716166,48.2036098],[2.4712463,48.2037775],[2.4705884,48.2040441],[2.47055,48.204081]]}},{"type":"Feature","properties":{"sinuosity":1,"highway":"trunk_link"},"geometry":{"type":"LineString","coordinates":[[2.5852587,48.8496573],[2.5866213,48.8493943],[2.5870795,48.8492155],[2.5872427,48.8490593],[2.5872614,48.8489089],[2.5871617,48.8487629],[2.5869339,48.8486624],[2.5866178,48.8486389],[2.5858378,48.8487476],[2.5856461,48.8488114]]}},{"type":"Feature","properties":{"sinuosity":0.7,"highway":"primary"},"geometry":{"type":"LineString","coordinates":[[2.4493606,48.8696128],[2.4496643,48.8697667],[2.4500486,48.8699818],[2.4504064,48.8701679],[2.4508132,48.8704008],[2.4508964,48.870468],[2.4509198,48.8705069],[2.4509888,48.8706744],[2.4510515,48.8707558],[2.4513957,48.8709607]]}},{"type":"Feature","properties":{"sinuosity":0.7,"highway":"motorway_link"},"geometry":{"type":"LineString","coordinates":[[2.3800572,48.9227508],[2.3798865,48.9227821],[2.379346,48.9226473],[2.3786956,48.9224878],[2.3769909,48.9220396],[2.3761384,48.9218227],[2.3758539,48.9216512]]}},{"type":"Feature","properties":{"sinuosity":0.783,"highway":"tertiary"},"geometry":{"type":"LineString","coordinates":[[2.3744794,48.3328381],[2.3747063,48.3328563],[2.375252,48.3333406],[2.3760122,48.3339154],[2.3775222,48.3343042],[2.3782323,48.3341185],[2.3786227,48.3341808],[2.3789504,48.3346769],[2.3793588,48.3348159],[2.3797232,48.3347114]]}},{"type":"Feature","properties":{"sinuosity":0.7,"highway":"tertiary"},"geometry":{"type":"LineString","coordinates":[[2.9760105,49.0086858],[2.9759865,49.008628],[2.9757793,49.0082649],[2.9756235,49.0080844],[2.9750228,49.0076232],[2.9746569,49.0073247],[2.9744169,49.0071017],[2.9743236,49.0070039],[2.974193,49.0069155],[2.9741411,49.0068476]]}},{"type":"Feature","properties":{"sinuosity":0.732,"highway":"secondary"},"geometry":{"type":"LineString","coordinates":[[2.3749475,48.369159],[2.3763626,48.3699667],[2.3767285,48.3701807],[2.3768768,48.3702945],[2.3769694,48.3705012],[2.3769828,48.3709684],[2.3771366,48.3712002],[2.3772348,48.3712708],[2.3774621,48.3713268],[2.3777804,48.3713018]]}},{"type":"Feature","properties":{"sinuosity":0.7,"highway":"tertiary"},"geometry":{"type":"LineString","coordinates":[[2.4564019,48.588239],[2.4562263,48.5881434],[2.4560151,48.5881386],[2.4559206,48.5881622],[2.4553535,48.5884007],[2.4549247,48.5885206],[2.4544091,48.5887624],[2.4542112,48.58883],[2.4538961,48.5888697],[2.4530998,48.5889721]]}},{"type":"Feature","properties":{"sinuosity":0.7,"highway":"tertiary"},"geometry":{"type":"LineString","coordinates":[[1.882394,48.8100855],[1.8823917,48.8102113],[1.882549,48.8103964],[1.8827038,48.8106984],[1.882824,48.8110542],[1.8829357,48.8114613],[1.8830428,48.8118987],[1.8831588,48.8123212],[1.8832628,48.8126391],[1.8834543,48.8132046]]}},{"type":"Feature","properties":{"sinuosity":0.856,"highway":"tertiary"},"geometry":{"type":"LineString","coordinates":[[1.8489092,48.7580318],[1.8481825,48.7582584],[1.8476469,48.7583174],[1.8469148,48.7580521],[1.8462445,48.7576934],[1.8451323,48.7575437],[1.844686,48.7578493],[1.8441204,48.7585737],[1.8438019,48.7586075],[1.8424331,48.7582029]]}},{"type":"Feature","properties":{"sinuosity":0.745,"highway":"motorway_link"},"geometry":{"type":"LineString","coordinates":[[2.6742582,48.8670219],[2.6736745,48.8671393],[2.6731253,48.8672551],[2.6729051,48.8673202],[2.6722752,48.867577],[2.6717785,48.8678936],[2.671361,48.8683438],[2.6711999,48.8686346],[2.6710747,48.8692708],[2.6709424,48.8698005]]}},{"type":"Feature","properties":{"sinuosity":0.7,"highway":"tertiary"},"geometry":{"type":"LineString","coordinates":[[2.2922869,48.6724887],[2.2924178,48.6725508],[2.2930046,48.6728563],[2.2937016,48.673365],[2.2944917,48.6737316],[2.2946266,48.6737727],[2.2947907,48.6739498],[2.2950047,48.6743833],[2.2955931,48.67508],[2.2956265,48.67512]]}},{"type":"Feature","properties":{"sinuosity":0.738,"highway":"secondary"},"geometry":{"type":"LineString","coordinates":[[2.5946968,48.4990131],[2.594938,48.4989444],[2.5950622,48.4989318],[2.5954007,48.4989702],[2.5955059,48.4990138],[2.5956997,48.499163],[2.5957936,48.4993025],[2.5959384,48.4996162],[2.596039,48.4997442],[2.5974452,48.5005082]]}},{"type":"Feature","properties":{"sinuosity":0.7,"highway":"secondary"},"geometry":{"type":"LineString","coordinates":[[2.5003202,48.6920351],[2.5000719,48.6921477],[2.4998807,48.6922178],[2.4994623,48.6922346],[2.4992073,48.6922325],[2.4991648,48.6922454],[2.4987516,48.6924241],[2.4985272,48.6925082],[2.4980147,48.692538],[2.4976835,48.6925487]]}},{"type":"Feature","properties":{"sinuosity":0.7,"highway":"tertiary"},"geometry":{"type":"LineString","coordinates":[[2.0879042,49.0000257],[2.0877118,48.999972],[2.0875532,48.9998992],[2.0870632,48.9995199],[2.0868002,48.9994397],[2.0864676,48.9994174],[2.0861468,48.9994114],[2.0847505,48.9993709],[2.0846153,48.999369],[2.0844344,48.9993732]]}},{"type":"Feature","properties":{"sinuosity":0.747,"highway":"trunk_link"},"geometry":{"type":"LineString","coordinates":[[1.8435101,48.8001622],[1.8442655,48.799983],[1.8449582,48.7997703],[1.8451282,48.7997237],[1.8452832,48.7996976],[1.8457722,48.7997028],[1.845967,48.7997447],[1.8462532,48.7998704],[1.8464396,48.7999732],[1.8465979,48.8000963]]}},{"type":"Feature","properties":{"sinuosity":0.7,"highway":"tertiary"},"geometry":{"type":"LineString","coordinates":[[2.537071,48.8597149],[2.5369395,48.860083],[2.5368547,48.860346],[2.536726,48.860771],[2.5366127,48.8611026],[2.536423,48.8617014],[2.5364253,48.8618057],[2.5360033,48.8629633],[2.5358832,48.8633112],[2.5356861,48.8634521]]}},{"type":"Feature","properties":{"sinuosity":0.7,"highway":"secondary"},"geometry":{"type":"LineString","coordinates":[[2.9919697,48.5768468],[2.99211,48.5769753],[2.9920675,48.5772047],[2.9914462,48.5780349],[2.9911553,48.5784102],[2.9909521,48.5786899],[2.9901226,48.579761],[2.9898462,48.5801051],[2.9892952,48.5808308],[2.9890559,48.5814123]]}},{"type":"Feature","properties":{"sinuosity":0.7,"highway":"primary"},"geometry":{"type":"LineString","coordinates":[[1.9566799,49.0086729],[1.9575369,49.0083434],[1.9580967,49.0081154],[1.9583916,49.0078478],[1.9588509,49.0075522],[1.9596808,49.0072817],[1.9600132,49.0071631],[1.9615283,49.0065991],[1.9627168,49.0061566],[1.9631436,49.0060155]]}},{"type":"Feature","properties":{"sinuosity":0.906,"highway":"secondary"},"geometry":{"type":"LineString","coordinates":[[1.9693052,48.6736028],[1.9686427,48.6737676],[1.9668007,48.674012],[1.9655334,48.6751803],[1.9646254,48.6756139],[1.9637802,48.675665],[1.9630823,48.6751628],[1.962415,48.6745474],[1.9619121,48.6742682],[1.9617383,48.6742581]]}},{"type":"Feature","properties":{"sinuosity":0.7,"highway":"trunk_link"},"geometry":{"type":"LineString","coordinates":[[1.633842,48.7908634],[1.6339953,48.791068],[1.6341893,48.7911839],[1.6347777,48.79145],[1.6355557,48.7920301],[1.6359098,48.7922639],[1.6363603,48.792451],[1.6370121,48.7925769],[1.6395405,48.7928081],[1.6407103,48.7929238]]}},{"type":"Feature","properties":{"sinuosity":0.717,"highway":"trunk_link"},"geometry":{"type":"LineString","coordinates":[[2.0615031,48.7884049],[2.061633,48.788295],[2.0620265,48.788108],[2.0623997,48.7878795],[2.0625557,48.7877313],[2.0626645,48.7876025],[2.0627908,48.787391],[2.0628761,48.7869656],[2.062854,48.7867483],[2.062793,48.7863683]]}},{"type":"Feature","properties":{"sinuosity":0.965,"highway":"primary"},"geometry":{"type":"LineString","coordinates":[[2.6650791,48.8805084],[2.6655166,48.8802972],[2.6660969,48.8798854],[2.6666879,48.8789042],[2.667238,48.8783507],[2.668297,48.8780951],[2.6689907,48.8781766],[2.6700198,48.8787712],[2.6705331,48.8791814],[2.6712312,48.879467]]}},{"type":"Feature","properties":{"sinuosity":0.7,"highway":"motorway_link"},"geometry":{"type":"LineString","coordinates":[[2.5475532,48.8359944],[2.5476553,48.836088],[2.5477485,48.8361347],[2.5478089,48.8361479],[2.5480744,48.8361744],[2.5489755,48.836262],[2.5492728,48.8362696],[2.5498053,48.8362653],[2.5508593,48.8362397],[2.5511644,48.8362916]]}},{"type":"Feature","properties":{"sinuosity":0.742,"highway":"trunk_link"},"geometry":{"type":"LineString","coordinates":[[2.616593,48.8487356],[2.617315,48.8486399],[2.6176025,48.8486152],[2.6183139,48.8485106],[2.6202423,48.8481758],[2.6206825,48.848055],[2.6208052,48.8479663],[2.6208756,48.8478437],[2.620885,48.8477153],[2.6208475,48.8474939]]}},{"type":"Feature","properties":{"sinuosity":0.705,"highway":"trunk_link"},"geometry":{"type":"LineString","coordinates":[[2.6211012,48.8477204],[2.6213099,48.8479003],[2.6213729,48.8479384],[2.6215148,48.8479868],[2.6216142,48.8480021],[2.6218612,48.8480008],[2.6224142,48.8479485],[2.6234845,48.8478373],[2.6238642,48.8477748],[2.6245299,48.8476957]]}},{"type":"Feature","properties":{"sinuosity":0.7,"highway":"trunk_link"},"geometry":{"type":"LineString","coordinates":[[2.6242905,48.8478649],[2.6240343,48.8479796],[2.6217664,48.8486103],[2.6215062,48.8486887],[2.6213948,48.8487291],[2.6213071,48.8487736],[2.6212489,48.8488197],[2.6212179,48.8488571],[2.6211525,48.8489947],[2.621057,48.8490795]]}},{"type":"Feature","properties":{"sinuosity":0.697,"highway":"trunk_link"},"geometry":{"type":"LineString","coordinates":[[2.700439,49.0556775],[2.7005941,49.0558656],[2.7009801,49.056286],[2.7013848,49.0567048],[2.7015872,49.0568811],[2.7021928,49.0573438],[2.7022954,49.0574365],[2.7023768,49.0575171],[2.7025346,49.0575942],[2.7026015,49.0576171]]}},{"type":"Feature","properties":{"sinuosity":0.7,"highway":"trunk_link"},"geometry":{"type":"LineString","coordinates":[[2.7003658,49.0579389],[2.7005116,49.0578396],[2.7005567,49.057787],[2.7006023,49.0576797],[2.7006063,49.0576288],[2.7002549,49.0564819],[2.7001262,49.0560566],[2.6999055,49.0555335],[2.6998258,49.05535],[2.6997706,49.0551089]]}},{"type":"Feature","properties":{"sinuosity":0.7,"highway":"tertiary"},"geometry":{"type":"LineString","coordinates":[[1.9309349,48.7567449],[1.9309485,48.7568271],[1.9310694,48.756931],[1.9320908,48.7578151],[1.9331926,48.7587725],[1.9337374,48.7592607],[1.9339126,48.7593966],[1.9339912,48.7594466],[1.9342362,48.7595356]]}},{"type":"Feature","properties":{"sinuosity":1,"highway":"trunk_link"},"geometry":{"type":"LineString","coordinates":[[2.0477176,49.0561159],[2.0464973,49.0563263],[2.0461942,49.0564256],[2.0460816,49.0565153],[2.04603,49.0566671],[2.0461258,49.056822],[2.0463149,49.0569002],[2.0464826,49.0569169],[2.0466717,49.0568765],[2.0468044,49.0567895]]}},{"type":"Feature","properties":{"sinuosity":0.742,"highway":"tertiary"},"geometry":{"type":"LineString","coordinates":[[1.9570214,48.8043472],[1.957279,48.8041648],[1.957452,48.8040211],[1.9575727,48.8038656],[1.9576799,48.803005],[1.9577092,48.8024213],[1.9577635,48.802296],[1.9579028,48.8021656],[1.9581857,48.8020552],[1.9584747,48.8020465]]}},{"type":"Feature","properties":{"sinuosity":0.828,"highway":"motorway_link"},"geometry":{"type":"LineString","coordinates":[[3.0390782,48.9524472],[3.0393338,48.9523979],[3.0404085,48.9524834],[3.0407101,48.9524771],[3.0409224,48.9524338],[3.041171,48.9523292],[3.0412992,48.9522229],[3.0413824,48.95211],[3.0414287,48.9519831],[3.0414594,48.9517565]]}},{"type":"Feature","properties":{"sinuosity":1,"highway":"trunk_link"},"geometry":{"type":"LineString","coordinates":[[2.6392079,48.9992691],[2.6395913,48.9990375],[2.6399066,48.9985018],[2.6394469,48.998092],[2.636892,48.9978917],[2.6355614,48.9978125],[2.6348356,48.9978704],[2.6345837,48.9980764],[2.6345596,48.9985885],[2.6349247,48.998906]]}},{"type":"Feature","properties":{"sinuosity":0.702,"highway":"trunk_link"},"geometry":{"type":"LineString","coordinates":[[2.0102833,48.7991123],[2.010009,48.7990774],[2.0095909,48.7990668],[2.0094244,48.7990226],[2.0091591,48.7988872],[2.0086912,48.7984896],[2.0084002,48.7983558],[2.0082649,48.7983275],[2.0079352,48.798307],[2.0077199,48.7982854]]}},{"type":"Feature","properties":{"sinuosity":1,"highway":"trunk_link"},"geometry":{"type":"LineString","coordinates":[[2.0107786,48.798028],[2.0097912,48.7981336],[2.00942,48.7982254],[2.0092067,48.7983901],[2.0091326,48.798587],[2.0092723,48.7988508],[2.0094911,48.798956],[2.0097552,48.7990049],[2.0100365,48.7989931],[2.0102371,48.798904]]}},{"type":"Feature","properties":{"sinuosity":0.71,"highway":"secondary"},"geometry":{"type":"LineString","coordinates":[[2.0362922,48.8058607],[2.0364321,48.8058985],[2.037218,48.8061167],[2.037612,48.8062481],[2.0378706,48.8064325],[2.0381291,48.8066402],[2.038333,48.8068204],[2.0384448,48.8069963],[2.0386133,48.8074937]]}},{"type":"Feature","properties":{"sinuosity":0.7,"highway":"trunk_link"},"geometry":{"type":"LineString","coordinates":[[2.2854964,48.7114449],[2.2855598,48.7113105],[2.2860282,48.7109097],[2.2868779,48.7101817],[2.2872461,48.7098416],[2.2873614,48.7097011],[2.2874807,48.7095141],[2.2875675,48.709038],[2.2875723,48.7088369],[2.2876375,48.7087456]]}},{"type":"Feature","properties":{"sinuosity":0.7,"highway":"tertiary"},"geometry":{"type":"LineString","coordinates":[[1.9545381,48.7425299],[1.9569416,48.7428936],[1.9577362,48.7429755],[1.9578117,48.7429858],[1.9585117,48.7430174],[1.9587568,48.7430167],[1.9591255,48.7430162],[1.9591958,48.7430065],[1.9597432,48.7431054],[1.9602017,48.7431976]]}},{"type":"Feature","properties":{"sinuosity":0.7,"highway":"trunk_link"},"geometry":{"type":"LineString","coordinates":[[1.8251032,48.8011692],[1.8249879,48.8012198],[1.8240923,48.8012513],[1.8225716,48.8012962],[1.8223997,48.8013189],[1.8222622,48.8013575],[1.8221864,48.801396],[1.8221417,48.8014189]]}},{"type":"Feature","properties":{"sinuosity":0.7,"highway":"trunk_link"},"geometry":{"type":"LineString","coordinates":[[1.8159539,48.8000362],[1.8161188,48.8000987],[1.8177323,48.8003718],[1.8186309,48.8006021],[1.8191709,48.8007027],[1.8199731,48.8007934],[1.820311,48.8008229],[1.8206471,48.8008512],[1.8213366,48.8009013],[1.8214127,48.8009569]]}},{"type":"Feature","properties":{"sinuosity":0.7,"highway":"tertiary"},"geometry":{"type":"LineString","coordinates":[[1.9685357,48.7701552],[1.9687267,48.7702203],[1.9689428,48.7703187],[1.9691925,48.7704212],[1.9695412,48.770571],[1.9697657,48.7706606],[1.9699016,48.7707561],[1.9701222,48.7707983],[1.9711368,48.7712242],[1.9712901,48.7713045]]}},{"type":"Feature","properties":{"sinuosity":0.71,"highway":"trunk_link"},"geometry":{"type":"LineString","coordinates":[[2.8999977,48.6963143],[2.9000869,48.6962643],[2.9005764,48.696079],[2.9008721,48.6960475],[2.9014379,48.6961852],[2.9017588,48.6962953],[2.9022603,48.6963318],[2.9024615,48.6963127],[2.9034153,48.696005],[2.9038679,48.6959078]]}},{"type":"Feature","properties":{"sinuosity":0.716,"highway":"trunk_link"},"geometry":{"type":"LineString","coordinates":[[2.8795051,48.9169772],[2.8796169,48.9169245],[2.8797148,48.9168556],[2.8797727,48.9167808],[2.8799912,48.9163848],[2.8799947,48.9160382],[2.8798695,48.9157094],[2.8796296,48.9153806],[2.8794419,48.915086],[2.8793167,48.9147504]]}},{"type":"Feature","properties":{"sinuosity":1,"highway":"tertiary"},"geometry":{"type":"LineString","coordinates":[[2.1414367,48.7666521],[2.1415772,48.7665073],[2.1418038,48.7663878],[2.1420885,48.7663436],[2.1426557,48.766402],[2.1427921,48.7663912],[2.1429993,48.7663252],[2.1431255,48.7662124],[2.1431626,48.7660885],[2.1426199,48.7651149]]}},{"type":"Feature","properties":{"sinuosity":0.816,"highway":"motorway_link"},"geometry":{"type":"LineString","coordinates":[[2.2496003,49.1238787],[2.2499481,49.1238135],[2.2501284,49.1237806],[2.2505049,49.123796],[2.2511231,49.1239377],[2.2515126,49.1240569],[2.2518174,49.1241081],[2.2522043,49.1240347],[2.2524189,49.1238662],[2.2526735,49.1234634]]}},{"type":"Feature","properties":{"sinuosity":0.781,"highway":"tertiary"},"geometry":{"type":"LineString","coordinates":[[3.1425994,48.3381107],[3.1426489,48.3383086],[3.1425631,48.3386476],[3.1417373,48.3390615],[3.1411958,48.3392895],[3.140555,48.3396495],[3.1394917,48.340319],[3.1394643,48.3403672],[3.1396409,48.3412949],[3.1398754,48.3416633]]}},{"type":"Feature","properties":{"sinuosity":0.7,"highway":"tertiary"},"geometry":{"type":"LineString","coordinates":[[3.2402556,48.4192294],[3.2405287,48.4195678],[3.2407492,48.4195984],[3.242276,48.4197993],[3.2443391,48.4205724],[3.2445668,48.4206828],[3.245355,48.4210314],[3.2463349,48.4212895],[3.2467797,48.4213755],[3.2478537,48.4215525]]}},{"type":"Feature","properties":{"sinuosity":0.7,"highway":"secondary"},"geometry":{"type":"LineString","coordinates":[[2.1662752,48.9961374],[2.1664617,48.9961336],[2.1671472,48.9960346],[2.1683083,48.9958822],[2.1693898,48.9957528],[2.1694914,48.9957382],[2.169672,48.9956918],[2.1711046,48.9955156],[2.173085,48.9950224],[2.1731956,48.9949854]]}},{"type":"Feature","properties":{"sinuosity":0.703,"highway":"tertiary"},"geometry":{"type":"LineString","coordinates":[[2.1472748,48.7634861],[2.1469085,48.7633698],[2.1464743,48.7632075],[2.1462272,48.7630501],[2.14613,48.7629618],[2.1452031,48.7628633],[2.1446488,48.7627951],[2.1437433,48.762671],[2.1432346,48.7624385],[2.1429815,48.762473]]}},{"type":"Feature","properties":{"sinuosity":0.7,"highway":"primary"},"geometry":{"type":"LineString","coordinates":[[2.2446092,48.5987296],[2.244435,48.598722],[2.2440509,48.5988155],[2.2437453,48.598961],[2.2432327,48.599102],[2.2426381,48.59921],[2.2424782,48.5992407],[2.241619,48.5993575],[2.2402189,48.5995435],[2.239335,48.5996559]]}},{"type":"Feature","properties":{"sinuosity":0.747,"highway":"tertiary"},"geometry":{"type":"LineString","coordinates":[[1.8639749,48.8151319],[1.8638998,48.8148849],[1.863697,48.8144145],[1.8635078,48.8142613],[1.8629564,48.8141621],[1.8625399,48.8140863],[1.8617102,48.8139353],[1.8614472,48.8137359],[1.8611475,48.813273],[1.8610015,48.8130451]]}},{"type":"Feature","properties":{"sinuosity":0.722,"highway":"trunk_link"},"geometry":{"type":"LineString","coordinates":[[1.7273865,48.7976951],[1.7286699,48.7973211],[1.7291162,48.7972443],[1.7296992,48.7973026],[1.7300289,48.7974456],[1.7302058,48.7975833],[1.7304925,48.7978916],[1.7309028,48.7980545],[1.7334606,48.798195],[1.7348339,48.7983383]]}},{"type":"Feature","properties":{"sinuosity":0.7,"highway":"trunk_link"},"geometry":{"type":"LineString","coordinates":[[2.6244017,48.8393212],[2.6244771,48.8392385],[2.6245343,48.8391654],[2.6244798,48.8387201],[2.6243511,48.8382426],[2.624229,48.8378357],[2.6240641,48.8374164],[2.6239045,48.837111],[2.6237234,48.8368311],[2.6234767,48.8364286]]}},{"type":"Feature","properties":{"sinuosity":1,"highway":"trunk_link"},"geometry":{"type":"LineString","coordinates":[[2.8021088,48.8548996],[2.8025167,48.8546154],[2.8026924,48.8543701],[2.802708,48.8542141],[2.8026086,48.8539899],[2.8025268,48.85392],[2.8022417,48.8538023],[2.8020789,48.8537782],[2.8016747,48.85382],[2.8014989,48.853911]]}},{"type":"Feature","properties":{"sinuosity":0.7,"highway":"primary"},"geometry":{"type":"LineString","coordinates":[[2.3595373,48.8188776],[2.3597535,48.8188953],[2.3598075,48.8188997],[2.3609639,48.8190702],[2.3618335,48.8191694],[2.3620697,48.8192178],[2.3621316,48.8192544],[2.3622214,48.8192984],[2.3623395,48.8193487],[2.3626572,48.8194579]]}},{"type":"Feature","properties":{"sinuosity":0.7,"highway":"tertiary"},"geometry":{"type":"LineString","coordinates":[[2.2602431,48.8479296],[2.2603958,48.8479307],[2.2618063,48.8479358],[2.2622425,48.8479618],[2.2623152,48.8479674],[2.2631505,48.8480291],[2.2636678,48.8480303],[2.2637561,48.8480077],[2.2639706,48.847995],[2.264134,48.8479827]]}},{"type":"Feature","properties":{"sinuosity":0.776,"highway":"trunk_link"},"geometry":{"type":"LineString","coordinates":[[2.6803733,48.9480436],[2.6802559,48.9480524],[2.6798708,48.9481776],[2.6798018,48.9481201],[2.67972,48.948005],[2.6793333,48.947122],[2.679167,48.9468379],[2.6789551,48.9465929],[2.6784072,48.9461436],[2.678336,48.9460292]]}},{"type":"Feature","properties":{"sinuosity":0.812,"highway":"trunk_link"},"geometry":{"type":"LineString","coordinates":[[2.6688927,48.9439041],[2.6685687,48.9439615],[2.6684549,48.9439987],[2.6682758,48.9441912],[2.6681547,48.9445437],[2.6680748,48.9445892],[2.6676913,48.9447706],[2.6674322,48.9449622],[2.6674029,48.9450633],[2.6677124,48.945627]]}},{"type":"Feature","properties":{"sinuosity":0.7,"highway":"motorway_link"},"geometry":{"type":"LineString","coordinates":[[2.6110974,48.9643279],[2.6102161,48.9647703],[2.6087858,48.9654459],[2.608365,48.9656777],[2.6081689,48.9658317],[2.6074183,48.9667084],[2.6073794,48.9667849],[2.6073933,48.9668633]]}},{"type":"Feature","properties":{"sinuosity":0.7,"highway":"tertiary"},"geometry":{"type":"LineString","coordinates":[[2.6890776,48.9410257],[2.6893061,48.9409616],[2.6896067,48.9408649],[2.6900859,48.9404654],[2.6903871,48.9401909],[2.6904396,48.9401421],[2.6912239,48.9396391],[2.6924419,48.9390283],[2.6930986,48.9389577],[2.6940403,48.9388412]]}},{"type":"Feature","properties":{"sinuosity":0.711,"highway":"tertiary"},"geometry":{"type":"LineString","coordinates":[[2.4765055,48.5830794],[2.4759119,48.5830933],[2.4758479,48.5831244],[2.4757808,48.5832897],[2.4756968,48.5834226],[2.4756143,48.5834684],[2.4744688,48.5838402],[2.4740307,48.5839863],[2.4738932,48.584067],[2.4735485,48.5843908]]}},{"type":"Feature","properties":{"sinuosity":0.725,"highway":"trunk_link"},"geometry":{"type":"LineString","coordinates":[[2.7195648,48.9469885],[2.7199611,48.9469918],[2.7205996,48.9469907],[2.7212141,48.9469547],[2.7214241,48.9469177],[2.7216404,48.9468607],[2.721824,48.9467817],[2.7222168,48.9464819],[2.722351,48.9463339],[2.7225555,48.9461463]]}},{"type":"Feature","properties":{"sinuosity":0.7,"highway":"motorway_link"},"geometry":{"type":"LineString","coordinates":[[2.4710899,48.9026698],[2.4713296,48.9030632],[2.4717309,48.9036789],[2.4719436,48.9039471],[2.4722336,48.9041593],[2.4724787,48.9043132],[2.4728792,48.9045181],[2.4733042,48.9046428]]}},{"type":"Feature","properties":{"sinuosity":0.701,"highway":"trunk_link"},"geometry":{"type":"LineString","coordinates":[[2.8037637,48.85203],[2.8031637,48.8526103],[2.802856,48.8531226],[2.8028273,48.8533568],[2.8028896,48.8537964],[2.8029481,48.8540298],[2.802878,48.8545208],[2.8026634,48.8547355],[2.8020424,48.8551303],[2.8017424,48.8553177]]}},{"type":"Feature","properties":{"sinuosity":0.633,"highway":"secondary"},"geometry":{"type":"LineString","coordinates":[[2.3756659,48.5355436],[2.3750629,48.5358008],[2.3747353,48.5361824],[2.374668,48.5364486],[2.3746442,48.5369982],[2.3747534,48.5372924],[2.3749117,48.5375439],[2.3748835,48.5376731],[2.3746284,48.5377745],[2.3742625,48.5378374]]}},{"type":"Feature","properties":{"sinuosity":0.7,"highway":"secondary"},"geometry":{"type":"LineString","coordinates":[[2.8155114,48.8652079],[2.815549,48.8651409],[2.8155986,48.8651016],[2.8160025,48.8649003],[2.8169439,48.8644528],[2.8173029,48.8643019],[2.8181398,48.8639587],[2.8186778,48.8637351],[2.8187234,48.8637209],[2.8187891,48.8636406]]}},{"type":"Feature","properties":{"sinuosity":0.912,"highway":"trunk_link"},"geometry":{"type":"LineString","coordinates":[[2.6159299,48.7807852],[2.6162179,48.7816496],[2.6163478,48.7818497],[2.6165134,48.7819606],[2.6167484,48.7820408],[2.6171366,48.7820867],[2.6173644,48.782077],[2.6174827,48.782056],[2.6176071,48.7819943],[2.617681,48.7819284]]}},{"type":"Feature","properties":{"sinuosity":0.794,"highway":"secondary"},"geometry":{"type":"LineString","coordinates":[[2.4089276,48.7684151],[2.409121,48.7683477],[2.4096123,48.7683121],[2.4097553,48.7682849],[2.4100718,48.7681518],[2.4102692,48.768016],[2.4103762,48.76777],[2.4104115,48.7675412],[2.4104596,48.7671474],[2.4104873,48.7670436]]}},{"type":"Feature","properties":{"sinuosity":0.7,"highway":"secondary"},"geometry":{"type":"LineString","coordinates":[[2.4092591,48.768437],[2.4091029,48.7684662],[2.4089586,48.7685981],[2.4089342,48.7686787],[2.4089893,48.7696189],[2.409,48.769801],[2.4090354,48.7704046],[2.4090433,48.7705259],[2.4091008,48.7713975],[2.4091096,48.7715042]]}},{"type":"Feature","properties":{"sinuosity":0.774,"highway":"secondary"},"geometry":{"type":"LineString","coordinates":[[2.4106257,48.7668637],[2.4105993,48.7670595],[2.4105911,48.7671206],[2.4105782,48.767256],[2.4104887,48.7678657],[2.4101518,48.7682246],[2.4099624,48.7683172],[2.409795,48.7683706],[2.4095561,48.7684197],[2.4092591,48.768437]]}},{"type":"Feature","properties":{"sinuosity":0.7,"highway":"tertiary"},"geometry":{"type":"LineString","coordinates":[[2.6170367,48.9368826],[2.6170152,48.9371896],[2.6168604,48.9372974],[2.6165033,48.9374637],[2.6162082,48.9379046],[2.6161147,48.9380786],[2.6158245,48.9386186],[2.615641,48.9390062],[2.6154326,48.9393946],[2.6153868,48.9394732]]}},{"type":"Feature","properties":{"sinuosity":0.7,"highway":"secondary"},"geometry":{"type":"LineString","coordinates":[[2.6935426,48.260664],[2.6934723,48.2602499],[2.6933402,48.2600155],[2.6931867,48.2597554],[2.6931394,48.2593054],[2.6930693,48.2585017],[2.6930773,48.2584182],[2.6931031,48.2583532],[2.6931102,48.2583352],[2.6931381,48.2582778]]}},{"type":"Feature","properties":{"sinuosity":0.853,"highway":"tertiary"},"geometry":{"type":"LineString","coordinates":[[2.1742064,48.5415177],[2.1733074,48.540173],[2.1730859,48.5393799],[2.1735169,48.538819],[2.1732428,48.5383241],[2.1732558,48.5377769],[2.1741421,48.5373083],[2.174741,48.5368394],[2.1754805,48.5365444],[2.1814543,48.5345325]]}},{"type":"Feature","properties":{"sinuosity":0.706,"highway":"tertiary"},"geometry":{"type":"LineString","coordinates":[[2.2701021,48.5284396],[2.2706089,48.5291919],[2.2720523,48.5310973],[2.2721051,48.5316196],[2.2717186,48.5325082],[2.271665,48.5329388],[2.2722165,48.5336459],[2.2726226,48.5344492],[2.2734328,48.5348756],[2.274032,48.5351581]]}},{"type":"Feature","properties":{"sinuosity":0.7,"highway":"tertiary"},"geometry":{"type":"LineString","coordinates":[[2.1506717,48.3500881],[2.1507769,48.3496298],[2.1509461,48.3493636],[2.1514604,48.3489518],[2.1517681,48.3486529],[2.1521675,48.3481067],[2.1523478,48.3476951],[2.1527388,48.3471002],[2.1529507,48.3468704],[2.1532225,48.3462763]]}},{"type":"Feature","properties":{"sinuosity":0.766,"highway":"motorway_link"},"geometry":{"type":"LineString","coordinates":[[1.8329815,48.5276446],[1.833043,48.5274362],[1.8330851,48.5271919],[1.833051,48.5269455],[1.8329126,48.5266291],[1.8328056,48.5264895],[1.8326041,48.5263007],[1.8322283,48.5260506],[1.8317033,48.5258594],[1.8306832,48.5255508]]}},{"type":"Feature","properties":{"sinuosity":0.705,"highway":"trunk_link"},"geometry":{"type":"LineString","coordinates":[[1.8292675,48.5339426],[1.8291939,48.5338404],[1.829231,48.5334242],[1.8291959,48.5332967],[1.8291084,48.5331448],[1.8289924,48.5330278],[1.8285148,48.5327134],[1.8282021,48.5325463],[1.8279868,48.5323918],[1.8279397,48.5323296]]}},{"type":"Feature","properties":{"sinuosity":0.722,"highway":"secondary"},"geometry":{"type":"LineString","coordinates":[[2.5243839,48.8404897],[2.5237377,48.8397126],[2.523517,48.8394893],[2.5235009,48.8393896],[2.5235617,48.8392985],[2.5236301,48.8392348],[2.5238899,48.8389626],[2.5240199,48.8387356],[2.5240228,48.838461],[2.5237715,48.8377484]]}},{"type":"Feature","properties":{"sinuosity":0.809,"highway":"trunk_link"},"geometry":{"type":"LineString","coordinates":[[2.3524273,48.6263211],[2.3527807,48.6262143],[2.3529652,48.6261238],[2.3530072,48.6258905],[2.3529816,48.6256969],[2.353217,48.6254316],[2.353522,48.6253606],[2.3538261,48.6253691],[2.3539345,48.6253294],[2.3540057,48.6251763]]}},{"type":"Feature","properties":{"sinuosity":0.78,"highway":"tertiary"},"geometry":{"type":"LineString","coordinates":[[2.1617943,48.3419796],[2.1614414,48.3418206],[2.1606468,48.341797],[2.1603973,48.3418347],[2.1601772,48.3420356],[2.1600032,48.3422226],[2.1599247,48.3422793],[2.1598076,48.3423183],[2.1595271,48.3423602],[2.1591237,48.3423944]]}},{"type":"Feature","properties":{"sinuosity":0.745,"highway":"tertiary"},"geometry":{"type":"LineString","coordinates":[[2.1730328,48.869297],[2.1719548,48.869372],[2.1716209,48.8694113],[2.170804,48.8695563],[2.1707138,48.869562],[2.1705022,48.869537],[2.1703663,48.8695171],[2.1701177,48.869512],[2.1700774,48.8695148],[2.1692459,48.8704057]]}},{"type":"Feature","properties":{"sinuosity":0.712,"highway":"motorway_link"},"geometry":{"type":"LineString","coordinates":[[2.7067246,48.8289898],[2.7067306,48.829046],[2.7067588,48.8291267],[2.7069108,48.829288],[2.7070903,48.8293467],[2.7075879,48.8294314],[2.7081695,48.829515],[2.7091412,48.8295848],[2.709609,48.8295823],[2.7098134,48.8296398]]}},{"type":"Feature","properties":{"sinuosity":0.7,"highway":"secondary"},"geometry":{"type":"LineString","coordinates":[[2.7257731,48.8445647],[2.7257533,48.8445347],[2.7257511,48.8445174],[2.7258918,48.8440077],[2.7260081,48.8435831],[2.7260798,48.8433085],[2.7262056,48.8428704],[2.7262595,48.8426603],[2.7262799,48.8425879],[2.7263097,48.8424812]]}},{"type":"Feature","properties":{"sinuosity":0.7,"highway":"secondary"},"geometry":{"type":"LineString","coordinates":[[2.7312937,48.84558],[2.7312651,48.8456634],[2.7312665,48.8458054],[2.7318339,48.8467059],[2.7319242,48.8468349],[2.7334182,48.8489901],[2.7334888,48.8490854],[2.7337126,48.8492593],[2.7338007,48.8493094],[2.7341478,48.849464]]}},{"type":"Feature","properties":{"sinuosity":0.7,"highway":"secondary"},"geometry":{"type":"LineString","coordinates":[[2.6794556,48.8674341],[2.6794738,48.8675594],[2.6795022,48.8676055],[2.6796437,48.8677767],[2.679747,48.8678846],[2.6805957,48.8687402],[2.6807519,48.8688898],[2.6808541,48.8689926],[2.6809133,48.8690331],[2.681115,48.8691048]]}},{"type":"Feature","properties":{"sinuosity":0.7,"highway":"primary"},"geometry":{"type":"LineString","coordinates":[[2.3856155,48.8983885],[2.3861226,48.8982742],[2.3867047,48.8982424],[2.3871151,48.8981895],[2.3875013,48.8980555],[2.3879573,48.8979039],[2.388593,48.8976923],[2.3890811,48.8975283],[2.3894048,48.8975066]]}},{"type":"Feature","properties":{"sinuosity":0.627,"highway":"tertiary"},"geometry":{"type":"LineString","coordinates":[[2.9432882,48.9863113],[2.9436618,48.9866354],[2.9436993,48.9867589],[2.9434748,48.9875005],[2.9431437,48.9885359],[2.9430351,48.9888826],[2.9427052,48.9899149],[2.9425442,48.9904165],[2.9425308,48.9904816],[2.9425653,48.9906279]]}},{"type":"Feature","properties":{"sinuosity":0.7,"highway":"tertiary"},"geometry":{"type":"LineString","coordinates":[[1.5418198,48.8416989],[1.5418682,48.841533],[1.5417378,48.8412832],[1.5414081,48.8405234],[1.5413893,48.8404607],[1.541168,48.840237],[1.5409949,48.8400427],[1.5404899,48.8395711],[1.5401973,48.8392867],[1.540077,48.8392191]]}},{"type":"Feature","properties":{"sinuosity":0.7,"highway":"secondary"},"geometry":{"type":"LineString","coordinates":[[2.1339855,48.3025482],[2.134082,48.3022006],[2.134237,48.3017108],[2.1342836,48.30156],[2.1342876,48.3013753],[2.1342235,48.3009186],[2.1345718,48.2995288],[2.134694,48.2993737],[2.1348466,48.2992819],[2.1350185,48.2992184]]}},{"type":"Feature","properties":{"sinuosity":0.7,"highway":"secondary"},"geometry":{"type":"LineString","coordinates":[[2.4390322,48.531236],[2.4392782,48.5311507],[2.4404319,48.5307503],[2.4406453,48.5306766],[2.4407306,48.5306254],[2.4408396,48.530593],[2.4409534,48.5305788],[2.4413786,48.5304349],[2.4419642,48.5302731],[2.4420234,48.5302574]]}},{"type":"Feature","properties":{"sinuosity":1,"highway":"tertiary"},"geometry":{"type":"LineString","coordinates":[[2.1221024,48.6950105],[2.1217511,48.6951551],[2.1214089,48.695246],[2.1209605,48.6952026],[2.1208214,48.6952691],[2.1208179,48.6953312],[2.1209562,48.6953931],[2.1219823,48.6953247],[2.1227012,48.6951165],[2.123452,48.694943]]}},{"type":"Feature","properties":{"sinuosity":0.7,"highway":"secondary"},"geometry":{"type":"LineString","coordinates":[[2.3041404,48.56093],[2.3038975,48.5609818],[2.3032256,48.5611254],[2.302709,48.5612398],[2.3021139,48.5613989],[2.3004508,48.5618262],[2.3003778,48.5618537],[2.2999536,48.5620061],[2.2992697,48.5622801],[2.2992455,48.5623352]]}},{"type":"Feature","properties":{"sinuosity":0.711,"highway":"tertiary"},"geometry":{"type":"LineString","coordinates":[[2.7617397,48.440124],[2.7612782,48.4392438],[2.7616046,48.4390668],[2.7617236,48.4388796],[2.7614415,48.4384005],[2.7610334,48.4379263],[2.7610011,48.437667],[2.7611099,48.4373595],[2.760893,48.4367867],[2.7604784,48.4359965]]}},{"type":"Feature","properties":{"sinuosity":0.7,"highway":"tertiary"},"geometry":{"type":"LineString","coordinates":[[2.0735324,49.0651857],[2.0734454,49.065237],[2.0730959,49.0653119],[2.0720621,49.0654087],[2.0718022,49.06543],[2.0715245,49.0654397],[2.0707768,49.0653209],[2.0702547,49.0652374],[2.0698707,49.0651964],[2.0684808,49.0650488]]}},{"type":"Feature","properties":{"sinuosity":0.7,"highway":"tertiary"},"geometry":{"type":"LineString","coordinates":[[2.0915986,49.0659291],[2.0917019,49.0659073],[2.0917946,49.065854],[2.0927339,49.0652956],[2.0928798,49.0652089],[2.0930453,49.0651051],[2.0940188,49.0644947],[2.0940529,49.0644778],[2.0941527,49.0644526]]}},{"type":"Feature","properties":{"sinuosity":1,"highway":"motorway_link"},"geometry":{"type":"LineString","coordinates":[[2.2755429,48.9557143],[2.2753852,48.9560373],[2.2753428,48.956206],[2.2753686,48.9563843],[2.2754728,48.9565205],[2.2757924,48.9566619],[2.2760868,48.9566784],[2.2762946,48.9566311],[2.2764949,48.9565431],[2.2768642,48.956302]]}},{"type":"Feature","properties":{"sinuosity":0.7,"highway":"tertiary"},"geometry":{"type":"LineString","coordinates":[[2.1548129,48.3754076],[2.15488,48.375376],[2.1551298,48.3752596],[2.155156,48.3752477],[2.1559552,48.3749246],[2.156386,48.3748345],[2.1568902,48.3746426],[2.1569644,48.3745715],[2.1570481,48.3744399],[2.1570451,48.3743613]]}},{"type":"Feature","properties":{"sinuosity":0.706,"highway":"secondary"},"geometry":{"type":"LineString","coordinates":[[3.3037197,48.8907312],[3.3027371,48.8901991],[3.3026749,48.8899218],[3.3028314,48.8894913],[3.3028935,48.8890799],[3.3027847,48.8886871],[3.3016408,48.8872114]]}},{"type":"Feature","properties":{"sinuosity":0.7,"highway":"primary"},"geometry":{"type":"LineString","coordinates":[[2.1070434,48.8567997],[2.1069328,48.8575099],[2.1069136,48.8575993],[2.1066853,48.8586641],[2.1066512,48.8587199],[2.106632,48.8588426]]}},{"type":"Feature","properties":{"sinuosity":0.777,"highway":"tertiary"},"geometry":{"type":"LineString","coordinates":[[2.2740937,48.5355292],[2.273563,48.5368533],[2.2726888,48.5391313],[2.2722306,48.5397542],[2.2712474,48.5401601],[2.2709993,48.5404172],[2.2712668,48.5409579],[2.2725795,48.5420806],[2.2731692,48.5427046],[2.274869,48.544805]]}},{"type":"Feature","properties":{"sinuosity":0.7,"highway":"secondary"},"geometry":{"type":"LineString","coordinates":[[2.2680431,48.5166054],[2.2679059,48.5166575],[2.2677278,48.516653],[2.2676992,48.5166504],[2.2674606,48.5165766],[2.2666105,48.516182],[2.266216,48.5159413],[2.2659818,48.5157728],[2.2656982,48.515593],[2.2649205,48.5153054]]}},{"type":"Feature","properties":{"sinuosity":0.705,"highway":"secondary"},"geometry":{"type":"LineString","coordinates":[[2.3040241,48.7488043],[2.3037579,48.7488313],[2.3036121,48.748844],[2.3027172,48.7489106],[2.302136,48.7489604],[2.3015869,48.7487426],[2.301418,48.7486585],[2.3006853,48.7482781],[2.3000685,48.7479847],[2.2993297,48.7477207]]}},{"type":"Feature","properties":{"sinuosity":0.7,"highway":"tertiary"},"geometry":{"type":"LineString","coordinates":[[2.9645994,49.0880953],[2.9646027,49.0883035],[2.9645196,49.0884844],[2.9643617,49.0886238],[2.9638584,49.0888585],[2.9635674,49.0890166],[2.9633109,49.0891782],[2.9631965,49.0892551],[2.962707,49.0896263]]}},{"type":"Feature","properties":{"sinuosity":0.7,"highway":"tertiary"},"geometry":{"type":"LineString","coordinates":[[2.12175,48.3532636],[2.1217161,48.3532944],[2.1212398,48.3531363],[2.1207141,48.3529236],[2.1204038,48.3528212],[2.1200302,48.35273],[2.1196704,48.352652],[2.1194834,48.3526064],[2.1187704,48.3524232],[2.1185951,48.3523695]]}},{"type":"Feature","properties":{"sinuosity":0.657,"highway":"secondary"},"geometry":{"type":"LineString","coordinates":[[2.0017263,48.3150965],[2.0014791,48.3152436],[2.0008206,48.3155576],[2.0005658,48.315604],[2.0002654,48.31562],[1.9995213,48.3155067],[1.9986663,48.3153665],[1.9982447,48.3152989],[1.9976451,48.3152393],[1.9974794,48.3152882]]}},{"type":"Feature","properties":{"sinuosity":0.7,"highway":"tertiary"},"geometry":{"type":"LineString","coordinates":[[2.6126634,48.9392571],[2.6126541,48.9391989],[2.6126657,48.9391572],[2.6127069,48.939106],[2.6127387,48.9390402],[2.6131315,48.9376863],[2.6133067,48.9369973],[2.6133527,48.9368284],[2.6133586,48.9368089],[2.6133832,48.9367163]]}},{"type":"Feature","properties":{"sinuosity":0.7,"highway":"tertiary"},"geometry":{"type":"LineString","coordinates":[[2.5695252,48.8126582],[2.5692858,48.8126922],[2.5681303,48.8132154],[2.5658928,48.814417],[2.5657138,48.8145144],[2.5656259,48.8145439],[2.5653297,48.8146289],[2.5647807,48.8146624],[2.5645519,48.8146166],[2.5644849,48.8145693]]}},{"type":"Feature","properties":{"sinuosity":0.745,"highway":"trunk_link"},"geometry":{"type":"LineString","coordinates":[[2.8488497,48.9397636],[2.8486161,48.9398376],[2.8484604,48.9399595],[2.8483613,48.9400773],[2.8483065,48.9401887],[2.8481869,48.9408011],[2.8482949,48.9411363],[2.8484735,48.9413995],[2.8486663,48.9416486],[2.8487084,48.9418031]]}},{"type":"Feature","properties":{"sinuosity":0.7,"highway":"secondary"},"geometry":{"type":"LineString","coordinates":[[2.5543474,48.8080465],[2.5545203,48.8080783],[2.5545777,48.8080764],[2.5547127,48.8080658],[2.5549751,48.8080332],[2.5557044,48.8079321],[2.5563355,48.8078288],[2.5569511,48.8077274],[2.5577113,48.8076002],[2.5578524,48.8075145]]}},{"type":"Feature","properties":{"sinuosity":0.798,"highway":"tertiary"},"geometry":{"type":"LineString","coordinates":[[2.7639809,48.9709199],[2.7628119,48.9709086],[2.7623766,48.9708992],[2.7616355,48.9708366],[2.761105,48.9707048],[2.760966,48.9706267],[2.7607318,48.9702448],[2.7605803,48.969902],[2.7605446,48.9698007],[2.760492,48.9696505]]}},{"type":"Feature","properties":{"sinuosity":0.743,"highway":"trunk_link"},"geometry":{"type":"LineString","coordinates":[[2.7731518,48.9531189],[2.7726344,48.9530499],[2.7723591,48.9529943],[2.7722655,48.9529837],[2.7721638,48.9529793],[2.7719585,48.9530019],[2.7718698,48.9530251],[2.7716844,48.953115],[2.7708783,48.9536755],[2.7705738,48.9538093]]}},{"type":"Feature","properties":{"sinuosity":0.7,"highway":"secondary"},"geometry":{"type":"LineString","coordinates":[[2.8121509,48.8977676],[2.8124465,48.8976101],[2.8129609,48.8973315],[2.8132366,48.8972047],[2.8135934,48.8970757],[2.8150229,48.8965796],[2.8152271,48.89651],[2.8153433,48.8964991],[2.8153993,48.8965027],[2.8156471,48.8965187]]}},{"type":"Feature","properties":{"sinuosity":0.7,"highway":"secondary"},"geometry":{"type":"LineString","coordinates":[[2.2816829,49.0042028],[2.2817945,49.0043021],[2.2829494,49.0059252],[2.2831619,49.0062059],[2.2841243,49.0065633],[2.2842988,49.0067253],[2.2846198,49.0077704],[2.2846682,49.0080818],[2.2846659,49.0085029],[2.2847,49.0087384]]}},{"type":"Feature","properties":{"sinuosity":0.7,"highway":"motorway_link"},"geometry":{"type":"LineString","coordinates":[[2.8703318,48.8746474],[2.8702286,48.8746742],[2.8701533,48.8746851],[2.8700721,48.874681],[2.8699327,48.8746415],[2.8698151,48.8746109],[2.8674902,48.8735892],[2.8671235,48.8734513],[2.8668845,48.8733665],[2.8667112,48.8733139]]}},{"type":"Feature","properties":{"sinuosity":0.7,"highway":"tertiary"},"geometry":{"type":"LineString","coordinates":[[2.7725108,49.0262534],[2.7723554,49.0262053],[2.7717897,49.02603],[2.7706737,49.0259255],[2.7702285,49.025989],[2.7700161,49.0260103],[2.7696669,49.025923],[2.7695311,49.0258248]]}},{"type":"Feature","properties":{"sinuosity":0.7,"highway":"primary"},"geometry":{"type":"LineString","coordinates":[[2.3561063,48.9260822],[2.3558158,48.9260122],[2.3556832,48.9260033],[2.3547777,48.9259672],[2.3540767,48.9258733],[2.3538164,48.9257755],[2.3534948,48.9256237],[2.3526641,48.9254869],[2.3523129,48.9254414],[2.3512846,48.9253127]]}},{"type":"Feature","properties":{"sinuosity":0.7,"highway":"primary"},"geometry":{"type":"LineString","coordinates":[[2.3504046,48.9252813],[2.3506859,48.9253114],[2.3509385,48.9252469],[2.3511524,48.9252318],[2.3525923,48.9254125],[2.3532186,48.9254992],[2.3535484,48.9255855],[2.3538946,48.9257513],[2.3544258,48.9258939],[2.3547884,48.9259165]]}},{"type":"Feature","properties":{"sinuosity":0.756,"highway":"motorway_link"},"geometry":{"type":"LineString","coordinates":[[2.1538524,49.2090783],[2.1542913,49.208896],[2.1547459,49.208761],[2.1549109,49.2087172],[2.1551268,49.2086988],[2.1555331,49.2087225],[2.1557276,49.2087584],[2.1559467,49.2088192],[2.1562748,49.2089582],[2.1568285,49.2092328]]}},{"type":"Feature","properties":{"sinuosity":1,"highway":"motorway_link"},"geometry":{"type":"LineString","coordinates":[[2.1575861,49.2096208],[2.1582962,49.2099539],[2.1587022,49.2100297],[2.1590589,49.2099745],[2.1593486,49.2097712],[2.1593978,49.2096026],[2.1592614,49.2093381],[2.1589029,49.2091834],[2.1584424,49.2091956],[2.1563188,49.2097368]]}},{"type":"Feature","properties":{"sinuosity":1,"highway":"motorway_link"},"geometry":{"type":"LineString","coordinates":[[2.1528221,49.2107232],[2.1553347,49.2098282],[2.1555717,49.2096926],[2.1557759,49.2094138],[2.1557592,49.2092252],[2.155534,49.2089903],[2.155309,49.2089056],[2.1548827,49.2088732],[2.1545819,49.2089184],[2.1529536,49.2095887]]}},{"type":"Feature","properties":{"sinuosity":0.7,"highway":"secondary"},"geometry":{"type":"LineString","coordinates":[[2.1476372,49.2147733],[2.1476077,49.2145954],[2.1460228,49.2120467],[2.1459414,49.2119788],[2.1458986,49.2119431],[2.1458573,49.2119087]]}},{"type":"Feature","properties":{"sinuosity":0.727,"highway":"trunk_link"},"geometry":{"type":"LineString","coordinates":[[2.9016044,48.697877],[2.9011558,48.6980696],[2.9007966,48.6981713],[2.9005384,48.6981566],[2.9003068,48.6980863],[2.8997959,48.6978853],[2.8995213,48.697853],[2.8991742,48.697863],[2.8987955,48.6979751],[2.898609,48.6979971]]}},{"type":"Feature","properties":{"sinuosity":1,"highway":"tertiary"},"geometry":{"type":"LineString","coordinates":[[2.49108,48.910977],[2.4910713,48.9108041],[2.4910493,48.9106204],[2.4910009,48.9102742],[2.4909582,48.9100605],[2.4908993,48.9099546],[2.4908453,48.9099283],[2.4903282,48.910252],[2.4899752,48.9104991],[2.4898833,48.910564]]}},{"type":"Feature","properties":{"sinuosity":0.74,"highway":"motorway_link"},"geometry":{"type":"LineString","coordinates":[[2.4714788,48.8826664],[2.472016,48.8824787],[2.4728103,48.8821472],[2.4740217,48.8815457],[2.4741617,48.8814842],[2.4745423,48.8814083],[2.4748705,48.8814117],[2.4752088,48.881459],[2.4761832,48.8817729],[2.4762621,48.8817999]]}},{"type":"Feature","properties":{"sinuosity":0.7,"highway":"tertiary"},"geometry":{"type":"LineString","coordinates":[[2.4697814,48.1433782],[2.4697728,48.1428627],[2.4697801,48.142784],[2.4698316,48.1427022],[2.4699788,48.1426168],[2.4739442,48.1409612],[2.4751754,48.1404469],[2.4760822,48.1401009],[2.4761825,48.1400856],[2.4762526,48.1400856]]}},{"type":"Feature","properties":{"sinuosity":0.7,"highway":"tertiary"},"geometry":{"type":"LineString","coordinates":[[2.4932834,48.9210013],[2.4932413,48.9210258],[2.4931992,48.9210503],[2.4910466,48.9216075],[2.4907221,48.9216837],[2.4906778,48.9217106],[2.4896126,48.9219778],[2.4894169,48.9220539]]}},{"type":"Feature","properties":{"sinuosity":0.7,"highway":"tertiary"},"geometry":{"type":"LineString","coordinates":[[2.2842331,48.7936081],[2.2842919,48.793431],[2.2842926,48.7933179],[2.2843261,48.7931094],[2.2843972,48.7926376],[2.2843355,48.7924008],[2.2843958,48.7921313],[2.2844,48.7918632],[2.284364,48.7913323],[2.2843006,48.7911918]]}},{"type":"Feature","properties":{"sinuosity":0.7,"highway":"tertiary"},"geometry":{"type":"LineString","coordinates":[[2.2824656,48.8567877],[2.2820358,48.8565319],[2.2816207,48.8562072],[2.2808944,48.8555792],[2.2807357,48.8554078],[2.2799987,48.8549714],[2.2793102,48.8547411],[2.2786707,48.8544919],[2.278464,48.8544091],[2.2783116,48.8543073]]}},{"type":"Feature","properties":{"sinuosity":0.7,"highway":"secondary"},"geometry":{"type":"LineString","coordinates":[[2.4915188,48.6262588],[2.4914783,48.6265395],[2.4914631,48.6266157],[2.4912351,48.6279228],[2.4912117,48.6281168],[2.4912964,48.628466],[2.4913766,48.6285948],[2.4915011,48.6286823],[2.4915489,48.6287081],[2.4915972,48.6287349]]}},{"type":"Feature","properties":{"sinuosity":0.7,"highway":"motorway_link"},"geometry":{"type":"LineString","coordinates":[[2.5836686,48.8340171],[2.5837397,48.8340902],[2.5838202,48.8341308],[2.5839271,48.8341449],[2.5853841,48.8341298],[2.5866942,48.834123],[2.5873017,48.8341089],[2.5881129,48.8340632],[2.5884585,48.8340231],[2.5886816,48.8340599]]}},{"type":"Feature","properties":{"sinuosity":0.712,"highway":"primary"},"geometry":{"type":"LineString","coordinates":[[2.4574185,48.6408655],[2.4580952,48.6404288],[2.4585592,48.640163],[2.4587358,48.6400354],[2.4588468,48.6398725],[2.458892,48.6396879],[2.4588847,48.6395638],[2.4588837,48.639525],[2.4588579,48.6394342],[2.4588312,48.6393451]]}},{"type":"Feature","properties":{"sinuosity":0.7,"highway":"primary"},"geometry":{"type":"LineString","coordinates":[[2.4593018,48.639507],[2.4590917,48.6396111],[2.4590074,48.639706],[2.4589404,48.6398689],[2.4588327,48.6400472],[2.4586102,48.6402303],[2.4581724,48.6404742],[2.4574185,48.6408655]]}},{"type":"Feature","properties":{"sinuosity":0.7,"highway":"tertiary"},"geometry":{"type":"LineString","coordinates":[[1.933287,48.7857398],[1.933352,48.7857468],[1.9334695,48.7858149],[1.9337434,48.7858857],[1.9358103,48.7860913],[1.9385857,48.7863674],[1.9399362,48.7865068]]}},{"type":"Feature","properties":{"sinuosity":0.707,"highway":"tertiary"},"geometry":{"type":"LineString","coordinates":[[2.2731849,48.4313009],[2.2714964,48.4313382],[2.2708591,48.4314939],[2.2703966,48.4315935],[2.2697664,48.4317108],[2.2687737,48.4318383],[2.2673695,48.4317412],[2.2664331,48.4316403],[2.2657207,48.4312214],[2.2652534,48.4309524]]}},{"type":"Feature","properties":{"sinuosity":0.714,"highway":"tertiary"},"geometry":{"type":"LineString","coordinates":[[2.2998406,48.409468],[2.2998413,48.4093994],[2.2999628,48.4090216],[2.3004011,48.4084692],[2.3009191,48.4080698],[2.3012226,48.4079429],[2.3023237,48.4077116],[2.3030545,48.4075139],[2.303205,48.4074494],[2.3036936,48.4070971]]}},{"type":"Feature","properties":{"sinuosity":0.737,"highway":"tertiary"},"geometry":{"type":"LineString","coordinates":[[2.3202227,48.4593684],[2.3195426,48.459489],[2.3186206,48.4597424],[2.3183668,48.4598287],[2.3181596,48.4599459],[2.318099,48.460019],[2.3180907,48.4601556],[2.3180995,48.4602933]]}},{"type":"Feature","properties":{"sinuosity":0.786,"highway":"tertiary"},"geometry":{"type":"LineString","coordinates":[[2.2824498,48.4697481],[2.2825433,48.4697111],[2.283162,48.4694661],[2.2835842,48.4692989],[2.2840029,48.4691175],[2.2840859,48.4691209],[2.2843766,48.4693921],[2.2849231,48.4695945],[2.2854761,48.4696387],[2.2862248,48.4697303]]}},{"type":"Feature","properties":{"sinuosity":0.7,"highway":"secondary"},"geometry":{"type":"LineString","coordinates":[[2.2013182,48.295885],[2.201835,48.295853],[2.2029623,48.2957379],[2.2035321,48.2956451],[2.2037789,48.2956206],[2.2044821,48.2955897],[2.2045533,48.295395],[2.20505,48.2952317],[2.2055843,48.2951762],[2.2056782,48.2951438]]}},{"type":"Feature","properties":{"sinuosity":0.7,"highway":"secondary"},"geometry":{"type":"LineString","coordinates":[[2.3378758,48.692578],[2.3377776,48.692668],[2.33776,48.6927736],[2.3377304,48.6928738],[2.3376156,48.6930226],[2.3374427,48.6933044],[2.3373454,48.6935045],[2.3371112,48.693991],[2.3369148,48.694397],[2.3368021,48.6946325]]}},{"type":"Feature","properties":{"sinuosity":0.7,"highway":"secondary"},"geometry":{"type":"LineString","coordinates":[[2.7744231,48.4651774],[2.7744358,48.4652821],[2.7744153,48.465384],[2.7739747,48.4662477],[2.7737205,48.466807],[2.7736167,48.4669059],[2.7735388,48.4669747]]}},{"type":"Feature","properties":{"sinuosity":0.7,"highway":"secondary"},"geometry":{"type":"LineString","coordinates":[[2.4344744,48.7256324],[2.4332007,48.725396],[2.4330244,48.7253634],[2.4316961,48.7251193],[2.4302828,48.724853],[2.4301454,48.7248227],[2.4296716,48.7247398],[2.4277957,48.7242928],[2.4274386,48.7241696],[2.42737,48.7239649]]}},{"type":"Feature","properties":{"sinuosity":0.938,"highway":"motorway_link"},"geometry":{"type":"LineString","coordinates":[[1.9133372,48.4551789],[1.9131881,48.4548994],[1.9129323,48.4547478],[1.9126705,48.4547161],[1.9124242,48.454759],[1.912307,48.4548112],[1.9121381,48.4549676],[1.9121079,48.4551648],[1.9122429,48.4560661],[1.9124298,48.4591952]]}},{"type":"Feature","properties":{"sinuosity":1,"highway":"motorway_link"},"geometry":{"type":"LineString","coordinates":[[2.2657879,48.9633813],[2.264356,48.9629153],[2.2634408,48.9627301],[2.2631422,48.9627516],[2.2628744,48.9628617],[2.2626416,48.9631739],[2.2627423,48.9634309],[2.2631063,48.9636394],[2.2637411,48.9635735],[2.2645452,48.9633355]]}},{"type":"Feature","properties":{"sinuosity":0.74,"highway":"tertiary"},"geometry":{"type":"LineString","coordinates":[[1.9312168,48.3697754],[1.9286993,48.3700253],[1.9275073,48.3702154],[1.924942,48.3710388],[1.9221933,48.3714485],[1.9213681,48.3714209],[1.9211547,48.3712683],[1.9208231,48.370719],[1.9207077,48.3706171],[1.9203639,48.3705281]]}},{"type":"Feature","properties":{"sinuosity":0.7,"highway":"secondary"},"geometry":{"type":"LineString","coordinates":[[2.5302022,48.7963498],[2.529465,48.7957082],[2.5290106,48.7953989],[2.5288406,48.795229],[2.5285574,48.7941912],[2.5282216,48.7936286],[2.5272792,48.7930568],[2.5263001,48.7925362],[2.5253613,48.7916458],[2.5246406,48.7908466]]}},{"type":"Feature","properties":{"sinuosity":0.7,"highway":"tertiary"},"geometry":{"type":"LineString","coordinates":[[2.124835,48.5807104],[2.1249157,48.5806636],[2.1251763,48.5805494],[2.1267635,48.5798681],[2.1277357,48.5794612],[2.1295041,48.5787137],[2.1306862,48.5782243],[2.1320424,48.5776669],[2.1328389,48.5773418],[2.1330065,48.5772178]]}},{"type":"Feature","properties":{"sinuosity":0.7,"highway":"tertiary"},"geometry":{"type":"LineString","coordinates":[[2.1542864,48.5762773],[2.1544445,48.5763216],[2.1551858,48.5764457],[2.1565387,48.5768388],[2.1572351,48.5769439],[2.1576236,48.5769823],[2.1583274,48.5770343],[2.1592114,48.5768864],[2.1597898,48.5766688],[2.1604544,48.5766931]]}},{"type":"Feature","properties":{"sinuosity":0.7,"highway":"secondary"},"geometry":{"type":"LineString","coordinates":[[2.7638056,48.4310135],[2.7639503,48.4309843],[2.7640687,48.4309625],[2.7643532,48.4309148],[2.764989,48.4307995],[2.7658163,48.4305964],[2.7661505,48.4305564],[2.766358,48.4305527],[2.7664707,48.4305701],[2.7665683,48.4306144]]}},{"type":"Feature","properties":{"sinuosity":0.749,"highway":"tertiary"},"geometry":{"type":"LineString","coordinates":[[2.7669504,48.4252363],[2.7668716,48.4253392],[2.7649048,48.4281006],[2.7645786,48.4284252],[2.7640518,48.4287438],[2.7625373,48.4290184],[2.7611424,48.4290786],[2.7605136,48.4291081],[2.7602193,48.4291528],[2.7601859,48.4292007]]}},{"type":"Feature","properties":{"sinuosity":0.7,"highway":"tertiary"},"geometry":{"type":"LineString","coordinates":[[2.2591389,48.7823551],[2.2590206,48.7823853],[2.2589465,48.7824568],[2.2589374,48.7825212],[2.2588503,48.7836613],[2.2588178,48.7844146],[2.2587851,48.7850467],[2.2587299,48.7857157],[2.2587083,48.7860558],[2.2587291,48.7862926]]}},{"type":"Feature","properties":{"sinuosity":0.7,"highway":"tertiary"},"geometry":{"type":"LineString","coordinates":[[2.7626444,48.4312368],[2.7627192,48.4316155],[2.7627722,48.432219],[2.7627879,48.4325267],[2.7625046,48.4329595],[2.7624521,48.4334692]]}},{"type":"Feature","properties":{"sinuosity":0.824,"highway":"trunk_link"},"geometry":{"type":"LineString","coordinates":[[2.3888352,48.6250375],[2.388952,48.6249215],[2.3890347,48.6247679],[2.3890533,48.6246164],[2.3889111,48.6242978],[2.3887334,48.6240612],[2.3884992,48.6238773],[2.3883584,48.623801],[2.3880262,48.6236908],[2.3875268,48.62361]]}},{"type":"Feature","properties":{"sinuosity":0.967,"highway":"secondary"},"geometry":{"type":"LineString","coordinates":[[2.2933886,48.5638684],[2.2934677,48.5640889],[2.2933222,48.5642247],[2.2928753,48.5642615],[2.2916291,48.564597],[2.2913615,48.5647594],[2.2913082,48.5651018],[2.2913508,48.565486],[2.2916262,48.5659083],[2.2920676,48.5663063]]}},{"type":"Feature","properties":{"sinuosity":0.774,"highway":"trunk_link"},"geometry":{"type":"LineString","coordinates":[[2.6132588,48.779855],[2.6134859,48.7796763],[2.6141245,48.7793873],[2.6145613,48.7791757],[2.6146868,48.7790744],[2.6147231,48.7790273],[2.6147723,48.7789292],[2.6147795,48.778818],[2.6147653,48.7787339],[2.6145751,48.7783033]]}},{"type":"Feature","properties":{"sinuosity":0.7,"highway":"primary"},"geometry":{"type":"LineString","coordinates":[[2.6587861,48.8407238],[2.6590184,48.8408448],[2.6591608,48.8408887],[2.6593105,48.8409118],[2.6618406,48.8412713],[2.6619701,48.8412992],[2.6620423,48.8413305],[2.6621038,48.8413511],[2.6621402,48.8413576],[2.6622146,48.841366]]}},{"type":"Feature","properties":{"sinuosity":0.7,"highway":"primary"},"geometry":{"type":"LineString","coordinates":[[2.6620901,48.841519],[2.6619923,48.8414307],[2.661922,48.8413975],[2.6618407,48.8413745],[2.6614736,48.8413132],[2.6589972,48.8409698],[2.6588141,48.8409569],[2.6587024,48.8409601]]}},{"type":"Feature","properties":{"sinuosity":0.728,"highway":"tertiary"},"geometry":{"type":"LineString","coordinates":[[2.7264728,48.4130361],[2.7263159,48.4131468],[2.7262241,48.4132794],[2.7262194,48.41338],[2.7262764,48.4139107],[2.72632,48.4139726],[2.7265278,48.4140945],[2.7266157,48.41417],[2.7268182,48.4144077],[2.7270348,48.4148354]]}},{"type":"Feature","properties":{"sinuosity":0.7,"highway":"tertiary"},"geometry":{"type":"LineString","coordinates":[[2.4152252,48.805236],[2.4152771,48.8051309],[2.4153826,48.805072],[2.415456,48.8050575],[2.4158859,48.8050003],[2.4165791,48.8049078],[2.4169541,48.8048569],[2.4182192,48.804667],[2.4194627,48.8044906],[2.4195822,48.8044729]]}},{"type":"Feature","properties":{"sinuosity":0.7,"highway":"secondary"},"geometry":{"type":"LineString","coordinates":[[2.4204667,48.7982285],[2.4204119,48.7983731],[2.4199286,48.7987829],[2.4193937,48.7992454],[2.418866,48.7996609],[2.4187639,48.7997012]]}},{"type":"Feature","properties":{"sinuosity":0.641,"highway":"secondary"},"geometry":{"type":"LineString","coordinates":[[2.5495168,48.638271],[2.5494668,48.6384561],[2.549496,48.6385913],[2.5496171,48.638905],[2.5496636,48.6391639],[2.5496565,48.6406047],[2.5497065,48.6414572],[2.5497147,48.6422028],[2.5497644,48.6424067],[2.5498544,48.6425174]]}},{"type":"Feature","properties":{"sinuosity":0.7,"highway":"secondary"},"geometry":{"type":"LineString","coordinates":[[2.5494747,48.6425342],[2.5495612,48.6423973],[2.5495964,48.6422148],[2.5495632,48.6410905],[2.5496009,48.6395206],[2.5495993,48.6394157],[2.549559,48.6389471],[2.5494371,48.6386474],[2.5493091,48.6384993],[2.5491761,48.6383433]]}},{"type":"Feature","properties":{"sinuosity":0.719,"highway":"trunk_link"},"geometry":{"type":"LineString","coordinates":[[2.5498253,48.6443853],[2.5498671,48.6447116],[2.549941,48.6448373],[2.5499971,48.6448823],[2.5500765,48.6449213],[2.5516252,48.6453368],[2.5520989,48.6454447],[2.5525028,48.6455218],[2.5535192,48.6456485],[2.5537404,48.6457192]]}},{"type":"Feature","properties":{"sinuosity":0.714,"highway":"trunk_link"},"geometry":{"type":"LineString","coordinates":[[2.5538102,48.6458618],[2.5536214,48.6458721],[2.5531177,48.6458521],[2.5526242,48.6458361],[2.550535,48.6457951],[2.5503678,48.6458069],[2.5502394,48.6458408],[2.5501163,48.6459001],[2.5500357,48.6460101],[2.5500031,48.6461405]]}},{"type":"Feature","properties":{"sinuosity":0.7,"highway":"trunk_link"},"geometry":{"type":"LineString","coordinates":[[2.5498416,48.646032],[2.5497719,48.6458704],[2.5496953,48.6457947],[2.5495907,48.6457467],[2.5494313,48.6457001],[2.5470216,48.6452387],[2.5465946,48.6451662],[2.5462084,48.6451113],[2.5458518,48.6450604],[2.5456853,48.6450014]]}},{"type":"Feature","properties":{"sinuosity":0.7,"highway":"trunk_link"},"geometry":{"type":"LineString","coordinates":[[2.8806137,48.9257807],[2.8807003,48.9258603],[2.8807776,48.9263878],[2.8808293,48.9265262],[2.8809197,48.9266652],[2.8814834,48.9272118],[2.8815722,48.9273228],[2.881622,48.9274055],[2.8816527,48.9275801],[2.8816162,48.9277138]]}},{"type":"Feature","properties":{"sinuosity":0.686,"highway":"tertiary"},"geometry":{"type":"LineString","coordinates":[[2.7741912,49.0505578],[2.7734217,49.0499723],[2.7729229,49.0498748],[2.7724526,49.0499418],[2.7713432,49.0501159],[2.7702763,49.0502698],[2.768877,49.050585],[2.7683184,49.0506424],[2.7677425,49.0504697],[2.7671828,49.0499532]]}},{"type":"Feature","properties":{"sinuosity":0.7,"highway":"tertiary"},"geometry":{"type":"LineString","coordinates":[[3.0637585,49.1574214],[3.062622,49.1569607],[3.0624797,49.156919],[3.0613982,49.1566232],[3.0602933,49.1564823],[3.0593283,49.1563902],[3.0589649,49.1563441],[3.0580844,49.155972],[3.0578417,49.1559083],[3.0576414,49.1558681]]}},{"type":"Feature","properties":{"sinuosity":0.768,"highway":"tertiary"},"geometry":{"type":"LineString","coordinates":[[2.8813988,48.861156],[2.880829,48.8606752],[2.8805721,48.8604406],[2.8805453,48.8603652],[2.8805761,48.8602686],[2.8807214,48.8600957],[2.8808601,48.8599086],[2.88088,48.85974],[2.8805422,48.859363],[2.8803574,48.8593211]]}},{"type":"Feature","properties":{"sinuosity":0.939,"highway":"tertiary"},"geometry":{"type":"LineString","coordinates":[[2.2734464,48.7800658],[2.2732759,48.7803892],[2.2733241,48.7809018],[2.2731956,48.7813056],[2.2727271,48.7815551],[2.2712846,48.781311],[2.2708816,48.7813475],[2.2705879,48.7815223],[2.2704944,48.7817315],[2.2703774,48.7823322]]}},{"type":"Feature","properties":{"sinuosity":1,"highway":"motorway_link"},"geometry":{"type":"LineString","coordinates":[[2.2948118,48.9377134],[2.2944796,48.9378133],[2.2943337,48.9379568],[2.2943075,48.9382272],[2.2944967,48.9384359],[2.2947143,48.938558],[2.2951352,48.9386514],[2.2956067,48.9386361],[2.2960022,48.9385465],[2.296761,48.9382036]]}},{"type":"Feature","properties":{"sinuosity":0.714,"highway":"tertiary"},"geometry":{"type":"LineString","coordinates":[[2.1217173,48.7268232],[2.1212839,48.7269312],[2.1210008,48.7270299],[2.1208325,48.7271051],[2.1206099,48.7272123],[2.1199368,48.7275368],[2.1197414,48.7275517],[2.1195983,48.7275429],[2.1194012,48.7274736],[2.1193457,48.7274401]]}},{"type":"Feature","properties":{"sinuosity":0.7,"highway":"tertiary"},"geometry":{"type":"LineString","coordinates":[[2.2056907,48.2950718],[2.2056363,48.2950459],[2.2055144,48.294988],[2.205066,48.2948176],[2.2049988,48.2948055],[2.2037284,48.2947003],[2.2025229,48.2947169],[2.2018646,48.2949414],[2.2018234,48.2949458],[2.2017648,48.294952]]}},{"type":"Feature","properties":{"sinuosity":0.7,"highway":"trunk_link"},"geometry":{"type":"LineString","coordinates":[[2.6244886,48.8034203],[2.6244243,48.8031741],[2.6243861,48.8029046],[2.6244592,48.8026562],[2.6248165,48.8021741],[2.6251888,48.8017517],[2.625266,48.8015086],[2.625266,48.8012768],[2.6251617,48.8010648],[2.6250248,48.8007362]]}},{"type":"Feature","properties":{"sinuosity":0.783,"highway":"tertiary"},"geometry":{"type":"LineString","coordinates":[[2.6369416,48.7477992],[2.6366973,48.7477255],[2.6365365,48.7477175],[2.636183,48.7477704],[2.6360431,48.7478207],[2.635891,48.7479038],[2.6357457,48.7480423],[2.6353245,48.7485716],[2.63517,48.748798],[2.6350704,48.7490034]]}},{"type":"Feature","properties":{"sinuosity":0.7,"highway":"trunk_link"},"geometry":{"type":"LineString","coordinates":[[2.6150047,48.7490639],[2.6148024,48.7492338],[2.6146393,48.7493753],[2.6143546,48.7497147],[2.6142761,48.7498788],[2.6142386,48.7500816],[2.6142366,48.7503206],[2.6142648,48.750624],[2.614285,48.7507298],[2.6142516,48.7508199]]}},{"type":"Feature","properties":{"sinuosity":0.704,"highway":"primary"},"geometry":{"type":"LineString","coordinates":[[2.7007744,48.794051],[2.7013562,48.7942278],[2.7026746,48.794636],[2.7033174,48.7948331],[2.7047725,48.7952833],[2.7050609,48.7953909],[2.7052103,48.7955548],[2.7052371,48.7959871],[2.7052863,48.796028],[2.7063216,48.7962058]]}},{"type":"Feature","properties":{"sinuosity":0.717,"highway":"trunk_link"},"geometry":{"type":"LineString","coordinates":[[2.739972,49.0976595],[2.7400443,49.097752],[2.7409216,49.0983945],[2.7411729,49.0987168],[2.7411917,49.0989104],[2.7410424,49.0992762],[2.7408969,49.0995983],[2.7409509,49.0999144],[2.7410847,49.100114],[2.7417094,49.1006652]]}},{"type":"Feature","properties":{"sinuosity":0.7,"highway":"secondary"},"geometry":{"type":"LineString","coordinates":[[2.6094261,48.1427528],[2.6093873,48.1427176],[2.6093492,48.1425456],[2.6088166,48.140655],[2.6087983,48.1405094],[2.6087788,48.1404404],[2.6088627,48.140283],[2.6089894,48.139812],[2.6089948,48.1397917]]}},{"type":"Feature","properties":{"sinuosity":0.765,"highway":"secondary"},"geometry":{"type":"LineString","coordinates":[[2.3209869,48.6641815],[2.3210288,48.6647099],[2.321334,48.6650228],[2.3220242,48.6656006],[2.3227812,48.6662527],[2.3235315,48.666399],[2.3243737,48.6662587],[2.3247023,48.6663759],[2.3252547,48.6669669],[2.3255933,48.6670906]]}},{"type":"Feature","properties":{"sinuosity":0.768,"highway":"motorway_link"},"geometry":{"type":"LineString","coordinates":[[2.2038658,48.9897734],[2.203594,48.9897501],[2.2033031,48.989797],[2.2026233,48.98998],[2.2023994,48.989958],[2.2021403,48.989809],[2.2019246,48.9895814],[2.2016597,48.9894363],[2.2014257,48.9894089],[2.200682,48.9894977]]}},{"type":"Feature","properties":{"sinuosity":0.7,"highway":"secondary"},"geometry":{"type":"LineString","coordinates":[[2.2904212,48.7955942],[2.2902823,48.7955624],[2.2901293,48.7955274],[2.2899603,48.7954567],[2.2898021,48.7953807],[2.2893515,48.7950867],[2.2892281,48.7950061],[2.2889472,48.7948945],[2.288052,48.7945412],[2.2879342,48.7944962]]}},{"type":"Feature","properties":{"sinuosity":0.754,"highway":"tertiary"},"geometry":{"type":"LineString","coordinates":[[2.3370568,48.7434234],[2.3369999,48.7431209],[2.3367905,48.7429711],[2.3364654,48.7428867],[2.3359054,48.7429281],[2.3357422,48.7429089],[2.3355931,48.7428605],[2.3354693,48.7427675],[2.3350517,48.7422882],[2.334474,48.7416054]]}},{"type":"Feature","properties":{"sinuosity":0.7,"highway":"tertiary"},"geometry":{"type":"LineString","coordinates":[[2.3256034,48.731599],[2.3252686,48.7310277],[2.3248187,48.7302782],[2.3247704,48.7301907],[2.3242527,48.7293119],[2.3239003,48.7289569],[2.322868,48.7279788],[2.322469,48.7276029],[2.321751,48.727158],[2.3217843,48.7269516]]}},{"type":"Feature","properties":{"sinuosity":0.705,"highway":"tertiary"},"geometry":{"type":"LineString","coordinates":[[2.3250474,48.7334129],[2.3249032,48.7332641],[2.3247624,48.7330334],[2.3248762,48.7328315],[2.3250077,48.732597],[2.3250295,48.7325449],[2.3251142,48.7321857],[2.3251916,48.7319808],[2.3252948,48.7317411],[2.3252559,48.7316752]]}},{"type":"Feature","properties":{"sinuosity":0.7,"highway":"tertiary"},"geometry":{"type":"LineString","coordinates":[[1.999061,49.0316987],[1.99926,49.031657],[2.0000209,49.0318125],[2.0001347,49.0318418],[2.0004584,49.0320011],[2.0005958,49.0321562],[2.0007063,49.0321858],[2.0007322,49.0321993],[2.0018985,49.0327981],[2.0019731,49.0328032]]}},{"type":"Feature","properties":{"sinuosity":0.7,"highway":"primary"},"geometry":{"type":"LineString","coordinates":[[2.2153542,48.8605618],[2.2153785,48.8605999],[2.2157341,48.8611567],[2.2158981,48.8614017],[2.2164831,48.8622558],[2.2166744,48.8624106],[2.2167204,48.8624313],[2.2167503,48.8624449],[2.2167811,48.8624598],[2.2169586,48.8625052]]}},{"type":"Feature","properties":{"sinuosity":0.7,"highway":"secondary"},"geometry":{"type":"LineString","coordinates":[[3.2892396,48.9592153],[3.2891216,48.9592219],[3.2890296,48.959258],[3.2883789,48.9598741],[3.2878198,48.9603285],[3.2872433,48.960778],[3.2866498,48.9612949],[3.2860083,48.9619802],[3.2858402,48.9621046],[3.2856527,48.9621936]]}},{"type":"Feature","properties":{"sinuosity":0.862,"highway":"motorway_link"},"geometry":{"type":"LineString","coordinates":[[2.2932624,48.940141],[2.2938318,48.939727],[2.294033,48.9395371],[2.2942241,48.9391206],[2.2941873,48.9387285],[2.2939995,48.9383233],[2.2936723,48.9377719],[2.2932807,48.9374547],[2.292932,48.9372979],[2.2919999,48.9370393]]}},{"type":"Feature","properties":{"sinuosity":0.7,"highway":"tertiary"},"geometry":{"type":"LineString","coordinates":[[1.5358488,48.7135848],[1.5367364,48.7133045],[1.5372571,48.7132428],[1.5382192,48.7128184],[1.5386713,48.7125549],[1.5389537,48.7121772],[1.5393917,48.7118109],[1.5406775,48.7109791],[1.5414433,48.7105653]]}},{"type":"Feature","properties":{"sinuosity":0.903,"highway":"trunk_link"},"geometry":{"type":"LineString","coordinates":[[2.7229512,48.9455103],[2.722824,48.9459422],[2.7226842,48.9464555],[2.7227175,48.9466779],[2.722837,48.946855],[2.7229196,48.9469328],[2.7231893,48.9470883],[2.7234657,48.947156],[2.7239843,48.9472092],[2.7247998,48.9473129]]}},{"type":"Feature","properties":{"sinuosity":1,"highway":"motorway_link"},"geometry":{"type":"LineString","coordinates":[[2.798291,48.8315429],[2.7978175,48.8313689],[2.797327,48.8313127],[2.7968853,48.8314055],[2.7946224,48.8323545],[2.7944747,48.8324946],[2.7943501,48.8328103],[2.7945303,48.8331056],[2.7950127,48.8333036],[2.7956539,48.8334388]]}},{"type":"Feature","properties":{"sinuosity":0.862,"highway":"motorway_link"},"geometry":{"type":"LineString","coordinates":[[2.7934772,48.8334878],[2.7927011,48.8335068],[2.7923641,48.8335801],[2.7918936,48.8338147],[2.791529,48.8342475],[2.7914561,48.8344196],[2.7912985,48.8352021],[2.7913434,48.8352916],[2.7914366,48.8353702],[2.7915345,48.8354373]]}},{"type":"Feature","properties":{"sinuosity":0.811,"highway":"motorway_link"},"geometry":{"type":"LineString","coordinates":[[2.791151,48.8355816],[2.7910846,48.8352228],[2.7910833,48.8350544],[2.7912704,48.8343363],[2.7912195,48.8339514],[2.7911025,48.8337467],[2.7907696,48.8334561],[2.7902119,48.8332286],[2.7898,48.8331582],[2.7891893,48.8330496]]}},{"type":"Feature","properties":{"sinuosity":1,"highway":"motorway_link"},"geometry":{"type":"LineString","coordinates":[[2.8201177,48.839387],[2.8205666,48.8388006],[2.8204332,48.8384691],[2.8198882,48.8381874],[2.819337,48.8382007],[2.8190222,48.8383259],[2.8187227,48.8386941],[2.8188203,48.8390614],[2.8190922,48.8392866],[2.8208541,48.8402259]]}},{"type":"Feature","properties":{"sinuosity":0.7,"highway":"secondary"},"geometry":{"type":"LineString","coordinates":[[2.332385,48.8182937],[2.3325898,48.818234],[2.3329698,48.8181099],[2.3332038,48.8179743],[2.3339661,48.8174485],[2.334933,48.8168821],[2.3349448,48.8168591],[2.3349541,48.8168198],[2.3349534,48.8167782],[2.3349407,48.8166965]]}},{"type":"Feature","properties":{"sinuosity":0.7,"highway":"motorway_link"},"geometry":{"type":"LineString","coordinates":[[2.3301576,48.9250299],[2.3304445,48.9253735],[2.3307767,48.9257158],[2.3313822,48.9264289],[2.3315627,48.9266915],[2.33186,48.9271815],[2.3319171,48.9272656],[2.3320477,48.9273714],[2.3321393,48.9274149],[2.3322774,48.9274475]]}},{"type":"Feature","properties":{"sinuosity":0.729,"highway":"motorway_link"},"geometry":{"type":"LineString","coordinates":[[2.3313615,48.9261217],[2.3318634,48.9267354],[2.3328249,48.9278234],[2.3331696,48.9282553],[2.3332141,48.9283701],[2.3332239,48.9284693],[2.3332043,48.9285643],[2.3330943,48.9287062],[2.3329474,48.9287953],[2.3328202,48.92884]]}},{"type":"Feature","properties":{"sinuosity":0.7,"highway":"secondary"},"geometry":{"type":"LineString","coordinates":[[2.8335362,48.4548749],[2.832821,48.4549548],[2.8311965,48.4550907],[2.8310616,48.4549983],[2.8305365,48.454949],[2.83024,48.4549614],[2.8289993,48.4552467],[2.8289488,48.4552589],[2.8281116,48.4554689],[2.8279433,48.4555019]]}},{"type":"Feature","properties":{"sinuosity":0.7,"highway":"secondary"},"geometry":{"type":"LineString","coordinates":[[2.798463,48.4014995],[2.7985887,48.4014589],[2.7987112,48.4013937],[2.7987929,48.4013325],[2.7988945,48.4012443],[2.7990439,48.4009721],[2.7990796,48.4007831],[2.7991131,48.3998304],[2.7991466,48.3994493],[2.7991541,48.3993421]]}},{"type":"Feature","properties":{"sinuosity":0.7,"highway":"tertiary"},"geometry":{"type":"LineString","coordinates":[[2.8007975,48.4585569],[2.8007729,48.4589235],[2.8007685,48.4590586],[2.800831,48.4591852],[2.8008916,48.4592507],[2.8010901,48.4593717],[2.8014925,48.4596481],[2.8016087,48.4598035],[2.801646,48.4599255],[2.8016913,48.4602296]]}},{"type":"Feature","properties":{"sinuosity":0.976,"highway":"tertiary"},"geometry":{"type":"LineString","coordinates":[[2.8016922,48.4607366],[2.8008664,48.4615792],[2.7995924,48.462217],[2.7994867,48.4625207],[2.7996247,48.4627792],[2.8006804,48.4636671],[2.8020022,48.4642476],[2.8022342,48.4643504],[2.8022953,48.4644589],[2.8023083,48.4645903]]}},{"type":"Feature","properties":{"sinuosity":0.7,"highway":"tertiary"},"geometry":{"type":"LineString","coordinates":[[2.432376,48.7767409],[2.4322349,48.7767375],[2.4316884,48.7766998],[2.4300724,48.7765975],[2.4286281,48.7765163],[2.4283644,48.7765212],[2.4282996,48.7765346],[2.4282596,48.776558],[2.4282319,48.7765918],[2.428219,48.7766295]]}},{"type":"Feature","properties":{"sinuosity":0.921,"highway":"tertiary"},"geometry":{"type":"LineString","coordinates":[[2.7177837,48.4042577],[2.7178113,48.4044633],[2.717824,48.4050782],[2.717985,48.4052038],[2.7192156,48.4052325],[2.7195264,48.4052292],[2.7199301,48.4052241],[2.7203539,48.4052175],[2.7205954,48.4052108],[2.7206916,48.4051808]]}},{"type":"Feature","properties":{"sinuosity":0.778,"highway":"tertiary"},"geometry":{"type":"LineString","coordinates":[[1.9479714,48.3213194],[1.9477403,48.3216247],[1.9472831,48.3221866],[1.9468712,48.3231112],[1.9458841,48.3254282],[1.9460558,48.3256222],[1.9483458,48.3266258],[1.9484676,48.3267864],[1.9479269,48.3281503],[1.9473861,48.3295084]]}},{"type":"Feature","properties":{"sinuosity":0.7,"highway":"secondary"},"geometry":{"type":"LineString","coordinates":[[1.8180375,48.6510158],[1.8181046,48.6510126],[1.8182331,48.6509625],[1.8184009,48.650922],[1.8186485,48.6508572],[1.8199333,48.6505486],[1.8199748,48.6505383],[1.8203241,48.6504513],[1.8207039,48.6503034],[1.8207224,48.6502738]]}},{"type":"Feature","properties":{"sinuosity":0.7,"highway":"tertiary"},"geometry":{"type":"LineString","coordinates":[[2.5936881,49.0173789],[2.59367,49.0173565],[2.5936464,49.0173265],[2.5932375,49.0168887],[2.5931788,49.0167106],[2.5931324,49.0165696],[2.5930769,49.0164285],[2.5928028,49.015919],[2.5924139,49.0157061],[2.5922252,49.0156446]]}},{"type":"Feature","properties":{"sinuosity":0.799,"highway":"motorway_link"},"geometry":{"type":"LineString","coordinates":[[2.2107767,48.9871843],[2.210786,48.9870745],[2.2107533,48.9869807],[2.2106926,48.9869348],[2.2106279,48.9869001],[2.2104386,48.9868803],[2.2103494,48.9868953],[2.2101868,48.9869422],[2.2085979,48.9873695],[2.2079849,48.987519]]}},{"type":"Feature","properties":{"sinuosity":0.766,"highway":"motorway_link"},"geometry":{"type":"LineString","coordinates":[[2.1950621,48.990494],[2.1958768,48.9902216],[2.1971544,48.9897793],[2.1978754,48.9892837],[2.1988722,48.9884171],[2.1990526,48.9883353],[2.1996617,48.9881808],[2.2002739,48.9881635],[2.2009395,48.9882868],[2.2016703,48.9886006]]}},{"type":"Feature","properties":{"sinuosity":0.7,"highway":"secondary"},"geometry":{"type":"LineString","coordinates":[[2.3190846,48.6387335],[2.3192922,48.6387052],[2.3195871,48.6387185],[2.3199291,48.6387357],[2.3202918,48.6387282],[2.3204695,48.6387109],[2.321234,48.6386117],[2.3215042,48.638574],[2.3216475,48.6385151],[2.3217252,48.6384686]]}},{"type":"Feature","properties":{"sinuosity":0.798,"highway":"trunk_link"},"geometry":{"type":"LineString","coordinates":[[2.3546484,48.627118],[2.3544533,48.6270244],[2.3542251,48.6270031],[2.3538699,48.6270568],[2.3535479,48.6269986],[2.3533215,48.6268339],[2.3532611,48.6265758],[2.3530789,48.6264317],[2.3528219,48.6264332],[2.3520562,48.6264496]]}},{"type":"Feature","properties":{"sinuosity":0.713,"highway":"secondary"},"geometry":{"type":"LineString","coordinates":[[2.1264276,48.3610559],[2.1262979,48.3613416],[2.1261407,48.361535],[2.1260565,48.3616174],[2.1258778,48.3618368],[2.1256546,48.362071],[2.1252851,48.3621842],[2.1244123,48.3623692],[2.1238535,48.3625021],[2.1232279,48.3626721]]}},{"type":"Feature","properties":{"sinuosity":0.735,"highway":"trunk_link"},"geometry":{"type":"LineString","coordinates":[[2.3690304,48.7518014],[2.3690958,48.7519246],[2.3691331,48.7520616],[2.3692644,48.752255],[2.3703511,48.7530492],[2.3709633,48.753395],[2.3713237,48.7534914],[2.3717445,48.7535474],[2.372284,48.753532],[2.3726786,48.7535201]]}},{"type":"Feature","properties":{"sinuosity":0.748,"highway":"secondary"},"geometry":{"type":"LineString","coordinates":[[2.0951453,48.8693358],[2.0945226,48.8697152],[2.094425,48.8697733],[2.094136,48.8700091],[2.0940796,48.8701131],[2.0941633,48.8708118],[2.0941763,48.8708455],[2.0943754,48.8713505],[2.0943965,48.8714228],[2.0944129,48.871544]]}},{"type":"Feature","properties":{"sinuosity":1,"highway":"trunk_link"},"geometry":{"type":"LineString","coordinates":[[2.278472,48.8769381],[2.2776721,48.8764683],[2.2776058,48.8763162],[2.277634,48.8760704],[2.2777671,48.8758929],[2.2780628,48.8757365],[2.2782978,48.8756982],[2.2786871,48.8757219],[2.2789207,48.8758106],[2.2797976,48.8768525]]}},{"type":"Feature","properties":{"sinuosity":0.7,"highway":"tertiary"},"geometry":{"type":"LineString","coordinates":[[2.1490438,48.9075272],[2.1486321,48.9069393],[2.1485553,48.9068557],[2.1483388,48.906692],[2.1475322,48.9062528],[2.147103,48.9060205],[2.1469995,48.9059626],[2.1467959,48.905847],[2.1467436,48.9057906],[2.1467433,48.9056822]]}},{"type":"Feature","properties":{"sinuosity":0.7,"highway":"tertiary"},"geometry":{"type":"LineString","coordinates":[[2.0493789,48.8104504],[2.049364,48.8103724],[2.0493312,48.8103097],[2.0490312,48.8096512],[2.0489301,48.8093936],[2.0487345,48.8088746],[2.0487414,48.8088369],[2.0486289,48.8085969],[2.048537,48.8083662],[2.0482645,48.8079142]]}},{"type":"Feature","properties":{"sinuosity":0.7,"highway":"tertiary"},"geometry":{"type":"LineString","coordinates":[[2.4963948,48.8077163],[2.49625,48.8077285],[2.4958111,48.807732],[2.4949115,48.8077341],[2.4940044,48.8077463],[2.4937921,48.8077753],[2.4936757,48.8077476],[2.4923784,48.8077626],[2.4920911,48.8077666],[2.4919404,48.8077693]]}},{"type":"Feature","properties":{"sinuosity":0.717,"highway":"secondary"},"geometry":{"type":"LineString","coordinates":[[2.9019847,49.0445906],[2.9013754,49.0450967],[2.9008238,49.045386],[2.8993273,49.04571],[2.8987926,49.045919],[2.8963863,49.0475961],[2.8959403,49.0483438],[2.8959261,49.0489571],[2.8962717,49.0497323],[2.8968162,49.050264]]}},{"type":"Feature","properties":{"sinuosity":0.7,"highway":"tertiary"},"geometry":{"type":"LineString","coordinates":[[2.0469154,48.8166458],[2.0469618,48.8166758],[2.0470052,48.8166975],[2.0476534,48.8165788],[2.0479847,48.8165044],[2.0483645,48.8164191],[2.0496541,48.816155],[2.0509343,48.8159039],[2.0513524,48.8157831],[2.0514398,48.8157572]]}},{"type":"Feature","properties":{"sinuosity":0.829,"highway":"tertiary"},"geometry":{"type":"LineString","coordinates":[[2.63467,48.6528118],[2.6348062,48.6528035],[2.6355626,48.6524326],[2.6356534,48.6524253],[2.6357432,48.6524596],[2.6365154,48.653028],[2.6368502,48.6532103],[2.6371911,48.6534044],[2.6376662,48.6537069],[2.637744,48.6537609]]}},{"type":"Feature","properties":{"sinuosity":0.902,"highway":"tertiary"},"geometry":{"type":"LineString","coordinates":[[2.6329641,48.7303237],[2.6330835,48.7308913],[2.6331648,48.7312566],[2.6332061,48.7314318],[2.6331702,48.7315942],[2.6329507,48.7317126],[2.6323219,48.731834],[2.631837,48.7319077],[2.6312691,48.7319862],[2.6297128,48.7321958]]}},{"type":"Feature","properties":{"sinuosity":0.7,"highway":"tertiary"},"geometry":{"type":"LineString","coordinates":[[2.6270522,48.7311898],[2.6286492,48.7310125],[2.6294103,48.7309594],[2.6298017,48.7309186],[2.6299306,48.7309054],[2.6300901,48.7308889],[2.6303394,48.7308374],[2.632701,48.7303398],[2.6328067,48.7303236],[2.6329641,48.7303237]]}},{"type":"Feature","properties":{"sinuosity":0.883,"highway":"tertiary"},"geometry":{"type":"LineString","coordinates":[[2.6270522,48.7311898],[2.6269661,48.7307359],[2.6269199,48.730442],[2.6264255,48.7273838],[2.6266412,48.7263351],[2.6266151,48.7261503],[2.6264138,48.7261068],[2.6251658,48.7260944],[2.6234859,48.7259828],[2.622693,48.725843]]}},{"type":"Feature","properties":{"sinuosity":0.771,"highway":"tertiary"},"geometry":{"type":"LineString","coordinates":[[2.7458402,48.5566134],[2.7453487,48.5570171],[2.7451131,48.5571582],[2.7426067,48.5574707],[2.7411999,48.5577193],[2.741078,48.5577669],[2.7409529,48.5579773],[2.7409497,48.5580855],[2.7409595,48.5581872],[2.7409704,48.55856]]}},{"type":"Feature","properties":{"sinuosity":0.7,"highway":"tertiary"},"geometry":{"type":"LineString","coordinates":[[2.4594074,48.7445336],[2.459332,48.7443044],[2.459196,48.7436388],[2.4590194,48.7431731],[2.4589086,48.7429908],[2.4585647,48.7426709],[2.458203,48.7421296],[2.4577988,48.7416172],[2.457351,48.7408204],[2.4570789,48.7401694]]}},{"type":"Feature","properties":{"sinuosity":0.716,"highway":"tertiary"},"geometry":{"type":"LineString","coordinates":[[2.6630184,48.6313247],[2.6627455,48.6319808],[2.6625491,48.6324468],[2.6625192,48.6325124],[2.662366,48.6328239],[2.6623627,48.6331209],[2.6624489,48.6332364],[2.6627259,48.633567],[2.6628818,48.6337532],[2.6634275,48.6343732]]}},{"type":"Feature","properties":{"sinuosity":0.723,"highway":"tertiary"},"geometry":{"type":"LineString","coordinates":[[2.6254039,48.6639774],[2.6253985,48.6637117],[2.625456,48.6634145],[2.6256734,48.662926],[2.6260714,48.662011],[2.6263381,48.6615411],[2.6265816,48.6611427],[2.6267058,48.6610653],[2.6269496,48.6609884],[2.6273499,48.6610021]]}},{"type":"Feature","properties":{"sinuosity":1,"highway":"primary"},"geometry":{"type":"LineString","coordinates":[[2.5998527,48.7053872],[2.596545,48.7068641],[2.5962438,48.7070419],[2.5960472,48.707311],[2.5961869,48.7076074],[2.5964301,48.7077102],[2.5969052,48.7076773],[2.5971531,48.7074181],[2.5971519,48.7071751],[2.5969771,48.7069167]]}},{"type":"Feature","properties":{"sinuosity":0.7,"highway":"tertiary"},"geometry":{"type":"LineString","coordinates":[[2.5931037,48.7163512],[2.5935706,48.7163361],[2.5947594,48.7163139],[2.5950593,48.7163332],[2.5953805,48.7163617],[2.5956058,48.7163981],[2.5964647,48.7165637],[2.5971388,48.7167123],[2.5971998,48.7167612],[2.5972284,48.7167966]]}},{"type":"Feature","properties":{"sinuosity":0.703,"highway":"tertiary"},"geometry":{"type":"LineString","coordinates":[[2.585731,48.7160896],[2.5855618,48.7160174],[2.5853345,48.7159204],[2.5851029,48.7158215],[2.5850171,48.7157365],[2.5849398,48.715527],[2.5849055,48.7153684],[2.5848416,48.7150389],[2.5846647,48.7146295],[2.5845993,48.7145225]]}},{"type":"Feature","properties":{"sinuosity":0.7,"highway":"primary"},"geometry":{"type":"LineString","coordinates":[[2.6122058,48.7040644],[2.6135989,48.7040444],[2.6140408,48.7041301],[2.6140977,48.7041481],[2.6142554,48.7041981],[2.6147875,48.7043],[2.6152339,48.7042887],[2.6155188,48.7042399],[2.6164197,48.7039853],[2.6171553,48.7039954]]}},{"type":"Feature","properties":{"sinuosity":0.7,"highway":"primary"},"geometry":{"type":"LineString","coordinates":[[2.218939,48.8753873],[2.2190713,48.8753621],[2.2193969,48.8752813],[2.2195551,48.8752109],[2.2205306,48.8744659],[2.2206678,48.8743677],[2.2208236,48.8742957],[2.220965,48.8742498],[2.2210296,48.87423],[2.2211442,48.8741927]]}},{"type":"Feature","properties":{"sinuosity":0.753,"highway":"motorway_link"},"geometry":{"type":"LineString","coordinates":[[2.1655871,48.88602],[2.165782,48.886348],[2.1660573,48.886495],[2.1661811,48.8865236],[2.1664898,48.8865424],[2.1670819,48.886509],[2.1673952,48.8865171],[2.1675124,48.8865416],[2.1677121,48.8866246],[2.1679621,48.8868002]]}},{"type":"Feature","properties":{"sinuosity":0.7,"highway":"tertiary"},"geometry":{"type":"LineString","coordinates":[[2.0818062,48.8996273],[2.0818035,48.8996992],[2.0817605,48.8997759],[2.0802816,48.900361],[2.0801182,48.9004263],[2.079921,48.9005154],[2.0785002,48.9010857],[2.0775105,48.9014872],[2.0772986,48.9015731],[2.0769543,48.9017128]]}},{"type":"Feature","properties":{"sinuosity":0.7,"highway":"tertiary"},"geometry":{"type":"LineString","coordinates":[[2.5284507,48.677602],[2.5290834,48.6772368],[2.5294834,48.6769979],[2.5305517,48.6764206],[2.5320671,48.6755998],[2.5323008,48.6754595],[2.5325519,48.6753543],[2.5331904,48.6749484],[2.5334384,48.6748019],[2.5342461,48.6743238]]}},{"type":"Feature","properties":{"sinuosity":0.705,"highway":"secondary"},"geometry":{"type":"LineString","coordinates":[[2.5382363,48.6806678],[2.5383937,48.6809698],[2.5385273,48.6811657],[2.5386138,48.6813418],[2.5386939,48.6816929],[2.5386881,48.6822676],[2.5386161,48.6824265],[2.5384694,48.6826194],[2.5382184,48.682835],[2.5381179,48.6830006]]}},{"type":"Feature","properties":{"sinuosity":0.734,"highway":"tertiary"},"geometry":{"type":"LineString","coordinates":[[2.897927,48.8291085],[2.8979458,48.829195],[2.8979438,48.8293069],[2.8979569,48.8293992],[2.8980038,48.8294687],[2.898102,48.8295334],[2.8982319,48.8295729],[2.8997549,48.8298404],[2.9005951,48.8299935],[2.9006615,48.8300063]]}},{"type":"Feature","properties":{"sinuosity":0.7,"highway":"tertiary"},"geometry":{"type":"LineString","coordinates":[[2.8933002,48.8285161],[2.8938064,48.8286876],[2.8941068,48.828778],[2.8948269,48.8289237],[2.8951683,48.8289541],[2.8955108,48.8289598],[2.8964989,48.8289205],[2.8975569,48.8289226],[2.8977971,48.8290002],[2.897927,48.8291085]]}},{"type":"Feature","properties":{"sinuosity":0.757,"highway":"tertiary"},"geometry":{"type":"LineString","coordinates":[[2.8950423,48.4099843],[2.894467,48.4089454],[2.8947285,48.4083588],[2.8973705,48.4051342],[2.8976172,48.4043846],[2.8975609,48.4041246],[2.8970835,48.4037275],[2.8959033,48.4030847],[2.8956538,48.4027446],[2.8958631,48.4011579]]}},{"type":"Feature","properties":{"sinuosity":1,"highway":"tertiary"},"geometry":{"type":"LineString","coordinates":[[2.9002368,48.3802105],[2.9029374,48.3810306],[2.9029334,48.3812355],[2.9015754,48.3809101],[2.899362,48.380579],[2.8977862,48.3806414],[2.8985561,48.3810935],[2.9003195,48.3819115],[2.900491,48.3822076],[2.8999051,48.3831656]]}},{"type":"Feature","properties":{"sinuosity":0.732,"highway":"tertiary"},"geometry":{"type":"LineString","coordinates":[[2.6902092,48.8604911],[2.6902255,48.8606218],[2.6903942,48.8611107],[2.6906164,48.8613478],[2.6908986,48.8615452],[2.691066,48.8621179],[2.6912856,48.8622879],[2.6916494,48.8623546],[2.6921943,48.8625027],[2.6923609,48.8626329]]}},{"type":"Feature","properties":{"sinuosity":0.72,"highway":"tertiary"},"geometry":{"type":"LineString","coordinates":[[2.8351448,48.4019434],[2.835736,48.4024739],[2.8359385,48.4028772],[2.8359492,48.4037195],[2.8361785,48.4039964],[2.8369939,48.4043605],[2.8371616,48.4045012],[2.8370851,48.4048288],[2.837057,48.4058322],[2.8368833,48.4069602]]}},{"type":"Feature","properties":{"sinuosity":0.834,"highway":"motorway_link"},"geometry":{"type":"LineString","coordinates":[[2.1644738,48.8879481],[2.1647486,48.8878437],[2.1656184,48.8874205],[2.1657065,48.8873476],[2.1657737,48.8872133],[2.1657681,48.8871381],[2.1654357,48.8866767],[2.1653327,48.8864453],[2.1651994,48.8860887],[2.1652354,48.8859735]]}},{"type":"Feature","properties":{"sinuosity":0.7,"highway":"secondary"},"geometry":{"type":"LineString","coordinates":[[2.7488686,48.5208323],[2.7487935,48.5210259],[2.7488572,48.5213364],[2.7489363,48.5215256],[2.7491301,48.5218276],[2.7494607,48.5221887],[2.7499308,48.5225209],[2.7501071,48.5227065],[2.7504893,48.5239536],[2.7508655,48.5249479]]}},{"type":"Feature","properties":{"sinuosity":0.7,"highway":"secondary"},"geometry":{"type":"LineString","coordinates":[[2.7508655,48.5249479],[2.7509762,48.5250301],[2.7515703,48.5252721],[2.7516869,48.525369],[2.7517625,48.5254689],[2.7519505,48.5259312],[2.7520157,48.5260981],[2.7521422,48.5262993],[2.7523495,48.526528],[2.7524346,48.5265938]]}},{"type":"Feature","properties":{"sinuosity":0.644,"highway":"tertiary"},"geometry":{"type":"LineString","coordinates":[[2.760777,48.5280472],[2.7608199,48.5280521],[2.7609439,48.5281343],[2.7610137,48.5282373],[2.7614173,48.5292049],[2.7617204,48.52999],[2.7621898,48.5311064],[2.7623065,48.531324],[2.7635389,48.5334663],[2.7635503,48.533487]]}},{"type":"Feature","properties":{"sinuosity":0.768,"highway":"tertiary"},"geometry":{"type":"LineString","coordinates":[[2.7697642,48.5401137],[2.7702852,48.5403809],[2.7704769,48.5406364],[2.7704082,48.5408297],[2.7695585,48.5418923],[2.7695756,48.5421026],[2.7700586,48.5426636],[2.7702657,48.5429253],[2.7703395,48.5431311],[2.7703573,48.5434404]]}},{"type":"Feature","properties":{"sinuosity":0.7,"highway":"primary"},"geometry":{"type":"LineString","coordinates":[[2.3952365,48.8921859],[2.3954344,48.8920083],[2.3959231,48.8902626],[2.3962981,48.8888744],[2.396042,48.888045]]}},{"type":"Feature","properties":{"sinuosity":0.7,"highway":"secondary"},"geometry":{"type":"LineString","coordinates":[[2.2843953,48.7884445],[2.2844188,48.7885305],[2.2845896,48.7892498],[2.2846126,48.7894809],[2.2846099,48.7895524],[2.2845618,48.7902231],[2.2843082,48.7908114],[2.284314,48.7909677],[2.2843202,48.7910857],[2.2843227,48.7911221]]}},{"type":"Feature","properties":{"sinuosity":0.7,"highway":"tertiary"},"geometry":{"type":"LineString","coordinates":[[2.6694578,48.9126038],[2.6692668,48.9125466],[2.668515,48.9121996],[2.6683358,48.9121082],[2.6681298,48.9120174],[2.6678466,48.9117465],[2.6674728,48.9112618],[2.6674405,48.9112394],[2.6673674,48.9112089],[2.6672719,48.9111797]]}},{"type":"Feature","properties":{"sinuosity":0.7,"highway":"tertiary"},"geometry":{"type":"LineString","coordinates":[[2.0290547,48.6795844],[2.029163,48.6793737],[2.0294566,48.6787596],[2.0294806,48.6785791],[2.0293878,48.6784048],[2.0290718,48.6779181],[2.028947,48.6777543],[2.0288813,48.6776004],[2.0289052,48.6773244]]}},{"type":"Feature","properties":{"sinuosity":0.7,"highway":"secondary"},"geometry":{"type":"LineString","coordinates":[[2.1657326,48.6947227],[2.1665346,48.6949326],[2.1665806,48.6949446],[2.1670318,48.695052],[2.1671317,48.6950748],[2.167223,48.6950977],[2.1675476,48.6951482],[2.1689389,48.6951148],[2.1690521,48.6951291],[2.1691959,48.6951822]]}},{"type":"Feature","properties":{"sinuosity":0.7,"highway":"trunk_link"},"geometry":{"type":"LineString","coordinates":[[2.8469236,48.7174097],[2.8470613,48.7174501],[2.8472432,48.717468],[2.847397,48.7174415],[2.8481796,48.7170983],[2.8487769,48.7167706],[2.8497573,48.7161496],[2.8501392,48.7158991],[2.8502696,48.7158761]]}},{"type":"Feature","properties":{"sinuosity":0.7,"highway":"tertiary"},"geometry":{"type":"LineString","coordinates":[[2.8135596,48.8638596],[2.8136163,48.863871],[2.8141253,48.8640774],[2.814384,48.864211],[2.8144589,48.8642633],[2.8148162,48.8645707],[2.8148754,48.8646368],[2.8152303,48.8650323],[2.8154606,48.8651971],[2.8155114,48.8652079]]}},{"type":"Feature","properties":{"sinuosity":0.7,"highway":"primary"},"geometry":{"type":"LineString","coordinates":[[2.9595722,48.3896848],[2.9596767,48.3897501],[2.9597363,48.3897802],[2.960742,48.3897939],[2.9613674,48.3898739],[2.9614087,48.3898929],[2.9622829,48.3902831],[2.96378,48.3909574],[2.9638359,48.3909828],[2.965063,48.391616]]}},{"type":"Feature","properties":{"sinuosity":0.654,"highway":"tertiary"},"geometry":{"type":"LineString","coordinates":[[3.0429081,48.4868117],[3.0429167,48.4868792],[3.0432724,48.4874108],[3.0435485,48.4877593],[3.0438602,48.4879486],[3.0469341,48.4898067],[3.0472049,48.4899255],[3.0477919,48.4901175],[3.0488027,48.4904644],[3.0488799,48.4904734]]}},{"type":"Feature","properties":{"sinuosity":1,"highway":"trunk_link"},"geometry":{"type":"LineString","coordinates":[[2.8006915,48.8540343],[2.8008345,48.8538262],[2.8008652,48.853497],[2.8008031,48.8533547],[2.8004982,48.8531452],[2.8000249,48.8530509],[2.7995781,48.8531538],[2.7994661,48.8532183],[2.7992543,48.8533795],[2.7988887,48.8537174]]}},{"type":"Feature","properties":{"sinuosity":0.7,"highway":"tertiary"},"geometry":{"type":"LineString","coordinates":[[2.7878969,48.8443315],[2.7877501,48.8444474],[2.7874031,48.8447811],[2.7873196,48.8448666],[2.7870783,48.8450909],[2.7869571,48.8453227],[2.78695,48.8454121],[2.7869132,48.8456433],[2.7868083,48.8460333],[2.7865669,48.8462296]]}},{"type":"Feature","properties":{"sinuosity":0.924,"highway":"tertiary"},"geometry":{"type":"LineString","coordinates":[[2.8614977,48.9001931],[2.86132,48.9002555],[2.8608894,48.9003357],[2.8606099,48.9009013],[2.8605254,48.9011099],[2.8602273,48.9012365],[2.859895,48.901228],[2.8588565,48.9009289],[2.857569,48.9004606],[2.8574168,48.9004075]]}},{"type":"Feature","properties":{"sinuosity":0.766,"highway":"tertiary"},"geometry":{"type":"LineString","coordinates":[[1.9577497,48.7336757],[1.9580186,48.7325514],[1.9581971,48.7293661],[1.9576502,48.7281574],[1.9568505,48.7279747],[1.9567604,48.7275324],[1.9570078,48.7270174],[1.9562585,48.7267906],[1.9562868,48.7263575],[1.9557582,48.725802]]}},{"type":"Feature","properties":{"sinuosity":0.77,"highway":"tertiary"},"geometry":{"type":"LineString","coordinates":[[1.9557582,48.725802],[1.9555418,48.725753],[1.955457,48.7257146],[1.9554183,48.725697],[1.9553553,48.7256448],[1.9553033,48.7254659],[1.9553319,48.7253716],[1.9555606,48.7249986],[1.9560929,48.7241395],[1.9561535,48.7240177]]}},{"type":"Feature","properties":{"sinuosity":1,"highway":"tertiary"},"geometry":{"type":"LineString","coordinates":[[2.6686149,48.5315061],[2.6698306,48.530502],[2.6701258,48.5305198],[2.6702061,48.5307387],[2.6699191,48.5310318],[2.6699815,48.5311929],[2.6705423,48.5312984],[2.6712106,48.5315372],[2.6716577,48.531394],[2.67232,48.5312267]]}},{"type":"Feature","properties":{"sinuosity":0.773,"highway":"tertiary"},"geometry":{"type":"LineString","coordinates":[[2.6013549,48.9062888],[2.6017394,48.9062696],[2.6021503,48.9062463],[2.6026788,48.9062208],[2.6027493,48.9062399],[2.6028247,48.9063006],[2.6028464,48.906358],[2.603071,48.9080238],[2.6031662,48.9087322],[2.6031402,48.9088521]]}},{"type":"Feature","properties":{"sinuosity":0.719,"highway":"trunk_link"},"geometry":{"type":"LineString","coordinates":[[2.4570942,48.7660219],[2.4570049,48.7660889],[2.4565789,48.7662383],[2.4557407,48.766584],[2.4554193,48.7668222],[2.455261,48.7670793],[2.455123,48.7674319],[2.4550848,48.7675578],[2.4550916,48.7676097],[2.4551329,48.767657]]}},{"type":"Feature","properties":{"sinuosity":0.7,"highway":"tertiary"},"geometry":{"type":"LineString","coordinates":[[2.5495532,48.9113872],[2.5498735,48.9115833],[2.5501599,48.9117632],[2.5504495,48.9119509],[2.5509404,48.9122656],[2.5511397,48.9123962],[2.5512363,48.912458],[2.5514025,48.9125438],[2.5515435,48.9125839],[2.5516502,48.912571]]}},{"type":"Feature","properties":{"sinuosity":0.7,"highway":"tertiary"},"geometry":{"type":"LineString","coordinates":[[2.5491824,48.9141353],[2.5492302,48.9141634],[2.5493145,48.9141943],[2.5498339,48.9142401],[2.5500469,48.9142554],[2.5506886,48.9143374],[2.5510814,48.9144359],[2.5527386,48.9148414],[2.5527913,48.9148601],[2.5528888,48.9149321]]}},{"type":"Feature","properties":{"sinuosity":0.7,"highway":"tertiary"},"geometry":{"type":"LineString","coordinates":[[2.1714914,49.12638],[2.1713402,49.1262625],[2.1711569,49.1260771],[2.1708693,49.1256967],[2.1708299,49.1256446],[2.1703446,49.1250416],[2.1702326,49.1248278],[2.1702459,49.1246865],[2.1701897,49.1245888],[2.1700261,49.1245013]]}},{"type":"Feature","properties":{"sinuosity":0.7,"highway":"tertiary"},"geometry":{"type":"LineString","coordinates":[[2.291125,48.6267691],[2.2910228,48.6267327],[2.2909233,48.6267078],[2.2908278,48.6267114],[2.2907417,48.6267398],[2.2897801,48.6272803],[2.289729,48.6273078],[2.2888333,48.6278323],[2.2880619,48.6282496],[2.2880269,48.6282685]]}},{"type":"Feature","properties":{"sinuosity":0.7,"highway":"tertiary"},"geometry":{"type":"LineString","coordinates":[[2.554209,48.9326325],[2.5543749,48.9326578],[2.5553594,48.9327735],[2.5565687,48.9327639],[2.557575,48.9328086],[2.5577779,48.9328538],[2.5596092,48.93363],[2.5596431,48.9336452],[2.5596589,48.9336826],[2.5596356,48.9337379]]}},{"type":"Feature","properties":{"sinuosity":0.7,"highway":"tertiary"},"geometry":{"type":"LineString","coordinates":[[2.3001389,48.6260528],[2.3003141,48.6261162],[2.3003781,48.626207],[2.3003043,48.6268283],[2.300182,48.6272095],[2.3001008,48.6273797],[2.2996881,48.6281782],[2.2994927,48.6286684],[2.2993407,48.6291303],[2.2993224,48.6291808]]}},{"type":"Feature","properties":{"sinuosity":0.7,"highway":"tertiary"},"geometry":{"type":"LineString","coordinates":[[2.3072662,48.6306066],[2.3069935,48.6306254],[2.3063223,48.6307226],[2.3049406,48.6311985],[2.3041422,48.6314544],[2.3032156,48.6317413],[2.3030702,48.6319216],[2.3028776,48.6321104],[2.3026443,48.6322793],[2.3023054,48.632396]]}},{"type":"Feature","properties":{"sinuosity":0.622,"highway":"tertiary"},"geometry":{"type":"LineString","coordinates":[[2.5701487,48.9243482],[2.5711039,48.9243626],[2.5739584,48.9243432],[2.5743071,48.9244657],[2.5745718,48.9248678],[2.5749474,48.9252661],[2.5768249,48.9256643],[2.5794535,48.9260732],[2.581905,48.9261366],[2.5839671,48.9254707]]}},{"type":"Feature","properties":{"sinuosity":0.751,"highway":"tertiary"},"geometry":{"type":"LineString","coordinates":[[2.495942,48.7562517],[2.4957563,48.7563288],[2.4955074,48.7565032],[2.4952871,48.7566915],[2.4946099,48.7574462],[2.4940681,48.7580481],[2.4935135,48.7586956],[2.4934449,48.7589615],[2.4936376,48.7594069],[2.4940457,48.7596461]]}},{"type":"Feature","properties":{"sinuosity":0.7,"highway":"tertiary"},"geometry":{"type":"LineString","coordinates":[[2.4974358,48.754374],[2.497426,48.7541929],[2.4973586,48.7541405],[2.4971489,48.754058],[2.4962518,48.7537515],[2.4961652,48.7537385],[2.4955038,48.7535158],[2.4954264,48.7534897],[2.4949971,48.7533451],[2.4946303,48.7532215]]}},{"type":"Feature","properties":{"sinuosity":0.887,"highway":"tertiary"},"geometry":{"type":"LineString","coordinates":[[3.0651518,48.5506818],[3.0653901,48.5505115],[3.0658717,48.5500759],[3.066087,48.550023],[3.0665528,48.5499736],[3.0669375,48.5492251],[3.066868,48.5491356],[3.06653,48.5490906],[3.0663946,48.5490082],[3.0664311,48.5482159]]}},{"type":"Feature","properties":{"sinuosity":0.877,"highway":"tertiary"},"geometry":{"type":"LineString","coordinates":[[2.4085879,48.8809382],[2.408775,48.8809938],[2.4090065,48.8810151],[2.409203,48.8809805],[2.4095118,48.8809137],[2.4097034,48.8809259],[2.4099289,48.8809852],[2.4101088,48.8811327],[2.4102119,48.881372],[2.4104237,48.8821702]]}},{"type":"Feature","properties":{"sinuosity":1,"highway":"motorway_link"},"geometry":{"type":"LineString","coordinates":[[2.4368679,48.7824992],[2.436177,48.7825927],[2.4359321,48.7825563],[2.4356381,48.7824107],[2.4355277,48.7822975],[2.435489,48.7820056],[2.4355625,48.7818702],[2.4358946,48.7816656],[2.4360652,48.781628],[2.4365318,48.781653]]}},{"type":"Feature","properties":{"sinuosity":0.7,"highway":"tertiary"},"geometry":{"type":"LineString","coordinates":[[2.468325,48.9034198],[2.4684536,48.903234],[2.4670962,48.9019838],[2.4664944,48.9014433],[2.4663147,48.9013461],[2.4663011,48.9012655],[2.4654759,48.9005446],[2.4649597,48.9000773],[2.4643604,48.8995166],[2.4625066,48.8978782]]}},{"type":"Feature","properties":{"sinuosity":0.7,"highway":"primary"},"geometry":{"type":"LineString","coordinates":[[2.4695049,48.9058255],[2.4693613,48.9058033],[2.4691552,48.905773],[2.4688413,48.9057736],[2.46834,48.9057721],[2.4677119,48.9057978],[2.4673871,48.905798],[2.4670452,48.9058042],[2.4667637,48.9058042],[2.466635,48.9057794]]}},{"type":"Feature","properties":{"sinuosity":0.7,"highway":"secondary"},"geometry":{"type":"LineString","coordinates":[[2.2969665,48.6339753],[2.2967462,48.6339987],[2.2965619,48.6340543],[2.2963387,48.634111],[2.2961564,48.6341368],[2.2956302,48.6341355],[2.295195,48.6341271],[2.2944858,48.6341135],[2.2942572,48.6341091],[2.2940748,48.6341056]]}},{"type":"Feature","properties":{"sinuosity":0.7,"highway":"trunk_link"},"geometry":{"type":"LineString","coordinates":[[2.3148143,48.6242993],[2.3148765,48.6243532],[2.3150149,48.6244552],[2.3151984,48.6245388],[2.3157062,48.6246707],[2.3159998,48.6247516],[2.3165188,48.6248522],[2.3168395,48.6248953],[2.3174438,48.624944],[2.3176044,48.6250008]]}},{"type":"Feature","properties":{"sinuosity":0.7,"highway":"trunk_link"},"geometry":{"type":"LineString","coordinates":[[2.3138409,48.6258144],[2.3137393,48.6257526],[2.3136689,48.6257134],[2.3134063,48.6256242],[2.3126048,48.625434],[2.3121947,48.6253615],[2.3119785,48.6253417],[2.3117354,48.6253305],[2.3113642,48.6253192],[2.3112105,48.6252692]]}},{"type":"Feature","properties":{"sinuosity":0.7,"highway":"primary"},"geometry":{"type":"LineString","coordinates":[[2.4278208,48.9197726],[2.4280829,48.9192313],[2.4283585,48.9186223],[2.428995,48.9172571],[2.4290473,48.9171311],[2.4290594,48.9170055],[2.4290822,48.9169399],[2.4291063,48.9169108],[2.429181,48.91686],[2.4292742,48.9167877]]}},{"type":"Feature","properties":{"sinuosity":0.897,"highway":"primary"},"geometry":{"type":"LineString","coordinates":[[2.4294527,48.9164962],[2.4294593,48.9162388],[2.4296441,48.9158691],[2.4298779,48.9155403],[2.4302328,48.915163],[2.4302853,48.9150601],[2.4302581,48.9150045],[2.4301803,48.9149518],[2.4300012,48.9149547],[2.4297883,48.9149847]]}},{"type":"Feature","properties":{"sinuosity":1,"highway":"motorway_link"},"geometry":{"type":"LineString","coordinates":[[2.2758073,48.9581331],[2.2764698,48.9584971],[2.2771294,48.958447],[2.2774807,48.9579925],[2.2770794,48.9575853],[2.2765607,48.9575341],[2.2757631,48.9578819],[2.2747555,48.9585914],[2.2737783,48.9591187],[2.2726085,48.9595989]]}},{"type":"Feature","properties":{"sinuosity":0.7,"highway":"secondary"},"geometry":{"type":"LineString","coordinates":[[2.4970072,48.9424411],[2.496982,48.9425356],[2.4968885,48.942686],[2.4968147,48.9430594],[2.4967933,48.9432964],[2.4967597,48.9433915],[2.496652,48.9435865],[2.4964734,48.943787],[2.4963604,48.9438669],[2.4960754,48.944114]]}},{"type":"Feature","properties":{"sinuosity":0.849,"highway":"tertiary"},"geometry":{"type":"LineString","coordinates":[[2.4367124,48.9248593],[2.4363511,48.9250583],[2.4360033,48.9252606],[2.4355458,48.9255208],[2.4351987,48.9257144],[2.4349288,48.9258599],[2.434739,48.9258476],[2.4338191,48.9255303],[2.4336111,48.9253871],[2.43345,48.9253255]]}},{"type":"Feature","properties":{"sinuosity":0.873,"highway":"tertiary"},"geometry":{"type":"LineString","coordinates":[[2.1597603,48.8904505],[2.1598333,48.8906547],[2.1601349,48.8910941],[2.1601222,48.8912298],[2.1600221,48.8912981],[2.159615,48.8914641],[2.159452,48.8915275],[2.1587089,48.8917778],[2.1586098,48.8918108],[2.1581484,48.8919697]]}},{"type":"Feature","properties":{"sinuosity":0.7,"highway":"tertiary"},"geometry":{"type":"LineString","coordinates":[[2.4936263,48.9317074],[2.4935787,48.9317529],[2.493526,48.9317769],[2.493525,48.9317762],[2.4934472,48.9318048],[2.4927511,48.9319042],[2.4923371,48.9319259],[2.4914476,48.9319238],[2.4909248,48.9319035],[2.4908479,48.9318921]]}},{"type":"Feature","properties":{"sinuosity":0.7,"highway":"secondary"},"geometry":{"type":"LineString","coordinates":[[3.0137151,48.5563564],[3.0138072,48.5563652],[3.015226,48.5564261],[3.0152514,48.5564267],[3.0155489,48.5564144],[3.0157706,48.5563716],[3.0172978,48.5557435],[3.0184065,48.5553125],[3.0186263,48.5551869],[3.0186842,48.5551606]]}},{"type":"Feature","properties":{"sinuosity":0.754,"highway":"tertiary"},"geometry":{"type":"LineString","coordinates":[[2.5089153,48.9301241],[2.5091294,48.9301207],[2.5094302,48.930075],[2.5095176,48.9299784],[2.5095927,48.9298022],[2.5096571,48.9296471],[2.5098937,48.9294962],[2.5100594,48.9294792],[2.5109767,48.9293639],[2.511195,48.9293365]]}},{"type":"Feature","properties":{"sinuosity":0.7,"highway":"tertiary"},"geometry":{"type":"LineString","coordinates":[[2.5088183,48.9267383],[2.5094338,48.9269658],[2.5110851,48.9275486],[2.5112243,48.9275688],[2.5113308,48.9275974],[2.5120027,48.9278782],[2.5122664,48.9279833],[2.5123405,48.9280142],[2.512852,48.9282394],[2.5135382,48.9285122]]}},{"type":"Feature","properties":{"sinuosity":0.718,"highway":"tertiary"},"geometry":{"type":"LineString","coordinates":[[2.5066324,48.9298458],[2.5067921,48.9291832],[2.5068251,48.9291092],[2.5069013,48.9289746],[2.5071197,48.9285226],[2.5071539,48.9284702],[2.5072042,48.9284077],[2.5075296,48.928232],[2.5078614,48.9281662],[2.5079951,48.9281192]]}},{"type":"Feature","properties":{"sinuosity":0.7,"highway":"motorway_link"},"geometry":{"type":"LineString","coordinates":[[2.4520158,48.8161461],[2.4526106,48.8160863],[2.4529502,48.8160922],[2.4532989,48.8161316],[2.4537331,48.8162839],[2.4547784,48.8168422],[2.4548521,48.8168816],[2.4549259,48.816921]]}},{"type":"Feature","properties":{"sinuosity":0.7,"highway":"trunk_link"},"geometry":{"type":"LineString","coordinates":[[2.1267962,48.789493],[2.1276756,48.7893558],[2.1279575,48.78929],[2.1281025,48.7892421],[2.1282909,48.7891676],[2.1290206,48.7888043],[2.1291209,48.7887539],[2.1291976,48.7887092],[2.1292723,48.7886398],[2.1293786,48.7884848]]}},{"type":"Feature","properties":{"sinuosity":0.7,"highway":"secondary"},"geometry":{"type":"LineString","coordinates":[[2.3055369,48.7000025],[2.3054243,48.6998985],[2.3052787,48.6998318],[2.3049249,48.6996847],[2.3045836,48.699529],[2.3039399,48.6992089],[2.3037654,48.6991239],[2.3024075,48.698472],[2.3022966,48.6984436]]}},{"type":"Feature","properties":{"sinuosity":0.7,"highway":"secondary"},"geometry":{"type":"LineString","coordinates":[[2.5591745,48.9622284],[2.5589158,48.9622212],[2.5588678,48.962204],[2.5571595,48.9616303],[2.5568405,48.9615351],[2.5566567,48.9615267],[2.5563674,48.9615746],[2.5561437,48.9616018],[2.5560347,48.9616086]]}},{"type":"Feature","properties":{"sinuosity":0.7,"highway":"secondary"},"geometry":{"type":"LineString","coordinates":[[2.5556913,48.961687],[2.5554678,48.9617337],[2.555184,48.9618272],[2.5550617,48.9618889],[2.5549487,48.9619777],[2.5543237,48.9628798],[2.5540709,48.9632879],[2.5538899,48.9636178],[2.5537767,48.9639278],[2.5537795,48.9639808]]}},{"type":"Feature","properties":{"sinuosity":0.7,"highway":"secondary"},"geometry":{"type":"LineString","coordinates":[[2.5584745,48.9581924],[2.5582267,48.9584658],[2.5569419,48.9598414],[2.5565715,48.9602376],[2.5564658,48.9603446],[2.5562968,48.9605814],[2.556293,48.9605999],[2.5562711,48.9607054],[2.5562968,48.9608068],[2.5562716,48.9609]]}},{"type":"Feature","properties":{"sinuosity":0.707,"highway":"tertiary"},"geometry":{"type":"LineString","coordinates":[[2.5458169,48.9690596],[2.5469873,48.9682185],[2.5476798,48.9677159],[2.5485628,48.9671034],[2.5491337,48.9666892],[2.5497531,48.9662432],[2.5494137,48.965908],[2.5493741,48.9658179],[2.5503334,48.964509],[2.5504033,48.9643862]]}},{"type":"Feature","properties":{"sinuosity":0.686,"highway":"secondary"},"geometry":{"type":"LineString","coordinates":[[2.5548333,48.9612206],[2.5547588,48.9610714],[2.5545143,48.9607088],[2.5543713,48.9606291],[2.5540068,48.9605048],[2.553012,48.9601678],[2.5528059,48.9601012],[2.5525699,48.9600342],[2.5494531,48.9590037],[2.5492649,48.9589407]]}},{"type":"Feature","properties":{"sinuosity":0.882,"highway":"trunk_link"},"geometry":{"type":"LineString","coordinates":[[2.5877099,48.8502976],[2.5877484,48.8501193],[2.587775,48.8499647],[2.5876955,48.8497946],[2.5876074,48.849727],[2.5874582,48.8496539],[2.5872875,48.8496131],[2.5868544,48.8495982],[2.5864554,48.8496391],[2.5847146,48.8498357]]}},{"type":"Feature","properties":{"sinuosity":0.7,"highway":"secondary"},"geometry":{"type":"LineString","coordinates":[[2.3623997,48.4430284],[2.36256,48.4436508],[2.3632744,48.4441752],[2.3635375,48.4445418],[2.3638387,48.4451507],[2.3646391,48.4459125],[2.3657026,48.4469201],[2.3662108,48.4476423],[2.3668967,48.4480776],[2.3672519,48.4489498]]}},{"type":"Feature","properties":{"sinuosity":0.7,"highway":"secondary"},"geometry":{"type":"LineString","coordinates":[[2.3651326,48.8010687],[2.3651983,48.801133],[2.3652121,48.8011785],[2.3652014,48.8012124],[2.3648529,48.8023818],[2.3648066,48.802554],[2.3647211,48.8028135],[2.3643357,48.8040031],[2.3642755,48.8040865],[2.3641602,48.8041107]]}},{"type":"Feature","properties":{"sinuosity":0.749,"highway":"tertiary"},"geometry":{"type":"LineString","coordinates":[[2.8763454,48.874343],[2.8760507,48.874391],[2.8758704,48.8744615],[2.8744035,48.8750451],[2.873955,48.8751083],[2.8737051,48.8750661],[2.8725173,48.8746332],[2.8718168,48.874378],[2.8717211,48.8743332],[2.871525,48.8741902]]}},{"type":"Feature","properties":{"sinuosity":1,"highway":"motorway_link"},"geometry":{"type":"LineString","coordinates":[[2.4395603,48.7760944],[2.4392594,48.7762472],[2.4390187,48.7765882],[2.438736,48.7777582],[2.4390339,48.7780281],[2.4393316,48.7780396],[2.4395552,48.7779148],[2.4396179,48.7776987],[2.4394305,48.7774619],[2.4390213,48.777236]]}},{"type":"Feature","properties":{"sinuosity":0.702,"highway":"tertiary"},"geometry":{"type":"LineString","coordinates":[[2.3566522,48.6922984],[2.3566107,48.6924191],[2.3563338,48.6933619],[2.3563146,48.6934386],[2.3565236,48.6936867],[2.3565044,48.6938021],[2.3561547,48.6939537],[2.3560267,48.6942819],[2.355891,48.6947326],[2.3558573,48.6948394]]}},{"type":"Feature","properties":{"sinuosity":0.771,"highway":"tertiary"},"geometry":{"type":"LineString","coordinates":[[2.6200167,48.4764981],[2.6202815,48.4764054],[2.6221393,48.4765617],[2.62369,48.476844],[2.6242904,48.4767923],[2.6253615,48.4764596],[2.6270371,48.4758399],[2.6277651,48.4752503],[2.6293738,48.4746043],[2.6330488,48.4757655]]}},{"type":"Feature","properties":{"sinuosity":0.7,"highway":"tertiary"},"geometry":{"type":"LineString","coordinates":[[2.6678399,49.0105331],[2.6677389,49.0105158],[2.6671168,49.010409],[2.6663127,49.0102382],[2.6658186,49.0101078],[2.6653381,49.0099423],[2.6651755,49.009945],[2.6649846,49.0100031]]}},{"type":"Feature","properties":{"sinuosity":0.7,"highway":"motorway_link"},"geometry":{"type":"LineString","coordinates":[[2.5519668,49.0867366],[2.5517644,49.0868171],[2.5516504,49.086869],[2.5514777,49.0870311],[2.5514305,49.0871386],[2.5513816,49.0872741],[2.5512998,49.0874843],[2.5511332,49.0882591],[2.5509839,49.0890617],[2.5508781,49.0890995]]}},{"type":"Feature","properties":{"sinuosity":0.737,"highway":"tertiary"},"geometry":{"type":"LineString","coordinates":[[2.4952347,48.6092035],[2.4949671,48.60979],[2.4959498,48.6100992],[2.496582,48.6102747],[2.4978455,48.6106772],[2.4982267,48.6108936],[2.4990723,48.6114097],[2.4998768,48.6118744],[2.5006372,48.6128354],[2.5008356,48.6130879]]}},{"type":"Feature","properties":{"sinuosity":0.717,"highway":"trunk_link"},"geometry":{"type":"LineString","coordinates":[[2.4506458,48.7877795],[2.4508282,48.7876307],[2.4510791,48.7875824],[2.4512477,48.7875932],[2.4515838,48.7876892],[2.4519185,48.7877598],[2.4522325,48.7877557],[2.4523834,48.7877223],[2.4527197,48.7876062],[2.4538136,48.7872073]]}},{"type":"Feature","properties":{"sinuosity":0.716,"highway":"motorway_link"},"geometry":{"type":"LineString","coordinates":[[1.8587944,48.9680467],[1.8603112,48.9682683],[1.8616364,48.9684453],[1.8619172,48.9684368],[1.8627053,48.9682337],[1.8634545,48.9679484],[1.8638352,48.9679065],[1.8640596,48.9679161],[1.8645701,48.967903],[1.8649495,48.9675979]]}},{"type":"Feature","properties":{"sinuosity":1,"highway":"motorway_link"},"geometry":{"type":"LineString","coordinates":[[1.8645926,48.9688453],[1.8644977,48.9683529],[1.8642357,48.9680981],[1.8639495,48.967995],[1.86336,48.9680895],[1.8630832,48.9683437],[1.8630804,48.9686044],[1.8632287,48.9687807],[1.8636784,48.9689413],[1.8697146,48.9698209]]}},{"type":"Feature","properties":{"sinuosity":0.7,"highway":"tertiary"},"geometry":{"type":"LineString","coordinates":[[2.4485556,48.7615329],[2.4485028,48.7615256],[2.4478995,48.7614427],[2.447351,48.7613605],[2.4450639,48.7610053],[2.4449494,48.7609883],[2.4443344,48.7608926],[2.4441642,48.7608603],[2.4435349,48.7605469],[2.4434303,48.7605327]]}},{"type":"Feature","properties":{"sinuosity":0.7,"highway":"secondary"},"geometry":{"type":"LineString","coordinates":[[2.7539031,48.9191611],[2.7562422,48.9193793],[2.7570378,48.9193968],[2.7586278,48.9191109],[2.7597703,48.9188015],[2.7605361,48.9183309],[2.7614916,48.9179348],[2.7619782,48.9176574],[2.762746,48.9173463],[2.7629201,48.9172581]]}},{"type":"Feature","properties":{"sinuosity":0.737,"highway":"motorway_link"},"geometry":{"type":"LineString","coordinates":[[1.8649283,48.9680462],[1.864879,48.9683422],[1.8648662,48.9684961],[1.8649166,48.968615],[1.865073,48.9687358],[1.8682581,48.9695493],[1.8686022,48.9696209],[1.868976,48.9696874],[1.8694013,48.9697499],[1.8697146,48.9698209]]}},{"type":"Feature","properties":{"sinuosity":0.944,"highway":"tertiary"},"geometry":{"type":"LineString","coordinates":[[2.772563,48.9320456],[2.7731336,48.9319037],[2.7733745,48.9317517],[2.7735456,48.9315936],[2.7739917,48.9308837],[2.7742859,48.930543],[2.7746636,48.9305503],[2.7749576,48.9305566],[2.7754189,48.9306447],[2.776109,48.9310801]]}},{"type":"Feature","properties":{"sinuosity":0.623,"highway":"primary"},"geometry":{"type":"LineString","coordinates":[[2.5851247,49.103233],[2.5854186,49.1034477],[2.5856347,49.1035771],[2.5864923,49.1038783],[2.5868222,49.1040248],[2.5872669,49.1042944],[2.5877644,49.1046122],[2.5879451,49.1047244],[2.588225,49.1049825],[2.588349,49.1051132]]}},{"type":"Feature","properties":{"sinuosity":0.7,"highway":"motorway_link"},"geometry":{"type":"LineString","coordinates":[[2.5505878,49.0883597],[2.5505841,49.0881944],[2.5505823,49.0879739],[2.5505528,49.0876665],[2.5504983,49.0874018],[2.5503835,49.0868999],[2.5503009,49.0866205],[2.5502043,49.0864853],[2.5500941,49.0864174],[2.5500192,49.0863875]]}},{"type":"Feature","properties":{"sinuosity":0.7,"highway":"secondary"},"geometry":{"type":"LineString","coordinates":[[2.5520634,49.0846439],[2.5518408,49.0849524],[2.5517275,49.0851978],[2.5517054,49.0854575],[2.5517671,49.0857289],[2.5518594,49.0858387],[2.5520205,49.0860354],[2.5520432,49.0861521],[2.5520836,49.0862919],[2.5521294,49.086359]]}},{"type":"Feature","properties":{"sinuosity":0.7,"highway":"tertiary"},"geometry":{"type":"LineString","coordinates":[[2.3722243,48.6719647],[2.3723314,48.6718482],[2.3723938,48.6718022],[2.3745777,48.6704618],[2.3747255,48.6703735],[2.3747484,48.6703612],[2.3747775,48.6703505],[2.3748477,48.6703433],[2.3748968,48.6703521],[2.3750044,48.6703763]]}},{"type":"Feature","properties":{"sinuosity":0.7,"highway":"tertiary"},"geometry":{"type":"LineString","coordinates":[[2.6225699,48.9740902],[2.6222969,48.9744831],[2.62209,48.974529],[2.6215957,48.9746061],[2.6213381,48.9747784],[2.6193844,48.9765538],[2.6179665,48.9776772],[2.6163035,48.9788736],[2.6162072,48.9788996],[2.6161155,48.9789155]]}},{"type":"Feature","properties":{"sinuosity":0.847,"highway":"trunk_link"},"geometry":{"type":"LineString","coordinates":[[2.6303873,49.003171],[2.6301688,49.0033748],[2.6296683,49.0042984],[2.6295224,49.0043772],[2.629051,49.0044756],[2.6285595,49.0043705],[2.6279287,49.0042228],[2.6276965,49.0041901],[2.6272715,49.0042464],[2.6267322,49.0043735]]}},{"type":"Feature","properties":{"sinuosity":0.735,"highway":"trunk_link"},"geometry":{"type":"LineString","coordinates":[[2.632097,49.0020914],[2.6325104,49.0018615],[2.6326923,49.0017463],[2.6329621,49.0013556],[2.6329385,49.000858],[2.6327448,48.9990056],[2.6326445,48.9985097],[2.6321995,48.9979494],[2.6320314,48.9977974],[2.6315344,48.9974788]]}},{"type":"Feature","properties":{"sinuosity":1,"highway":"trunk_link"},"geometry":{"type":"LineString","coordinates":[[2.6390248,49.0012752],[2.6392535,49.0013744],[2.6399291,49.0015653],[2.6403508,49.0014643],[2.6406804,49.0012015],[2.6407681,49.0009831],[2.6407877,48.9995045],[2.6405031,48.9993155],[2.6397856,48.9992476],[2.6391911,48.9993949]]}},{"type":"Feature","properties":{"sinuosity":1,"highway":"trunk_link"},"geometry":{"type":"LineString","coordinates":[[2.6353066,49.0009513],[2.6347424,49.0012385],[2.6341262,49.001585],[2.6340266,49.0019661],[2.6344593,49.0023502],[2.6382809,49.0026409],[2.6389209,49.0024572],[2.6391481,49.0021451],[2.6390697,49.0018195],[2.6385594,49.0014154]]}},{"type":"Feature","properties":{"sinuosity":0.7,"highway":"trunk_link"},"geometry":{"type":"LineString","coordinates":[[2.6417487,49.0033568],[2.6408551,49.002937],[2.6395275,49.0027606],[2.636689,49.0025915],[2.6350499,49.0024854],[2.6339481,49.0023182],[2.6331329,49.0020775],[2.6325927,49.0021125],[2.6323303,49.0021969],[2.6318216,49.0023484]]}},{"type":"Feature","properties":{"sinuosity":0.7,"highway":"tertiary"},"geometry":{"type":"LineString","coordinates":[[2.5581169,48.4804275],[2.5581903,48.4804139],[2.5604617,48.4791812],[2.5605266,48.4791444],[2.5605828,48.4790788]]}},{"type":"Feature","properties":{"sinuosity":0.771,"highway":"tertiary"},"geometry":{"type":"LineString","coordinates":[[2.5800759,48.2855137],[2.5806123,48.2852365],[2.5854282,48.2843764],[2.5861131,48.284049],[2.5866353,48.2828232],[2.5873131,48.2820046],[2.5877902,48.2819042],[2.5884079,48.2821721],[2.5892147,48.2822701],[2.5906243,48.2817572]]}},{"type":"Feature","properties":{"sinuosity":0.7,"highway":"tertiary"},"geometry":{"type":"LineString","coordinates":[[2.3786153,48.9559535],[2.3786936,48.9559833],[2.3792382,48.9561743],[2.3795675,48.956276],[2.3797902,48.9563265],[2.3799118,48.9563788],[2.3815717,48.9567757],[2.3816259,48.9567889],[2.3818149,48.9568384],[2.3819217,48.9568558]]}},{"type":"Feature","properties":{"sinuosity":0.7,"highway":"tertiary"},"geometry":{"type":"LineString","coordinates":[[2.5150746,49.0009609],[2.5151968,49.0010126],[2.5154245,49.0011547],[2.5166231,49.0018372],[2.5168196,49.0018951],[2.5171122,49.0024321],[2.517477,49.0031997],[2.5176013,49.0033143],[2.5176444,49.0035784],[2.5177087,49.0038181]]}},{"type":"Feature","properties":{"sinuosity":0.7,"highway":"tertiary"},"geometry":{"type":"LineString","coordinates":[[2.7390011,49.037934],[2.739051,49.0378499],[2.7407078,49.0359],[2.7426912,49.0348577],[2.7429089,49.0342265],[2.7429456,49.0338016],[2.7435394,49.0335569],[2.7443977,49.0328197],[2.7453189,49.0323077],[2.7458897,49.0319836]]}},{"type":"Feature","properties":{"sinuosity":0.7,"highway":"tertiary"},"geometry":{"type":"LineString","coordinates":[[2.4452062,48.5846737],[2.4451094,48.5846373],[2.4450531,48.5846018],[2.4449217,48.5844457],[2.4448198,48.5843552],[2.4445032,48.5842381],[2.4437335,48.584105],[2.4428161,48.5839851],[2.4424743,48.5839214],[2.442405,48.5839085]]}},{"type":"Feature","properties":{"sinuosity":0.7,"highway":"secondary"},"geometry":{"type":"LineString","coordinates":[[2.5263781,48.9782953],[2.526292,48.9783637],[2.5262695,48.9784467],[2.5262635,48.9784835],[2.5261729,48.9790349],[2.5261014,48.9797553],[2.525974,48.9807876],[2.5259507,48.9810145],[2.5259723,48.9810565]]}},{"type":"Feature","properties":{"sinuosity":0.7,"highway":"secondary"},"geometry":{"type":"LineString","coordinates":[[2.4316961,48.8848073],[2.432395,48.8848775],[2.4331216,48.8849536],[2.4338452,48.8850294],[2.4353744,48.885183],[2.4356523,48.8852231],[2.4358441,48.8852925],[2.4359621,48.88536],[2.4360885,48.8853964],[2.4361633,48.8853902]]}},{"type":"Feature","properties":{"sinuosity":0.7,"highway":"motorway_link"},"geometry":{"type":"LineString","coordinates":[[2.5528328,48.9647093],[2.5526819,48.9645905],[2.5526001,48.9645541],[2.5525071,48.9645307],[2.5523705,48.9644992],[2.5517526,48.9642301],[2.5510694,48.9639026],[2.5508113,48.9637896],[2.5504484,48.9636262],[2.5502349,48.963485]]}},{"type":"Feature","properties":{"sinuosity":0.7,"highway":"motorway_link"},"geometry":{"type":"LineString","coordinates":[[2.5563382,48.965492],[2.5560568,48.9654761],[2.5557516,48.9653954],[2.5554491,48.9653253],[2.5544894,48.9651527],[2.5541384,48.965071],[2.5537871,48.9649223],[2.5536662,48.9649065]]}},{"type":"Feature","properties":{"sinuosity":0.826,"highway":"tertiary"},"geometry":{"type":"LineString","coordinates":[[2.5261716,49.062687],[2.5257368,49.0627328],[2.5253752,49.0626916],[2.5249802,49.0624698],[2.5246712,49.0620649],[2.5243345,49.0617784],[2.5240685,49.0617058],[2.5236142,49.061717],[2.5234377,49.0617713],[2.5231779,49.0619107]]}},{"type":"Feature","properties":{"sinuosity":0.728,"highway":"tertiary"},"geometry":{"type":"LineString","coordinates":[[1.9355844,48.334798],[1.9349922,48.3341247],[1.9342197,48.3334172],[1.9334301,48.332664],[1.9326069,48.3318276],[1.9331721,48.3314604],[1.9336577,48.33115],[1.9337562,48.330878],[1.9331383,48.3296853],[1.93125,48.3267236]]}},{"type":"Feature","properties":{"sinuosity":0.748,"highway":"tertiary"},"geometry":{"type":"LineString","coordinates":[[1.9364897,48.2942002],[1.9365669,48.2946171],[1.9367129,48.2948854],[1.937005,48.2952279],[1.9373281,48.2955809],[1.9373313,48.2956656],[1.9372621,48.2957848],[1.9370298,48.2961959],[1.9370062,48.2962124],[1.9368148,48.2962865]]}},{"type":"Feature","properties":{"sinuosity":1,"highway":"tertiary"},"geometry":{"type":"LineString","coordinates":[[2.2638135,49.0182508],[2.2634478,49.0181063],[2.2633499,49.0175329],[2.2631447,49.0173649],[2.2620477,49.017211],[2.2626346,49.0167301],[2.2631546,49.0165445],[2.263697,49.0164997],[2.2644688,49.0164645],[2.264915,49.0162681]]}},{"type":"Feature","properties":{"sinuosity":0.922,"highway":"motorway_link"},"geometry":{"type":"LineString","coordinates":[[2.2621125,48.9636278],[2.2623772,48.9631216],[2.2624607,48.9629847],[2.2625729,48.9628525],[2.2627815,48.9626812],[2.2634641,48.962504],[2.2636977,48.9625143],[2.26402,48.9625665],[2.2643822,48.9626884],[2.2649877,48.9629185]]}},{"type":"Feature","properties":{"sinuosity":0.714,"highway":"tertiary"},"geometry":{"type":"LineString","coordinates":[[1.7714047,48.6337918],[1.7717893,48.6339899],[1.7723999,48.634026],[1.7728804,48.6339782],[1.7731378,48.6339513],[1.7734822,48.6339282],[1.7737373,48.6339859],[1.7738902,48.6340543],[1.7743128,48.6342853],[1.7746028,48.6344446]]}},{"type":"Feature","properties":{"sinuosity":1,"highway":"trunk_link"},"geometry":{"type":"LineString","coordinates":[[2.3313078,49.0489802],[2.3312681,49.0491158],[2.3313117,49.0492652],[2.3314502,49.0493867],[2.3316948,49.0494606],[2.331936,49.0494478],[2.3322153,49.0493436],[2.3330624,49.0487016],[2.3331028,49.0486374],[2.3330968,49.0485896]]}},{"type":"Feature","properties":{"sinuosity":0.716,"highway":"trunk_link"},"geometry":{"type":"LineString","coordinates":[[2.333285,49.0486421],[2.3332154,49.048666],[2.3324215,49.0492774],[2.3321705,49.0494336],[2.331874,49.0495325],[2.3312112,49.0496208],[2.3309717,49.0497346],[2.3308511,49.0498449],[2.3307418,49.0500423],[2.3304301,49.0508476]]}},{"type":"Feature","properties":{"sinuosity":0.7,"highway":"tertiary"},"geometry":{"type":"LineString","coordinates":[[2.4896512,48.9450765],[2.4902368,48.9453547],[2.4903219,48.9454555],[2.4904439,48.9456334],[2.4905916,48.9460598],[2.4908042,48.9463389],[2.4909039,48.9464197],[2.4911336,48.9465719],[2.4919453,48.9470586],[2.4922582,48.9471654]]}},{"type":"Feature","properties":{"sinuosity":0.687,"highway":"secondary"},"geometry":{"type":"LineString","coordinates":[[2.4920714,48.6288331],[2.4924653,48.6289878],[2.4936547,48.6294142],[2.4938919,48.6294993],[2.495113,48.6300092],[2.4955098,48.6301225],[2.4962159,48.630227],[2.4963801,48.6302518],[2.4967779,48.6304046],[2.4968871,48.6305217]]}},{"type":"Feature","properties":{"sinuosity":0.7,"highway":"secondary"},"geometry":{"type":"LineString","coordinates":[[2.4963352,48.6303281],[2.4960067,48.6302902],[2.4950732,48.6301045],[2.4939194,48.6296076],[2.4935979,48.6294877],[2.4925907,48.6291516],[2.4923487,48.6290734],[2.4923175,48.6290633],[2.4921533,48.629057],[2.4920906,48.6290601]]}},{"type":"Feature","properties":{"sinuosity":1,"highway":"motorway_link"},"geometry":{"type":"LineString","coordinates":[[2.267293,48.7162962],[2.2677784,48.7166523],[2.268037,48.7167369],[2.2682138,48.7167335],[2.2685778,48.7166476],[2.269102,48.7164438],[2.2692463,48.7162918],[2.269271,48.7162038],[2.2692147,48.7160125],[2.2690663,48.7158684]]}},{"type":"Feature","properties":{"sinuosity":0.7,"highway":"motorway_link"},"geometry":{"type":"LineString","coordinates":[[2.2654986,48.7145696],[2.2657035,48.7146892],[2.266151,48.7148603],[2.2664858,48.7148523],[2.2670618,48.714705],[2.2680155,48.7145079],[2.2683502,48.7145236],[2.2690829,48.7146168],[2.2699521,48.7145943],[2.2706664,48.7145391]]}},{"type":"Feature","properties":{"sinuosity":0.88,"highway":"tertiary"},"geometry":{"type":"LineString","coordinates":[[2.5539727,48.9834522],[2.5537903,48.9834883],[2.5535516,48.9835006],[2.5526328,48.9833055],[2.5524585,48.9832412],[2.5518979,48.9829585],[2.5516384,48.9829752],[2.5512074,48.983561],[2.5511069,48.9836478],[2.5503356,48.9840549]]}},{"type":"Feature","properties":{"sinuosity":0.7,"highway":"tertiary"},"geometry":{"type":"LineString","coordinates":[[2.5182605,48.9931431],[2.5184612,48.9936988],[2.5184792,48.9941873],[2.5185694,48.9944819],[2.5188694,48.9949598],[2.5189501,48.9953394],[2.5189513,48.9953919],[2.5190302,48.9955214],[2.5191156,48.9955693],[2.5193981,48.9956313]]}},{"type":"Feature","properties":{"sinuosity":0.7,"highway":"primary"},"geometry":{"type":"LineString","coordinates":[[2.1667211,48.6749782],[2.1664703,48.674844],[2.1663398,48.674815],[2.1657391,48.6747621],[2.1650992,48.6747829],[2.1648666,48.6747802],[2.1643294,48.6747362],[2.1638339,48.6746405],[2.1635003,48.6745671],[2.162989,48.6744922]]}},{"type":"Feature","properties":{"sinuosity":0.7,"highway":"trunk_link"},"geometry":{"type":"LineString","coordinates":[[2.5725692,48.647059],[2.572394,48.6471164],[2.572117,48.647136],[2.5714975,48.6471926],[2.5706475,48.6473042],[2.5696051,48.6474668],[2.5691901,48.6475253],[2.5666797,48.6477851],[2.56657,48.6478318],[2.5665106,48.6478678]]}},{"type":"Feature","properties":{"sinuosity":0.7,"highway":"tertiary"},"geometry":{"type":"LineString","coordinates":[[2.1779195,48.9747922],[2.1779989,48.974849],[2.1780422,48.9749041],[2.1780608,48.9750418],[2.1778015,48.9754649],[2.1771989,48.9769517],[2.1770742,48.9772476],[2.1767842,48.9778323],[2.176766,48.9778558],[2.1767423,48.9778862]]}},{"type":"Feature","properties":{"sinuosity":1,"highway":"trunk_link"},"geometry":{"type":"LineString","coordinates":[[2.607803,49.0115838],[2.6082297,49.0113951],[2.6093482,49.0109165],[2.6101309,49.0105302],[2.6102845,49.0103061],[2.6102579,49.0099703],[2.6100616,49.0097422],[2.6097116,49.0095865],[2.6090652,49.0094264],[2.6084188,49.0093349]]}},{"type":"Feature","properties":{"sinuosity":0.7,"highway":"primary"},"geometry":{"type":"LineString","coordinates":[[2.473304,48.6270979],[2.4734412,48.6269953],[2.4736196,48.6267771],[2.473805,48.6265737],[2.4744241,48.6259035],[2.4748398,48.6254946],[2.4750916,48.6253157],[2.475174,48.6252481],[2.4752756,48.6251035],[2.4753203,48.6250427]]}},{"type":"Feature","properties":{"sinuosity":1,"highway":"trunk_link"},"geometry":{"type":"LineString","coordinates":[[2.4740889,48.6275559],[2.4747184,48.6278494],[2.4751644,48.6279096],[2.4756169,48.6278088],[2.4758659,48.6276383],[2.4759641,48.6274848],[2.4759792,48.6272346],[2.4758511,48.627009],[2.4755435,48.6267875],[2.4751323,48.626534]]}},{"type":"Feature","properties":{"sinuosity":0.7,"highway":"motorway_link"},"geometry":{"type":"LineString","coordinates":[[1.7009483,48.9797946],[1.7007831,48.9798962],[1.6986478,48.9804142],[1.6968914,48.9808595],[1.6967493,48.980944],[1.6967064,48.9809757],[1.6966968,48.9809872],[1.6966484,48.9810629]]}},{"type":"Feature","properties":{"sinuosity":1,"highway":"trunk_link"},"geometry":{"type":"LineString","coordinates":[[2.4380183,49.0454144],[2.4377675,49.0454138],[2.4372774,49.0456888],[2.4370956,49.0459129],[2.4371008,49.0462342],[2.4372686,49.0464752],[2.4374692,49.046594],[2.4377759,49.0466635],[2.4382716,49.0466235],[2.4386509,49.0465693]]}},{"type":"Feature","properties":{"sinuosity":1,"highway":"trunk_link"},"geometry":{"type":"LineString","coordinates":[[2.4417072,49.0473705],[2.4419904,49.0468652],[2.4420413,49.0466325],[2.4419823,49.0464673],[2.4418616,49.0463477],[2.4415264,49.0462124],[2.4411857,49.0462018],[2.4409094,49.0462335],[2.4405125,49.0463143],[2.4402321,49.0463279]]}},{"type":"Feature","properties":{"sinuosity":0.7,"highway":"motorway_link"},"geometry":{"type":"LineString","coordinates":[[2.2144635,49.0170616],[2.2145417,49.0168926],[2.2147995,49.016623],[2.2161355,49.0152096],[2.2162705,49.0150123],[2.2163425,49.0148006],[2.2163695,49.0146378],[2.2164458,49.0144725],[2.2164481,49.0144491],[2.2164492,49.0144142]]}},{"type":"Feature","properties":{"sinuosity":0.7,"highway":"motorway_link"},"geometry":{"type":"LineString","coordinates":[[2.2175285,49.0156567],[2.217468,49.0156568],[2.2173478,49.0156223],[2.2172508,49.0156137],[2.217126,49.0156295],[2.216873,49.015695],[2.2163752,49.0158864],[2.215989,49.016089],[2.2155598,49.0163705],[2.2147114,49.0170205]]}},{"type":"Feature","properties":{"sinuosity":0.677,"highway":"tertiary"},"geometry":{"type":"LineString","coordinates":[[2.0678634,48.8628011],[2.0678578,48.8627535],[2.0678465,48.862709],[2.0675738,48.8621592],[2.0674913,48.8618578],[2.0675201,48.8616734],[2.0676379,48.8612653],[2.0681693,48.8607661],[2.0690587,48.8603122],[2.0698209,48.8598206]]}},{"type":"Feature","properties":{"sinuosity":0.882,"highway":"motorway_link"},"geometry":{"type":"LineString","coordinates":[[2.245669,49.1503018],[2.2455902,49.1501178],[2.2456155,49.1498211],[2.2457829,49.1496414],[2.246036,49.149524],[2.2462482,49.1494949],[2.2466651,49.1495269],[2.2469969,49.1496216],[2.2500396,49.1507197],[2.2509216,49.1510131]]}},{"type":"Feature","properties":{"sinuosity":0.745,"highway":"secondary"},"geometry":{"type":"LineString","coordinates":[[2.3593243,49.1718988],[2.3593614,49.1718685],[2.3595426,49.1717204],[2.3607443,49.1710357],[2.3608593,49.1709677],[2.3609581,49.170843],[2.3609614,49.1707566],[2.360779,49.1704109],[2.3607958,49.1702726],[2.3608176,49.1702156]]}},{"type":"Feature","properties":{"sinuosity":0.7,"highway":"tertiary"},"geometry":{"type":"LineString","coordinates":[[2.0979091,49.0560054],[2.0979466,49.0561173],[2.098038,49.0563242],[2.0986109,49.057675],[2.0986544,49.0578594],[2.0986583,49.058009],[2.0987724,49.0580777],[2.0988249,49.058191],[2.0998139,49.0599947],[2.0998572,49.0600731]]}},{"type":"Feature","properties":{"sinuosity":0.7,"highway":"tertiary"},"geometry":{"type":"LineString","coordinates":[[2.3397376,49.0120742],[2.3393851,49.0122677],[2.3388688,49.0122751],[2.3374491,49.0127469],[2.3356667,49.0131847],[2.3340857,49.0136398],[2.3327737,49.0137772],[2.3317973,49.0135125],[2.3299297,49.0137405],[2.3269663,49.0141274]]}},{"type":"Feature","properties":{"sinuosity":0.764,"highway":"trunk_link"},"geometry":{"type":"LineString","coordinates":[[2.356623,49.0063462],[2.356616,49.0063568],[2.3564103,49.0065843],[2.3562558,49.0066406],[2.3558095,49.0066294],[2.3555778,49.0065956],[2.3552386,49.0065659],[2.3551298,49.0065835],[2.3549512,49.0066631],[2.3542606,49.0072738]]}},{"type":"Feature","properties":{"sinuosity":0.859,"highway":"tertiary"},"geometry":{"type":"LineString","coordinates":[[2.5640029,48.379772],[2.565463,48.3803259],[2.5657073,48.3811408],[2.5654467,48.3825185],[2.5650109,48.3834615],[2.5640148,48.3841895],[2.5635223,48.384844],[2.5629923,48.3854055],[2.5623045,48.3859156],[2.5620845,48.3869445]]}},{"type":"Feature","properties":{"sinuosity":0.7,"highway":"motorway_link"},"geometry":{"type":"LineString","coordinates":[[2.1607825,49.0081023],[2.1601095,49.0084697],[2.1599099,49.0086817],[2.1597728,49.0089274],[2.1596226,49.0092278],[2.1595456,49.0093685],[2.1594368,49.0094968],[2.1593536,49.0095981],[2.1592781,49.0097003],[2.1592624,49.0097644]]}},{"type":"Feature","properties":{"sinuosity":1,"highway":"motorway_link"},"geometry":{"type":"LineString","coordinates":[[2.1565286,49.0096006],[2.1574335,49.0091511],[2.1579776,49.0088415],[2.1580857,49.0086785],[2.1580875,49.0085322],[2.1579807,49.0083486],[2.15777,49.0082186],[2.1574601,49.0081629],[2.1568005,49.0083148],[2.1566638,49.0084004]]}},{"type":"Feature","properties":{"sinuosity":0.911,"highway":"motorway_link"},"geometry":{"type":"LineString","coordinates":[[2.1589403,49.0096432],[2.1591168,49.0095923],[2.1593308,49.0094354],[2.159395,49.0093168],[2.1593268,49.0091248],[2.1591979,49.0090289],[2.1588523,49.0089961],[2.157986,49.0093669],[2.1533565,49.0111963],[2.152922,49.0113113]]}},{"type":"Feature","properties":{"sinuosity":0.894,"highway":"motorway_link"},"geometry":{"type":"LineString","coordinates":[[2.1819739,48.9988118],[2.1818955,48.9985885],[2.1816952,48.998256],[2.1814827,48.9980541],[2.1811347,48.9978486],[2.1804301,48.9976444],[2.1801763,48.9976146],[2.1797996,48.9976148],[2.1790609,48.997782],[2.17828,48.9981575]]}},{"type":"Feature","properties":{"sinuosity":0.7,"highway":"tertiary"},"geometry":{"type":"LineString","coordinates":[[2.348486,49.1081195],[2.3481467,49.1082663],[2.3479725,49.1083684],[2.347913,49.1084271],[2.3477029,49.1085462],[2.3475587,49.1086286],[2.3472962,49.1087369],[2.3471983,49.1087731],[2.3464915,49.1089942],[2.3454959,49.1092414]]}},{"type":"Feature","properties":{"sinuosity":0.7,"highway":"motorway_link"},"geometry":{"type":"LineString","coordinates":[[2.1905011,48.894283],[2.1903246,48.8942812],[2.1897271,48.8941062],[2.1893843,48.8939916],[2.1891426,48.8939019],[2.1882019,48.8935107],[2.1880211,48.8934799]]}},{"type":"Feature","properties":{"sinuosity":0.7,"highway":"tertiary"},"geometry":{"type":"LineString","coordinates":[[3.1610415,49.0388679],[3.1611278,49.0388448],[3.1621913,49.0386351],[3.1625523,49.0385201],[3.1626815,49.0384192],[3.1630571,49.038081],[3.1632467,49.0378846],[3.1636581,49.0374748],[3.1643553,49.0370949],[3.1644623,49.0368845]]}},{"type":"Feature","properties":{"sinuosity":0.712,"highway":"tertiary"},"geometry":{"type":"LineString","coordinates":[[2.929656,49.0352173],[2.9296916,49.0352407],[2.9297461,49.0352664],[2.9302733,49.0355493],[2.9304712,49.0357477],[2.9305684,49.0359386],[2.9309083,49.0366797],[2.9309124,49.0368021],[2.930843,49.0370456],[2.9307345,49.0375377]]}},{"type":"Feature","properties":{"sinuosity":0.954,"highway":"trunk_link"},"geometry":{"type":"LineString","coordinates":[[1.8279397,48.5323296],[1.8281993,48.5324856],[1.8284293,48.5325451],[1.8287689,48.5325671],[1.8290781,48.5325014],[1.8292417,48.5324323],[1.8294014,48.5323017],[1.8295186,48.5321229],[1.8296137,48.5318268],[1.8297102,48.5316427]]}},{"type":"Feature","properties":{"sinuosity":1,"highway":"tertiary"},"geometry":{"type":"LineString","coordinates":[[2.7792589,48.9806328],[2.7795423,48.980628],[2.7806427,48.980572],[2.7808459,48.9805673],[2.7810578,48.9805743],[2.7818816,48.980652],[2.781948,48.9806914],[2.7819791,48.9807681],[2.7818791,48.9819467],[2.7819172,48.9820428]]}},{"type":"Feature","properties":{"sinuosity":0.856,"highway":"tertiary"},"geometry":{"type":"LineString","coordinates":[[2.7865388,48.9809059],[2.7845645,48.9805567],[2.7844999,48.9806386],[2.7841962,48.9813813],[2.7836773,48.9818373],[2.7835053,48.9819175],[2.7827881,48.9820374],[2.7822482,48.9821095],[2.7820891,48.9821146],[2.7819172,48.9820428]]}},{"type":"Feature","properties":{"sinuosity":0.7,"highway":"tertiary"},"geometry":{"type":"LineString","coordinates":[[1.7359464,48.4675345],[1.7359944,48.4676177],[1.7361389,48.4676712],[1.7367484,48.4678235],[1.7369266,48.4678829],[1.7374451,48.4681046],[1.7376074,48.4681996],[1.737872,48.468517],[1.7379731,48.4686609],[1.7383982,48.4692698]]}},{"type":"Feature","properties":{"sinuosity":0.7,"highway":"tertiary"},"geometry":{"type":"LineString","coordinates":[[1.7570219,48.4653643],[1.757235,48.465625],[1.7575458,48.4659894],[1.7577866,48.4662257],[1.7581988,48.4669365],[1.7586629,48.4676653],[1.7588678,48.4680004],[1.7592406,48.4683077],[1.7597277,48.4684739],[1.7600387,48.4684453]]}},{"type":"Feature","properties":{"sinuosity":0.903,"highway":"tertiary"},"geometry":{"type":"LineString","coordinates":[[2.9027382,48.9266406],[2.9026021,48.9265901],[2.9025498,48.9265549],[2.9024687,48.9264694],[2.9024262,48.9263721],[2.9021022,48.9254872],[2.9017816,48.9251883],[2.9013672,48.9251116],[2.9011498,48.9251533],[2.9007055,48.9253321]]}},{"type":"Feature","properties":{"sinuosity":0.741,"highway":"tertiary"},"geometry":{"type":"LineString","coordinates":[[2.8994441,48.929417],[2.9000881,48.9296045],[2.901215,48.9304066],[2.9016942,48.930746],[2.9030822,48.9315556],[2.9039648,48.9317539],[2.9044872,48.9323039],[2.9044742,48.9328437],[2.9043446,48.9333039],[2.9044267,48.9336869]]}},{"type":"Feature","properties":{"sinuosity":0.704,"highway":"tertiary"},"geometry":{"type":"LineString","coordinates":[[3.0777001,48.5935746],[3.076693,48.5935412],[3.0761168,48.5934228],[3.0754611,48.5931443],[3.0746343,48.5928743],[3.0740974,48.5926154],[3.0733636,48.5922513],[3.0730127,48.5921714],[3.0729162,48.5920174],[3.0728857,48.5918242]]}},{"type":"Feature","properties":{"sinuosity":0.7,"highway":"tertiary"},"geometry":{"type":"LineString","coordinates":[[2.1231108,48.8635569],[2.1229983,48.8635655],[2.1219176,48.8636894],[2.1193198,48.8639871],[2.1183689,48.86409],[2.1181811,48.864111],[2.1180622,48.8641356],[2.1178937,48.8642198],[2.1171366,48.8647905],[2.1163915,48.8653598]]}},{"type":"Feature","properties":{"sinuosity":0.665,"highway":"primary"},"geometry":{"type":"LineString","coordinates":[[2.4145722,48.9458414],[2.4144827,48.9459496],[2.4144515,48.9461782],[2.4143542,48.9465012],[2.4141464,48.9468478],[2.413917,48.9470931],[2.4137145,48.9473314],[2.4136803,48.947504],[2.4141916,48.9484334],[2.4143851,48.9488665]]}},{"type":"Feature","properties":{"sinuosity":0.71,"highway":"secondary"},"geometry":{"type":"LineString","coordinates":[[2.305879,48.9314619],[2.3058058,48.9315003],[2.3055029,48.9316997],[2.3053995,48.9317598],[2.3050756,48.9319361],[2.3045698,48.9322671],[2.3045088,48.9323585],[2.3044486,48.9329947],[2.3044458,48.933017],[2.3044397,48.9330885]]}},{"type":"Feature","properties":{"sinuosity":0.702,"highway":"primary"},"geometry":{"type":"LineString","coordinates":[[2.4533704,48.6436735],[2.4531941,48.6439279],[2.4531999,48.6439949],[2.4533041,48.6444024],[2.4532348,48.6445554],[2.4529103,48.6448412],[2.4520886,48.6454183],[2.4519033,48.645676],[2.4519061,48.6457751],[2.4517966,48.645902]]}},{"type":"Feature","properties":{"sinuosity":0.754,"highway":"tertiary"},"geometry":{"type":"LineString","coordinates":[[2.4728551,48.8930887],[2.4722537,48.8930693],[2.4719935,48.8931974],[2.4718983,48.8933307],[2.4716084,48.8938352],[2.4714799,48.8939099],[2.4712814,48.893983],[2.4711661,48.8940192],[2.4708442,48.894095],[2.4706177,48.8941488]]}},{"type":"Feature","properties":{"sinuosity":0.702,"highway":"tertiary"},"geometry":{"type":"LineString","coordinates":[[2.2663996,49.0159911],[2.2670459,49.0160086],[2.2673513,49.0159876],[2.2678959,49.0157624],[2.2683508,49.0154753],[2.2687337,49.0151701],[2.268992,49.0150471],[2.2692243,49.0149924],[2.2694267,49.0149643],[2.2695861,49.0149575]]}},{"type":"Feature","properties":{"sinuosity":1,"highway":"secondary"},"geometry":{"type":"LineString","coordinates":[[2.3248931,48.9963024],[2.3259592,48.9957392],[2.3265037,48.9956808],[2.3269918,48.9956791],[2.3271598,48.9955582],[2.3271186,48.9954193],[2.3268823,48.9953422],[2.3265525,48.9954136],[2.3261932,48.995434],[2.3257713,48.9952516]]}},{"type":"Feature","properties":{"sinuosity":0.7,"highway":"tertiary"},"geometry":{"type":"LineString","coordinates":[[2.2801406,48.988589],[2.2799339,48.9886997],[2.2795767,48.9889182],[2.2793049,48.9895864],[2.2792772,48.9896796],[2.2790772,48.9904234],[2.2790636,48.9908042],[2.2789375,48.990936],[2.2787758,48.9910693],[2.2787049,48.9911408]]}},{"type":"Feature","properties":{"sinuosity":0.7,"highway":"secondary"},"geometry":{"type":"LineString","coordinates":[[2.224905,48.8157674],[2.2244492,48.8156088],[2.2239623,48.8154019],[2.2236748,48.8153147],[2.2234325,48.8152757],[2.2230104,48.8152365],[2.2228183,48.8152374],[2.2221585,48.8152651],[2.2218843,48.8152832],[2.2215731,48.815296]]}},{"type":"Feature","properties":{"sinuosity":0.7,"highway":"secondary"},"geometry":{"type":"LineString","coordinates":[[2.3439595,48.9751001],[2.3437988,48.9747777],[2.3432116,48.9736032],[2.3428746,48.9728633],[2.3425428,48.9720608],[2.3425487,48.9717551],[2.3422867,48.971475],[2.3416151,48.9704466],[2.3408428,48.9694633],[2.3408178,48.9693674]]}},{"type":"Feature","properties":{"sinuosity":0.744,"highway":"secondary"},"geometry":{"type":"LineString","coordinates":[[3.1283619,48.6664759],[3.1285867,48.6666112],[3.1290382,48.6668889],[3.1291806,48.6671052],[3.1294553,48.6681595],[3.1297471,48.6683863],[3.130363,48.6685483],[3.131059,48.6686345],[3.1314862,48.6687908],[3.1316089,48.6688784]]}},{"type":"Feature","properties":{"sinuosity":0.621,"highway":"secondary"},"geometry":{"type":"LineString","coordinates":[[2.0904185,48.9917113],[2.0905311,48.9918646],[2.0919317,48.9924225],[2.0924561,48.9925935],[2.0928891,48.9926348],[2.0932498,48.9926964],[2.0936736,48.9928587],[2.0948233,48.9935261],[2.0950456,48.9936712],[2.0954244,48.9938899]]}},{"type":"Feature","properties":{"sinuosity":0.7,"highway":"secondary"},"geometry":{"type":"LineString","coordinates":[[2.207259,49.113018],[2.2071359,49.1125838],[2.2068307,49.1117487],[2.2067583,49.1116065],[2.2066809,49.1113925],[2.2066759,49.1112225],[2.2067459,49.1109909],[2.2067933,49.1108172],[2.2067673,49.1106365],[2.2066326,49.1103835]]}},{"type":"Feature","properties":{"sinuosity":0.7,"highway":"secondary"},"geometry":{"type":"LineString","coordinates":[[3.2723762,48.7641998],[3.2733547,48.7641319],[3.2738869,48.7641998],[3.2743933,48.7643469],[3.275314,48.7647063]]}},{"type":"Feature","properties":{"sinuosity":1,"highway":"motorway_link"},"geometry":{"type":"LineString","coordinates":[[2.275212,48.9564005],[2.2750097,48.9566981],[2.2750014,48.9568362],[2.2750846,48.9570159],[2.2752514,48.9571116],[2.2754279,48.9571594],[2.2756478,48.9571656],[2.2759683,48.9570652],[2.2762406,48.9568811],[2.2768642,48.956302]]}},{"type":"Feature","properties":{"sinuosity":0.82,"highway":"trunk_link"},"geometry":{"type":"LineString","coordinates":[[1.7765112,49.1538912],[1.7756216,49.1546409],[1.7755188,49.1547312],[1.7754588,49.1547932],[1.7753402,49.1549443],[1.7752353,49.1552109],[1.7752484,49.1553436],[1.7753215,49.1555371],[1.7755185,49.1557722],[1.7760773,49.1561174]]}},{"type":"Feature","properties":{"sinuosity":0.7,"highway":"trunk_link"},"geometry":{"type":"LineString","coordinates":[[2.3455335,49.0340235],[2.345584,49.033993],[2.3456092,49.0339633],[2.3456543,49.0338641],[2.3457119,49.0337553],[2.3458169,49.0335714],[2.3459199,49.0334251],[2.3460057,49.0332675],[2.3460572,49.0331043],[2.3463954,49.031993]]}},{"type":"Feature","properties":{"sinuosity":0.7,"highway":"tertiary"},"geometry":{"type":"LineString","coordinates":[[2.5532672,48.8251323],[2.5531279,48.8250495],[2.5525733,48.8246168],[2.5524225,48.8245133],[2.5519978,48.8242795],[2.55173,48.8241418],[2.5512485,48.8238941],[2.5506482,48.8235853],[2.5497221,48.8231089],[2.5494623,48.8230763]]}},{"type":"Feature","properties":{"sinuosity":0.904,"highway":"tertiary"},"geometry":{"type":"LineString","coordinates":[[2.2455829,49.0244684],[2.2460822,49.0245367],[2.2473975,49.0245656],[2.2475595,49.0247949],[2.2470274,49.025307],[2.2467812,49.0256471],[2.2470399,49.0258793],[2.2475001,49.0262524],[2.2481716,49.0271585],[2.24864,49.0277857]]}},{"type":"Feature","properties":{"sinuosity":0.703,"highway":"trunk_link"},"geometry":{"type":"LineString","coordinates":[[2.3718695,48.7538806],[2.3718371,48.7539171],[2.3716203,48.7539555],[2.3711019,48.7540809],[2.3703761,48.7544444],[2.3695498,48.7549643],[2.3691945,48.7551264],[2.369007,48.7552519],[2.3689421,48.755354],[2.3688485,48.7558064]]}},{"type":"Feature","properties":{"sinuosity":1,"highway":"secondary"},"geometry":{"type":"LineString","coordinates":[[3.3048242,48.5638222],[3.3048344,48.5644828],[3.3036843,48.5656131],[3.3034869,48.5662379],[3.3027058,48.5675329],[3.3026543,48.5691346],[3.303135,48.5691743],[3.3032723,48.5678566],[3.3043538,48.5670899],[3.305152,48.5671694]]}},{"type":"Feature","properties":{"sinuosity":0.805,"highway":"tertiary"},"geometry":{"type":"LineString","coordinates":[[2.1216177,48.6721588],[2.1220929,48.6726558],[2.1222732,48.6730562],[2.1219588,48.6731797],[2.1210199,48.673408],[2.119983,48.6736974],[2.11885,48.6740698],[2.1181538,48.6743884],[2.1164086,48.6752932],[2.1160813,48.675624]]}},{"type":"Feature","properties":{"sinuosity":0.7,"highway":"tertiary"},"geometry":{"type":"LineString","coordinates":[[2.0733882,48.9613303],[2.0734077,48.9614317],[2.0733912,48.9629265],[2.0733336,48.9629916],[2.0733327,48.9633651],[2.0733368,48.9634746],[2.0733898,48.9638014],[2.0733998,48.9641243],[2.0733113,48.9642366],[2.0732544,48.9642709]]}},{"type":"Feature","properties":{"sinuosity":0.7,"highway":"trunk_link"},"geometry":{"type":"LineString","coordinates":[[2.2632175,49.0996887],[2.2631844,49.0994677],[2.263188,49.0991992],[2.2632203,49.0990077],[2.263311,49.098825],[2.2635637,49.0984597],[2.2636208,49.0983482],[2.2636315,49.0982341],[2.263543,49.098011],[2.2632506,49.0976633]]}},{"type":"Feature","properties":{"sinuosity":0.797,"highway":"tertiary"},"geometry":{"type":"LineString","coordinates":[[3.0721369,48.5927696],[3.0724545,48.5929157],[3.0739,48.5934791],[3.0740405,48.5935831],[3.0740274,48.5938347],[3.0739349,48.5942205],[3.073795,48.5947362],[3.0737849,48.594856],[3.073858,48.594999],[3.0741269,48.5951567]]}},{"type":"Feature","properties":{"sinuosity":0.67,"highway":"tertiary"},"geometry":{"type":"LineString","coordinates":[[3.2986485,48.5526822],[3.2988066,48.5528658],[3.2991831,48.5533204],[3.2993662,48.5535805],[3.2995704,48.5537917],[3.299902,48.5540636],[3.3006138,48.5546231],[3.3006832,48.5546658],[3.3009369,48.5547679],[3.3019627,48.5549834]]}},{"type":"Feature","properties":{"sinuosity":0.671,"highway":"tertiary"},"geometry":{"type":"LineString","coordinates":[[2.99868,48.2984363],[2.9995952,48.2988398],[3.0015801,48.2993109],[3.0025468,48.2994983],[3.0029293,48.2995293],[3.0037435,48.2995585],[3.004325,48.2996772],[3.0048497,48.29977],[3.0052218,48.3000468],[3.0054183,48.3001414]]}},{"type":"Feature","properties":{"sinuosity":0.76,"highway":"tertiary"},"geometry":{"type":"LineString","coordinates":[[2.895401,48.342678],[2.8954639,48.3425768],[2.8954129,48.3424691],[2.8950959,48.3419082],[2.8948412,48.3414853],[2.8947861,48.3413324],[2.8948192,48.3412857],[2.8952145,48.3410088],[2.8953202,48.3409217],[2.8953706,48.3408553]]}},{"type":"Feature","properties":{"sinuosity":0.7,"highway":"tertiary"},"geometry":{"type":"LineString","coordinates":[[3.2984827,48.5553607],[3.2985538,48.5552986],[3.2986161,48.5552776],[3.298696,48.5552675],[3.298867,48.5552924],[3.2996166,48.5554753],[3.3000223,48.5555711],[3.301291,48.5558647],[3.3015472,48.5559151],[3.3018245,48.5559587]]}},{"type":"Feature","properties":{"sinuosity":0.7,"highway":"tertiary"},"geometry":{"type":"LineString","coordinates":[[3.3615616,48.5556075],[3.3628276,48.5559785],[3.3633426,48.5558809],[3.3635652,48.5558845],[3.3642063,48.556078],[3.3657137,48.5560318],[3.3664808,48.5560567],[3.3691871,48.5565928],[3.3742532,48.5576045],[3.3748644,48.5576525]]}},{"type":"Feature","properties":{"sinuosity":0.766,"highway":"primary"},"geometry":{"type":"LineString","coordinates":[[2.4339998,48.8027856],[2.4347751,48.8023902],[2.435124,48.8021812],[2.4351931,48.8021256],[2.4354562,48.8017274],[2.4355236,48.8013614],[2.4354528,48.801031],[2.4354036,48.8009193],[2.435301,48.8007667],[2.4352109,48.8006503]]}},{"type":"Feature","properties":{"sinuosity":0.708,"highway":"secondary"},"geometry":{"type":"LineString","coordinates":[[3.2120902,48.4873261],[3.2116066,48.4879477],[3.2118552,48.4893519],[3.2115806,48.4898639],[3.210954,48.4904953],[3.210851,48.4910812],[3.2105592,48.4914964],[3.2095893,48.4920823],[3.2088168,48.4930891],[3.2071709,48.4940853]]}},{"type":"Feature","properties":{"sinuosity":0.911,"highway":"motorway_link"},"geometry":{"type":"LineString","coordinates":[[2.6392307,48.5742178],[2.6392427,48.5739194],[2.6390737,48.5736294],[2.638858,48.5734605],[2.6383076,48.5732966],[2.6376734,48.5733369],[2.6369467,48.5735698],[2.6365277,48.5738088],[2.6361162,48.5741987],[2.6359812,48.5744386]]}},{"type":"Feature","properties":{"sinuosity":0.755,"highway":"trunk_link"},"geometry":{"type":"LineString","coordinates":[[2.4568738,48.6156292],[2.456891,48.6159231],[2.456749,48.6160621],[2.4565162,48.6162516],[2.4563612,48.6164355],[2.4563076,48.6165878],[2.4563259,48.6167494],[2.4563623,48.616821],[2.4566178,48.6171386],[2.4570702,48.6176797]]}},{"type":"Feature","properties":{"sinuosity":0.7,"highway":"secondary"},"geometry":{"type":"LineString","coordinates":[[2.6465893,48.8593236],[2.6463916,48.8594255],[2.6463631,48.8594527],[2.6463005,48.8595659],[2.6462722,48.8596914],[2.6461668,48.8599756],[2.6460951,48.8600996],[2.6452039,48.8611967],[2.6450703,48.8613605],[2.6448569,48.8616326]]}},{"type":"Feature","properties":{"sinuosity":0.808,"highway":"secondary"},"geometry":{"type":"LineString","coordinates":[[1.810985,48.7805654],[1.8110798,48.7805216],[1.8119837,48.7804266],[1.8121926,48.7803904],[1.8126104,48.7802014],[1.8128015,48.7800208],[1.8129481,48.7791522],[1.8129532,48.7790901],[1.8129662,48.7790106],[1.8129682,48.7789985]]}},{"type":"Feature","properties":{"sinuosity":0.7,"highway":"tertiary"},"geometry":{"type":"LineString","coordinates":[[2.9025365,48.3218015],[2.9030429,48.3219157],[2.9039184,48.3220583],[2.9043046,48.322201],[2.9047509,48.3225092],[2.9048711,48.3225606],[2.9050943,48.3227033],[2.905326,48.3229258],[2.9054977,48.3230457]]}},{"type":"Feature","properties":{"sinuosity":0.742,"highway":"tertiary"},"geometry":{"type":"LineString","coordinates":[[2.9011916,48.3161048],[2.9013387,48.3162805],[2.9014023,48.3164261],[2.9013434,48.3169115],[2.9012061,48.3170428],[2.9002105,48.3176307],[2.9000903,48.3177449],[2.8999358,48.3180131],[2.8999015,48.3181615],[2.8999064,48.3182435]]}},{"type":"Feature","properties":{"sinuosity":0.7,"highway":"secondary"},"geometry":{"type":"LineString","coordinates":[[2.278978,48.7604358],[2.279683,48.760788],[2.2803116,48.7611057],[2.2808242,48.7613649],[2.2810867,48.7614976],[2.2814489,48.7616851],[2.2819905,48.7619654],[2.2821252,48.7620351],[2.2826461,48.762295],[2.2827052,48.76238]]}},{"type":"Feature","properties":{"sinuosity":1,"highway":"motorway_link"},"geometry":{"type":"LineString","coordinates":[[2.2629892,48.9620698],[2.2657929,48.9629514],[2.2672791,48.9634262],[2.2677955,48.9633633],[2.2680399,48.9631562],[2.2680687,48.9628639],[2.2678903,48.9626629],[2.2674068,48.9625225],[2.2670666,48.9625576],[2.2660895,48.9629487]]}},{"type":"Feature","properties":{"sinuosity":0.7,"highway":"tertiary"},"geometry":{"type":"LineString","coordinates":[[2.7360322,48.3360869],[2.7360554,48.3360652],[2.7360645,48.3360294],[2.7362943,48.3351546],[2.7364008,48.3347782],[2.7364865,48.334473],[2.736604,48.3343123]]}},{"type":"Feature","properties":{"sinuosity":0.994,"highway":"tertiary"},"geometry":{"type":"LineString","coordinates":[[3.0022546,48.2241359],[3.0023782,48.2241545],[3.0027988,48.2240495],[3.0050653,48.2228503],[3.005472,48.2228344],[3.0072147,48.2241553],[3.0083141,48.2251019],[3.0084768,48.2265134],[3.0085882,48.2271026],[3.0094595,48.2297464]]}},{"type":"Feature","properties":{"sinuosity":0.921,"highway":"motorway_link"},"geometry":{"type":"LineString","coordinates":[[2.624033,48.9395475],[2.6245198,48.9397597],[2.624903,48.9399015],[2.6252008,48.9399509],[2.6255136,48.9399477],[2.625739,48.939911],[2.6261085,48.9398031],[2.6275456,48.939236],[2.6279126,48.9387906],[2.628033,48.9377579]]}},{"type":"Feature","properties":{"sinuosity":0.737,"highway":"tertiary"},"geometry":{"type":"LineString","coordinates":[[2.9594936,48.3732923],[2.9584311,48.3742151],[2.9581025,48.3745068],[2.9578332,48.3747717],[2.9576502,48.3752262],[2.9577005,48.3753547],[2.9578946,48.3756065],[2.9579637,48.3757608],[2.9578081,48.3759474],[2.9575907,48.3759799]]}},{"type":"Feature","properties":{"sinuosity":0.7,"highway":"tertiary"},"geometry":{"type":"LineString","coordinates":[[2.9910332,48.3615734],[2.9903989,48.3619579],[2.9888703,48.3630206],[2.9887686,48.3630935],[2.9885724,48.3632342],[2.988305,48.3634372],[2.9881502,48.3636448],[2.9881414,48.3639145],[2.9881318,48.3644471],[2.9880703,48.3646003]]}},{"type":"Feature","properties":{"sinuosity":0.793,"highway":"secondary"},"geometry":{"type":"LineString","coordinates":[[2.3368021,48.6946325],[2.3365995,48.6944656],[2.3363859,48.6943986],[2.3363477,48.6942817],[2.3362877,48.6938045],[2.3362904,48.6935263],[2.3364218,48.6933226],[2.3371513,48.6927916],[2.3372949,48.6925693],[2.3372868,48.6924537]]}},{"type":"Feature","properties":{"sinuosity":1,"highway":"tertiary"},"geometry":{"type":"LineString","coordinates":[[2.3239276,48.7488056],[2.3237597,48.7486541],[2.3233997,48.7483386],[2.3233225,48.7482024],[2.3233503,48.7480607],[2.3234662,48.7479491],[2.3239888,48.7477803],[2.3251518,48.7474613],[2.3252392,48.7474358]]}},{"type":"Feature","properties":{"sinuosity":0.764,"highway":"tertiary"},"geometry":{"type":"LineString","coordinates":[[2.331443,48.7418773],[2.3313603,48.7415373],[2.3313546,48.7414961],[2.331362,48.741468],[2.3313888,48.7414466],[2.3314085,48.7414362],[2.3314197,48.7414303],[2.3314676,48.7414116],[2.3337466,48.740737]]}},{"type":"Feature","properties":{"sinuosity":0.7,"highway":"tertiary"},"geometry":{"type":"LineString","coordinates":[[2.5507051,48.6167518],[2.5507946,48.6166774],[2.5520035,48.6147577],[2.5520737,48.6146532],[2.552083,48.6145881],[2.5520908,48.614544]]}},{"type":"Feature","properties":{"sinuosity":0.7,"highway":"tertiary"},"geometry":{"type":"LineString","coordinates":[[2.3231128,48.7271408],[2.3231591,48.7271602],[2.3232709,48.7273145],[2.323377,48.7273595],[2.3240676,48.7275026],[2.324646,48.7276412],[2.3255696,48.7285533],[2.3257645,48.7287676],[2.3264882,48.7295389],[2.3265117,48.7295637]]}},{"type":"Feature","properties":{"sinuosity":0.978,"highway":"trunk_link"},"geometry":{"type":"LineString","coordinates":[[1.6581393,49.215477],[1.6580065,49.2156346],[1.6580213,49.2158668],[1.6582587,49.2160481],[1.6586449,49.2160998],[1.6591384,49.2159745],[1.6595113,49.2157704],[1.6597607,49.2155295],[1.6599344,49.2152001],[1.6599544,49.2149895]]}},{"type":"Feature","properties":{"sinuosity":0.898,"highway":"tertiary"},"geometry":{"type":"LineString","coordinates":[[1.4900962,48.9311795],[1.4890361,48.9309704],[1.4885036,48.9310174],[1.4872581,48.9310865],[1.486151,48.9314402],[1.4842533,48.9316739],[1.4835255,48.9314988],[1.4833588,48.9313597],[1.4832549,48.9300929],[1.4825417,48.9294747]]}},{"type":"Feature","properties":{"sinuosity":1,"highway":"motorway_link"},"geometry":{"type":"LineString","coordinates":[[2.5498821,48.6217684],[2.5500605,48.6216322],[2.5501963,48.6213576],[2.5502294,48.6211021],[2.5500928,48.6208445],[2.5497012,48.6206459],[2.5493029,48.6206122],[2.5488536,48.6206893],[2.5485458,48.6207877],[2.5482092,48.6208657]]}},{"type":"Feature","properties":{"sinuosity":0.789,"highway":"tertiary"},"geometry":{"type":"LineString","coordinates":[[3.0603421,48.7502463],[3.0602275,48.7524018],[3.06021,48.7526176],[3.0589682,48.7532604],[3.0583137,48.7536866],[3.0571496,48.7545044],[3.0567312,48.7546384],[3.0545713,48.7547631],[3.0543427,48.7548634],[3.0541234,48.75533]]}},{"type":"Feature","properties":{"sinuosity":0.786,"highway":"tertiary"},"geometry":{"type":"LineString","coordinates":[[2.9310349,48.3355918],[2.9318041,48.3357728],[2.9320863,48.3358778],[2.9324571,48.3359821],[2.9327232,48.3360164],[2.9329911,48.3359971],[2.9332124,48.3359365],[2.9337113,48.3356635],[2.9338664,48.3355677],[2.9347287,48.3350148]]}},{"type":"Feature","properties":{"sinuosity":1,"highway":"tertiary"},"geometry":{"type":"LineString","coordinates":[[1.9410209,49.012324],[1.9357994,49.0115068],[1.9356798,49.0114521],[1.9357712,49.0113884],[1.9379462,49.0110971],[1.9380547,49.0110546],[1.9380968,49.0109985],[1.938029,49.0109223],[1.9368451,49.0107672],[1.9359798,49.0105687]]}},{"type":"Feature","properties":{"sinuosity":0.714,"highway":"tertiary"},"geometry":{"type":"LineString","coordinates":[[1.6246038,49.2021206],[1.6253396,49.2021282],[1.6266683,49.202301],[1.6271514,49.2024751],[1.6273964,49.2027628],[1.6281784,49.2034595],[1.628298,49.2038309],[1.6287261,49.2041081],[1.6297584,49.2044397],[1.6311518,49.2048781]]}},{"type":"Feature","properties":{"sinuosity":0.769,"highway":"tertiary"},"geometry":{"type":"LineString","coordinates":[[1.6803357,49.2071132],[1.6808274,49.2072863],[1.6812875,49.2073777],[1.681521,49.2072852],[1.6815989,49.2071337],[1.681406,49.2065268],[1.6814351,49.2062877],[1.6816555,49.2060539],[1.6833065,49.2052217],[1.687628,49.2033351]]}},{"type":"Feature","properties":{"sinuosity":0.762,"highway":"tertiary"},"geometry":{"type":"LineString","coordinates":[[1.958798,49.0108814],[1.9587418,49.0108777],[1.9585762,49.0107766],[1.9583624,49.0105899],[1.9580533,49.0105534],[1.9578132,49.0106046],[1.955965,49.0111603],[1.9556703,49.0112912],[1.9543051,49.0122558],[1.9534995,49.0129674]]}},{"type":"Feature","properties":{"sinuosity":0.83,"highway":"tertiary"},"geometry":{"type":"LineString","coordinates":[[1.9484448,49.0143533],[1.94836,49.014655],[1.9479422,49.0149699],[1.9477531,49.015217],[1.9474782,49.0154483],[1.9473241,49.0154785],[1.9470126,49.0154462],[1.9462863,49.0153545],[1.9448912,49.0152262],[1.9447214,49.0152346]]}},{"type":"Feature","properties":{"sinuosity":0.638,"highway":"tertiary"},"geometry":{"type":"LineString","coordinates":[[2.4981086,48.6064233],[2.4985044,48.6056089],[2.4986327,48.6048132],[2.4986185,48.6033459],[2.4986295,48.6030405],[2.4986818,48.6023463],[2.4986897,48.6022121],[2.4987429,48.6018064],[2.4990778,48.600982],[2.4992402,48.6004949]]}},{"type":"Feature","properties":{"sinuosity":1,"highway":"tertiary"},"geometry":{"type":"LineString","coordinates":[[1.4721927,48.9199081],[1.4719842,48.9200342],[1.4715926,48.9198679],[1.470104,48.9196026],[1.4696856,48.9196449],[1.4673958,48.9205299],[1.4673456,48.9210317],[1.4695588,48.9217189],[1.4693894,48.9232866],[1.4702581,48.9246078]]}},{"type":"Feature","properties":{"sinuosity":0.7,"highway":"tertiary"},"geometry":{"type":"LineString","coordinates":[[2.5181931,48.5947148],[2.5162444,48.5944199],[2.5147419,48.5942206],[2.5130662,48.5940559],[2.5126554,48.5938227],[2.5122083,48.5931973],[2.5100314,48.5923702],[2.5091476,48.5916871],[2.5080863,48.5914303],[2.5056881,48.5912861]]}},{"type":"Feature","properties":{"sinuosity":0.7,"highway":"trunk_link"},"geometry":{"type":"LineString","coordinates":[[2.7810852,48.7336314],[2.7809665,48.7336985],[2.7805417,48.7337706],[2.7801462,48.7338498],[2.7793909,48.7340592],[2.7782891,48.7343891],[2.778228,48.7343985]]}},{"type":"Feature","properties":{"sinuosity":0.7,"highway":"trunk_link"},"geometry":{"type":"LineString","coordinates":[[2.8166847,48.7271542],[2.8165178,48.727251],[2.815904,48.7274348],[2.8153235,48.7276672],[2.8150026,48.7278308],[2.8147055,48.7280069],[2.814579,48.7280979],[2.814538,48.7281935],[2.8145493,48.7282446],[2.8145672,48.7282837]]}},{"type":"Feature","properties":{"sinuosity":0.7,"highway":"tertiary"},"geometry":{"type":"LineString","coordinates":[[1.9760803,48.9373743],[1.9759064,48.9374944],[1.9757475,48.9378117],[1.97549,48.9385277],[1.9753835,48.938802],[1.9751538,48.9390819],[1.9746805,48.9394057]]}},{"type":"Feature","properties":{"sinuosity":0.7,"highway":"trunk_link"},"geometry":{"type":"LineString","coordinates":[[2.5692269,48.6455948],[2.5692775,48.6457087],[2.5693302,48.6457606],[2.5694225,48.6458138],[2.5707087,48.6465326],[2.5711722,48.6467424],[2.5714984,48.6468274],[2.5718331,48.6468728]]}},{"type":"Feature","properties":{"sinuosity":1,"highway":"trunk_link"},"geometry":{"type":"LineString","coordinates":[[2.5684609,48.6470697],[2.5692869,48.6469744],[2.5697503,48.6468875],[2.5699833,48.6467403],[2.5700829,48.6465556],[2.5700808,48.6464558],[2.5699757,48.6462819],[2.5696259,48.6460223],[2.5692514,48.6458412],[2.5689434,48.6457784]]}},{"type":"Feature","properties":{"sinuosity":0.719,"highway":"secondary"},"geometry":{"type":"LineString","coordinates":[[2.0372673,48.8090791],[2.0371114,48.8092303],[2.0370294,48.809345],[2.0369556,48.8095511],[2.0369447,48.8096432],[2.0369983,48.8099095],[2.0370787,48.8100916],[2.0375783,48.8107099],[2.0377788,48.8109214],[2.0381415,48.8112784]]}},{"type":"Feature","properties":{"sinuosity":0.7,"highway":"tertiary"},"geometry":{"type":"LineString","coordinates":[[2.9319325,48.9676574],[2.9321866,48.9672866],[2.9326476,48.9664069],[2.9328145,48.9662649],[2.933827,48.965557],[2.9340613,48.9654445],[2.9343125,48.9651035],[2.9345611,48.9646361],[2.934909,48.9639336],[2.9353452,48.9628846]]}},{"type":"Feature","properties":{"sinuosity":1,"highway":"tertiary"},"geometry":{"type":"LineString","coordinates":[[2.9175028,49.0069335],[2.9164302,49.0071946],[2.9153654,49.0070363],[2.9147431,49.00608],[2.914373,49.0060827],[2.9141423,49.0072545],[2.9145916,49.0082899],[2.9141209,49.008589],[2.9128313,49.0084212],[2.9106402,49.0089555]]}},{"type":"Feature","properties":{"sinuosity":0.7,"highway":"trunk_link"},"geometry":{"type":"LineString","coordinates":[[2.4428148,48.7951165],[2.4429236,48.7952055],[2.4430301,48.7954092],[2.4433899,48.7960117],[2.4438909,48.7967307],[2.4440008,48.7968136]]}},{"type":"Feature","properties":{"sinuosity":0.7,"highway":"primary"},"geometry":{"type":"LineString","coordinates":[[3.5378038,48.8758633],[3.5378294,48.8757268],[3.5380864,48.8743926],[3.5381465,48.874008],[3.5381768,48.8736265],[3.5382484,48.8730879],[3.5384767,48.8727376],[3.5385716,48.8726112],[3.5390251,48.8723894],[3.5393911,48.8722624]]}},{"type":"Feature","properties":{"sinuosity":0.856,"highway":"tertiary"},"geometry":{"type":"LineString","coordinates":[[1.8973816,48.8355942],[1.8975655,48.8355163],[1.8983004,48.8354083],[1.8984318,48.8353891],[1.8985369,48.8353441],[1.8984209,48.8348311],[1.8983854,48.8346817],[1.8983969,48.8345403],[1.8984789,48.834285],[1.8985585,48.8341077]]}},{"type":"Feature","properties":{"sinuosity":0.7,"highway":"secondary"},"geometry":{"type":"LineString","coordinates":[[2.4405785,48.8844836],[2.4404135,48.8845928],[2.4402692,48.8846962],[2.4400757,48.8847765],[2.4393994,48.8849397],[2.4387851,48.8850878],[2.4377991,48.8852805],[2.4373474,48.8852905],[2.4371104,48.8852911],[2.4366773,48.8852437]]}},{"type":"Feature","properties":{"sinuosity":0.7,"highway":"trunk_link"},"geometry":{"type":"LineString","coordinates":[[2.2014752,49.0550166],[2.2013614,49.0550142],[2.2007672,49.0547625],[2.1994466,49.0540669],[2.198948,49.0539376],[2.1963629,49.0536411],[2.196125,49.0535985],[2.1959264,49.053525],[2.1953542,49.0532234],[2.1952958,49.0531936]]}},{"type":"Feature","properties":{"sinuosity":0.891,"highway":"tertiary"},"geometry":{"type":"LineString","coordinates":[[2.2364582,49.0204584],[2.2363682,49.0202973],[2.2359876,49.0197239],[2.2358945,49.0195731],[2.2357561,49.0193127],[2.2357479,49.0192711],[2.2357649,49.0192527],[2.2357926,49.0192316],[2.237052,49.0186859],[2.2370857,49.0186669]]}},{"type":"Feature","properties":{"sinuosity":0.7,"highway":"tertiary"},"geometry":{"type":"LineString","coordinates":[[2.258893,48.9868954],[2.2588545,48.9868239],[2.258797,48.9867348],[2.2584598,48.986269],[2.2583962,48.9861971],[2.2578972,48.9855211],[2.2578566,48.9854965],[2.2576409,48.9852207],[2.2576152,48.9851881],[2.2575994,48.9851679]]}},{"type":"Feature","properties":{"sinuosity":0.7,"highway":"primary"},"geometry":{"type":"LineString","coordinates":[[2.6235676,48.8560382],[2.623448,48.8559263],[2.6227638,48.8556991],[2.6225778,48.8555969],[2.6224712,48.8554984],[2.6222796,48.8551886],[2.6220428,48.8546974],[2.6217073,48.8540098],[2.6216128,48.8538234],[2.6213408,48.8532158]]}},{"type":"Feature","properties":{"sinuosity":0.725,"highway":"tertiary"},"geometry":{"type":"LineString","coordinates":[[2.0235668,49.1421318],[2.0227807,49.1412581],[2.0222733,49.1407716],[2.0215677,49.1402445],[2.0214429,49.1402156],[2.0212863,49.1402187],[2.0211539,49.140256],[2.0209958,49.1403067]]}},{"type":"Feature","properties":{"sinuosity":0.7,"highway":"secondary"},"geometry":{"type":"LineString","coordinates":[[2.387514,48.6901351],[2.3879467,48.6907973],[2.38828,48.6912943],[2.3883394,48.691352],[2.3883942,48.691418],[2.3884023,48.6914504],[2.3884829,48.6915876],[2.388588,48.6917023],[2.3886207,48.6917755],[2.3889069,48.6922]]}},{"type":"Feature","properties":{"sinuosity":0.679,"highway":"secondary"},"geometry":{"type":"LineString","coordinates":[[2.3956034,48.670094],[2.3962021,48.6704622],[2.3963,48.6705595],[2.3963192,48.6706085],[2.3963273,48.6706998],[2.3962874,48.6708022],[2.3962089,48.6708911],[2.3960751,48.6710028],[2.3955269,48.6714167],[2.3941583,48.6724499]]}},{"type":"Feature","properties":{"sinuosity":0.7,"highway":"secondary"},"geometry":{"type":"LineString","coordinates":[[1.7149562,48.9895756],[1.7150842,48.9895831],[1.7151338,48.9895618],[1.7152653,48.9893897],[1.7155288,48.9893719],[1.7159089,48.9893703],[1.7167736,48.989373],[1.7174023,48.989351],[1.7177687,48.9892597],[1.7182616,48.9891075]]}},{"type":"Feature","properties":{"sinuosity":0.788,"highway":"tertiary"},"geometry":{"type":"LineString","coordinates":[[3.2315858,48.9790493],[3.2324306,48.9794263],[3.2351696,48.979749],[3.2365146,48.9797458],[3.2377434,48.9803474],[3.2398554,48.980862],[3.2413959,48.9806808],[3.2423671,48.9811948],[3.2429088,48.9816804],[3.2438062,48.9808815]]}},{"type":"Feature","properties":{"sinuosity":1,"highway":"tertiary"},"geometry":{"type":"LineString","coordinates":[[3.2438062,48.9808815],[3.2442284,48.9804846],[3.2449472,48.9799688],[3.2450799,48.9799263],[3.2452052,48.9799033],[3.2454162,48.979968],[3.2454849,48.9800388],[3.2455355,48.9801283],[3.245514,48.9803259],[3.2452257,48.9810166]]}},{"type":"Feature","properties":{"sinuosity":0.779,"highway":"tertiary"},"geometry":{"type":"LineString","coordinates":[[3.2259793,48.9846244],[3.2257685,48.984783],[3.2252907,48.9849359],[3.2245168,48.9850092],[3.2240576,48.9852524],[3.2241091,48.9858679],[3.2248553,48.9870723],[3.2243487,48.9881599],[3.2256426,48.9911592],[3.2256329,48.9924461]]}},{"type":"Feature","properties":{"sinuosity":0.7,"highway":"secondary"},"geometry":{"type":"LineString","coordinates":[[2.5786586,48.8621523],[2.5785237,48.8623221],[2.5784737,48.8623527],[2.5783406,48.8624355],[2.5780576,48.8625602],[2.5780015,48.8625847],[2.577594,48.8627522],[2.5762072,48.8633354],[2.5760884,48.8633843],[2.5758542,48.8634829]]}},{"type":"Feature","properties":{"sinuosity":0.7,"highway":"tertiary"},"geometry":{"type":"LineString","coordinates":[[2.067659,49.0885247],[2.0675744,49.0884988],[2.0674252,49.0884422],[2.0673497,49.0884039],[2.0670621,49.0881526],[2.0666816,49.0878261],[2.0661974,49.0874107],[2.0661217,49.0873795],[2.0658248,49.0873172],[2.0657037,49.0873287]]}},{"type":"Feature","properties":{"sinuosity":0.7,"highway":"primary"},"geometry":{"type":"LineString","coordinates":[[2.554964,48.6101346],[2.5549892,48.6099603],[2.5550341,48.6097777],[2.5550052,48.6096642],[2.5549784,48.6095587],[2.5549918,48.6094777],[2.5557006,48.6080308]]}},{"type":"Feature","properties":{"sinuosity":0.7,"highway":"primary"},"geometry":{"type":"LineString","coordinates":[[1.8812248,49.1935855],[1.8805607,49.19406],[1.8800344,49.1944348],[1.8794861,49.194807],[1.8794274,49.1948761],[1.8794117,49.194968]]}},{"type":"Feature","properties":{"sinuosity":0.76,"highway":"tertiary"},"geometry":{"type":"LineString","coordinates":[[2.1149315,49.0447992],[2.1146405,49.0447792],[2.1140251,49.0449882],[2.1132518,49.0452703],[2.1131033,49.0452943],[2.1129226,49.0452708],[2.112164,49.0449335],[2.1114475,49.044653],[2.1107775,49.0443908]]}},{"type":"Feature","properties":{"sinuosity":0.826,"highway":"tertiary"},"geometry":{"type":"LineString","coordinates":[[2.1084922,49.0449655],[2.1085697,49.0449077],[2.1086679,49.0448345],[2.1087993,49.0447365],[2.1088946,49.0446654],[2.1092955,49.0443778],[2.1095807,49.0442045],[2.1097443,49.0441821],[2.1101887,49.0443036],[2.1106766,49.0444624]]}},{"type":"Feature","properties":{"sinuosity":0.742,"highway":"tertiary"},"geometry":{"type":"LineString","coordinates":[[2.2962063,49.0436289],[2.2958716,49.0436276],[2.2954724,49.0436116],[2.2944813,49.0436752],[2.2941161,49.0436704],[2.2938731,49.0436336],[2.2929818,49.0434662],[2.2926318,49.0435594],[2.2918081,49.0442163],[2.2914666,49.044322]]}},{"type":"Feature","properties":{"sinuosity":0.778,"highway":"tertiary"},"geometry":{"type":"LineString","coordinates":[[2.2237494,49.0270924],[2.2242652,49.0275012],[2.2248978,49.0279118],[2.225203,49.0281823],[2.2248982,49.0284425],[2.2247932,49.0285238],[2.2247045,49.0287801],[2.2248507,49.0291197],[2.2251366,49.0293596],[2.2257803,49.0297848]]}},{"type":"Feature","properties":{"sinuosity":0.7,"highway":"tertiary"},"geometry":{"type":"LineString","coordinates":[[2.2257803,49.0297848],[2.225792,49.0298417],[2.2258305,49.0300223],[2.2258619,49.0301657],[2.2257401,49.0303999],[2.2256204,49.0305348],[2.2255208,49.0306364],[2.2253839,49.0310096],[2.2251508,49.0313306],[2.2247112,49.0318336]]}},{"type":"Feature","properties":{"sinuosity":1,"highway":"trunk_link"},"geometry":{"type":"LineString","coordinates":[[2.1491567,49.0520788],[2.1495092,49.0520471],[2.1496618,49.0520101],[2.1498718,49.0518945],[2.149985,49.051728],[2.1499931,49.0516488],[2.1499399,49.0515027],[2.1497892,49.0513588],[2.1496899,49.0513166],[2.1487762,49.0511097]]}},{"type":"Feature","properties":{"sinuosity":0.7,"highway":"secondary"},"geometry":{"type":"LineString","coordinates":[[2.4856926,48.6869196],[2.48561,48.6870583],[2.4852154,48.6874006],[2.4845638,48.6879525],[2.4843686,48.6881083],[2.4840005,48.6884291],[2.4839539,48.6884574],[2.4838038,48.6885799],[2.4836944,48.6886638],[2.4835614,48.6887208]]}},{"type":"Feature","properties":{"sinuosity":0.713,"highway":"tertiary"},"geometry":{"type":"LineString","coordinates":[[2.0666637,48.8371655],[2.0671141,48.8372348],[2.0677941,48.8374614],[2.0691982,48.8373643],[2.0695176,48.8371452],[2.069692,48.8371216],[2.0702806,48.8371028],[2.0705601,48.8371996],[2.0713632,48.837121],[2.0716707,48.8370453]]}},{"type":"Feature","properties":{"sinuosity":0.649,"highway":"tertiary"},"geometry":{"type":"LineString","coordinates":[[2.9463635,48.2443915],[2.9447756,48.2412191],[2.9443447,48.2408625],[2.9446685,48.2400119],[2.94469,48.2399302],[2.9446634,48.2396612],[2.9446363,48.2395805],[2.9445264,48.2394421],[2.9444494,48.2393898],[2.939188,48.2360741]]}},{"type":"Feature","properties":{"sinuosity":0.7,"highway":"tertiary"},"geometry":{"type":"LineString","coordinates":[[2.939188,48.2360741],[2.9383812,48.235674],[2.9379692,48.2353881],[2.938098,48.2343305],[2.9380709,48.2338312],[2.9380551,48.2335415],[2.9370251,48.2319178],[2.9366567,48.2304502],[2.9366646,48.2303284],[2.9367229,48.2301829]]}},{"type":"Feature","properties":{"sinuosity":0.7,"highway":"tertiary"},"geometry":{"type":"LineString","coordinates":[[2.9771303,48.2472452],[2.9765518,48.2472974],[2.9763294,48.2473206],[2.9761132,48.2473441],[2.9756472,48.2473883],[2.9752489,48.2474535],[2.9749688,48.2475345],[2.9740971,48.2479364],[2.9739293,48.2479673],[2.9738695,48.2479928]]}},{"type":"Feature","properties":{"sinuosity":0.695,"highway":"secondary"},"geometry":{"type":"LineString","coordinates":[[2.5271963,48.8136932],[2.5272523,48.8137102],[2.5273758,48.8137263],[2.5274405,48.8137168],[2.5281767,48.8134474],[2.5284132,48.81337],[2.5288907,48.8132085],[2.529143,48.8131287],[2.5299547,48.8129375],[2.5312769,48.8126948]]}},{"type":"Feature","properties":{"sinuosity":0.7,"highway":"tertiary"},"geometry":{"type":"LineString","coordinates":[[2.4931849,48.7148789],[2.4935968,48.715348],[2.4938867,48.7157354],[2.4938473,48.7159626],[2.4939359,48.7161538],[2.4943439,48.7164612],[2.4949078,48.716785],[2.495397,48.7172519],[2.4956091,48.7175333],[2.495829,48.7179459]]}},{"type":"Feature","properties":{"sinuosity":0.8,"highway":"tertiary"},"geometry":{"type":"LineString","coordinates":[[2.1902313,48.7436511],[2.1903538,48.74363],[2.191395,48.7433467],[2.1927609,48.7429594],[2.1932919,48.7427692],[2.1935789,48.742534],[2.1937319,48.7422092],[2.1936697,48.7420319],[2.1935246,48.7413856],[2.1936292,48.7411419]]}},{"type":"Feature","properties":{"sinuosity":0.773,"highway":"tertiary"},"geometry":{"type":"LineString","coordinates":[[2.7891756,48.6357553],[2.7892602,48.6356195],[2.78995,48.6350056],[2.7907138,48.6343267],[2.7916519,48.6334621],[2.7918012,48.6333935],[2.7920032,48.6334448],[2.7926912,48.6335494],[2.792891,48.6335786],[2.7932107,48.633621]]}},{"type":"Feature","properties":{"sinuosity":0.7,"highway":"tertiary"},"geometry":{"type":"LineString","coordinates":[[2.7949066,48.6328768],[2.7954304,48.633291],[2.7957276,48.6337277],[2.7957349,48.6339332],[2.795809,48.6342261],[2.7961573,48.6345987],[2.7965299,48.6350387],[2.7967729,48.6355484],[2.7969663,48.6365127],[2.7970391,48.6368475]]}},{"type":"Feature","properties":{"sinuosity":0.7,"highway":"trunk_link"},"geometry":{"type":"LineString","coordinates":[[1.8340297,48.5797461],[1.8338941,48.5798821],[1.8336909,48.5805652],[1.8336077,48.5807125],[1.8334334,48.5808367],[1.8327937,48.5811401],[1.8325898,48.5813114],[1.832453,48.5815003],[1.8323766,48.5817452],[1.8322928,48.5819261]]}},{"type":"Feature","properties":{"sinuosity":0.7,"highway":"trunk_link"},"geometry":{"type":"LineString","coordinates":[[1.8319486,48.5809795],[1.8318026,48.5802849],[1.8317664,48.5801571],[1.8316779,48.5799894],[1.8316255,48.5799175],[1.8311548,48.5795857],[1.8310449,48.5795059],[1.8309067,48.5793657],[1.8308745,48.5792903],[1.8308198,48.5791691]]}},{"type":"Feature","properties":{"sinuosity":0.807,"highway":"tertiary"},"geometry":{"type":"LineString","coordinates":[[1.8875772,48.5782132],[1.8865567,48.579281],[1.8867056,48.5809791],[1.8873054,48.5815028],[1.8880729,48.5827759],[1.8887801,48.5839478],[1.8899361,48.584806],[1.890151,48.5849225],[1.891431,48.5853625],[1.8923414,48.5858218]]}},{"type":"Feature","properties":{"sinuosity":0.803,"highway":"secondary"},"geometry":{"type":"LineString","coordinates":[[1.9518987,48.6380997],[1.9519535,48.6380764],[1.9523963,48.6379606],[1.9533216,48.6376382],[1.9536628,48.6375129],[1.9540677,48.6373626],[1.9542473,48.6372165],[1.9542996,48.6370651],[1.9541905,48.6366865],[1.9541016,48.6364346]]}},{"type":"Feature","properties":{"sinuosity":1,"highway":"secondary"},"geometry":{"type":"LineString","coordinates":[[1.9518987,48.6380997],[1.9517724,48.6382996],[1.9515948,48.6385847],[1.951268,48.6391023],[1.9512676,48.6392432],[1.9514243,48.6394379],[1.9516334,48.6394888],[1.9524515,48.6394739],[1.9526091,48.6394618],[1.9528396,48.6393863]]}},{"type":"Feature","properties":{"sinuosity":0.7,"highway":"tertiary"},"geometry":{"type":"LineString","coordinates":[[2.7955935,48.6326297],[2.795765,48.6326675],[2.7961627,48.6328669],[2.7966039,48.6330548],[2.7973133,48.6332489],[2.7974883,48.6333194],[2.7976566,48.6334424],[2.798354,48.6340506],[2.7983983,48.634114],[2.7984102,48.6341772]]}},{"type":"Feature","properties":{"sinuosity":0.7,"highway":"tertiary"},"geometry":{"type":"LineString","coordinates":[[2.8596346,48.9257082],[2.8596781,48.9256962],[2.8597026,48.9256826],[2.8597376,48.9256743],[2.8614488,48.9253508],[2.8615499,48.9253276],[2.8623383,48.9251464],[2.86327,48.9249256],[2.8633857,48.9248942],[2.8634249,48.9248835]]}},{"type":"Feature","properties":{"sinuosity":0.702,"highway":"trunk_link"},"geometry":{"type":"LineString","coordinates":[[1.8301098,48.6201302],[1.8303512,48.6200737],[1.8304969,48.6200079],[1.8305996,48.6199207],[1.8307069,48.6197638],[1.8308598,48.6194872],[1.8309433,48.6193031],[1.8310246,48.6190176],[1.831082,48.6185976],[1.8311523,48.6185391]]}},{"type":"Feature","properties":{"sinuosity":0.7,"highway":"motorway_link"},"geometry":{"type":"LineString","coordinates":[[2.2798162,48.9340787],[2.2801894,48.934052],[2.2805343,48.9339715],[2.281134,48.9337037],[2.2813589,48.9335413],[2.2823934,48.9325172],[2.2824182,48.9324942],[2.2825017,48.9324417],[2.2825425,48.9324336],[2.2825797,48.9324302]]}},{"type":"Feature","properties":{"sinuosity":0.7,"highway":"tertiary"},"geometry":{"type":"LineString","coordinates":[[1.9995611,48.9349071],[1.9989688,48.9351745],[1.9983745,48.9354937],[1.9978133,48.9359854],[1.9976095,48.9361674],[1.997379,48.9363744],[1.9968305,48.9368836],[1.9967404,48.937003],[1.9964406,48.9375842],[1.9961952,48.9377978]]}},{"type":"Feature","properties":{"sinuosity":0.7,"highway":"trunk_link"},"geometry":{"type":"LineString","coordinates":[[2.3637932,48.7395616],[2.3637719,48.7394959],[2.3637728,48.7394203],[2.363779,48.7393963],[2.3638511,48.7392027],[2.3641643,48.7382982],[2.3643408,48.7378561],[2.3644338,48.7376266],[2.3644549,48.7375516],[2.3644328,48.7374673]]}},{"type":"Feature","properties":{"sinuosity":0.998,"highway":"tertiary"},"geometry":{"type":"LineString","coordinates":[[2.3606703,48.7427755],[2.3605705,48.7427895],[2.3600358,48.7427591],[2.3595347,48.7425501],[2.3593707,48.7423559],[2.3595461,48.7418491],[2.3595897,48.741744],[2.3596492,48.7416009],[2.3598744,48.7411594],[2.3601838,48.7409622]]}},{"type":"Feature","properties":{"sinuosity":0.75,"highway":"tertiary"},"geometry":{"type":"LineString","coordinates":[[2.1825266,48.9806251],[2.1826134,48.9806671],[2.1826784,48.9806962],[2.183237,48.9809523],[2.1836897,48.9811568],[2.1844183,48.9814998],[2.1844602,48.9815055],[2.1845199,48.9815013],[2.1847598,48.9813674],[2.1848438,48.9813194]]}},{"type":"Feature","properties":{"sinuosity":0.7,"highway":"tertiary"},"geometry":{"type":"LineString","coordinates":[[1.8699919,49.0459364],[1.8708154,49.0466396],[1.8709973,49.0468041],[1.8712082,49.0468581],[1.8716697,49.04692],[1.8722771,49.0469833],[1.8725775,49.0470263],[1.8728444,49.0470624],[1.8734774,49.0471819],[1.8741197,49.0473139]]}},{"type":"Feature","properties":{"sinuosity":0.745,"highway":"secondary"},"geometry":{"type":"LineString","coordinates":[[2.7744946,48.6584707],[2.7751557,48.6587441],[2.775621,48.6594891],[2.7764377,48.6600127],[2.7780973,48.660596],[2.7793345,48.6612531],[2.7807024,48.661744],[2.7822769,48.6614021],[2.7835148,48.6613243],[2.786202,48.6614176]]}},{"type":"Feature","properties":{"sinuosity":0.7,"highway":"tertiary"},"geometry":{"type":"LineString","coordinates":[[2.4913858,48.742257],[2.4914134,48.7422249],[2.4914291,48.7422084],[2.4921381,48.7414011],[2.4922396,48.7411515],[2.4922561,48.7410567],[2.4923773,48.740359],[2.4924903,48.7397965],[2.4924337,48.7396671]]}},{"type":"Feature","properties":{"sinuosity":0.835,"highway":"motorway_link"},"geometry":{"type":"LineString","coordinates":[[2.895071,48.8875389],[2.8947104,48.8869798],[2.894337,48.8865981],[2.8938931,48.8863383],[2.8928106,48.8860765],[2.8914569,48.8858539],[2.8905925,48.8852612],[2.8904369,48.8847418],[2.8906395,48.8841721],[2.8910284,48.8838652]]}},{"type":"Feature","properties":{"sinuosity":0.722,"highway":"tertiary"},"geometry":{"type":"LineString","coordinates":[[2.7565423,48.527372],[2.7558012,48.5271776],[2.7555478,48.5271042],[2.754886,48.5269378],[2.7537349,48.5266252],[2.7535334,48.5265538],[2.7533271,48.526488],[2.752672,48.5263478],[2.7525149,48.5264809],[2.7524346,48.5265938]]}},{"type":"Feature","properties":{"sinuosity":0.754,"highway":"tertiary"},"geometry":{"type":"LineString","coordinates":[[2.4874752,48.7167714],[2.4875473,48.7169483],[2.4875785,48.7170219],[2.4877148,48.7172486],[2.4882877,48.7173713],[2.4884307,48.717452],[2.4884832,48.7175771],[2.488504,48.7180819],[2.4885089,48.7182012],[2.4885121,48.7185198]]}},{"type":"Feature","properties":{"sinuosity":0.906,"highway":"tertiary"},"geometry":{"type":"LineString","coordinates":[[2.1872757,48.9851078],[2.1861186,48.9848891],[2.1860109,48.9847828],[2.1856228,48.9842724],[2.1853226,48.9840823],[2.1850492,48.9838386],[2.1850187,48.9835421],[2.1853009,48.9825403],[2.1856584,48.9821878],[2.185855,48.9821899]]}},{"type":"Feature","properties":{"sinuosity":0.7,"highway":"tertiary"},"geometry":{"type":"LineString","coordinates":[[2.5463129,48.5343514],[2.5463652,48.5344104],[2.5464054,48.5344287],[2.5465,48.5344482],[2.5468933,48.5343923],[2.5475112,48.5342962],[2.5481214,48.5341991],[2.5488552,48.5339823],[2.5489622,48.5339407],[2.5492468,48.5338041]]}},{"type":"Feature","properties":{"sinuosity":0.7,"highway":"trunk_link"},"geometry":{"type":"LineString","coordinates":[[2.8008075,49.1429859],[2.8007172,49.1429394],[2.8002163,49.142436],[2.7999259,49.1421358],[2.799692,49.1418133],[2.7994607,49.141469],[2.7993549,49.1413732],[2.7990866,49.1412251],[2.7986781,49.1410861],[2.7981073,49.1409428]]}},{"type":"Feature","properties":{"sinuosity":0.783,"highway":"trunk_link"},"geometry":{"type":"LineString","coordinates":[[2.7288453,49.0877213],[2.7289038,49.0876291],[2.729126,49.0874906],[2.7297211,49.0872594],[2.7309354,49.0868004],[2.731669,49.0863994],[2.7317226,49.0862378],[2.7316743,49.0860445],[2.7314764,49.0855745],[2.7314642,49.0854389]]}},{"type":"Feature","properties":{"sinuosity":0.727,"highway":"tertiary"},"geometry":{"type":"LineString","coordinates":[[2.0865352,49.0562307],[2.0862902,49.0562484],[2.0857943,49.056448],[2.0854612,49.0567376],[2.0853169,49.0570206],[2.0850511,49.0582324],[2.0850051,49.058533],[2.0850134,49.0590275],[2.0852338,49.0594395],[2.0855255,49.0597792]]}},{"type":"Feature","properties":{"sinuosity":0.92,"highway":"motorway_link"},"geometry":{"type":"LineString","coordinates":[[1.4235706,49.0662104],[1.4231562,49.0660155],[1.4229722,49.0658503],[1.4229095,49.0654685],[1.4228115,49.0651262],[1.4222428,49.0646472],[1.4216736,49.0644811],[1.4209846,49.0644801],[1.4204074,49.0646382],[1.4195047,49.0649653]]}},{"type":"Feature","properties":{"sinuosity":0.702,"highway":"tertiary"},"geometry":{"type":"LineString","coordinates":[[1.9811372,49.1665423],[1.9804153,49.1667526],[1.9790348,49.1673612],[1.9784422,49.1676286],[1.9780861,49.1676235],[1.9773969,49.1676042],[1.9769792,49.1677368],[1.9766885,49.16804],[1.9765397,49.1681898],[1.975989,49.1682093]]}},{"type":"Feature","properties":{"sinuosity":1,"highway":"secondary"},"geometry":{"type":"LineString","coordinates":[[2.0963056,48.7787311],[2.0963468,48.7789734],[2.0963063,48.7799296],[2.0962403,48.7804902],[2.0963272,48.7807098],[2.0966265,48.7809378],[2.0969792,48.7810217],[2.0983927,48.7811004],[2.0989298,48.7809219],[2.0993261,48.7806921]]}},{"type":"Feature","properties":{"sinuosity":0.816,"highway":"trunk_link"},"geometry":{"type":"LineString","coordinates":[[2.2811016,48.8799656],[2.280972,48.8796611],[2.280677,48.879228],[2.2805724,48.8790984],[2.2803564,48.8788981],[2.2802424,48.8788373],[2.2799487,48.8787729],[2.2798173,48.8787667],[2.2795612,48.8788417],[2.2794592,48.8788709]]}},{"type":"Feature","properties":{"sinuosity":0.7,"highway":"tertiary"},"geometry":{"type":"LineString","coordinates":[[2.3156652,48.6650185],[2.3174202,48.6655145],[2.3175011,48.6655374],[2.3177733,48.6656305],[2.3178308,48.6656528],[2.3181254,48.6658379],[2.318236,48.6659075],[2.318456,48.6659747],[2.3185594,48.6659796],[2.3187709,48.6659366]]}},{"type":"Feature","properties":{"sinuosity":0.7,"highway":"trunk_link"},"geometry":{"type":"LineString","coordinates":[[2.2119927,48.9068208],[2.2122334,48.9068474],[2.2123966,48.9068248],[2.2129029,48.9067732],[2.2131047,48.9067581],[2.2135729,48.9067406],[2.2139742,48.9067219],[2.2144475,48.9066946],[2.2146166,48.9066747],[2.2157192,48.9064321]]}},{"type":"Feature","properties":{"sinuosity":0.704,"highway":"secondary"},"geometry":{"type":"LineString","coordinates":[[2.0187197,49.1431061],[2.0189947,49.1431431],[2.019233,49.1431441],[2.019684,49.1430475],[2.0198582,49.1429505],[2.0199872,49.1428565],[2.020556,49.1424647],[2.0210373,49.1423136],[2.0212124,49.1422967],[2.0213192,49.1422965]]}},{"type":"Feature","properties":{"sinuosity":0.7,"highway":"tertiary"},"geometry":{"type":"LineString","coordinates":[[2.2560146,48.5948247],[2.2563285,48.5947076],[2.256536,48.5947054],[2.2571827,48.5948261],[2.2576865,48.5949661],[2.25797,48.5950044],[2.2585887,48.5950044],[2.2591564,48.5950573],[2.259676,48.595193],[2.2599464,48.5951397]]}},{"type":"Feature","properties":{"sinuosity":0.7,"highway":"tertiary"},"geometry":{"type":"LineString","coordinates":[[2.597582,48.5610282],[2.5981385,48.5609621],[2.5986481,48.5609062],[2.5989868,48.5609332],[2.5994892,48.5610657],[2.6000315,48.5613353],[2.6014659,48.5619325],[2.6026641,48.5624283],[2.6034573,48.5627496],[2.603678,48.5628978]]}},{"type":"Feature","properties":{"sinuosity":0.7,"highway":"primary"},"geometry":{"type":"LineString","coordinates":[[2.2504561,48.8210167],[2.2506807,48.8210651],[2.2510885,48.8210815],[2.2515595,48.8211488],[2.2517527,48.8211961],[2.2524283,48.8213231],[2.2528337,48.8213533],[2.2530216,48.8213481],[2.2535123,48.8213335],[2.2537189,48.8213648]]}},{"type":"Feature","properties":{"sinuosity":0.7,"highway":"tertiary"},"geometry":{"type":"LineString","coordinates":[[2.475657,48.7444413],[2.4764515,48.7440608],[2.4765305,48.744002],[2.4769479,48.7434258],[2.4771036,48.7432066],[2.4771703,48.7431127],[2.4774037,48.7427074],[2.4777907,48.7419192],[2.4778715,48.7417633],[2.4778341,48.741524]]}},{"type":"Feature","properties":{"sinuosity":0.7,"highway":"primary"},"geometry":{"type":"LineString","coordinates":[[2.1638798,49.0728255],[2.1640269,49.0732946],[2.1640403,49.0733644],[2.1640238,49.0734537],[2.1639942,49.0735519],[2.1639139,49.0736945],[2.1638437,49.0737687],[2.1634832,49.0741259],[2.1632036,49.0744069],[2.1627086,49.0748995]]}},{"type":"Feature","properties":{"sinuosity":0.7,"highway":"tertiary"},"geometry":{"type":"LineString","coordinates":[[2.8515229,48.3506834],[2.8512342,48.350464],[2.8509896,48.3503016],[2.8509264,48.3502621],[2.8508633,48.3502228],[2.8500493,48.3495934],[2.8499843,48.3494698],[2.8499254,48.3493576],[2.8498484,48.3492605],[2.8496762,48.3491062]]}},{"type":"Feature","properties":{"sinuosity":1,"highway":"motorway_link"},"geometry":{"type":"LineString","coordinates":[[2.6286463,48.6311481],[2.6285166,48.6310012],[2.6283057,48.6308876],[2.6278806,48.6308388],[2.6275868,48.630916],[2.6273522,48.6310933],[2.6272747,48.6313114],[2.6274048,48.6315764],[2.6276472,48.6317181],[2.6281194,48.6318086]]}},{"type":"Feature","properties":{"sinuosity":0.7,"highway":"motorway_link"},"geometry":{"type":"LineString","coordinates":[[2.6264338,48.6316011],[2.6266524,48.6315658],[2.6268226,48.6314881],[2.6270304,48.6312426],[2.627217,48.631042],[2.6275508,48.6307977],[2.6278311,48.6306603],[2.6282644,48.6304738],[2.6285365,48.6302898],[2.6286827,48.630078]]}},{"type":"Feature","properties":{"sinuosity":0.7,"highway":"secondary"},"geometry":{"type":"LineString","coordinates":[[1.8088223,48.9912926],[1.8088322,48.9913434],[1.8088965,48.9916734],[1.8089389,48.9917471],[1.8087814,48.9925315],[1.808764,48.9926181],[1.8087584,48.992686],[1.8087408,48.9929771],[1.8087289,48.9933851],[1.8087232,48.9934582]]}},{"type":"Feature","properties":{"sinuosity":0.626,"highway":"tertiary"},"geometry":{"type":"LineString","coordinates":[[2.8323107,48.401297],[2.831958,48.4009988],[2.8316444,48.4006598],[2.8315562,48.4005574],[2.8315321,48.4001816],[2.8317353,48.3996483],[2.8316107,48.3988358],[2.83149,48.3986257],[2.8305781,48.3979881],[2.8296195,48.3974044]]}},{"type":"Feature","properties":{"sinuosity":0.713,"highway":"tertiary"},"geometry":{"type":"LineString","coordinates":[[2.3567253,48.571089],[2.3568871,48.5707249],[2.3567658,48.5705661],[2.3564279,48.5701994],[2.3560368,48.5698871],[2.3563463,48.5691003],[2.3563785,48.5688662],[2.3562899,48.568477],[2.3561564,48.5681514],[2.3561836,48.5680465]]}},{"type":"Feature","properties":{"sinuosity":0.744,"highway":"secondary"},"geometry":{"type":"LineString","coordinates":[[1.466863,48.9510906],[1.4647953,48.9506637],[1.4628311,48.9510579],[1.4621375,48.95124],[1.4611712,48.9508333],[1.4604036,48.9505036],[1.4595894,48.9509317],[1.4584525,48.9516388],[1.4564672,48.9521927],[1.4544332,48.9526469]]}},{"type":"Feature","properties":{"sinuosity":0.75,"highway":"tertiary"},"geometry":{"type":"LineString","coordinates":[[1.8669772,49.0653248],[1.8664318,49.0652627],[1.8661381,49.0649706],[1.8661548,49.0647026],[1.8663923,49.0643876],[1.8664353,49.0640429],[1.8661575,49.0636974],[1.8658734,49.0632087],[1.8658402,49.0628553],[1.8656096,49.0619412]]}},{"type":"Feature","properties":{"sinuosity":0.726,"highway":"tertiary"},"geometry":{"type":"LineString","coordinates":[[2.1911365,49.0958982],[2.1912137,49.0958702],[2.1914092,49.0957142],[2.1917289,49.0953397],[2.1920747,49.0948761],[2.1926782,49.0941674],[2.1927774,49.0940761],[2.1928632,49.0940436],[2.1931087,49.094041],[2.1935276,49.094059]]}},{"type":"Feature","properties":{"sinuosity":0.748,"highway":"secondary"},"geometry":{"type":"LineString","coordinates":[[2.0042198,49.0253599],[2.0039713,49.0252232],[2.0039327,49.0251405],[2.003867,49.0248146],[2.0037844,49.0246196],[2.0036984,49.0245527],[2.003005,49.0241201],[2.0025128,49.0239852],[2.0022752,49.0239606],[2.0009484,49.0238229]]}},{"type":"Feature","properties":{"sinuosity":0.735,"highway":"primary"},"geometry":{"type":"LineString","coordinates":[[1.7932124,49.1584032],[1.793645,49.1587724],[1.7941824,49.159233],[1.7942958,49.159301],[1.7945323,49.1593706],[1.7949299,49.1593555],[1.7964525,49.1592493],[1.7972623,49.1591919],[1.7983807,49.1592046],[1.7987915,49.1592388]]}},{"type":"Feature","properties":{"sinuosity":0.798,"highway":"tertiary"},"geometry":{"type":"LineString","coordinates":[[1.7791123,49.008438],[1.7791393,49.0085326],[1.7789339,49.0088904],[1.7788898,49.0089576],[1.7786664,49.0092979],[1.7785911,49.0096198],[1.7786217,49.0100876],[1.7787146,49.0103239],[1.779129,49.0106639],[1.7801179,49.0110458]]}},{"type":"Feature","properties":{"sinuosity":0.7,"highway":"tertiary"},"geometry":{"type":"LineString","coordinates":[[1.776321,49.0049986],[1.7763466,49.0050824],[1.7763301,49.0051674],[1.7759682,49.0058333],[1.7758427,49.0060991],[1.7757662,49.0062612],[1.7757288,49.0064472],[1.7757849,49.0066221],[1.7758962,49.0068404],[1.7760589,49.0070686]]}},{"type":"Feature","properties":{"sinuosity":0.628,"highway":"secondary"},"geometry":{"type":"LineString","coordinates":[[2.4642247,49.1429208],[2.4648361,49.1428964],[2.4651959,49.1428812],[2.4665658,49.1429287],[2.4675944,49.1430951],[2.4682709,49.1432849],[2.4685202,49.1433328],[2.4693972,49.1432646],[2.4707816,49.1432064],[2.4727708,49.1432295]]}},{"type":"Feature","properties":{"sinuosity":0.7,"highway":"tertiary"},"geometry":{"type":"LineString","coordinates":[[2.5136525,49.1339516],[2.5142221,49.1344116],[2.5145291,49.1346012],[2.5153995,49.1351217],[2.5157701,49.1353497],[2.5159146,49.1354396],[2.5168408,49.136924],[2.51703,49.137254],[2.517198,49.1374912],[2.5173138,49.1376466]]}},{"type":"Feature","properties":{"sinuosity":0.766,"highway":"motorway_link"},"geometry":{"type":"LineString","coordinates":[[2.4887128,48.8540545],[2.4888626,48.8536376],[2.4890655,48.8530935],[2.4891517,48.8527807],[2.489149,48.8527344],[2.4891329,48.8526909],[2.4890913,48.8526331],[2.4890045,48.8525689],[2.4889037,48.8525361],[2.4886466,48.8524609]]}},{"type":"Feature","properties":{"sinuosity":0.7,"highway":"tertiary"},"geometry":{"type":"LineString","coordinates":[[2.5180061,48.9793146],[2.5179893,48.9792047],[2.5178754,48.9790146],[2.5177561,48.9788412],[2.5173618,48.978262],[2.516242,48.9764826],[2.5158525,48.9759562],[2.5153738,48.9752755],[2.5153869,48.9752353]]}},{"type":"Feature","properties":{"sinuosity":0.7,"highway":"secondary"},"geometry":{"type":"LineString","coordinates":[[2.5598892,49.1197802],[2.5592293,49.1202138],[2.5588343,49.1207433],[2.5583847,49.1216119],[2.558256,49.1221627],[2.5576873,49.1228301],[2.5573649,49.1231391]]}},{"type":"Feature","properties":{"sinuosity":0.733,"highway":"motorway_link"},"geometry":{"type":"LineString","coordinates":[[2.5558649,48.6200057],[2.5556643,48.6197353],[2.555443,48.6195798],[2.5552331,48.6195159],[2.5549947,48.6195044],[2.5541801,48.6195805],[2.5534645,48.6195319],[2.5526736,48.61939],[2.5517973,48.6194996],[2.5514918,48.6195784]]}},{"type":"Feature","properties":{"sinuosity":0.708,"highway":"motorway_link"},"geometry":{"type":"LineString","coordinates":[[2.5513154,48.6192397],[2.5520189,48.6188638],[2.5524103,48.6184618],[2.5526773,48.6177704],[2.5531391,48.6172618],[2.5534809,48.617024],[2.5536619,48.61683],[2.5537153,48.6166284],[2.5536905,48.6165103],[2.55352,48.6161686]]}},{"type":"Feature","properties":{"sinuosity":1,"highway":"motorway_link"},"geometry":{"type":"LineString","coordinates":[[2.5551947,48.6186059],[2.555413,48.6188956],[2.5556027,48.6190309],[2.5557926,48.6190579],[2.5560384,48.619004],[2.5562578,48.6188923],[2.556722,48.6184531],[2.5568094,48.6181249],[2.5563666,48.6178537],[2.5557257,48.6179243]]}},{"type":"Feature","properties":{"sinuosity":0.7,"highway":"trunk_link"},"geometry":{"type":"LineString","coordinates":[[2.5168361,48.631668],[2.5165518,48.6317123],[2.5162674,48.6317815],[2.5159885,48.6319091],[2.5155905,48.6322071],[2.5153096,48.6324068],[2.5150125,48.6325654],[2.5146045,48.632682],[2.5142848,48.6327368],[2.5139715,48.6327529]]}},{"type":"Feature","properties":{"sinuosity":0.7,"highway":"trunk_link"},"geometry":{"type":"LineString","coordinates":[[2.4975908,48.6313531],[2.4977172,48.631406],[2.4978708,48.6314396],[2.4982859,48.631453],[2.4996708,48.6314985],[2.5008359,48.6315188],[2.5011139,48.6315182],[2.5014803,48.6315634]]}},{"type":"Feature","properties":{"sinuosity":0.7,"highway":"tertiary"},"geometry":{"type":"LineString","coordinates":[[2.5500949,49.1546523],[2.5502792,49.1545806],[2.5505147,49.154537],[2.5510781,49.154627],[2.5513419,49.154598],[2.5517735,49.1544013],[2.5519616,49.1543043],[2.5531129,49.1539561],[2.5534148,49.1538456],[2.5540442,49.1537849]]}},{"type":"Feature","properties":{"sinuosity":0.811,"highway":"tertiary"},"geometry":{"type":"LineString","coordinates":[[2.6002041,49.1237115],[2.6005567,49.1235903],[2.6013433,49.1231916],[2.6021797,49.1228326],[2.6025768,49.1225773],[2.6036656,49.1213321],[2.6033071,49.1210287],[2.6031362,49.1207286],[2.6030389,49.1204607],[2.6027893,49.1200123]]}},{"type":"Feature","properties":{"sinuosity":0.7,"highway":"tertiary"},"geometry":{"type":"LineString","coordinates":[[2.598839,49.1121974],[2.5988615,49.1121825],[2.5990524,49.1120563],[2.599188,49.1120255],[2.5995481,49.1119739],[2.5997754,49.1119413],[2.6001094,49.1118574],[2.600544,49.1116236],[2.6017777,49.1110205],[2.6018268,49.1109968]]}},{"type":"Feature","properties":{"sinuosity":1,"highway":"trunk_link"},"geometry":{"type":"LineString","coordinates":[[2.4752687,48.6263969],[2.4760576,48.6265775],[2.4765358,48.6265637],[2.4768685,48.6264292],[2.4771058,48.6261747],[2.4771489,48.6258265],[2.4770257,48.6256432],[2.4767268,48.6254538],[2.4759134,48.6252094],[2.4755205,48.6251485]]}},{"type":"Feature","properties":{"sinuosity":0.703,"highway":"trunk_link"},"geometry":{"type":"LineString","coordinates":[[2.4683747,48.6252974],[2.4682508,48.6251565],[2.4681532,48.6250295],[2.4681198,48.6248726],[2.4681075,48.6246241],[2.4680215,48.6243199],[2.4678521,48.6240798],[2.4675932,48.6238762],[2.4672142,48.6236848],[2.4664186,48.6232866]]}},{"type":"Feature","properties":{"sinuosity":0.736,"highway":"trunk_link"},"geometry":{"type":"LineString","coordinates":[[2.4756505,48.6250016],[2.4759103,48.625134],[2.4768285,48.6254436],[2.4771828,48.6257368],[2.4772413,48.6259609],[2.4771828,48.6262928],[2.4771766,48.6265657],[2.4773769,48.6269526],[2.4776486,48.6271917],[2.4784381,48.6275832]]}},{"type":"Feature","properties":{"sinuosity":0.868,"highway":"tertiary"},"geometry":{"type":"LineString","coordinates":[[2.5351028,48.6359483],[2.5337403,48.6361319],[2.5317233,48.6367728],[2.5313384,48.636856],[2.5308999,48.6368152],[2.5306925,48.6367241],[2.5304683,48.636635],[2.528021,48.6339821],[2.5278525,48.6338248],[2.527623,48.6336956]]}},{"type":"Feature","properties":{"sinuosity":1,"highway":"trunk_link"},"geometry":{"type":"LineString","coordinates":[[2.2890929,49.0566814],[2.2880052,49.0569583],[2.2877067,49.0570749],[2.2875512,49.0572394],[2.2875144,49.0573976],[2.2875447,49.0574958],[2.2876282,49.0575952],[2.2877914,49.0576848],[2.2879609,49.0577226],[2.2884566,49.0577639]]}},{"type":"Feature","properties":{"sinuosity":0.7,"highway":"tertiary"},"geometry":{"type":"LineString","coordinates":[[2.2994638,49.0512017],[2.2995867,49.0510322],[2.2998886,49.0503047],[2.300019,49.0500926],[2.3007142,49.0489361],[2.300799,49.0487891],[2.3008046,49.0487261],[2.3007827,49.0486645],[2.3007261,49.0485836],[2.3005898,49.0484727]]}},{"type":"Feature","properties":{"sinuosity":1,"highway":"motorway_link"},"geometry":{"type":"LineString","coordinates":[[2.6229822,48.6456968],[2.6230029,48.6453844],[2.6228866,48.6452135],[2.6225486,48.6450327],[2.6221504,48.6449966],[2.62185,48.6450702],[2.6215522,48.6452897],[2.6214892,48.6455945],[2.6215858,48.6457772],[2.6218833,48.6459631]]}},{"type":"Feature","properties":{"sinuosity":0.738,"highway":"tertiary"},"geometry":{"type":"LineString","coordinates":[[1.8059461,49.0884182],[1.8068701,49.0880795],[1.8073605,49.087862],[1.8080449,49.0875513],[1.8087041,49.087192],[1.8087302,49.0871599],[1.8087316,49.0871296],[1.8087269,49.0871112],[1.8086826,49.0870668],[1.8085431,49.0870076]]}},{"type":"Feature","properties":{"sinuosity":0.7,"highway":"secondary"},"geometry":{"type":"LineString","coordinates":[[1.6073433,49.0890349],[1.6078105,49.0893675],[1.60814,49.0896167],[1.608419,49.0899065],[1.6087175,49.0904145],[1.6092278,49.0907055],[1.6099666,49.0911014],[1.6109525,49.0916757],[1.6131878,49.0929827],[1.613276,49.0931452]]}},{"type":"Feature","properties":{"sinuosity":0.7,"highway":"secondary"},"geometry":{"type":"LineString","coordinates":[[2.3681972,48.7637921],[2.368019,48.763731],[2.3676494,48.7633797],[2.3673649,48.763105],[2.3669028,48.7626887],[2.3668448,48.7626337],[2.3667425,48.7625101],[2.3664167,48.7621933],[2.3656624,48.7614747],[2.3654951,48.7613295]]}},{"type":"Feature","properties":{"sinuosity":0.849,"highway":"tertiary"},"geometry":{"type":"LineString","coordinates":[[1.9166389,49.1860115],[1.9177909,49.1868209],[1.9179582,49.1870321],[1.917972,49.1871663],[1.9179168,49.1872684],[1.9164163,49.1882463],[1.9161897,49.1884459],[1.9155064,49.18933],[1.9154667,49.1895997],[1.915431,49.189683]]}},{"type":"Feature","properties":{"sinuosity":0.7,"highway":"secondary"},"geometry":{"type":"LineString","coordinates":[[3.0186745,48.555037],[3.0186249,48.5550017],[3.0185817,48.5549608],[3.0184258,48.5549111],[3.0178127,48.5547726],[3.0174888,48.5547247],[3.0170137,48.5546754],[3.0155934,48.5546016],[3.0152065,48.5545865],[3.0151518,48.5545846]]}},{"type":"Feature","properties":{"sinuosity":0.722,"highway":"tertiary"},"geometry":{"type":"LineString","coordinates":[[1.966355,49.2235353],[1.9678823,49.2234028],[1.9688605,49.2235036],[1.9693276,49.2235514],[1.9706585,49.2234153],[1.971771,49.2233792],[1.9728705,49.2236968],[1.9747502,49.2241162],[1.9760323,49.2242553],[1.9776084,49.223487]]}},{"type":"Feature","properties":{"sinuosity":0.7,"highway":"tertiary"},"geometry":{"type":"LineString","coordinates":[[1.9459812,49.2247782],[1.9462331,49.2249449],[1.9470809,49.2252573],[1.9476871,49.2253881],[1.9480835,49.2254736],[1.9484697,49.2254721],[1.9490716,49.2254062],[1.9491427,49.2254379]]}},{"type":"Feature","properties":{"sinuosity":0.704,"highway":"tertiary"},"geometry":{"type":"LineString","coordinates":[[2.9716271,48.512188],[2.9717974,48.5122646],[2.9719664,48.5124627],[2.9719987,48.5126249],[2.9719804,48.5128288],[2.9716346,48.513864],[2.9715315,48.5141133]]}},{"type":"Feature","properties":{"sinuosity":0.7,"highway":"motorway_link"},"geometry":{"type":"LineString","coordinates":[[2.5181741,48.4593216],[2.5184132,48.4589753],[2.5185817,48.4587442],[2.5185969,48.4587246],[2.5192773,48.4578515],[2.519938,48.4570063],[2.5199464,48.4569526],[2.5199352,48.4568879],[2.5199134,48.4568328],[2.5199207,48.4567876]]}},{"type":"Feature","properties":{"sinuosity":0.997,"highway":"secondary"},"geometry":{"type":"LineString","coordinates":[[1.966355,49.2235353],[1.9662955,49.2235664],[1.9644108,49.2238878],[1.9641669,49.223933],[1.9639165,49.2240732],[1.9638906,49.22416],[1.9640188,49.2244572],[1.9642705,49.2248297],[1.9648056,49.2259063],[1.9649043,49.2261928]]}},{"type":"Feature","properties":{"sinuosity":0.895,"highway":"tertiary"},"geometry":{"type":"LineString","coordinates":[[1.999807,49.2055306],[1.9993515,49.2054984],[1.9988957,49.2058241],[1.9985621,49.2059661],[1.9982365,49.2059736],[1.9978716,49.2057665],[1.9974701,49.2052182],[1.997277,49.2050055],[1.9969778,49.2049851],[1.9958855,49.2050982]]}},{"type":"Feature","properties":{"sinuosity":0.7,"highway":"tertiary"},"geometry":{"type":"LineString","coordinates":[[2.049035,49.2026987],[2.0489995,49.2027168],[2.0483563,49.203046],[2.0482831,49.2030896],[2.0479068,49.2034522],[2.0470803,49.2040835],[2.0464502,49.2045007],[2.0461464,49.2047089],[2.0457622,49.2048092],[2.0455297,49.2048245]]}},{"type":"Feature","properties":{"sinuosity":0.7,"highway":"secondary"},"geometry":{"type":"LineString","coordinates":[[2.0548224,49.2088702],[2.0547255,49.208944],[2.0546642,49.2090575],[2.0546595,49.2091027],[2.0546486,49.2092069],[2.054478,49.2095712],[2.0542326,49.2098965],[2.0541701,49.2099794],[2.0539813,49.2104954],[2.0539535,49.210577]]}},{"type":"Feature","properties":{"sinuosity":0.7,"highway":"secondary"},"geometry":{"type":"LineString","coordinates":[[2.1417999,49.2063706],[2.1421248,49.2064011],[2.1422874,49.2064433],[2.1425003,49.2065075],[2.1428201,49.2064193],[2.1429753,49.2063564],[2.1439161,49.2061659],[2.1448891,49.2060288],[2.1452668,49.2060138],[2.146097,49.2060532]]}},{"type":"Feature","properties":{"sinuosity":0.81,"highway":"tertiary"},"geometry":{"type":"LineString","coordinates":[[2.12944,49.2411932],[2.1297759,49.2405796],[2.1299684,49.2401091],[2.13033,49.2400213],[2.1310131,49.2398965],[2.1311582,49.239872],[2.1314903,49.2398295],[2.1316184,49.2398237],[2.1326589,49.2398004],[2.1330521,49.2398381]]}},{"type":"Feature","properties":{"sinuosity":0.7,"highway":"secondary"},"geometry":{"type":"LineString","coordinates":[[2.14005,49.2310348],[2.1398811,49.2310794],[2.1387737,49.2314503],[2.1386286,49.2315991],[2.1382734,49.2322025],[2.1381068,49.2328502],[2.1378547,49.2331672],[2.137677,49.2334232],[2.1373716,49.2340042],[2.1367984,49.2351697]]}},{"type":"Feature","properties":{"sinuosity":0.7,"highway":"tertiary"},"geometry":{"type":"LineString","coordinates":[[2.5493483,48.4472925],[2.5492448,48.4473611],[2.54902,48.4478753],[2.5488976,48.4481638],[2.5485772,48.4491058],[2.5487674,48.4496587],[2.5486683,48.4503152],[2.5486874,48.4505267],[2.5489515,48.4508995],[2.5489409,48.4509731]]}},{"type":"Feature","properties":{"sinuosity":0.778,"highway":"tertiary"},"geometry":{"type":"LineString","coordinates":[[2.9509037,48.5511471],[2.9509892,48.5511992],[2.9511072,48.5512285],[2.9519729,48.5513889],[2.9521257,48.5514475],[2.9522334,48.5515157],[2.9523155,48.551699],[2.9525712,48.5527467],[2.9525725,48.5528494],[2.9525731,48.5529]]}},{"type":"Feature","properties":{"sinuosity":0.738,"highway":"tertiary"},"geometry":{"type":"LineString","coordinates":[[2.9710858,48.5104884],[2.9707376,48.5104168],[2.9694843,48.5101479],[2.9693591,48.5101216],[2.9691349,48.5100702],[2.967766,48.5096693],[2.9675647,48.5094599],[2.9675026,48.5093282],[2.9673392,48.508905],[2.9671411,48.5084676]]}},{"type":"Feature","properties":{"sinuosity":0.708,"highway":"tertiary"},"geometry":{"type":"LineString","coordinates":[[1.5666272,48.7665663],[1.5670304,48.7654554],[1.5671216,48.7648625],[1.5675446,48.7643125],[1.5685592,48.7633364],[1.569756,48.7626651],[1.5694897,48.7619784],[1.5701198,48.7613026],[1.5700556,48.7608834],[1.5700464,48.7605829]]}},{"type":"Feature","properties":{"sinuosity":0.7,"highway":"tertiary"},"geometry":{"type":"LineString","coordinates":[[2.459099,48.8542389],[2.4596882,48.8536487],[2.459873,48.8535057],[2.460306,48.8532659],[2.4620311,48.8525819],[2.4620504,48.8525744],[2.4621612,48.8525309],[2.4622082,48.8524911],[2.4622172,48.8524648],[2.4622194,48.8524066]]}},{"type":"Feature","properties":{"sinuosity":1,"highway":"tertiary"},"geometry":{"type":"LineString","coordinates":[[1.5372114,48.7969959],[1.5371603,48.7975024],[1.536876,48.7987697],[1.5367043,48.7997272],[1.5383248,48.8002721],[1.5406528,48.8017109],[1.5417982,48.8012498],[1.5427771,48.8014989],[1.5438608,48.8015855],[1.5430266,48.8023622]]}},{"type":"Feature","properties":{"sinuosity":0.7,"highway":"tertiary"},"geometry":{"type":"LineString","coordinates":[[1.5430266,48.8023622],[1.5429971,48.8024558],[1.5497495,48.8048446],[1.5500352,48.8048973],[1.5501586,48.8049333],[1.5507111,48.8054971],[1.550974,48.8056964],[1.5515104,48.8059405],[1.5539995,48.8064454],[1.5546647,48.8067139]]}},{"type":"Feature","properties":{"sinuosity":0.7,"highway":"secondary"},"geometry":{"type":"LineString","coordinates":[[1.7184378,48.9907411],[1.7172017,48.9903136],[1.7170507,48.9902743],[1.7169232,48.9902502],[1.7165654,48.9901326],[1.7161107,48.9899759],[1.7152411,48.9896764],[1.7152176,48.9896683],[1.7151667,48.9896535],[1.7149562,48.9895756]]}},{"type":"Feature","properties":{"sinuosity":0.702,"highway":"tertiary"},"geometry":{"type":"LineString","coordinates":[[2.4774214,48.9964246],[2.4774646,48.9963577],[2.4774447,48.9961999],[2.4773699,48.9960941],[2.4770744,48.9958517],[2.4765944,48.9954113],[2.4765189,48.995282],[2.476463,48.9951159],[2.4764581,48.9949326],[2.4765428,48.9946655]]}},{"type":"Feature","properties":{"sinuosity":0.725,"highway":"tertiary"},"geometry":{"type":"LineString","coordinates":[[2.4706189,48.7038522],[2.4703938,48.7038011],[2.4696911,48.7038148],[2.4694134,48.7038369],[2.4681259,48.7039095],[2.468012,48.703895],[2.4678328,48.7036393],[2.4676626,48.7035348],[2.4672992,48.7034957],[2.4671439,48.7034296]]}},{"type":"Feature","properties":{"sinuosity":0.7,"highway":"tertiary"},"geometry":{"type":"LineString","coordinates":[[2.9505263,48.5532683],[2.9505399,48.5540887],[2.9510598,48.5549268],[2.9512502,48.5552022],[2.9516034,48.5553803],[2.9518153,48.5554865],[2.9524103,48.5559208],[2.9524825,48.5559874],[2.9525121,48.5560767],[2.9525127,48.5561627]]}},{"type":"Feature","properties":{"sinuosity":0.7,"highway":"secondary"},"geometry":{"type":"LineString","coordinates":[[2.5949179,48.5876469],[2.5949317,48.5877175],[2.5949715,48.5877842],[2.5950144,48.5878242],[2.5950667,48.5878489],[2.59555,48.5880371],[2.5977447,48.5888145]]}},{"type":"Feature","properties":{"sinuosity":0.7,"highway":"motorway_link"},"geometry":{"type":"LineString","coordinates":[[2.6068974,48.967099],[2.6067758,48.9670465],[2.60668,48.9670222],[2.6066073,48.9670138],[2.6055561,48.9670552],[2.6052893,48.9670831],[2.605176,48.9671039],[2.605057,48.9671345],[2.6029666,48.9679301],[2.6027491,48.9679624]]}},{"type":"Feature","properties":{"sinuosity":0.727,"highway":"tertiary"},"geometry":{"type":"LineString","coordinates":[[2.4151789,49.1897605],[2.4155757,49.1899659],[2.4157424,49.1905717],[2.4161764,49.1909195],[2.4171697,49.1913128],[2.4175464,49.191514],[2.417635,49.1915661],[2.4178802,49.1919335],[2.4180177,49.1925898],[2.41809,49.1938408]]}},{"type":"Feature","properties":{"sinuosity":0.71,"highway":"tertiary"},"geometry":{"type":"LineString","coordinates":[[1.9303701,49.0083677],[1.9304375,49.0084718],[1.9311509,49.0087268],[1.932702,49.0092977],[1.9333435,49.009385],[1.9337,49.0093265],[1.9340102,49.0092642],[1.9342158,49.0093068],[1.9343453,49.009378],[1.9344396,49.0095196]]}},{"type":"Feature","properties":{"sinuosity":0.83,"highway":"tertiary"},"geometry":{"type":"LineString","coordinates":[[2.8875552,48.6073965],[2.8877032,48.6073663],[2.8878572,48.6067948],[2.8879074,48.606751],[2.8879548,48.6067354],[2.8883839,48.6067211],[2.8897212,48.6066872],[2.8899005,48.6066846]]}},{"type":"Feature","properties":{"sinuosity":0.702,"highway":"tertiary"},"geometry":{"type":"LineString","coordinates":[[2.736604,48.3343123],[2.7366713,48.3342036],[2.7374708,48.3327265],[2.7377896,48.332377],[2.7380592,48.332053],[2.7381761,48.3318124],[2.7382177,48.3317399],[2.7383152,48.3315699],[2.7382347,48.3313808],[2.7378892,48.3310699]]}},{"type":"Feature","properties":{"sinuosity":0.7,"highway":"primary"},"geometry":{"type":"LineString","coordinates":[[2.3847051,48.8865915],[2.3844299,48.8865726],[2.3832251,48.8862535],[2.3829012,48.8861678],[2.3823359,48.8860143],[2.3821616,48.885967],[2.3810437,48.8856785],[2.3799949,48.8854023],[2.3795752,48.8852949],[2.3793668,48.8851697]]}},{"type":"Feature","properties":{"sinuosity":0.7,"highway":"tertiary"},"geometry":{"type":"LineString","coordinates":[[2.9592102,48.5529444],[2.9591914,48.553098],[2.9594026,48.5542684],[2.9593684,48.5543408],[2.9590009,48.5545898],[2.9588594,48.5546976],[2.9586377,48.5549914],[2.9585905,48.5550918],[2.958443,48.5555729],[2.958431,48.5556696]]}},{"type":"Feature","properties":{"sinuosity":0.733,"highway":"tertiary"},"geometry":{"type":"LineString","coordinates":[[2.4597289,48.639329],[2.4599101,48.6394185],[2.4599612,48.6394641],[2.459969,48.6395747],[2.4598684,48.6397584],[2.4598335,48.6398537],[2.4598391,48.6399847],[2.4599658,48.6400537],[2.4604622,48.6402224],[2.4637173,48.6413773]]}},{"type":"Feature","properties":{"sinuosity":0.844,"highway":"secondary"},"geometry":{"type":"LineString","coordinates":[[1.8534577,48.9117754],[1.8537617,48.9118673],[1.8542863,48.9120345],[1.8543879,48.9120397],[1.8544397,48.9120321],[1.8545373,48.9119681],[1.8546417,48.9118695],[1.8550969,48.9113125],[1.8552478,48.9112359],[1.855821,48.9110549]]}},{"type":"Feature","properties":{"sinuosity":0.7,"highway":"tertiary"},"geometry":{"type":"LineString","coordinates":[[2.3569023,48.7055976],[2.3568968,48.7055398],[2.3568799,48.705493],[2.3565231,48.7049536],[2.3565117,48.704881],[2.3564406,48.7047761],[2.3563689,48.7047181],[2.3557801,48.7038044]]}},{"type":"Feature","properties":{"sinuosity":0.7,"highway":"secondary"},"geometry":{"type":"LineString","coordinates":[[2.3321678,48.9144252],[2.3321686,48.9143521],[2.3323087,48.914189],[2.3324992,48.9140347],[2.3331162,48.9136529],[2.333762,48.9132534],[2.3339188,48.91317],[2.3345647,48.9128266],[2.3346457,48.9127239],[2.3346838,48.9126491]]}},{"type":"Feature","properties":{"sinuosity":0.715,"highway":"tertiary"},"geometry":{"type":"LineString","coordinates":[[2.1617426,48.4922531],[2.1617818,48.4925748],[2.1618965,48.4927352],[2.1630253,48.4930195],[2.1638149,48.4935264],[2.1640711,48.4936182],[2.1643986,48.4937283],[2.1649964,48.4947193],[2.1651042,48.4948532],[2.1653043,48.4949209]]}},{"type":"Feature","properties":{"sinuosity":0.7,"highway":"trunk_link"},"geometry":{"type":"LineString","coordinates":[[2.2059506,49.056624],[2.206638,49.0567826],[2.2081522,49.0572941],[2.209187,49.0575377],[2.2094351,49.057649],[2.2095195,49.0576712]]}},{"type":"Feature","properties":{"sinuosity":0.7,"highway":"trunk_link"},"geometry":{"type":"LineString","coordinates":[[2.2100186,49.0581959],[2.2100244,49.0583205],[2.2101117,49.0584314],[2.2103281,49.0586122],[2.2107238,49.0589719],[2.2109631,49.0592511],[2.2113976,49.0598799],[2.2119198,49.0606794],[2.2119086,49.0607566]]}},{"type":"Feature","properties":{"sinuosity":0.846,"highway":"secondary"},"geometry":{"type":"LineString","coordinates":[[2.2564462,48.9693401],[2.2563328,48.9693542],[2.2562192,48.9694032],[2.255656,48.9697544],[2.2553435,48.9699467],[2.2552687,48.9700419],[2.2552697,48.9701153],[2.2554332,48.9703623],[2.2556138,48.970636],[2.2558105,48.9709877]]}},{"type":"Feature","properties":{"sinuosity":0.7,"highway":"tertiary"},"geometry":{"type":"LineString","coordinates":[[2.3503695,48.9378481],[2.3505245,48.9379532],[2.3506844,48.9379802],[2.3509002,48.9380192],[2.3510852,48.9380512],[2.3523021,48.9381969],[2.3534362,48.9383281],[2.3543887,48.9383843],[2.3549451,48.9384061],[2.355286,48.938443]]}},{"type":"Feature","properties":{"sinuosity":0.7,"highway":"primary"},"geometry":{"type":"LineString","coordinates":[[2.4990033,48.9528422],[2.4969291,48.9526103],[2.4962582,48.952905],[2.4958853,48.9530266],[2.4953125,48.9529804],[2.4942908,48.952854],[2.4934418,48.9527703],[2.4923891,48.9526725],[2.4908709,48.9524973],[2.4903077,48.9524295]]}},{"type":"Feature","properties":{"sinuosity":0.933,"highway":"motorway_link"},"geometry":{"type":"LineString","coordinates":[[2.5144445,48.9972847],[2.5148234,48.9973204],[2.5152676,48.9972935],[2.5154911,48.9972296],[2.515785,48.9970838],[2.5159679,48.996958],[2.5161653,48.9965469],[2.5161272,48.9963741],[2.5159137,48.996069],[2.5159313,48.9959775]]}},{"type":"Feature","properties":{"sinuosity":0.7,"highway":"trunk_link"},"geometry":{"type":"LineString","coordinates":[[2.3519533,49.0167493],[2.3519914,49.0180358],[2.3521658,49.0190655],[2.3522209,49.0193143],[2.3522221,49.019379],[2.3521845,49.0194361],[2.3521339,49.0194711],[2.352098,49.0194923],[2.3520378,49.0195118],[2.3519465,49.0195144]]}},{"type":"Feature","properties":{"sinuosity":0.7,"highway":"secondary"},"geometry":{"type":"LineString","coordinates":[[2.6939671,48.2474631],[2.6938767,48.2477262],[2.6937563,48.2478834],[2.6930988,48.2485876],[2.6927791,48.2489422],[2.6924303,48.2493231],[2.6924034,48.2494031],[2.6924672,48.2496477],[2.692526,48.24977],[2.6926157,48.2499794]]}},{"type":"Feature","properties":{"sinuosity":0.7,"highway":"secondary"},"geometry":{"type":"LineString","coordinates":[[2.3962057,48.7134333],[2.3957266,48.7131949],[2.3956803,48.7130984],[2.3957046,48.7128189],[2.3953957,48.7125753],[2.3946668,48.7121072],[2.3938537,48.7116084],[2.393107,48.7112019],[2.3921403,48.7107094],[2.3912987,48.7102394]]}},{"type":"Feature","properties":{"sinuosity":0.813,"highway":"trunk_link"},"geometry":{"type":"LineString","coordinates":[[2.4615389,49.0494184],[2.4617749,49.0488946],[2.461842,49.0485729],[2.461742,49.0482339],[2.4616367,49.0480575],[2.4614489,49.0478882],[2.4611863,49.047758],[2.460907,49.0476727],[2.4603453,49.0475305]]}},{"type":"Feature","properties":{"sinuosity":0.867,"highway":"trunk_link"},"geometry":{"type":"LineString","coordinates":[[2.4602459,49.0464804],[2.4611767,49.0463578],[2.4615148,49.0463525],[2.4616864,49.0463841],[2.461909,49.0464703],[2.4620619,49.0465582],[2.4622148,49.0467445],[2.4622792,49.0469819],[2.4622953,49.0471295]]}},{"type":"Feature","properties":{"sinuosity":0.908,"highway":"motorway_link"},"geometry":{"type":"LineString","coordinates":[[2.6700941,48.8674984],[2.669663,48.8675352],[2.6693679,48.8675281],[2.6690796,48.867484],[2.668798,48.8674055],[2.668688,48.8673482],[2.6685069,48.8672149],[2.6683876,48.8670244],[2.6683769,48.8667994],[2.6684774,48.8665012]]}},{"type":"Feature","properties":{"sinuosity":1,"highway":"motorway_link"},"geometry":{"type":"LineString","coordinates":[[3.1531194,49.012283],[3.1527381,49.0120955],[3.152236,49.0119731],[3.1520734,49.0119841],[3.151894,49.0120124],[3.1515569,49.0121692],[3.1514687,49.0122969],[3.1514211,49.0124511],[3.151453,49.0126719],[3.1515386,49.0127971]]}},{"type":"Feature","properties":{"sinuosity":0.731,"highway":"tertiary"},"geometry":{"type":"LineString","coordinates":[[2.273328,49.0900845],[2.2741312,49.0895685],[2.2756854,49.0895669],[2.2768283,49.0895233],[2.2780071,49.0897305],[2.2786086,49.0899136],[2.2798178,49.0894774],[2.2808607,49.0892292],[2.2829674,49.0896734],[2.2844324,49.0895057]]}},{"type":"Feature","properties":{"sinuosity":1,"highway":"tertiary"},"geometry":{"type":"LineString","coordinates":[[2.5745064,49.0982514],[2.5742483,49.097223],[2.5748297,49.0966464],[2.5759212,49.0958971],[2.5750764,49.0951702],[2.5742905,49.0954169],[2.5726193,49.0959337],[2.5720084,49.0958353],[2.5717026,49.0957264],[2.5713874,49.0954843]]}},{"type":"Feature","properties":{"sinuosity":0.7,"highway":"trunk_link"},"geometry":{"type":"LineString","coordinates":[[2.1336128,48.7877203],[2.134105,48.7879228],[2.1347763,48.7881551],[2.1349384,48.7881948],[2.1351494,48.7882251],[2.1358856,48.7882402],[2.1366075,48.7882317],[2.1368601,48.7882871]]}},{"type":"Feature","properties":{"sinuosity":0.791,"highway":"tertiary"},"geometry":{"type":"LineString","coordinates":[[2.3629215,49.1979026],[2.3636337,49.1981085],[2.3642182,49.1986858],[2.3646468,49.1993784],[2.3647603,49.1997093],[2.3646904,49.2000294],[2.3646382,49.2005176],[2.3648232,49.2006954],[2.3652337,49.2007512],[2.3654882,49.2006973]]}},{"type":"Feature","properties":{"sinuosity":0.7,"highway":"secondary"},"geometry":{"type":"LineString","coordinates":[[2.9273625,49.0377574],[2.9274742,49.0377493],[2.9279894,49.0375559],[2.9283258,49.0373105],[2.9287627,49.0367802],[2.928794,49.0366943],[2.9289701,49.0362413],[2.9291811,49.0358108],[2.9294079,49.0355027],[2.929656,49.0352173]]}},{"type":"Feature","properties":{"sinuosity":0.7,"highway":"secondary"},"geometry":{"type":"LineString","coordinates":[[2.3627895,49.1677077],[2.3629326,49.1677477],[2.3630852,49.1677893],[2.3632679,49.1678522],[2.364228,49.1681921],[2.3644085,49.1682511],[2.3649591,49.16843],[2.3652422,49.1685127],[2.3654608,49.1685337],[2.3658815,49.168462]]}},{"type":"Feature","properties":{"sinuosity":0.784,"highway":"tertiary"},"geometry":{"type":"LineString","coordinates":[[2.285916,49.1446645],[2.2855214,49.1442749],[2.2850243,49.1439087],[2.2847113,49.1436759],[2.2846225,49.1435465],[2.2845742,49.1434632],[2.2846372,49.143135],[2.285094,49.1425846],[2.2852793,49.142319],[2.2852721,49.1422282]]}},{"type":"Feature","properties":{"sinuosity":0.708,"highway":"tertiary"},"geometry":{"type":"LineString","coordinates":[[2.9126068,48.7849432],[2.9125986,48.7849766],[2.9125763,48.7850676],[2.9132184,48.7874683],[2.9131497,48.7877326],[2.9128974,48.7880377],[2.9116516,48.7890255],[2.9115328,48.7894123],[2.9114306,48.7896897],[2.9114218,48.7897136]]}},{"type":"Feature","properties":{"sinuosity":0.815,"highway":"primary"},"geometry":{"type":"LineString","coordinates":[[2.2529878,49.1263182],[2.2525662,49.1259644],[2.2520264,49.1250203],[2.2518579,49.1246325],[2.2516803,49.1243893],[2.251232,49.1240664],[2.2508435,49.1239149],[2.2504116,49.123856],[2.2499384,49.1239158],[2.2498277,49.1240583]]}},{"type":"Feature","properties":{"sinuosity":0.7,"highway":"secondary"},"geometry":{"type":"LineString","coordinates":[[2.0717526,48.7941716],[2.0716591,48.7941865],[2.0713135,48.7942488],[2.070318,48.7944001],[2.070053,48.7944335],[2.0697345,48.7944243],[2.0695162,48.7945224],[2.0687348,48.7946357],[2.0683184,48.7947001],[2.0682128,48.7947062]]}},{"type":"Feature","properties":{"sinuosity":0.7,"highway":"tertiary"},"geometry":{"type":"LineString","coordinates":[[2.9211968,49.1157149],[2.920889,49.1151851],[2.9207672,49.1149772],[2.9202921,49.1140334],[2.9201873,49.1139111],[2.9195025,49.1133603],[2.9192702,49.1130122],[2.9191114,49.1128778],[2.9188664,49.1124843],[2.9187311,49.1121896]]}},{"type":"Feature","properties":{"sinuosity":0.7,"highway":"secondary"},"geometry":{"type":"LineString","coordinates":[[2.5276387,49.0131552],[2.5273174,49.0130631],[2.5270392,49.0129631],[2.5267131,49.012767],[2.5265611,49.0127013],[2.5264345,49.0126466],[2.5260472,49.0125887],[2.525558,49.0125664],[2.5248282,49.012482]]}},{"type":"Feature","properties":{"sinuosity":0.7,"highway":"secondary"},"geometry":{"type":"LineString","coordinates":[[2.3847046,48.6881379],[2.384361,48.6874538],[2.3842504,48.6871702],[2.3842457,48.6871393],[2.3840291,48.6866874],[2.3839483,48.6866144],[2.3838723,48.6865446],[2.3838069,48.686417],[2.3837304,48.6862618],[2.383264,48.6853201]]}},{"type":"Feature","properties":{"sinuosity":0.743,"highway":"motorway_link"},"geometry":{"type":"LineString","coordinates":[[2.4414836,48.7816971],[2.4417874,48.7816447],[2.4420206,48.7815732],[2.4422069,48.781485],[2.4423805,48.7813909],[2.4425559,48.7812503],[2.4427313,48.7810394],[2.4427946,48.7808821],[2.442838,48.7806903],[2.442871,48.7802018]]}},{"type":"Feature","properties":{"sinuosity":0.816,"highway":"tertiary"},"geometry":{"type":"LineString","coordinates":[[2.5132165,48.5609313],[2.5133029,48.5611156],[2.5138691,48.5645535],[2.5137474,48.5655254],[2.5138747,48.5658973],[2.5146029,48.5661955],[2.5165791,48.5661661],[2.5167114,48.5661916],[2.5167948,48.5662954],[2.5159416,48.5692402]]}},{"type":"Feature","properties":{"sinuosity":0.7,"highway":"tertiary"},"geometry":{"type":"LineString","coordinates":[[2.0014148,48.9321206],[2.0011385,48.9323961],[2.0010285,48.9326101],[2.0009099,48.9328804],[2.0007788,48.9332793],[2.0007508,48.9333817],[2.0006354,48.933671],[2.0005348,48.9339609],[2.0004984,48.9340293],[2.0004623,48.9341275]]}},{"type":"Feature","properties":{"sinuosity":0.7,"highway":"tertiary"},"geometry":{"type":"LineString","coordinates":[[2.062524,49.0586657],[2.0627852,49.0587506],[2.0640062,49.0591554],[2.0645923,49.059439],[2.0648087,49.0597038],[2.0649847,49.0599936],[2.0655001,49.0603161],[2.0658085,49.0605244],[2.0658594,49.0605734],[2.0658943,49.0606376]]}},{"type":"Feature","properties":{"sinuosity":0.661,"highway":"secondary"},"geometry":{"type":"LineString","coordinates":[[2.3240604,48.8434391],[2.3240765,48.8433622],[2.3240489,48.8432439],[2.3240152,48.8431927],[2.3236595,48.8429083],[2.3227073,48.8421273],[2.3226592,48.842088],[2.3224657,48.8419334],[2.3222992,48.8418018],[2.3215242,48.8411589]]}},{"type":"Feature","properties":{"sinuosity":0.7,"highway":"tertiary"},"geometry":{"type":"LineString","coordinates":[[2.2081185,48.5915791],[2.2082681,48.591563],[2.2092855,48.5911569],[2.2097315,48.5910368],[2.2098889,48.5910112],[2.210118,48.5909843],[2.2115821,48.5909501],[2.2123991,48.590889],[2.2125697,48.5909047],[2.2126383,48.5908956]]}},{"type":"Feature","properties":{"sinuosity":0.7,"highway":"motorway_link"},"geometry":{"type":"LineString","coordinates":[[1.806631,48.9654188],[1.8081719,48.9653932],[1.8095721,48.9653035],[1.8105281,48.9652316],[1.8106564,48.9652094],[1.8107586,48.9651725],[1.8108409,48.9651111],[1.8109008,48.9650276]]}},{"type":"Feature","properties":{"sinuosity":0.758,"highway":"motorway_link"},"geometry":{"type":"LineString","coordinates":[[1.8111387,48.9645592],[1.8111798,48.9646979],[1.8111501,48.9649665],[1.8112251,48.965078],[1.8114028,48.9651641],[1.8115871,48.9651873],[1.8148175,48.9653465],[1.8152386,48.9653272],[1.8159977,48.9652761],[1.8163678,48.9653131]]}},{"type":"Feature","properties":{"sinuosity":0.7,"highway":"trunk_link"},"geometry":{"type":"LineString","coordinates":[[2.3618545,48.7529514],[2.3620519,48.753086],[2.3624655,48.7532484],[2.362587,48.7532764],[2.3628973,48.7533113],[2.363064,48.7533235],[2.3641711,48.7533883],[2.3644186,48.7533956],[2.3644885,48.7534161],[2.3645262,48.7534458]]}},{"type":"Feature","properties":{"sinuosity":0.783,"highway":"secondary"},"geometry":{"type":"LineString","coordinates":[[2.3699491,48.7515441],[2.3699702,48.7517922],[2.3702463,48.752171],[2.3704228,48.7522927],[2.3707659,48.7524318],[2.371154,48.7525029],[2.3716067,48.7525113],[2.3723133,48.7525244],[2.3726985,48.7525338],[2.3729367,48.7525396]]}},{"type":"Feature","properties":{"sinuosity":0.701,"highway":"tertiary"},"geometry":{"type":"LineString","coordinates":[[2.3949247,48.8832742],[2.3951714,48.8829634],[2.3953657,48.8828649],[2.3959186,48.8826636],[2.396031,48.8825279],[2.3961026,48.8823846],[2.396105,48.8822718],[2.3961621,48.8818721],[2.3965321,48.881449],[2.3966525,48.8813178]]}},{"type":"Feature","properties":{"sinuosity":0.734,"highway":"tertiary"},"geometry":{"type":"LineString","coordinates":[[2.8969906,48.9998769],[2.897016,48.9997539],[2.8968601,48.9990867],[2.8966688,48.9985497],[2.8962309,48.9979189],[2.8960876,48.9978507],[2.8952018,48.9972791],[2.8942832,48.9968903],[2.8940168,48.9967885],[2.8933499,48.996709]]}},{"type":"Feature","properties":{"sinuosity":0.7,"highway":"secondary"},"geometry":{"type":"LineString","coordinates":[[1.6479089,48.6739263],[1.6478519,48.6738737],[1.6471798,48.6729415],[1.6459204,48.6710371],[1.6448069,48.6697777],[1.6447113,48.6694139],[1.6445744,48.6688683],[1.6433599,48.6681918],[1.6417613,48.6672813],[1.6401895,48.6664736]]}},{"type":"Feature","properties":{"sinuosity":0.724,"highway":"tertiary"},"geometry":{"type":"LineString","coordinates":[[2.9594402,48.9440017],[2.9609421,48.9425613],[2.9614486,48.9419684],[2.9622304,48.9406061],[2.9628715,48.939692],[2.963643,48.9395149],[2.9643477,48.9392221],[2.9647098,48.9388885],[2.9644627,48.9382915],[2.9642923,48.937753]]}},{"type":"Feature","properties":{"sinuosity":0.706,"highway":"tertiary"},"geometry":{"type":"LineString","coordinates":[[1.9630919,48.7596795],[1.9632194,48.7597132],[1.963573,48.7598468],[1.9638301,48.759909],[1.9652024,48.7602431],[1.9660202,48.7604463],[1.9662653,48.7605082],[1.9665182,48.7604949],[1.9667963,48.7603783],[1.9668389,48.7603105]]}},{"type":"Feature","properties":{"sinuosity":0.7,"highway":"trunk_link"},"geometry":{"type":"LineString","coordinates":[[2.8584947,48.9566909],[2.8584834,48.9567948],[2.8584829,48.9568881],[2.8586711,48.9573639],[2.8587071,48.9577593],[2.8586501,48.9581879],[2.8586286,48.9589311],[2.8585831,48.9590637]]}},{"type":"Feature","properties":{"sinuosity":0.875,"highway":"secondary"},"geometry":{"type":"LineString","coordinates":[[3.0782566,49.1379169],[3.0782663,49.1379673],[3.0783438,49.1383346],[3.0783386,49.1383866],[3.0783266,49.1384366],[3.0780008,49.1394638],[3.077603,49.1397387],[3.0775064,49.1397689],[3.0766537,49.1396956],[3.0766118,49.139692]]}},{"type":"Feature","properties":{"sinuosity":0.7,"highway":"motorway_link"},"geometry":{"type":"LineString","coordinates":[[3.0425055,48.9514714],[3.0425974,48.9514493],[3.0446821,48.951463],[3.0452654,48.9514593],[3.045438,48.9514292],[3.0455495,48.9513939],[3.0456154,48.9513555]]}},{"type":"Feature","properties":{"sinuosity":0.784,"highway":"motorway_link"},"geometry":{"type":"LineString","coordinates":[[2.5611877,49.134176],[2.5608525,49.1341804],[2.5605775,49.1340979],[2.5603978,49.1339672],[2.5602785,49.1337636],[2.5603104,49.1335338],[2.5605542,49.1329477],[2.5606475,49.1325403],[2.5605412,49.1321534],[2.5602396,49.1316498]]}},{"type":"Feature","properties":{"sinuosity":0.785,"highway":"motorway_link"},"geometry":{"type":"LineString","coordinates":[[2.5631149,49.1332723],[2.5632642,49.1332231],[2.5636468,49.1331623],[2.5637955,49.1331659],[2.5639477,49.1331894],[2.5642795,49.133323],[2.56442,49.1334283],[2.564534,49.1335554],[2.5650558,49.1341666],[2.5651893,49.1342762]]}},{"type":"Feature","properties":{"sinuosity":0.7,"highway":"secondary"},"geometry":{"type":"LineString","coordinates":[[1.8301104,48.8574715],[1.8286334,48.8577078],[1.8268538,48.8581397],[1.8250192,48.8582015],[1.8240057,48.8585087],[1.8219565,48.8590849],[1.8204276,48.8591294],[1.8195866,48.8596656],[1.818882,48.8599424],[1.8179371,48.8608725]]}},{"type":"Feature","properties":{"sinuosity":0.773,"highway":"secondary"},"geometry":{"type":"LineString","coordinates":[[1.8179371,48.8608725],[1.8176565,48.8610924],[1.8170144,48.8613265],[1.8163924,48.8613796],[1.8155018,48.8614273],[1.8148233,48.8617971],[1.8141241,48.8623711],[1.8143461,48.8629346],[1.814345,48.86329],[1.813087,48.86483]]}},{"type":"Feature","properties":{"sinuosity":0.753,"highway":"tertiary"},"geometry":{"type":"LineString","coordinates":[[3.0532832,48.2737224],[3.0524078,48.2721345],[3.0522455,48.2718416],[3.0513658,48.2702419],[3.0509152,48.2696135],[3.049456,48.2689136],[3.0488338,48.2688279],[3.0471919,48.2688396],[3.0470528,48.2687851],[3.0468972,48.2686137]]}},{"type":"Feature","properties":{"sinuosity":0.851,"highway":"tertiary"},"geometry":{"type":"LineString","coordinates":[[3.2243619,48.9670929],[3.225991,48.9646289],[3.2269336,48.9626517],[3.2269484,48.9623166],[3.2257313,48.9614415],[3.2252362,48.9611086],[3.2250819,48.9609118],[3.2252362,48.9607053],[3.2271769,48.9602825],[3.2278989,48.9600918]]}},{"type":"Feature","properties":{"sinuosity":0.791,"highway":"tertiary"},"geometry":{"type":"LineString","coordinates":[[2.2163348,48.5150763],[2.2156681,48.5162241],[2.2158296,48.5165416],[2.216845,48.5174407],[2.2168596,48.5178098],[2.2164816,48.5185965],[2.2165773,48.5190585],[2.2164202,48.519496],[2.2161797,48.5196658],[2.2157254,48.5197005]]}},{"type":"Feature","properties":{"sinuosity":0.7,"highway":"secondary"},"geometry":{"type":"LineString","coordinates":[[2.4222493,48.6429111],[2.4226476,48.6427502],[2.4228748,48.6426616],[2.4230557,48.6425915],[2.4234437,48.6424411],[2.4236995,48.6423051],[2.42422,48.6419153],[2.4244429,48.6417484],[2.4244798,48.6416677],[2.4244849,48.6415975]]}},{"type":"Feature","properties":{"sinuosity":0.747,"highway":"tertiary"},"geometry":{"type":"LineString","coordinates":[[2.1725893,48.5960756],[2.1732097,48.5961738],[2.173528,48.5962006],[2.1742904,48.5961633],[2.1747285,48.5961206],[2.1749749,48.5960258],[2.1754143,48.5956255],[2.1756316,48.5954281],[2.1758482,48.5952929],[2.1760498,48.5952258]]}},{"type":"Feature","properties":{"sinuosity":0.737,"highway":"motorway_link"},"geometry":{"type":"LineString","coordinates":[[1.6815963,48.9816162],[1.6823404,48.9822157],[1.682646,48.9824281],[1.6829065,48.9825492],[1.6832669,48.9826483],[1.6833838,48.9826513],[1.6840523,48.9827452],[1.6845762,48.9827672],[1.6853623,48.9826528],[1.6859077,48.9826224]]}},{"type":"Feature","properties":{"sinuosity":0.766,"highway":"secondary"},"geometry":{"type":"LineString","coordinates":[[2.4244849,48.6415975],[2.4251268,48.6412806],[2.4255602,48.6409716],[2.4257885,48.6406268],[2.4257264,48.6401194],[2.4255606,48.6395134],[2.4255632,48.6391952],[2.4257038,48.6390458],[2.4259614,48.6389279],[2.4266214,48.6386677]]}},{"type":"Feature","properties":{"sinuosity":0.647,"highway":"tertiary"},"geometry":{"type":"LineString","coordinates":[[1.6532009,48.9887478],[1.6535182,48.9883415],[1.6541329,48.9882622],[1.6552846,48.9884394],[1.6560682,48.988336],[1.6605143,48.9873952],[1.6605858,48.9871839],[1.6603941,48.986129],[1.6603774,48.9848204],[1.6607822,48.983646]]}},{"type":"Feature","properties":{"sinuosity":0.7,"highway":"motorway_link"},"geometry":{"type":"LineString","coordinates":[[2.9250847,48.4295807],[2.9251139,48.4294907],[2.9255001,48.4292646],[2.925747,48.4291019],[2.9259982,48.4289203],[2.9262605,48.428664],[2.9264496,48.4284246],[2.9266441,48.42813],[2.9267031,48.4280081],[2.9266763,48.4279431]]}},{"type":"Feature","properties":{"sinuosity":0.7,"highway":"motorway_link"},"geometry":{"type":"LineString","coordinates":[[2.6332265,48.6072655],[2.6333123,48.6073542],[2.6332,48.6080898],[2.6332173,48.6084387],[2.633306,48.6087779],[2.6333887,48.6089805],[2.6334922,48.6090933],[2.6335873,48.6091579],[2.6336656,48.6091919]]}},{"type":"Feature","properties":{"sinuosity":0.79,"highway":"tertiary"},"geometry":{"type":"LineString","coordinates":[[2.6079551,48.6073409],[2.6079408,48.6071625],[2.6082475,48.6057723],[2.6081728,48.6051886],[2.6080675,48.6051361],[2.6076979,48.6045932],[2.6076594,48.6042099],[2.6076232,48.6041835],[2.6075165,48.6041549],[2.6067273,48.603817]]}},{"type":"Feature","properties":{"sinuosity":0.856,"highway":"secondary"},"geometry":{"type":"LineString","coordinates":[[2.6039571,48.6012002],[2.6039884,48.6013212],[2.6040139,48.6013611],[2.6041688,48.6015017],[2.6042546,48.6015292],[2.6043566,48.601541],[2.6044692,48.6015314],[2.6047407,48.6013788],[2.6065855,48.6001421],[2.6066215,48.6001103]]}},{"type":"Feature","properties":{"sinuosity":0.7,"highway":"tertiary"},"geometry":{"type":"LineString","coordinates":[[2.9070098,48.2343048],[2.9061279,48.2343244],[2.9058679,48.2343776],[2.9053103,48.2348176],[2.9046157,48.2352545],[2.903173,48.2360689],[2.9027115,48.236261],[2.9026451,48.2362703],[2.9012407,48.2364676],[2.9007034,48.2365565]]}},{"type":"Feature","properties":{"sinuosity":0.7,"highway":"secondary"},"geometry":{"type":"LineString","coordinates":[[2.2940882,48.6340439],[2.2942412,48.6340531],[2.2944993,48.6340528],[2.2947958,48.6340592],[2.2957618,48.6340802],[2.2960481,48.6340864],[2.2963786,48.6340479],[2.2966098,48.6339796],[2.2968518,48.6338669],[2.2968959,48.6338388]]}},{"type":"Feature","properties":{"sinuosity":0.7,"highway":"tertiary"},"geometry":{"type":"LineString","coordinates":[[2.55099,48.9237592],[2.5508914,48.923609],[2.5506662,48.9234177],[2.5505752,48.9233427],[2.5501562,48.9229546],[2.5499113,48.9226123],[2.5498186,48.9225193],[2.5483983,48.9214011],[2.5483586,48.9213761],[2.5478154,48.9211967]]}},{"type":"Feature","properties":{"sinuosity":0.7,"highway":"tertiary"},"geometry":{"type":"LineString","coordinates":[[2.4960015,48.6084817],[2.496351,48.608207],[2.4965766,48.6078361],[2.4967198,48.6075485],[2.4970461,48.6070088],[2.4971359,48.6068182],[2.497193,48.6067398],[2.4972994,48.6066872],[2.4979396,48.6065016],[2.4981086,48.6064233]]}},{"type":"Feature","properties":{"sinuosity":1,"highway":"tertiary"},"geometry":{"type":"LineString","coordinates":[[2.7881822,48.1375817],[2.7886006,48.1375018],[2.7890719,48.1374813],[2.7893896,48.1375384],[2.7898203,48.1377763],[2.7900776,48.1380716],[2.7901102,48.1382728],[2.790021,48.1385449],[2.7893491,48.1390342]]}},{"type":"Feature","properties":{"sinuosity":0.7,"highway":"secondary"},"geometry":{"type":"LineString","coordinates":[[2.1191185,48.8265354],[2.1190511,48.8263281],[2.1187859,48.825883],[2.1185192,48.8254856],[2.1181871,48.824958],[2.1176808,48.8240841],[2.1173869,48.8235771],[2.1168016,48.8225675],[2.1164677,48.8218947],[2.1167174,48.8217294]]}},{"type":"Feature","properties":{"sinuosity":0.718,"highway":"tertiary"},"geometry":{"type":"LineString","coordinates":[[2.677135,48.9646843],[2.6768934,48.9646428],[2.6764402,48.964637],[2.675977,48.9646759],[2.675594,48.964712],[2.6750966,48.9647207],[2.6748888,48.9648118],[2.6746697,48.9650556],[2.6740807,48.9653832],[2.6737423,48.9655176]]}},{"type":"Feature","properties":{"sinuosity":0.833,"highway":"tertiary"},"geometry":{"type":"LineString","coordinates":[[2.1005552,48.7024399],[2.1003911,48.7020607],[2.1001674,48.7017403],[2.1001362,48.7016753],[2.1001552,48.7014888],[2.1002553,48.7013892],[2.1010155,48.7010964],[2.1012466,48.7009983],[2.1014148,48.700814],[2.1014556,48.7006649]]}},{"type":"Feature","properties":{"sinuosity":0.7,"highway":"tertiary"},"geometry":{"type":"LineString","coordinates":[[2.688071,48.3143354],[2.6881722,48.3143562],[2.6892687,48.3148156],[2.6893197,48.3148377],[2.6903092,48.31526],[2.6903265,48.3152686],[2.6905102,48.3153591],[2.6906335,48.3154778],[2.6907058,48.3156248]]}},{"type":"Feature","properties":{"sinuosity":0.738,"highway":"tertiary"},"geometry":{"type":"LineString","coordinates":[[2.7472148,48.3347509],[2.746777,48.3348056],[2.7465486,48.3348406],[2.746079,48.3349065],[2.7456256,48.334988],[2.7451473,48.3351978],[2.745047,48.3353385],[2.7447399,48.3357913],[2.7445873,48.3360226],[2.7444948,48.3361873]]}},{"type":"Feature","properties":{"sinuosity":0.7,"highway":"tertiary"},"geometry":{"type":"LineString","coordinates":[[2.102328,48.9983511],[2.1024583,48.9983566],[2.1026948,48.9984066],[2.1038478,48.9985958],[2.1043924,48.9987282],[2.1045261,48.9987619],[2.1046235,48.9987857],[2.1051241,48.9989268],[2.1053922,48.9990029],[2.105491,48.9990178]]}},{"type":"Feature","properties":{"sinuosity":0.7,"highway":"tertiary"},"geometry":{"type":"LineString","coordinates":[[3.1256692,49.0719181],[3.1257129,49.0717171],[3.1259115,49.0713769],[3.1259221,49.07132],[3.1258469,49.0709612],[3.1256574,49.0706854],[3.1256373,49.0704791],[3.1257672,49.070272],[3.1261113,49.0697914],[3.1261806,49.0696758]]}},{"type":"Feature","properties":{"sinuosity":0.7,"highway":"tertiary"},"geometry":{"type":"LineString","coordinates":[[3.0198322,48.9775379],[3.0197529,48.9777717],[3.0196058,48.9781717],[3.0195156,48.9784055],[3.0191071,48.9791297],[3.0190301,48.9793245],[3.0187055,48.9799424],[3.0183918,48.9805574],[3.0179905,48.9810094],[3.0174089,48.9816211]]}},{"type":"Feature","properties":{"sinuosity":0.7,"highway":"tertiary"},"geometry":{"type":"LineString","coordinates":[[2.0875971,48.9927022],[2.0876504,48.9926539],[2.0879649,48.9923503],[2.0882863,48.9920232],[2.0886127,48.9917537],[2.0886717,48.9917114],[2.0889446,48.9916951],[2.0890304,48.9916701],[2.0892872,48.9913418],[2.0893236,48.9912932]]}},{"type":"Feature","properties":{"sinuosity":1,"highway":"tertiary"},"geometry":{"type":"LineString","coordinates":[[2.9734194,48.80521],[2.973526,48.8051676],[2.9736504,48.805153],[2.9747209,48.8051749],[2.9756705,48.8050238],[2.9757933,48.804769],[2.9754544,48.8043368],[2.9747698,48.803969],[2.9746051,48.8027822],[2.9745466,48.8023409]]}},{"type":"Feature","properties":{"sinuosity":0.795,"highway":"secondary"},"geometry":{"type":"LineString","coordinates":[[2.5599014,49.0034427],[2.5594025,49.0034498],[2.5589573,49.0035131],[2.5586193,49.0036398],[2.5583297,49.0038157],[2.5581419,49.0040093],[2.55804,49.0042134],[2.5579702,49.0044703],[2.5579151,49.0049523]]}},{"type":"Feature","properties":{"sinuosity":0.7,"highway":"secondary"},"geometry":{"type":"LineString","coordinates":[[2.7625764,48.9158083],[2.762598,48.9157368],[2.7626937,48.915651],[2.7634233,48.9153324],[2.7637038,48.9151994],[2.7639924,48.9150859],[2.7646366,48.9148056],[2.7648395,48.9147102],[2.7651248,48.9145689]]}},{"type":"Feature","properties":{"sinuosity":0.93,"highway":"tertiary"},"geometry":{"type":"LineString","coordinates":[[2.5731952,48.7891915],[2.5733369,48.7890401],[2.5739386,48.7883819],[2.574047,48.7883422],[2.5741418,48.7883335],[2.5744531,48.7884283],[2.5749196,48.788621],[2.5751427,48.7886976],[2.5752735,48.7886972],[2.5753422,48.7886742]]}},{"type":"Feature","properties":{"sinuosity":0.729,"highway":"primary"},"geometry":{"type":"LineString","coordinates":[[1.6784377,48.8969904],[1.6793275,48.8962555],[1.6802752,48.895522],[1.6805715,48.8952723],[1.6806212,48.8952015],[1.6805502,48.8950377],[1.6803592,48.894716],[1.6803195,48.8945543],[1.68027,48.8941719],[1.6803324,48.8939722]]}},{"type":"Feature","properties":{"sinuosity":0.881,"highway":"trunk_link"},"geometry":{"type":"LineString","coordinates":[[2.599682,48.7161726],[2.5996731,48.7165077],[2.5997114,48.7167013],[2.5998581,48.7169122],[2.6000203,48.7170117],[2.6001985,48.7170734],[2.6008548,48.7171856],[2.601259,48.7171311],[2.601368,48.7171179],[2.601517,48.7171122]]}},{"type":"Feature","properties":{"sinuosity":0.731,"highway":"tertiary"},"geometry":{"type":"LineString","coordinates":[[1.4975196,49.0585293],[1.4980796,49.0587278],[1.502352,49.0591525],[1.5028022,49.0592784],[1.5041428,49.0601502],[1.5044635,49.0603364],[1.5051564,49.0614348],[1.5061413,49.0623063],[1.5066522,49.0628053],[1.5074934,49.0640144]]}},{"type":"Feature","properties":{"sinuosity":0.696,"highway":"tertiary"},"geometry":{"type":"LineString","coordinates":[[2.8560162,48.1075455],[2.8564024,48.1083049],[2.8570247,48.1091215],[2.8584731,48.1106904],[2.8590739,48.1122377],[2.8590417,48.1124311],[2.8582371,48.1130185],[2.8576899,48.1137921],[2.8569507,48.1150565],[2.8569285,48.1150851]]}},{"type":"Feature","properties":{"sinuosity":0.7,"highway":"secondary"},"geometry":{"type":"LineString","coordinates":[[2.5211845,48.8260855],[2.5212561,48.8260628],[2.5213369,48.8260588],[2.5221263,48.8261605],[2.5224958,48.8262386],[2.5226202,48.8262683],[2.5232214,48.8264315],[2.5238533,48.8266058],[2.5240037,48.8266473]]}},{"type":"Feature","properties":{"sinuosity":0.7,"highway":"motorway_link"},"geometry":{"type":"LineString","coordinates":[[2.6155433,48.8251744],[2.6151416,48.8248647],[2.6148712,48.8246027],[2.6143405,48.823991],[2.614245,48.8238316],[2.6141184,48.8233434],[2.6141207,48.8230744],[2.6141407,48.8225664],[2.6140872,48.8224096],[2.614055,48.8222305]]}},{"type":"Feature","properties":{"sinuosity":0.813,"highway":"secondary"},"geometry":{"type":"LineString","coordinates":[[2.3805959,48.8131577],[2.3799091,48.8128445],[2.3797509,48.8127268],[2.3796283,48.8125299],[2.3796172,48.8123202],[2.3797327,48.8121166],[2.3802767,48.8115245],[2.3803733,48.811302],[2.3803968,48.811071],[2.3803528,48.8109435]]}},{"type":"Feature","properties":{"sinuosity":0.742,"highway":"tertiary"},"geometry":{"type":"LineString","coordinates":[[2.054786,48.5759615],[2.0554038,48.5751885],[2.0554248,48.5748542],[2.0552699,48.5737998],[2.0561346,48.5729741],[2.0566453,48.5725683],[2.057329,48.5722362],[2.058102,48.5722179],[2.0582981,48.5721445],[2.059118,48.570839]]}},{"type":"Feature","properties":{"sinuosity":0.753,"highway":"tertiary"},"geometry":{"type":"LineString","coordinates":[[2.8599868,48.9862663],[2.8598985,48.9861577],[2.8595857,48.9856665],[2.8593151,48.9849211],[2.8592637,48.9847326],[2.8592077,48.9846492],[2.859129,48.9846209],[2.8586066,48.9846157],[2.8583767,48.9845512],[2.8577791,48.9842863]]}},{"type":"Feature","properties":{"sinuosity":0.789,"highway":"trunk_link"},"geometry":{"type":"LineString","coordinates":[[2.8541787,48.9569351],[2.8546556,48.9568268],[2.8563915,48.9565673],[2.8568073,48.9564928],[2.8571289,48.9563896],[2.8573649,48.9562561],[2.8574942,48.95613],[2.8575983,48.955888],[2.8576484,48.9551701]]}},{"type":"Feature","properties":{"sinuosity":0.75,"highway":"tertiary"},"geometry":{"type":"LineString","coordinates":[[1.8887801,48.5839478],[1.8876882,48.5840915],[1.8864225,48.5842751],[1.8862804,48.5843058],[1.8861366,48.5843178],[1.8860021,48.5842975],[1.8841877,48.5832261]]}},{"type":"Feature","properties":{"sinuosity":0.906,"highway":"tertiary"},"geometry":{"type":"LineString","coordinates":[[1.8891345,48.5666427],[1.8894656,48.5657611],[1.889835,48.5655371],[1.8901345,48.5655365],[1.8917523,48.5662309],[1.8929432,48.5661386],[1.8932904,48.5653928],[1.8932972,48.5652937],[1.8935118,48.5649174],[1.895658,48.563274]]}},{"type":"Feature","properties":{"sinuosity":0.785,"highway":"tertiary"},"geometry":{"type":"LineString","coordinates":[[2.0701662,48.8659732],[2.0696993,48.8657164],[2.0695621,48.8656299],[2.0692134,48.8652557],[2.0692032,48.8649071],[2.069373,48.8641611],[2.069297,48.8638718],[2.0691203,48.8634047],[2.0679382,48.8631738],[2.0678053,48.8630225]]}},{"type":"Feature","properties":{"sinuosity":1,"highway":"tertiary"},"geometry":{"type":"LineString","coordinates":[[2.0698209,48.8598206],[2.0701573,48.8593485],[2.0695367,48.8586766],[2.0686897,48.8588209],[2.0670561,48.8590203],[2.0654397,48.8585476],[2.0645351,48.8576951],[2.0632987,48.8565429],[2.063638,48.8557028],[2.0643155,48.8547074]]}},{"type":"Feature","properties":{"sinuosity":0.806,"highway":"secondary"},"geometry":{"type":"LineString","coordinates":[[1.895132,48.6802808],[1.8939116,48.6801941],[1.8937689,48.6802362],[1.8936836,48.6802613],[1.8935763,48.6803286],[1.8926374,48.6817538],[1.8925153,48.6818309]]}},{"type":"Feature","properties":{"sinuosity":0.845,"highway":"tertiary"},"geometry":{"type":"LineString","coordinates":[[2.0083553,48.6749614],[2.0070186,48.6757129],[2.0062438,48.6758583],[2.00605,48.6759725],[2.0060516,48.6760259],[2.0067174,48.6770388],[2.0067394,48.6771576],[2.0065922,48.6774151],[2.0059052,48.6779032],[2.0058466,48.6780258]]}},{"type":"Feature","properties":{"sinuosity":0.7,"highway":"tertiary"},"geometry":{"type":"LineString","coordinates":[[2.8292399,48.5800496],[2.8289904,48.5798085],[2.8282868,48.5789447],[2.8279873,48.5785682],[2.8276032,48.5780855],[2.8274925,48.5780074],[2.8273852,48.5779613],[2.8273235,48.5779524]]}},{"type":"Feature","properties":{"sinuosity":0.7,"highway":"tertiary"},"geometry":{"type":"LineString","coordinates":[[2.8572487,48.5749978],[2.8569778,48.5749971],[2.8564145,48.5749621],[2.8563367,48.5749612],[2.8562995,48.5749516],[2.8550868,48.5749807],[2.8545949,48.575007],[2.8536732,48.5751537],[2.8530349,48.5752433],[2.8521967,48.5753631]]}},{"type":"Feature","properties":{"sinuosity":0.7,"highway":"tertiary"},"geometry":{"type":"LineString","coordinates":[[2.8586841,48.5706048],[2.8585871,48.5707653],[2.8584959,48.5711801],[2.8583203,48.5722758],[2.8582563,48.5726368],[2.8582043,48.573206],[2.858233,48.5734798],[2.8580505,48.5741476],[2.857953,48.5743286],[2.8572487,48.5749978]]}},{"type":"Feature","properties":{"sinuosity":0.81,"highway":"tertiary"},"geometry":{"type":"LineString","coordinates":[[3.102142,48.5120353],[3.1033905,48.5115095],[3.1036983,48.5114176],[3.1039688,48.5114536],[3.1040603,48.5114658],[3.104561,48.5117183],[3.1047144,48.5117956],[3.1052475,48.5120643]]}},{"type":"Feature","properties":{"sinuosity":0.885,"highway":"secondary"},"geometry":{"type":"LineString","coordinates":[[3.4976496,48.4925554],[3.4979336,48.492068],[3.4981391,48.4918254],[3.498369,48.4917591],[3.4987935,48.4919197],[3.4997361,48.4923256],[3.5003337,48.4925198],[3.5007131,48.4926313],[3.5017119,48.4928865],[3.5018855,48.4929288]]}},{"type":"Feature","properties":{"sinuosity":0.7,"highway":"primary"},"geometry":{"type":"LineString","coordinates":[[2.0078045,48.779296],[2.0078588,48.7793497],[2.0079405,48.779386],[2.0080653,48.7794213],[2.0083684,48.7794311],[2.0087256,48.779447],[2.0091378,48.7795117],[2.0105986,48.779902],[2.0107083,48.7799305]]}},{"type":"Feature","properties":{"sinuosity":0.785,"highway":"tertiary"},"geometry":{"type":"LineString","coordinates":[[1.7062439,48.6007085],[1.706154,48.600773],[1.7056313,48.6009994],[1.7051625,48.601343],[1.7038355,48.6023189],[1.7037845,48.6028082],[1.7038993,48.6030528],[1.7043439,48.6039366],[1.7044899,48.604227],[1.704569,48.6043842]]}},{"type":"Feature","properties":{"sinuosity":0.789,"highway":"tertiary"},"geometry":{"type":"LineString","coordinates":[[2.5157706,48.5279648],[2.5157102,48.5279391],[2.515574,48.5278209],[2.5155057,48.5277049],[2.5144643,48.5263219],[2.5142142,48.5259981],[2.5141075,48.525911],[2.5140673,48.5258944],[2.5139399,48.5258903],[2.5132841,48.5260561]]}},{"type":"Feature","properties":{"sinuosity":0.7,"highway":"tertiary"},"geometry":{"type":"LineString","coordinates":[[2.8653731,48.5734184],[2.8654012,48.5734811],[2.8653757,48.5735769],[2.8652751,48.5736346],[2.8648795,48.5737659],[2.8638804,48.57412],[2.8637061,48.5741652],[2.8634875,48.5742105],[2.8626332,48.5743232],[2.8621785,48.5743693]]}},{"type":"Feature","properties":{"sinuosity":0.71,"highway":"motorway_link"},"geometry":{"type":"LineString","coordinates":[[2.8467636,48.9369249],[2.8469914,48.9377296],[2.8470912,48.9380405],[2.8474356,48.9386076],[2.8476042,48.9388403],[2.8476753,48.9389124],[2.8479049,48.9390841],[2.8481818,48.939243],[2.8483264,48.9392937],[2.8485331,48.9392812]]}},{"type":"Feature","properties":{"sinuosity":0.7,"highway":"motorway_link"},"geometry":{"type":"LineString","coordinates":[[2.6055163,48.5992336],[2.6054482,48.5993568],[2.6048785,48.599683],[2.6046891,48.5998322],[2.6041972,48.6002368],[2.603851,48.6006321],[2.6037972,48.6007581],[2.6038034,48.6008197],[2.603808,48.6008645],[2.6038249,48.6009032]]}},{"type":"Feature","properties":{"sinuosity":0.7,"highway":"tertiary"},"geometry":{"type":"LineString","coordinates":[[2.4616173,48.5925467],[2.461849,48.5923996],[2.4635433,48.5912482],[2.4647076,48.5904365],[2.4654416,48.5898417],[2.4657524,48.5894823],[2.4662358,48.5885926],[2.466331,48.5882087],[2.4664362,48.5879725],[2.4666182,48.5879502]]}},{"type":"Feature","properties":{"sinuosity":1,"highway":"tertiary"},"geometry":{"type":"LineString","coordinates":[[2.7000038,48.6556819],[2.7005356,48.6556676],[2.7031891,48.6544749],[2.7034465,48.6544243],[2.7037055,48.654513],[2.7037187,48.6546869],[2.7034333,48.6551948],[2.7024189,48.65563],[2.7022717,48.655866],[2.7024046,48.6560293]]}},{"type":"Feature","properties":{"sinuosity":0.656,"highway":"tertiary"},"geometry":{"type":"LineString","coordinates":[[1.6729789,49.1356397],[1.6718041,49.1362076],[1.6709994,49.137398],[1.6701051,49.1386241],[1.6695695,49.1387474],[1.6690093,49.1387036],[1.6685326,49.1387379],[1.6675692,49.1389768],[1.6671726,49.1389955],[1.6669777,49.1390511]]}},{"type":"Feature","properties":{"sinuosity":0.722,"highway":"tertiary"},"geometry":{"type":"LineString","coordinates":[[2.0330715,48.630597],[2.0323902,48.6302779],[2.0313469,48.6298241],[2.0311081,48.6294501],[2.0308748,48.6287303],[2.0304698,48.6280957],[2.0300299,48.6277748],[2.0287049,48.6276383],[2.0275808,48.6275209],[2.0274548,48.6274837]]}},{"type":"Feature","properties":{"sinuosity":0.7,"highway":"primary"},"geometry":{"type":"LineString","coordinates":[[2.5827861,48.8357948],[2.5823642,48.8370656],[2.5822828,48.837318],[2.582259,48.8374946],[2.5822543,48.8375759],[2.5822543,48.8376243],[2.5822712,48.8376671],[2.5822559,48.837732]]}},{"type":"Feature","properties":{"sinuosity":0.7,"highway":"motorway_link"},"geometry":{"type":"LineString","coordinates":[[2.0490499,48.9095882],[2.0492988,48.9093718],[2.0494984,48.9092601],[2.0500984,48.9088201],[2.0505926,48.9084765],[2.0510555,48.9082014],[2.0513471,48.9080256],[2.0515516,48.9079503]]}},{"type":"Feature","properties":{"sinuosity":0.7,"highway":"secondary"},"geometry":{"type":"LineString","coordinates":[[2.3939031,48.824961],[2.393631,48.8250954],[2.393414,48.8252135],[2.3931994,48.8253614],[2.3927417,48.8258733],[2.3924597,48.8261616],[2.3922348,48.8263915],[2.3921745,48.826473],[2.3921799,48.8265589]]}},{"type":"Feature","properties":{"sinuosity":0.788,"highway":"secondary"},"geometry":{"type":"LineString","coordinates":[[2.0722046,48.5910948],[2.0721205,48.5915568],[2.0720389,48.5918617],[2.0719327,48.5920637],[2.0718053,48.5922008],[2.07147,48.5924625],[2.0713092,48.5925339],[2.0708658,48.5925369],[2.0698388,48.5924908],[2.0691967,48.592451]]}},{"type":"Feature","properties":{"sinuosity":0.7,"highway":"tertiary"},"geometry":{"type":"LineString","coordinates":[[2.8085847,48.537272],[2.8080698,48.5386875],[2.8074931,48.5402698],[2.8070934,48.5414223],[2.8070532,48.5415129],[2.8069505,48.5416177],[2.8041451,48.5429224],[2.8040537,48.5431698]]}},{"type":"Feature","properties":{"sinuosity":0.698,"highway":"tertiary"},"geometry":{"type":"LineString","coordinates":[[2.8124995,48.5280449],[2.8127619,48.5279697],[2.8145031,48.526428],[2.81512,48.5261089],[2.8164593,48.5262073],[2.8173659,48.5260652],[2.819173,48.5263037],[2.8214583,48.5261616],[2.8232515,48.525916],[2.8247079,48.5263477]]}},{"type":"Feature","properties":{"sinuosity":0.868,"highway":"tertiary"},"geometry":{"type":"LineString","coordinates":[[2.8443385,48.5119101],[2.8440542,48.5122868],[2.8442473,48.5132889],[2.8433531,48.515237],[2.8433081,48.5155351],[2.8432879,48.515758],[2.8430292,48.5159117],[2.8383918,48.5159702],[2.8383708,48.5163415],[2.837796,48.5192712]]}},{"type":"Feature","properties":{"sinuosity":0.708,"highway":"tertiary"},"geometry":{"type":"LineString","coordinates":[[2.9572399,48.6787207],[2.9573212,48.6792657],[2.9575156,48.6805676],[2.9575295,48.680661],[2.957626,48.680792],[2.957787,48.6808983],[2.9584901,48.6812135]]}},{"type":"Feature","properties":{"sinuosity":0.817,"highway":"tertiary"},"geometry":{"type":"LineString","coordinates":[[3.0628993,48.6591864],[3.0632245,48.6590237],[3.0633492,48.6588557],[3.0634088,48.6585792],[3.0633817,48.6579992],[3.0634793,48.657739],[3.0636961,48.6575655],[3.0640647,48.6574625],[3.0663686,48.6573595],[3.0689392,48.6572224]]}},{"type":"Feature","properties":{"sinuosity":0.7,"highway":"tertiary"},"geometry":{"type":"LineString","coordinates":[[3.0203811,48.6287531],[3.0203168,48.6287671],[3.0200277,48.6289035],[3.0195272,48.6295896],[3.0193255,48.6302136],[3.0193143,48.6304759],[3.019259,48.6312134],[3.019145,48.6314491],[3.0190412,48.6316321],[3.0189963,48.6316545]]}},{"type":"Feature","properties":{"sinuosity":0.658,"highway":"tertiary"},"geometry":{"type":"LineString","coordinates":[[2.9890559,48.5814123],[2.9894783,48.5814685],[2.9902362,48.5812655],[2.9923164,48.5814891],[2.9929494,48.5817836],[2.9937916,48.5823089],[2.9946512,48.5821423],[2.9963782,48.581915],[2.9986589,48.581798],[3.0022835,48.5820214]]}},{"type":"Feature","properties":{"sinuosity":0.705,"highway":"tertiary"},"geometry":{"type":"LineString","coordinates":[[3.2814165,48.791947],[3.2813684,48.7920629],[3.281132,48.7922076],[3.2809418,48.7922752],[3.2804496,48.7922678],[3.277959,48.7915701],[3.2771996,48.7915699],[3.2764725,48.7916025],[3.2755971,48.791536],[3.2741416,48.7911949]]}},{"type":"Feature","properties":{"sinuosity":0.758,"highway":"tertiary"},"geometry":{"type":"LineString","coordinates":[[3.2716335,48.7944217],[3.271456,48.7944733],[3.2705324,48.7945183],[3.2700614,48.7946866],[3.2697034,48.7948066],[3.2692519,48.7949688],[3.2690549,48.795095],[3.2683824,48.7958091],[3.2682636,48.7960275],[3.2682435,48.7965454]]}},{"type":"Feature","properties":{"sinuosity":1,"highway":"tertiary"},"geometry":{"type":"LineString","coordinates":[[3.2357416,48.910685],[3.2347654,48.9091441],[3.2333761,48.908604],[3.2311532,48.9081954],[3.2296023,48.9084543],[3.2284405,48.9082975],[3.2284208,48.9080418],[3.2291718,48.9078099],[3.2296613,48.9066631],[3.2302621,48.9058751]]}},{"type":"Feature","properties":{"sinuosity":0.7,"highway":"motorway_link"},"geometry":{"type":"LineString","coordinates":[[2.4477941,48.8028641],[2.4475964,48.8024408],[2.4473229,48.80198],[2.447128,48.8017741],[2.4468925,48.8015825],[2.4465202,48.8013155],[2.4463915,48.801206],[2.4462814,48.8010857],[2.4461518,48.8007607],[2.4461666,48.800612]]}},{"type":"Feature","properties":{"sinuosity":0.669,"highway":"tertiary"},"geometry":{"type":"LineString","coordinates":[[2.7790879,48.5827082],[2.7790547,48.5825282],[2.7786316,48.5820004],[2.7787099,48.5815925],[2.7796532,48.5808265],[2.77995,48.5803846],[2.7801219,48.5793772],[2.7809117,48.5777983],[2.7810896,48.5773158],[2.7811453,48.5767599]]}},{"type":"Feature","properties":{"sinuosity":0.7,"highway":"tertiary"},"geometry":{"type":"LineString","coordinates":[[2.7717697,48.587697],[2.772636,48.5877858],[2.7738203,48.587848],[2.774046,48.5879019],[2.7742755,48.5880124],[2.7746093,48.5882053],[2.7753428,48.5884959],[2.7756266,48.5884828],[2.7770924,48.588289],[2.7780236,48.5881955]]}},{"type":"Feature","properties":{"sinuosity":0.706,"highway":"motorway_link"},"geometry":{"type":"LineString","coordinates":[[1.8124253,48.9661445],[1.8121924,48.9662136],[1.811403,48.9663672],[1.8112661,48.9664192],[1.8111614,48.966484],[1.8109172,48.9667169],[1.8105926,48.9670429],[1.8103461,48.9674429]]}},{"type":"Feature","properties":{"sinuosity":0.7,"highway":"primary"},"geometry":{"type":"LineString","coordinates":[[2.1092573,48.6263059],[2.1073678,48.6267111],[2.1056682,48.627069],[2.1040701,48.6274258],[2.1032312,48.6275928],[2.1024481,48.627756],[2.1023062,48.6277436],[2.1016775,48.6276404],[2.1013186,48.6276198],[2.1005123,48.6275603]]}},{"type":"Feature","properties":{"sinuosity":0.638,"highway":"tertiary"},"geometry":{"type":"LineString","coordinates":[[2.5019976,48.5938992],[2.50175,48.5933152],[2.5011752,48.5920628],[2.5007167,48.5915836],[2.5004008,48.5913977],[2.499736,48.5911467],[2.4994988,48.590976],[2.4992044,48.5904921],[2.4983568,48.5902583],[2.4979166,48.5901376]]}},{"type":"Feature","properties":{"sinuosity":0.727,"highway":"tertiary"},"geometry":{"type":"LineString","coordinates":[[2.6963424,48.6698978],[2.6961263,48.6694332],[2.6961119,48.6692752],[2.6964547,48.6688936],[2.6968034,48.6685662],[2.6968844,48.6683851],[2.6970426,48.6677767],[2.6970118,48.6674144],[2.6968991,48.667232],[2.696535,48.6668657]]}},{"type":"Feature","properties":{"sinuosity":0.7,"highway":"tertiary"},"geometry":{"type":"LineString","coordinates":[[2.696535,48.6668657],[2.6964908,48.6667489],[2.6964811,48.6666165],[2.6966304,48.6663654],[2.6968012,48.6662249],[2.6972652,48.6659308],[2.6974101,48.6658246],[2.6976407,48.6655889],[2.6977471,48.6654516],[2.6978131,48.665193]]}},{"type":"Feature","properties":{"sinuosity":0.729,"highway":"tertiary"},"geometry":{"type":"LineString","coordinates":[[2.6765429,48.6589664],[2.6757084,48.6590575],[2.6753137,48.6591006],[2.6748308,48.6593523],[2.6746439,48.6594538],[2.6738315,48.6599091],[2.6734039,48.6602352],[2.6733017,48.6608174],[2.6730788,48.6611945],[2.6724556,48.6619902]]}},{"type":"Feature","properties":{"sinuosity":0.924,"highway":"tertiary"},"geometry":{"type":"LineString","coordinates":[[2.6765429,48.6589664],[2.6770503,48.6586596],[2.6775404,48.658031],[2.6776205,48.6577641],[2.6773639,48.6574849],[2.6771692,48.6574256],[2.6739493,48.6571136],[2.6726053,48.6573074],[2.6723457,48.6572771],[2.6720238,48.6570898]]}},{"type":"Feature","properties":{"sinuosity":0.68,"highway":"tertiary"},"geometry":{"type":"LineString","coordinates":[[2.6684467,48.6688148],[2.6678763,48.6695268],[2.6677522,48.6696762],[2.6674215,48.6700821],[2.6673873,48.6701315],[2.6667339,48.6708878],[2.6667,48.6709096],[2.6664414,48.6713431],[2.6663197,48.6715958],[2.6661195,48.6720127]]}},{"type":"Feature","properties":{"sinuosity":0.705,"highway":"tertiary"},"geometry":{"type":"LineString","coordinates":[[2.0797662,48.6439928],[2.0795876,48.6440156],[2.0784409,48.6442401],[2.0780611,48.6444596],[2.077992,48.644504],[2.0779329,48.6445537],[2.0778384,48.6446332],[2.0776332,48.6448568],[2.0775291,48.6450262],[2.0775091,48.6450587]]}},{"type":"Feature","properties":{"sinuosity":0.913,"highway":"trunk_link"},"geometry":{"type":"LineString","coordinates":[[2.454289,48.7870202],[2.4546109,48.7868247],[2.4548004,48.78668],[2.4548539,48.7865367],[2.4548486,48.7864253],[2.4548011,48.7863223],[2.4546663,48.7861995],[2.454272,48.7859998],[2.4540047,48.7858797],[2.4535627,48.7856137]]}},{"type":"Feature","properties":{"sinuosity":0.7,"highway":"secondary"},"geometry":{"type":"LineString","coordinates":[[2.3608176,49.1702156],[2.3608301,49.1701828],[2.3610017,49.1700818],[2.3616597,49.1698537],[2.361912,49.1697099],[2.3625379,49.1692594],[2.3627333,49.1690921],[2.3627943,49.1689901],[2.362818,49.1688668],[2.3628488,49.1685849]]}},{"type":"Feature","properties":{"sinuosity":0.857,"highway":"secondary"},"geometry":{"type":"LineString","coordinates":[[2.8338092,48.8234829],[2.8333265,48.8232376],[2.8317777,48.8229991],[2.8316398,48.8237192],[2.8314311,48.8244835],[2.8311736,48.8261394],[2.831356,48.8271529],[2.8304144,48.8284765],[2.8299203,48.8295471],[2.8295983,48.8303352]]}},{"type":"Feature","properties":{"sinuosity":0.78,"highway":"secondary"},"geometry":{"type":"LineString","coordinates":[[1.6190455,49.0785943],[1.6184259,49.0786813],[1.6177503,49.0786128],[1.6174337,49.0783796],[1.6173525,49.0780326],[1.617008,49.0778227],[1.6163664,49.0778585],[1.6158625,49.0779124],[1.6151998,49.077741],[1.6146424,49.0775378]]}},{"type":"Feature","properties":{"sinuosity":0.7,"highway":"motorway_link"},"geometry":{"type":"LineString","coordinates":[[2.5458596,48.6214514],[2.5460137,48.6213214],[2.5482064,48.6201746],[2.5483556,48.6200575],[2.5485111,48.6199201],[2.5487056,48.6196307],[2.5488441,48.6193194],[2.5489534,48.6189822],[2.5489563,48.6188403],[2.548947,48.618807]]}},{"type":"Feature","properties":{"sinuosity":1,"highway":"motorway_link"},"geometry":{"type":"LineString","coordinates":[[2.555511,48.6175694],[2.555799,48.6174309],[2.556166,48.6171242],[2.5561656,48.616905],[2.5559296,48.6167101],[2.5550377,48.6166023],[2.5544647,48.6166851],[2.5542679,48.6168031],[2.5542441,48.6170009],[2.5543192,48.617176]]}},{"type":"Feature","properties":{"sinuosity":1,"highway":"motorway_link"},"geometry":{"type":"LineString","coordinates":[[2.5538875,48.618641],[2.5535514,48.6188552],[2.5533997,48.6190401],[2.5535634,48.6193976],[2.5538429,48.6194786],[2.5546795,48.6194345],[2.555064,48.6193253],[2.5552274,48.6191842],[2.5552493,48.6190748],[2.5551728,48.6188704]]}},{"type":"Feature","properties":{"sinuosity":0.7,"highway":"motorway_link"},"geometry":{"type":"LineString","coordinates":[[2.5583042,48.6168953],[2.5576846,48.6172211],[2.5573136,48.6174866],[2.5568366,48.6184775],[2.5564708,48.6188532],[2.5560308,48.6191793],[2.5559232,48.6193012],[2.5558581,48.6195122],[2.5558836,48.6196784],[2.5559459,48.6198333]]}},{"type":"Feature","properties":{"sinuosity":1,"highway":"trunk_link"},"geometry":{"type":"LineString","coordinates":[[2.9006257,48.6970967],[2.9007479,48.6969789],[2.901313,48.6967041],[2.9013998,48.6965415],[2.9013822,48.6963917],[2.9011216,48.696163],[2.9008356,48.6961144],[2.9006075,48.6961389],[2.9001159,48.696351],[2.9000605,48.6963799]]}},{"type":"Feature","properties":{"sinuosity":0.734,"highway":"secondary"},"geometry":{"type":"LineString","coordinates":[[2.8272369,48.6659601],[2.8286328,48.6659089],[2.8305687,48.665888],[2.8315685,48.6655913],[2.8329679,48.6651108],[2.8335828,48.6651635],[2.8341313,48.6655431],[2.8344358,48.665706],[2.8347948,48.6656969],[2.8355784,48.6652849]]}},{"type":"Feature","properties":{"sinuosity":0.701,"highway":"trunk"},"geometry":{"type":"LineString","coordinates":[[2.788258,48.6360403],[2.7882219,48.6361479],[2.7882381,48.6362685],[2.7882701,48.6363158],[2.7883027,48.636363],[2.7886483,48.6366109],[2.7889622,48.6367517],[2.7894636,48.6369207],[2.7901665,48.637208],[2.790519,48.6374097]]}},{"type":"Feature","properties":{"sinuosity":1,"highway":"motorway_link"},"geometry":{"type":"LineString","coordinates":[[2.6635703,48.8421687],[2.6636157,48.8424522],[2.663685,48.8426838],[2.6638522,48.8428347],[2.6641544,48.8429309],[2.6646011,48.8428691],[2.6648185,48.8427045],[2.6649335,48.8424957],[2.6649748,48.8422274],[2.6649243,48.8420898]]}},{"type":"Feature","properties":{"sinuosity":0.709,"highway":"motorway_link"},"geometry":{"type":"LineString","coordinates":[[1.4203001,49.0640124],[1.4204772,49.0637051],[1.4205881,49.063451],[1.4207411,49.0631627],[1.4209156,49.0629908],[1.4213093,49.0626611],[1.4213173,49.0625623],[1.4212922,49.0624606],[1.4210233,49.0619537],[1.4210272,49.0618525]]}},{"type":"Feature","properties":{"sinuosity":0.828,"highway":"motorway_link"},"geometry":{"type":"LineString","coordinates":[[1.4210272,49.0618525],[1.4214166,49.0622255],[1.421677,49.0624095],[1.4219718,49.0625437],[1.4223497,49.0626469],[1.4225187,49.0626773],[1.422938,49.062686],[1.4234004,49.0626241],[1.4240031,49.0624148],[1.4253413,49.061866]]}},{"type":"Feature","properties":{"sinuosity":0.7,"highway":"tertiary"},"geometry":{"type":"LineString","coordinates":[[1.7582759,48.5166775],[1.7587917,48.5168097],[1.7589571,48.5168335],[1.7592308,48.5168242],[1.7597814,48.5166635],[1.7599005,48.5166391],[1.7601254,48.516646],[1.7605402,48.5167067],[1.7610257,48.516818],[1.7611338,48.5168691]]}},{"type":"Feature","properties":{"sinuosity":0.7,"highway":"tertiary"},"geometry":{"type":"LineString","coordinates":[[1.7694257,48.5242427],[1.7704099,48.5240168],[1.770715,48.523976],[1.7712521,48.5240665],[1.772069,48.5242921],[1.7733961,48.5242649],[1.7742696,48.5241625],[1.7764132,48.5241046]]}},{"type":"Feature","properties":{"sinuosity":0.7,"highway":"trunk_link"},"geometry":{"type":"LineString","coordinates":[[1.8305699,48.5441391],[1.830672,48.5443018],[1.8307002,48.5443964],[1.8306828,48.5445326],[1.8304078,48.5452918],[1.8303703,48.5454169],[1.8303542,48.5455306],[1.8303629,48.5459526],[1.8303593,48.5461589],[1.8302841,48.5462857]]}},{"type":"Feature","properties":{"sinuosity":0.804,"highway":"tertiary"},"geometry":{"type":"LineString","coordinates":[[1.7616747,48.518639],[1.7616758,48.5187808],[1.7614771,48.5191231],[1.7612748,48.5192133],[1.7603999,48.5193839],[1.7574625,48.5197736],[1.7572347,48.5198322],[1.7571166,48.5199004],[1.7571064,48.5202498],[1.7571858,48.5204621]]}},{"type":"Feature","properties":{"sinuosity":0.791,"highway":"secondary"},"geometry":{"type":"LineString","coordinates":[[3.3041071,48.77968],[3.3048803,48.7800175],[3.3049653,48.780088],[3.3050459,48.7802864],[3.3051058,48.7804841],[3.3051172,48.7807836],[3.305019,48.7812794],[3.3050024,48.7814138],[3.3048682,48.7815342],[3.3047413,48.7816419]]}},{"type":"Feature","properties":{"sinuosity":0.7,"highway":"trunk_link"},"geometry":{"type":"LineString","coordinates":[[2.8548013,48.7135125],[2.8548787,48.713432],[2.8552551,48.713301],[2.8556675,48.7131638],[2.8560005,48.7130513],[2.8569939,48.7126852],[2.8572425,48.7125981],[2.8573858,48.7125253],[2.8574503,48.7124774],[2.8574947,48.712448]]}},{"type":"Feature","properties":{"sinuosity":0.7,"highway":"tertiary"},"geometry":{"type":"LineString","coordinates":[[2.326796,48.5658021],[2.3269638,48.565755],[2.3274037,48.5655778],[2.3276956,48.5654083],[2.3279665,48.5651825],[2.3281975,48.5651265],[2.3294557,48.5647913],[2.3306825,48.5644257],[2.3311411,48.564338],[2.3315276,48.5643634]]}},{"type":"Feature","properties":{"sinuosity":0.81,"highway":"tertiary"},"geometry":{"type":"LineString","coordinates":[[2.0745255,48.5201808],[2.0738611,48.5199096],[2.0738388,48.5198397],[2.0738495,48.5197686],[2.0742586,48.5192366],[2.0742585,48.5191647],[2.0742268,48.5191272],[2.0739369,48.5189402],[2.0734311,48.5185961],[2.0729721,48.5182878]]}},{"type":"Feature","properties":{"sinuosity":0.7,"highway":"tertiary"},"geometry":{"type":"LineString","coordinates":[[3.0263132,49.0255804],[3.0264089,49.025599],[3.0265502,49.0257245],[3.0266858,49.0258546],[3.0270553,49.0263591],[3.0273092,49.0267187],[3.0278824,49.0270764],[3.028241,49.027209],[3.029376,49.0275443],[3.0299783,49.0278399]]}},{"type":"Feature","properties":{"sinuosity":0.747,"highway":"secondary"},"geometry":{"type":"LineString","coordinates":[[2.8084523,49.1425271],[2.8092459,49.1423522],[2.809555,49.1422058],[2.8102653,49.1419186],[2.8103387,49.1419098],[2.8104018,49.1419213],[2.8106515,49.1420126],[2.8108676,49.1420922],[2.8110034,49.1421422],[2.8111502,49.1421927]]}},{"type":"Feature","properties":{"sinuosity":0.7,"highway":"tertiary"},"geometry":{"type":"LineString","coordinates":[[1.7004502,49.2673641],[1.7015695,49.2681108],[1.7020668,49.2683416],[1.7051902,49.2692911],[1.7054873,49.269437],[1.7056385,49.2696038],[1.7056677,49.269834]]}},{"type":"Feature","properties":{"sinuosity":0.903,"highway":"secondary"},"geometry":{"type":"LineString","coordinates":[[2.2853738,48.4732951],[2.285977,48.4742874],[2.2862455,48.4747187],[2.2869967,48.4763728],[2.2875799,48.4770091],[2.288926,48.4775353],[2.2897969,48.4781946],[2.2900905,48.4789384],[2.2898611,48.4793261],[2.2871466,48.4803703]]}},{"type":"Feature","properties":{"sinuosity":0.714,"highway":"secondary"},"geometry":{"type":"LineString","coordinates":[[2.2871466,48.4803703],[2.2865803,48.4807794],[2.2867117,48.4812273],[2.2882262,48.4823947],[2.2888591,48.4834889],[2.2893037,48.4850569],[2.2893465,48.4858438],[2.2894372,48.4865215],[2.2894388,48.4869677],[2.2893894,48.4871345]]}},{"type":"Feature","properties":{"sinuosity":0.7,"highway":"tertiary"},"geometry":{"type":"LineString","coordinates":[[2.3304737,48.8544757],[2.3303815,48.854357],[2.3303615,48.8543325],[2.3298329,48.8534671],[2.3294306,48.8528055],[2.3293911,48.8527282],[2.3293569,48.8526596],[2.3286283,48.8520209],[2.3286186,48.8519893],[2.3286248,48.8518682]]}},{"type":"Feature","properties":{"sinuosity":0.7,"highway":"tertiary"},"geometry":{"type":"LineString","coordinates":[[1.9451896,48.9265796],[1.9442988,48.9263575],[1.9435794,48.9262336],[1.943551,48.926232],[1.9427755,48.9262984],[1.9408283,48.9265693],[1.9402657,48.9264337],[1.9399944,48.9263778],[1.9390011,48.9265567],[1.9383326,48.926731]]}},{"type":"Feature","properties":{"sinuosity":0.74,"highway":"tertiary"},"geometry":{"type":"LineString","coordinates":[[1.8906123,48.9132746],[1.8898236,48.9118249],[1.8897476,48.9112865],[1.8899538,48.9104105],[1.8896889,48.9099717],[1.8887642,48.9098125],[1.8880595,48.9091431],[1.8873868,48.908665],[1.8864459,48.9080356],[1.8853101,48.9071332]]}},{"type":"Feature","properties":{"sinuosity":0.744,"highway":"secondary"},"geometry":{"type":"LineString","coordinates":[[2.2486576,48.4752585],[2.2490462,48.4752279],[2.2496936,48.4751376],[2.2502099,48.4750728],[2.250381,48.4750228],[2.2504855,48.4749412],[2.2505752,48.4748525],[2.2507351,48.4746312],[2.2508709,48.4743774]]}},{"type":"Feature","properties":{"sinuosity":0.7,"highway":"tertiary"},"geometry":{"type":"LineString","coordinates":[[2.3404618,49.0313237],[2.3404293,49.0313205],[2.3403989,49.031322],[2.3403662,49.0313297],[2.3403339,49.0313428],[2.33973,49.0315986],[2.3383881,49.0321636],[2.3381721,49.0322647],[2.3381091,49.0323171],[2.3380556,49.0323635]]}},{"type":"Feature","properties":{"sinuosity":0.7,"highway":"tertiary"},"geometry":{"type":"LineString","coordinates":[[2.3172112,48.7547934],[2.3174753,48.7548418],[2.3180264,48.7549454],[2.3183245,48.7550018],[2.3186616,48.7550657],[2.3189254,48.755029],[2.3195839,48.7548955],[2.3197296,48.7548686],[2.3199977,48.7548197],[2.3206629,48.7546745]]}},{"type":"Feature","properties":{"sinuosity":0.7,"highway":"tertiary"},"geometry":{"type":"LineString","coordinates":[[1.5852416,48.9239116],[1.5860252,48.9233341],[1.5862389,48.9230504],[1.5864675,48.9228447],[1.5867534,48.9225102],[1.5867412,48.9223284],[1.5867252,48.9221943],[1.5867857,48.9220658],[1.5870997,48.9217688],[1.5871952,48.9216692]]}},{"type":"Feature","properties":{"sinuosity":0.707,"highway":"tertiary"},"geometry":{"type":"LineString","coordinates":[[1.5756936,48.9307603],[1.5764681,48.9310795],[1.5771199,48.9313467],[1.5786058,48.9318116],[1.5787118,48.9318073],[1.5788107,48.9317731],[1.5790929,48.9316204],[1.5792371,48.9315965],[1.5795394,48.9316184],[1.5799846,48.9316826]]}},{"type":"Feature","properties":{"sinuosity":0.7,"highway":"trunk_link"},"geometry":{"type":"LineString","coordinates":[[2.8445681,48.7197173],[2.8447938,48.7195211],[2.8451573,48.7192915],[2.8454203,48.719062],[2.8463359,48.7180098],[2.846423,48.7179001],[2.8464967,48.7177873],[2.8465055,48.7177582],[2.8465034,48.7177259],[2.846469,48.7176462]]}},{"type":"Feature","properties":{"sinuosity":0.7,"highway":"primary"},"geometry":{"type":"LineString","coordinates":[[2.1781976,48.4202097],[2.1786677,48.421157],[2.1791591,48.4222959],[2.1792068,48.4223455],[2.1792242,48.4223865]]}},{"type":"Feature","properties":{"sinuosity":0.7,"highway":"secondary"},"geometry":{"type":"LineString","coordinates":[[2.3268728,48.8516864],[2.3267642,48.8521344],[2.3267204,48.8522948],[2.3266578,48.8525063],[2.3264058,48.853362],[2.32616,48.8542256],[2.3260465,48.8546151],[2.3257181,48.8557397],[2.3257551,48.8558832],[2.3258871,48.8559921]]}},{"type":"Feature","properties":{"sinuosity":0.7,"highway":"secondary"},"geometry":{"type":"LineString","coordinates":[[1.6399536,48.8248057],[1.639841,48.8246694],[1.6394886,48.8243223],[1.6393533,48.8242283],[1.639032,48.824064],[1.6388529,48.8240171],[1.6379549,48.8238436],[1.637686,48.8237421],[1.6371295,48.8234526],[1.6367925,48.8231831]]}},{"type":"Feature","properties":{"sinuosity":0.79,"highway":"secondary"},"geometry":{"type":"LineString","coordinates":[[2.1059366,48.4463013],[2.1056561,48.4462176],[2.1053772,48.4462781],[2.1052337,48.446444],[2.1048737,48.4469008],[2.1046441,48.4470265],[2.1033451,48.4474248],[2.1024831,48.4475199],[2.1016087,48.4472548],[2.0944337,48.4440292]]}},{"type":"Feature","properties":{"sinuosity":0.7,"highway":"tertiary"},"geometry":{"type":"LineString","coordinates":[[1.9217272,48.9512011],[1.9218081,48.9518033],[1.9224077,48.952658],[1.9224446,48.9531648],[1.9235081,48.9540231],[1.9236147,48.9545337],[1.9234585,48.9554079],[1.9235351,48.9565126],[1.9233167,48.9571426],[1.923112,48.9573959]]}},{"type":"Feature","properties":{"sinuosity":0.73,"highway":"tertiary"},"geometry":{"type":"LineString","coordinates":[[1.5804268,48.9315952],[1.5806773,48.9314942],[1.5807559,48.9313276],[1.5807231,48.9312445],[1.5806837,48.9311868],[1.5802259,48.9308428],[1.5800044,48.9295019],[1.5800092,48.9293517],[1.5800702,48.9291541],[1.5801411,48.929048]]}},{"type":"Feature","properties":{"sinuosity":0.82,"highway":"tertiary"},"geometry":{"type":"LineString","coordinates":[[1.6556097,48.9189237],[1.6572691,48.9187328],[1.6599261,48.9182963],[1.6605098,48.9181389],[1.6611596,48.9179468],[1.6612362,48.9179436],[1.661411,48.9179999],[1.6616578,48.9182741],[1.6621261,48.9190333],[1.6622101,48.9190868]]}},{"type":"Feature","properties":{"sinuosity":0.7,"highway":"tertiary"},"geometry":{"type":"LineString","coordinates":[[2.8096101,49.1389856],[2.8094706,49.1389491],[2.80852,49.1387516],[2.80848,49.138745],[2.8063544,49.1385707],[2.8061378,49.1385492],[2.8053185,49.1383237],[2.8051795,49.1382641],[2.8050767,49.1381515],[2.8050695,49.138127]]}},{"type":"Feature","properties":{"sinuosity":0.765,"highway":"tertiary"},"geometry":{"type":"LineString","coordinates":[[1.5494623,49.0613278],[1.5494183,49.0614019],[1.5490721,49.0619227],[1.5495424,49.0622317],[1.549443,49.0624178],[1.5492394,49.0626385],[1.5491575,49.062714],[1.5486377,49.0631931],[1.5484064,49.0634004]]}},{"type":"Feature","properties":{"sinuosity":0.7,"highway":"tertiary"},"geometry":{"type":"LineString","coordinates":[[2.9160067,48.7895571],[2.9159498,48.7896841],[2.9158834,48.7899802],[2.9157115,48.7903369],[2.9153488,48.7910682],[2.9154196,48.7911717],[2.9159822,48.7915463],[2.9161106,48.7918612],[2.9161608,48.7925276],[2.9159908,48.7939156]]}},{"type":"Feature","properties":{"sinuosity":0.787,"highway":"tertiary"},"geometry":{"type":"LineString","coordinates":[[1.9332551,48.7526203],[1.932863,48.7523984],[1.932608,48.7522515],[1.9323546,48.7521207],[1.93181,48.7518539],[1.930876,48.7514386],[1.9307174,48.7514381],[1.9305771,48.7514808],[1.930435,48.7516191],[1.9303635,48.7517117]]}},{"type":"Feature","properties":{"sinuosity":0.7,"highway":"tertiary"},"geometry":{"type":"LineString","coordinates":[[3.3433841,48.4937084],[3.3433197,48.4947748],[3.3421717,48.4966376],[3.3413697,48.4975284],[3.3406499,48.4985896],[3.3404092,48.4995416],[3.3402513,48.4999079],[3.3389,48.5008037],[3.3380202,48.5013297],[3.3380309,48.5016567]]}},{"type":"Feature","properties":{"sinuosity":0.705,"highway":"tertiary"},"geometry":{"type":"LineString","coordinates":[[3.2309305,48.4629272],[3.233465,48.4632049],[3.2347374,48.4633708],[3.2349911,48.463307],[3.2356989,48.4628924],[3.2357465,48.4628724],[3.2358416,48.4628523],[3.2359102,48.4628528],[3.2360346,48.4628615],[3.2361117,48.4628728]]}},{"type":"Feature","properties":{"sinuosity":0.765,"highway":"tertiary"},"geometry":{"type":"LineString","coordinates":[[3.4287516,48.4047855],[3.42842,48.404748],[3.4265208,48.4055869],[3.4248643,48.4060994],[3.4236667,48.4069764],[3.4228565,48.4082624],[3.422486,48.4085978],[3.422182,48.4087325],[3.4209327,48.4091059],[3.4213128,48.4107077]]}},{"type":"Feature","properties":{"sinuosity":0.756,"highway":"tertiary"},"geometry":{"type":"LineString","coordinates":[[3.2662022,48.5085616],[3.2668996,48.508799],[3.2678767,48.5089473],[3.2695803,48.5095017],[3.2713643,48.5101488],[3.2729044,48.5115152],[3.2738656,48.5119594],[3.2758222,48.5114459],[3.2769747,48.5112061],[3.2779233,48.5110921]]}},{"type":"Feature","properties":{"sinuosity":0.883,"highway":"tertiary"},"geometry":{"type":"LineString","coordinates":[[3.1194899,48.4298367],[3.1209556,48.4281952],[3.1211147,48.4280268],[3.1216608,48.4274817],[3.12173,48.4272581],[3.1216599,48.427217],[3.1212289,48.4270544],[3.1205247,48.4267574],[3.1203527,48.4266474],[3.120291,48.4265895]]}},{"type":"Feature","properties":{"sinuosity":0.7,"highway":"secondary"},"geometry":{"type":"LineString","coordinates":[[3.2312,48.8493751],[3.2311483,48.8493622],[3.2310517,48.8493446],[3.2309476,48.8493093],[3.23079,48.8492637],[3.2292183,48.8490823],[3.2286852,48.8489962],[3.2284395,48.8489159],[3.2282043,48.8488292],[3.2280184,48.8487538]]}},{"type":"Feature","properties":{"sinuosity":0.743,"highway":"secondary"},"geometry":{"type":"LineString","coordinates":[[2.3529356,48.9275111],[2.3532068,48.9275255],[2.3535328,48.9273955],[2.3539051,48.9272257],[2.3545563,48.9270033],[2.3549212,48.9269217],[2.3554179,48.9268545],[2.3557299,48.9267364],[2.3558106,48.9266192],[2.3559528,48.9261755]]}},{"type":"Feature","properties":{"sinuosity":0.7,"highway":"tertiary"},"geometry":{"type":"LineString","coordinates":[[3.247053,48.6784331],[3.2450734,48.6782407],[3.2445274,48.6781056],[3.2436788,48.6779589],[3.2432819,48.6780789],[3.2430345,48.6781537],[3.242663,48.6781371],[3.2404072,48.6784442],[3.2400596,48.6785029],[3.2389684,48.6789982]]}},{"type":"Feature","properties":{"sinuosity":0.631,"highway":"tertiary"},"geometry":{"type":"LineString","coordinates":[[3.3549508,48.4507665],[3.3580775,48.4521223],[3.3589882,48.4523697],[3.3599611,48.4528136],[3.3606727,48.4530901],[3.3620824,48.4533521],[3.3632674,48.4537135],[3.3641525,48.4545819],[3.3645413,48.4549078],[3.3663223,48.4553205]]}},{"type":"Feature","properties":{"sinuosity":0.815,"highway":"tertiary"},"geometry":{"type":"LineString","coordinates":[[3.4027355,48.4108867],[3.4044058,48.4123179],[3.4048597,48.4124567],[3.4052982,48.4124528],[3.4058442,48.4123548],[3.406953,48.4117913],[3.4075363,48.4112352],[3.4078391,48.4110643],[3.409457,48.4106498],[3.4142063,48.4109065]]}},{"type":"Feature","properties":{"sinuosity":0.7,"highway":"tertiary"},"geometry":{"type":"LineString","coordinates":[[3.3495967,48.4484246],[3.3498149,48.4484798],[3.350074,48.4485023],[3.3517899,48.4484659],[3.3519274,48.4484301],[3.3524019,48.4483348],[3.352536,48.4483357],[3.3526705,48.4483643],[3.3528213,48.4484316],[3.3534256,48.4487011]]}},{"type":"Feature","properties":{"sinuosity":0.744,"highway":"tertiary"},"geometry":{"type":"LineString","coordinates":[[3.43179,48.56069],[3.4326515,48.560011],[3.4336003,48.5589073],[3.4338371,48.5586937],[3.434297,48.5585878],[3.4347957,48.5587568],[3.4349515,48.5587601],[3.435157,48.558668],[3.435677,48.5581398],[3.4359933,48.5577882]]}},{"type":"Feature","properties":{"sinuosity":0.794,"highway":"tertiary"},"geometry":{"type":"LineString","coordinates":[[3.4551834,48.5425346],[3.4563274,48.5428949],[3.4572186,48.5420619],[3.457325,48.5420115],[3.4582305,48.5418766],[3.458406,48.5418193],[3.4587183,48.5412239],[3.4592784,48.5407041],[3.4596963,48.5405762],[3.4617867,48.5404073]]}},{"type":"Feature","properties":{"sinuosity":0.7,"highway":"tertiary"},"geometry":{"type":"LineString","coordinates":[[3.4690009,48.6068438],[3.4690009,48.6061048],[3.4694685,48.6051885],[3.469843,48.6044951],[3.4698567,48.6043371]]}},{"type":"Feature","properties":{"sinuosity":0.7,"highway":"tertiary"},"geometry":{"type":"LineString","coordinates":[[3.3548933,48.9331185],[3.3529805,48.9342292],[3.3528472,48.9343263],[3.352833,48.9344917],[3.3528089,48.9348194],[3.3521705,48.9351099],[3.3508001,48.9356487],[3.348921,48.9371551],[3.3464446,48.9389909],[3.3449372,48.9396851]]}},{"type":"Feature","properties":{"sinuosity":1,"highway":"tertiary"},"geometry":{"type":"LineString","coordinates":[[3.2126745,49.091589],[3.2114953,49.0920644],[3.2111464,49.0923578],[3.2113342,49.0925767],[3.2117366,49.0925952],[3.2123159,49.0923515],[3.2135994,49.0924041],[3.2191488,49.0934569],[3.2196271,49.0949683],[3.2188736,49.0962064]]}},{"type":"Feature","properties":{"sinuosity":0.7,"highway":"tertiary"},"geometry":{"type":"LineString","coordinates":[[3.2188736,49.0962064],[3.2187847,49.0966657],[3.2191872,49.0972129],[3.219658,49.0976695],[3.2196304,49.0981036],[3.2207,49.0987636],[3.221325,49.0994608],[3.2250006,49.1011612],[3.2262682,49.1022377],[3.2272527,49.1033626]]}},{"type":"Feature","properties":{"sinuosity":0.744,"highway":"tertiary"},"geometry":{"type":"LineString","coordinates":[[3.1695409,48.9931771],[3.1695445,48.9930829],[3.1696872,48.9925669],[3.1696811,48.992379],[3.1695201,48.9920687],[3.1689926,48.9916857],[3.1689301,48.9916501],[3.1688919,48.9916283],[3.1684411,48.9914116],[3.1683364,48.9913684]]}},{"type":"Feature","properties":{"sinuosity":0.685,"highway":"tertiary"},"geometry":{"type":"LineString","coordinates":[[1.6013958,49.0385887],[1.602098,49.0386593],[1.602808,49.0387339],[1.6040873,49.0388241],[1.6050859,49.0388642],[1.6064169,49.0389176],[1.6065381,49.0389452],[1.6067587,49.0390768],[1.6068114,49.0391401],[1.6068566,49.0391908]]}},{"type":"Feature","properties":{"sinuosity":0.7,"highway":"tertiary"},"geometry":{"type":"LineString","coordinates":[[1.4429328,48.9110867],[1.4429733,48.9110473],[1.4431047,48.9110193],[1.4433224,48.9109729],[1.4438243,48.9109146],[1.4449577,48.9109576],[1.4453124,48.9109633],[1.4463828,48.9109546],[1.4472471,48.9109804],[1.4477014,48.9110281]]}},{"type":"Feature","properties":{"sinuosity":0.7,"highway":"tertiary"},"geometry":{"type":"LineString","coordinates":[[2.7861098,48.8600952],[2.7858759,48.8585456],[2.7858263,48.8581925],[2.7857811,48.8578825],[2.7856679,48.8570864],[2.7855371,48.8570564],[2.785458,48.8569999],[2.7854164,48.8569091],[2.7853316,48.8564049],[2.7853133,48.8562888]]}},{"type":"Feature","properties":{"sinuosity":0.866,"highway":"tertiary"},"geometry":{"type":"LineString","coordinates":[[2.9583107,48.6480035],[2.9581891,48.6479769],[2.9572702,48.647788],[2.9565737,48.6476736],[2.9559883,48.6476052],[2.9551132,48.6475076],[2.9550204,48.6475321],[2.9547155,48.6481691],[2.9543973,48.64849],[2.9542026,48.648621]]}},{"type":"Feature","properties":{"sinuosity":0.7,"highway":"tertiary"},"geometry":{"type":"LineString","coordinates":[[1.6249758,49.0366971],[1.6251457,49.0366271],[1.6270038,49.036753],[1.627956,49.0369457],[1.629351,49.0374879],[1.6317295,49.0384097],[1.6331756,49.0389809],[1.6348422,49.039464],[1.6349452,49.0394808],[1.635013,49.0394573]]}},{"type":"Feature","properties":{"sinuosity":0.786,"highway":"tertiary"},"geometry":{"type":"LineString","coordinates":[[2.5337375,48.7990541],[2.5335835,48.7990324],[2.5324784,48.7989141],[2.5320375,48.7988669],[2.531771,48.7988419],[2.5315581,48.7987855],[2.5314415,48.7986435],[2.531384,48.7984848],[2.5311672,48.7978425],[2.5307153,48.7972718]]}},{"type":"Feature","properties":{"sinuosity":0.839,"highway":"tertiary"},"geometry":{"type":"LineString","coordinates":[[3.2721375,48.5863013],[3.2727515,48.5855476],[3.2733948,48.5847589],[3.2755283,48.5848108],[3.2763598,48.5854438],[3.2788072,48.5855891],[3.279543,48.5850242],[3.2817854,48.5841289],[3.2823414,48.5837002],[3.2826001,48.5833779]]}},{"type":"Feature","properties":{"sinuosity":0.837,"highway":"tertiary"},"geometry":{"type":"LineString","coordinates":[[3.26194,48.6713699],[3.2624795,48.671343],[3.2646716,48.6712339],[3.2715762,48.6709064],[3.2717578,48.6708245],[3.2718015,48.6707168],[3.271509,48.6695515],[3.2715202,48.6692641]]}},{"type":"Feature","properties":{"sinuosity":0.7,"highway":"secondary"},"geometry":{"type":"LineString","coordinates":[[2.3065132,48.9683003],[2.3074641,48.9689473],[2.3080819,48.9693639],[2.3082916,48.9695053],[2.3083226,48.9696099],[2.3084492,48.9696914],[2.3086134,48.9697662],[2.3088294,48.9699152],[2.3095079,48.9703528],[2.3097944,48.9704432]]}},{"type":"Feature","properties":{"sinuosity":0.7,"highway":"tertiary"},"geometry":{"type":"LineString","coordinates":[[2.2123298,48.322473],[2.2125394,48.3223849],[2.2127111,48.3222582],[2.2128171,48.3222025],[2.2136207,48.3220672],[2.2137467,48.3220442],[2.2142527,48.3218981],[2.2145575,48.3217842],[2.2151749,48.3215237],[2.2152502,48.3214857]]}},{"type":"Feature","properties":{"sinuosity":0.7,"highway":"trunk_link"},"geometry":{"type":"LineString","coordinates":[[2.8501776,48.7161209],[2.850117,48.7162413],[2.849166,48.7169735],[2.8487532,48.7173523],[2.8477611,48.7183675],[2.8476532,48.7185284],[2.8477686,48.7188389]]}},{"type":"Feature","properties":{"sinuosity":0.705,"highway":"tertiary"},"geometry":{"type":"LineString","coordinates":[[3.4572994,48.6590725],[3.457141,48.6590385],[3.4547751,48.6574017],[3.4546744,48.6572941],[3.4546115,48.6571855],[3.4546604,48.6564218]]}},{"type":"Feature","properties":{"sinuosity":0.718,"highway":"tertiary"},"geometry":{"type":"LineString","coordinates":[[3.2873754,48.9551363],[3.2877927,48.9547592],[3.2877202,48.9545703],[3.2872557,48.9538987],[3.2872111,48.9532306],[3.2872097,48.9530402],[3.2871506,48.9520088],[3.2867202,48.950729],[3.2850965,48.9491785],[3.2821717,48.9474353]]}},{"type":"Feature","properties":{"sinuosity":0.75,"highway":"tertiary"},"geometry":{"type":"LineString","coordinates":[[3.2821717,48.9474353],[3.2806915,48.9473209],[3.2792653,48.9470799],[3.2765227,48.9464559],[3.2738016,48.9458197],[3.2733771,48.9450119],[3.2728899,48.9446307],[3.2720274,48.9443256],[3.2715529,48.9437065],[3.2715921,48.9430317]]}},{"type":"Feature","properties":{"sinuosity":0.695,"highway":"tertiary"},"geometry":{"type":"LineString","coordinates":[[3.2715921,48.9430317],[3.2714615,48.9427886],[3.2710805,48.9425098],[3.2704112,48.9419763],[3.2701118,48.9417377],[3.2698832,48.941416],[3.2689804,48.9388962],[3.2690342,48.938213],[3.2688911,48.937902],[3.2687837,48.9377612]]}},{"type":"Feature","properties":{"sinuosity":1,"highway":"tertiary"},"geometry":{"type":"LineString","coordinates":[[3.1982459,49.1012847],[3.1980018,49.1016753],[3.1975955,49.1022758],[3.1974777,49.1024162],[3.1972414,49.1025081],[3.1968565,49.1025674],[3.1966585,49.1025399],[3.1964502,49.1024875],[3.1960879,49.1022611],[3.1959085,49.1021394]]}},{"type":"Feature","properties":{"sinuosity":0.7,"highway":"secondary"},"geometry":{"type":"LineString","coordinates":[[2.1954573,48.4852135],[2.1956623,48.4853945],[2.1959062,48.4857183],[2.1970126,48.4874876],[2.1972592,48.4879229],[2.1975122,48.4883875],[2.1975719,48.4886849],[2.1973379,48.4888773],[2.1972406,48.4892026],[2.1980114,48.4906937]]}},{"type":"Feature","properties":{"sinuosity":1,"highway":"motorway_link"},"geometry":{"type":"LineString","coordinates":[[2.5649887,49.1343834],[2.564739,49.1340429],[2.5645312,49.133823],[2.5642034,49.1336638],[2.5638503,49.1336281],[2.5636581,49.1336624],[2.5634164,49.1337958],[2.5632846,49.1340333],[2.5633375,49.134251],[2.5635435,49.1344857]]}},{"type":"Feature","properties":{"sinuosity":0.778,"highway":"secondary"},"geometry":{"type":"LineString","coordinates":[[3.5319259,48.8711968],[3.5319053,48.8713796],[3.5315012,48.8720809],[3.5320135,48.8724986],[3.5324609,48.8727189],[3.5331083,48.8727636],[3.5342174,48.8726591],[3.5350254,48.8724249],[3.5356768,48.8720713],[3.5363144,48.8716243]]}},{"type":"Feature","properties":{"sinuosity":0.7,"highway":"secondary"},"geometry":{"type":"LineString","coordinates":[[3.5494652,48.870616],[3.5491685,48.8704905],[3.5485248,48.8704079],[3.5475572,48.8703411],[3.5459269,48.870356],[3.5453579,48.8702683],[3.5447323,48.8701061],[3.5439404,48.8698773],[3.5430168,48.8696562],[3.5417554,48.8694946]]}},{"type":"Feature","properties":{"sinuosity":0.7,"highway":"tertiary"},"geometry":{"type":"LineString","coordinates":[[3.2589217,48.9816851],[3.2591319,48.9820406],[3.2592577,48.9829444],[3.2594273,48.9836122],[3.2601273,48.9843715],[3.2602537,48.9846969],[3.2604577,48.9857518],[3.2608274,48.9863941],[3.2609927,48.9868471],[3.2615452,48.9879969]]}},{"type":"Feature","properties":{"sinuosity":0.7,"highway":"tertiary"},"geometry":{"type":"LineString","coordinates":[[3.1876479,49.0201851],[3.187538,49.0202174],[3.1869094,49.0202882],[3.1864346,49.0204839],[3.1830168,49.0218745],[3.1821143,49.022458],[3.1806739,49.0238259],[3.1804622,49.0240731],[3.1804373,49.0247983],[3.1778339,49.0264505]]}},{"type":"Feature","properties":{"sinuosity":0.716,"highway":"tertiary"},"geometry":{"type":"LineString","coordinates":[[3.2339742,49.0026003],[3.2331704,48.9999231],[3.2332922,48.9997475],[3.2337379,48.9993966],[3.2357815,48.9978435],[3.2360194,48.9976502],[3.236417,48.9959413],[3.2364725,48.9957028],[3.2364553,48.9954157],[3.2361042,48.9942263]]}},{"type":"Feature","properties":{"sinuosity":0.702,"highway":"tertiary"},"geometry":{"type":"LineString","coordinates":[[3.2361042,48.9942263],[3.2361495,48.9935543],[3.2368474,48.9927931],[3.2373622,48.991502],[3.2373783,48.9914562],[3.2375837,48.9906892],[3.2379894,48.9893497],[3.2385513,48.9873752],[3.2386133,48.9873609],[3.239947,48.987054]]}},{"type":"Feature","properties":{"sinuosity":0.7,"highway":"secondary"},"geometry":{"type":"LineString","coordinates":[[2.8427956,48.6632188],[2.8428237,48.6633207],[2.8428585,48.6636242],[2.8428986,48.663887],[2.8429173,48.6640258],[2.8429922,48.6647265],[2.8429789,48.6648322],[2.8429401,48.6649622],[2.8428938,48.6650659],[2.842579,48.6654332]]}},{"type":"Feature","properties":{"sinuosity":0.71,"highway":"tertiary"},"geometry":{"type":"LineString","coordinates":[[3.38819,48.8288176],[3.3824503,48.8296704],[3.3818359,48.8296673],[3.3811272,48.8295669],[3.3804246,48.8294656],[3.3803007,48.8294529],[3.3801351,48.8294871],[3.3800147,48.8295523],[3.3797057,48.8301234],[3.3752382,48.8294529]]}},{"type":"Feature","properties":{"sinuosity":0.7,"highway":"tertiary"},"geometry":{"type":"LineString","coordinates":[[3.362705,48.8189183],[3.3626556,48.8188215],[3.362236,48.8179711],[3.3621366,48.8178873],[3.3619379,48.8177503],[3.3611386,48.8173025],[3.3609135,48.8171609],[3.3608197,48.8170976],[3.360708,48.8169579],[3.3607026,48.8168774]]}},{"type":"Feature","properties":{"sinuosity":0.757,"highway":"tertiary"},"geometry":{"type":"LineString","coordinates":[[2.7142835,48.8541405],[2.7145013,48.8545848],[2.7147436,48.8554522],[2.7149407,48.8556496],[2.7158362,48.8558291],[2.7160642,48.855983],[2.716376,48.8561135],[2.7178767,48.8563189],[2.7185659,48.8565117],[2.7191266,48.8568013]]}},{"type":"Feature","properties":{"sinuosity":0.7,"highway":"secondary"},"geometry":{"type":"LineString","coordinates":[[2.6612549,48.5713582],[2.6610822,48.5714487],[2.6607941,48.5715256],[2.6603959,48.5716274],[2.6601262,48.5717039],[2.6595993,48.5720146],[2.6592665,48.5721771],[2.659,48.5722403],[2.6585869,48.5723075],[2.6581144,48.5723259]]}},{"type":"Feature","properties":{"sinuosity":0.786,"highway":"tertiary"},"geometry":{"type":"LineString","coordinates":[[2.6629287,48.5589096],[2.662725,48.5584203],[2.6626271,48.5579564],[2.6625813,48.5575665],[2.6626517,48.5571991],[2.6631372,48.5568209],[2.6635985,48.5566532],[2.6637179,48.5564561],[2.6636605,48.5562154],[2.6633638,48.5560599]]}},{"type":"Feature","properties":{"sinuosity":0.72,"highway":"motorway_link"},"geometry":{"type":"LineString","coordinates":[[2.0488298,48.9096965],[2.0487531,48.9096081],[2.0486216,48.9094716],[2.0485977,48.9093889],[2.0487478,48.9092143],[2.0493165,48.9090222],[2.0498263,48.9087895],[2.0500455,48.9086663],[2.0510628,48.9079943],[2.0523608,48.9071994]]}},{"type":"Feature","properties":{"sinuosity":0.633,"highway":"secondary"},"geometry":{"type":"LineString","coordinates":[[2.5721012,48.7818947],[2.5731189,48.7818921],[2.5737687,48.7820733],[2.575953,48.7828045],[2.5764233,48.7829405],[2.5768764,48.783081],[2.5772299,48.7831671],[2.5775523,48.7831632],[2.5779564,48.7830935],[2.578326,48.7830247]]}},{"type":"Feature","properties":{"sinuosity":0.7,"highway":"secondary"},"geometry":{"type":"LineString","coordinates":[[2.391936,48.8264778],[2.3920658,48.8264215],[2.3921517,48.826352],[2.3923181,48.8261988],[2.3927113,48.8257871],[2.3932141,48.8252427],[2.3934238,48.8250865],[2.3935993,48.8250013],[2.3936424,48.8249804],[2.3938117,48.8248977]]}},{"type":"Feature","properties":{"sinuosity":0.709,"highway":"tertiary"},"geometry":{"type":"LineString","coordinates":[[1.5763128,48.8069174],[1.576759,48.8068665],[1.5770396,48.8068661],[1.5772461,48.8069167],[1.5776994,48.8070651],[1.5781377,48.8070237],[1.5791355,48.8066722],[1.5798865,48.8063613],[1.5803311,48.806109],[1.5819109,48.8052123]]}},{"type":"Feature","properties":{"sinuosity":0.7,"highway":"secondary"},"geometry":{"type":"LineString","coordinates":[[2.4187639,48.7997012],[2.4187662,48.7996168],[2.4189524,48.7994186],[2.4192314,48.7991769],[2.420245,48.7983284],[2.4202751,48.7983032],[2.4204667,48.7982285]]}},{"type":"Feature","properties":{"sinuosity":0.7,"highway":"secondary"},"geometry":{"type":"LineString","coordinates":[[2.4220301,48.7960947],[2.4220569,48.7961399],[2.4218608,48.7964912],[2.4216889,48.7968162],[2.4216623,48.7968719],[2.4214665,48.7971628],[2.4212239,48.7974847],[2.4206819,48.7981108],[2.4206571,48.7981393],[2.4204667,48.7982285]]}},{"type":"Feature","properties":{"sinuosity":0.7,"highway":"primary"},"geometry":{"type":"LineString","coordinates":[[2.45241,48.6467494],[2.4523646,48.6467742],[2.4523142,48.6468152],[2.4517288,48.6470736],[2.4517016,48.6470922],[2.4515878,48.6471689],[2.4514436,48.6472708],[2.4507911,48.6479876],[2.4505837,48.6482263],[2.450514,48.648295]]}},{"type":"Feature","properties":{"sinuosity":0.653,"highway":"secondary"},"geometry":{"type":"LineString","coordinates":[[2.3692674,48.7461695],[2.3691204,48.7461524],[2.3687466,48.7461625],[2.3685197,48.7461707],[2.3682677,48.7461515],[2.3681807,48.7461262],[2.3673799,48.7458198],[2.3670154,48.7456798],[2.3662448,48.7453958],[2.3658496,48.7452147]]}},{"type":"Feature","properties":{"sinuosity":0.7,"highway":"trunk_link"},"geometry":{"type":"LineString","coordinates":[[2.9372403,48.6851995],[2.9370944,48.6852004],[2.9369572,48.6851788],[2.9360056,48.6852905],[2.9353252,48.6854112],[2.9345277,48.685625],[2.9339811,48.6858106],[2.9337182,48.6858483]]}},{"type":"Feature","properties":{"sinuosity":0.792,"highway":"secondary"},"geometry":{"type":"LineString","coordinates":[[2.7801968,48.737013],[2.7812091,48.7374333],[2.781513,48.7376599],[2.7817596,48.7379445],[2.7819093,48.7382727],[2.7819357,48.7385834],[2.7818785,48.7388419],[2.781742,48.7390772],[2.7815504,48.7394138],[2.7813104,48.7398352]]}},{"type":"Feature","properties":{"sinuosity":0.7,"highway":"secondary"},"geometry":{"type":"LineString","coordinates":[[2.5089221,48.886642],[2.5088477,48.8865442],[2.5087702,48.8864361],[2.5084373,48.8860045],[2.5083521,48.885933],[2.5075926,48.8848998],[2.5074997,48.8847192],[2.5074933,48.884671],[2.5075162,48.8846077],[2.5075768,48.88453]]}},{"type":"Feature","properties":{"sinuosity":0.644,"highway":"tertiary"},"geometry":{"type":"LineString","coordinates":[[3.133807,49.0002746],[3.1349708,49.0007516],[3.1355939,49.001245],[3.1369947,49.0024615],[3.1382612,49.0031105],[3.1388907,49.0033315],[3.1394075,49.003273],[3.1415318,49.0016613],[3.1431521,49.00044],[3.1436883,48.9999597]]}},{"type":"Feature","properties":{"sinuosity":0.951,"highway":"secondary"},"geometry":{"type":"LineString","coordinates":[[2.1244419,48.70007],[2.1240919,48.6995404],[2.123852,48.6991889],[2.1237966,48.698945],[2.1237849,48.6987826],[2.1239023,48.698526],[2.1241307,48.6983847],[2.1244089,48.698343],[2.1246828,48.6983707],[2.1248476,48.6983535]]}},{"type":"Feature","properties":{"sinuosity":0.7,"highway":"trunk_link"},"geometry":{"type":"LineString","coordinates":[[2.5106673,48.754059],[2.5101111,48.7543329],[2.5096008,48.7546181],[2.5094097,48.7548245],[2.5092649,48.7551105],[2.5091381,48.7554103],[2.5088203,48.7556295],[2.5085856,48.7556976],[2.5079117,48.7558294],[2.5077183,48.7559349]]}},{"type":"Feature","properties":{"sinuosity":0.715,"highway":"motorway_link"},"geometry":{"type":"LineString","coordinates":[[2.1466728,48.8323403],[2.1465159,48.8322754],[2.146362,48.8321919],[2.1462527,48.8320839],[2.1462201,48.8319699],[2.1464754,48.8306053]]}},{"type":"Feature","properties":{"sinuosity":0.715,"highway":"tertiary"},"geometry":{"type":"LineString","coordinates":[[2.2391602,49.0460434],[2.2407121,49.0465223],[2.2412722,49.0475597],[2.2420253,49.0484237],[2.2427173,49.0490294],[2.2434513,49.0495809],[2.2445575,49.0502353],[2.2457976,49.0505485],[2.2472766,49.0511548],[2.248843,49.0512434]]}},{"type":"Feature","properties":{"sinuosity":0.748,"highway":"tertiary"},"geometry":{"type":"LineString","coordinates":[[2.4954505,48.7602853],[2.4951189,48.7606188],[2.4941994,48.7609271],[2.4936463,48.7609834],[2.4928227,48.7608661],[2.491192,48.760581],[2.4867188,48.7593685],[2.4864029,48.7589753],[2.4843868,48.7578014],[2.4838739,48.7574696]]}},{"type":"Feature","properties":{"sinuosity":0.708,"highway":"tertiary"},"geometry":{"type":"LineString","coordinates":[[2.9689244,48.8273253],[2.9700392,48.8269951],[2.9712828,48.8266784],[2.9715084,48.8266228],[2.972056,48.826458],[2.97341,48.825731],[2.9739203,48.8256039],[2.974267,48.825582],[2.974614,48.825726],[2.9753286,48.826343]]}},{"type":"Feature","properties":{"sinuosity":0.7,"highway":"motorway_link"},"geometry":{"type":"LineString","coordinates":[[2.9257034,48.4304278],[2.9256047,48.4303805],[2.9251997,48.4303592],[2.9249395,48.4303796],[2.9247514,48.4303975],[2.9243615,48.4304633],[2.9240816,48.4305304],[2.9238009,48.430619],[2.9229507,48.4309927],[2.9227844,48.4310034]]}},{"type":"Feature","properties":{"sinuosity":0.7,"highway":"secondary"},"geometry":{"type":"LineString","coordinates":[[2.0317414,48.8003367],[2.0316795,48.8002678],[2.0316115,48.80008],[2.0315636,48.7999316],[2.0315335,48.7997397],[2.0315755,48.7991525],[2.0316133,48.7988787],[2.0316694,48.7986802],[2.0316836,48.7986193],[2.031803,48.798422]]}},{"type":"Feature","properties":{"sinuosity":0.7,"highway":"trunk_link"},"geometry":{"type":"LineString","coordinates":[[2.6082127,48.6776135],[2.6081817,48.6773148],[2.608297,48.6770491],[2.6085169,48.6767976],[2.6088871,48.6765727],[2.6094161,48.6763682],[2.6098205,48.6761512],[2.6100463,48.6759458],[2.6102074,48.6757128],[2.6104373,48.6754123]]}},{"type":"Feature","properties":{"sinuosity":1,"highway":"secondary"},"geometry":{"type":"LineString","coordinates":[[2.954859,48.8257643],[2.9545271,48.8258935],[2.9546879,48.8268584],[2.9547604,48.827006],[2.955211,48.8275286],[2.9573193,48.8287258],[2.9572737,48.828807],[2.9570698,48.8288229],[2.9525146,48.828293],[2.9516149,48.8279723]]}},{"type":"Feature","properties":{"sinuosity":1,"highway":"tertiary"},"geometry":{"type":"LineString","coordinates":[[1.9014166,48.8255439],[1.8999507,48.8250252],[1.8998285,48.8245781],[1.9005344,48.8241441],[1.901315,48.8240695],[1.9023806,48.8239545],[1.9029377,48.8236946],[1.9032883,48.8230928],[1.9028137,48.8220955],[1.9025521,48.8219412]]}},{"type":"Feature","properties":{"sinuosity":0.7,"highway":"secondary"},"geometry":{"type":"LineString","coordinates":[[2.9502546,48.8275075],[2.9499988,48.8276199],[2.9496404,48.8282625],[2.9484042,48.8309065],[2.9480533,48.831364],[2.9467024,48.8323466],[2.9452717,48.833271],[2.9450692,48.8333938],[2.9443219,48.8337261],[2.9439824,48.8352537]]}},{"type":"Feature","properties":{"sinuosity":0.878,"highway":"tertiary"},"geometry":{"type":"LineString","coordinates":[[1.4776995,49.0491876],[1.4779019,49.0493872],[1.478366,49.0497615],[1.4784807,49.0498656],[1.4791859,49.050733],[1.4793544,49.050968],[1.4795919,49.0509657],[1.4799891,49.0507937],[1.48047,49.0506118],[1.4807801,49.0506524]]}},{"type":"Feature","properties":{"sinuosity":0.717,"highway":"tertiary"},"geometry":{"type":"LineString","coordinates":[[1.4780262,49.0485556],[1.4778241,49.0487572],[1.4777334,49.0488839],[1.4776887,49.0490934],[1.4776995,49.0491876],[1.4775587,49.0494955],[1.4774335,49.0497159],[1.47705,49.0500991],[1.4767532,49.0501454],[1.4765704,49.0501838]]}},{"type":"Feature","properties":{"sinuosity":0.642,"highway":"tertiary"},"geometry":{"type":"LineString","coordinates":[[2.9233176,49.1211306],[2.9248272,49.1207423],[2.9252138,49.120714],[2.9258139,49.1208641],[2.9263059,49.1212351],[2.9265037,49.1212961],[2.9279739,49.1213916],[2.928689,49.1216779],[2.9291995,49.122443],[2.9328032,49.1276296]]}},{"type":"Feature","properties":{"sinuosity":0.772,"highway":"tertiary"},"geometry":{"type":"LineString","coordinates":[[2.7329286,48.6202595],[2.7327589,48.6202944],[2.7321575,48.6204965],[2.7319983,48.6205525],[2.7319548,48.6205678],[2.731347,48.6206924],[2.7312666,48.6206911],[2.7312,48.6206683],[2.7306148,48.6203265],[2.7304961,48.6203062]]}},{"type":"Feature","properties":{"sinuosity":0.703,"highway":"tertiary"},"geometry":{"type":"LineString","coordinates":[[2.7828459,48.6074487],[2.7832082,48.6081161],[2.7831939,48.6082139],[2.7831823,48.6082932],[2.7824481,48.6093669],[2.7824003,48.6094924]]}},{"type":"Feature","properties":{"sinuosity":0.774,"highway":"secondary"},"geometry":{"type":"LineString","coordinates":[[1.917388,48.9132252],[1.9172967,48.9129075],[1.9172288,48.9125933],[1.9172747,48.9125049],[1.9175615,48.9124348],[1.9180211,48.9123087],[1.918279,48.9121973],[1.9188315,48.9119346],[1.9194309,48.9115376],[1.9195776,48.9114429]]}},{"type":"Feature","properties":{"sinuosity":0.746,"highway":"tertiary"},"geometry":{"type":"LineString","coordinates":[[2.3338398,48.5805883],[2.3339055,48.5807577],[2.3338719,48.5810364],[2.3330794,48.5818472],[2.3332081,48.5823033],[2.3335756,48.5829456],[2.3328943,48.5832721],[2.3335002,48.5846263],[2.334633,48.5863161],[2.3350525,48.5873151]]}},{"type":"Feature","properties":{"sinuosity":0.641,"highway":"tertiary"},"geometry":{"type":"LineString","coordinates":[[2.9194168,48.6190033],[2.9196863,48.6202931],[2.9191309,48.6212571],[2.9179997,48.6213562],[2.9158088,48.6209576],[2.9149576,48.620943],[2.9143573,48.6211445],[2.9134361,48.6212534],[2.9129399,48.6211085],[2.9028266,48.6226435]]}},{"type":"Feature","properties":{"sinuosity":0.906,"highway":"tertiary"},"geometry":{"type":"LineString","coordinates":[[1.9222447,48.8836456],[1.9220534,48.8830499],[1.9218776,48.8826163],[1.9218666,48.8825903],[1.9218377,48.8824809],[1.9218114,48.8820596],[1.9218662,48.882022],[1.9226435,48.8819622],[1.92302,48.881801],[1.9232074,48.8816953]]}},{"type":"Feature","properties":{"sinuosity":0.7,"highway":"secondary"},"geometry":{"type":"LineString","coordinates":[[2.8107348,48.7040806],[2.8097283,48.7055184],[2.809384,48.7056875],[2.8091001,48.7065037],[2.8086541,48.7074185],[2.8082637,48.7081631],[2.8082168,48.7085268],[2.8075832,48.7090032],[2.8074702,48.7091773],[2.807145,48.7100259]]}},{"type":"Feature","properties":{"sinuosity":0.709,"highway":"secondary"},"geometry":{"type":"LineString","coordinates":[[1.6662711,48.744367],[1.6667627,48.7441866],[1.6671725,48.7439406],[1.6672678,48.7438579],[1.6674862,48.7433733],[1.6674954,48.7431476],[1.6674522,48.7428048],[1.6674269,48.7424727],[1.6674264,48.7421468],[1.6677705,48.7411078]]}},{"type":"Feature","properties":{"sinuosity":0.7,"highway":"secondary"},"geometry":{"type":"LineString","coordinates":[[1.6611143,48.7591516],[1.6614428,48.7590598],[1.6615765,48.7589811],[1.6616605,48.7588561],[1.6618514,48.7582651],[1.6620007,48.7580239],[1.6624673,48.75755],[1.6625009,48.7574861],[1.6626997,48.7570445],[1.6627592,48.7567373]]}},{"type":"Feature","properties":{"sinuosity":0.7,"highway":"tertiary"},"geometry":{"type":"LineString","coordinates":[[2.5332379,48.8709429],[2.5332977,48.8708865],[2.5333376,48.8708089],[2.5332996,48.8707218],[2.5332163,48.8705404],[2.53319,48.8701572],[2.5332242,48.8698946],[2.533438,48.8692103],[2.5334718,48.8691021],[2.5334981,48.8690178]]}},{"type":"Feature","properties":{"sinuosity":0.7,"highway":"trunk_link"},"geometry":{"type":"LineString","coordinates":[[2.2200441,49.0702726],[2.2200412,49.0702159],[2.220083,49.0701145],[2.220087,49.0700669],[2.2200758,49.0700142],[2.2199605,49.0698548],[2.2195233,49.0694687],[2.218042,49.0682151],[2.2171435,49.0674618],[2.2170659,49.067368]]}},{"type":"Feature","properties":{"sinuosity":0.7,"highway":"tertiary"},"geometry":{"type":"LineString","coordinates":[[3.345062,48.6937381],[3.346412,48.6943828],[3.3477263,48.6956909],[3.3478201,48.6957464],[3.3486226,48.6966271],[3.3492006,48.6974228],[3.3513006,48.6986013],[3.3514519,48.6988108],[3.3522997,48.6999474],[3.3521836,48.7011341]]}},{"type":"Feature","properties":{"sinuosity":0.7,"highway":"tertiary"},"geometry":{"type":"LineString","coordinates":[[3.037463,48.8254393],[3.0373685,48.8261712],[3.0369106,48.8271716],[3.0357739,48.8280492],[3.0352799,48.8296586],[3.0349455,48.8311384],[3.034552,48.8313137],[3.0344631,48.8319582],[3.0345218,48.833342],[3.0341792,48.8345704]]}},{"type":"Feature","properties":{"sinuosity":0.7,"highway":"tertiary"},"geometry":{"type":"LineString","coordinates":[[3.0376207,48.8253649],[3.0376218,48.8252892],[3.0375957,48.8252265],[3.0376101,48.8240714],[3.0376152,48.823674],[3.0375851,48.8232358],[3.0375816,48.8231525]]}},{"type":"Feature","properties":{"sinuosity":0.728,"highway":"tertiary"},"geometry":{"type":"LineString","coordinates":[[2.512545,48.5285686],[2.5123959,48.5282885],[2.5123791,48.5281977],[2.5123848,48.5280878],[2.5123977,48.5277551],[2.5122831,48.527532],[2.511747,48.5267201],[2.5113892,48.526255],[2.5114278,48.5261662],[2.5118761,48.5258463]]}},{"type":"Feature","properties":{"sinuosity":0.7,"highway":"tertiary"},"geometry":{"type":"LineString","coordinates":[[3.013588,48.8188827],[3.0135403,48.8189003],[3.0135001,48.8189155],[3.013439,48.8189228],[3.0132279,48.8188974],[3.0107275,48.8184259],[3.0105886,48.8184014]]}},{"type":"Feature","properties":{"sinuosity":0.711,"highway":"tertiary"},"geometry":{"type":"LineString","coordinates":[[2.9830892,48.7411433],[2.9840371,48.7400173],[2.9854991,48.7390308],[2.9857908,48.738888],[2.9861308,48.7388265],[2.9866351,48.7387711],[2.9868228,48.738681],[2.9870622,48.7378306],[2.9873627,48.7367878],[2.987462,48.7365659]]}},{"type":"Feature","properties":{"sinuosity":0.703,"highway":"secondary"},"geometry":{"type":"LineString","coordinates":[[3.2162071,48.5352107],[3.2137889,48.5355706],[3.2135087,48.5355852],[3.2127629,48.5354955],[3.2116923,48.5352462],[3.2110678,48.5351407],[3.2094888,48.5354648],[3.2082966,48.5358607],[3.207049,48.5364961],[3.2062055,48.536925]]}},{"type":"Feature","properties":{"sinuosity":0.748,"highway":"tertiary"},"geometry":{"type":"LineString","coordinates":[[2.7751401,48.6998318],[2.7752012,48.6997877],[2.7758108,48.6992474],[2.776205,48.6988601],[2.7759629,48.6985724],[2.7755418,48.6981905],[2.7752622,48.697909],[2.7749416,48.6968316],[2.7747374,48.6962394],[2.7744096,48.6956221]]}},{"type":"Feature","properties":{"sinuosity":0.711,"highway":"tertiary"},"geometry":{"type":"LineString","coordinates":[[2.8351097,48.6448377],[2.8350646,48.6448147],[2.8349715,48.6447855],[2.8347619,48.6446469],[2.8342415,48.6443267],[2.8338795,48.6441639],[2.8337298,48.6441082],[2.8332751,48.6440619],[2.8324034,48.644123],[2.8322114,48.6441322]]}},{"type":"Feature","properties":{"sinuosity":0.874,"highway":"tertiary"},"geometry":{"type":"LineString","coordinates":[[2.9686888,48.9342352],[2.9682785,48.934782],[2.9666853,48.9351526],[2.9654892,48.9352426],[2.9643333,48.9352347],[2.963457,48.9355009],[2.9632862,48.9357406],[2.9629572,48.9366652],[2.9629441,48.9370498],[2.9632901,48.9375377]]}},{"type":"Feature","properties":{"sinuosity":0.729,"highway":"tertiary"},"geometry":{"type":"LineString","coordinates":[[2.9760575,48.9217678],[2.97621,48.9217634],[2.9765539,48.921672],[2.9785934,48.92076],[2.97966,48.9199283],[2.9807545,48.9187275],[2.9814945,48.9188233],[2.9819041,48.9189227],[2.9845681,48.9194841],[2.987815,48.9200016]]}},{"type":"Feature","properties":{"sinuosity":1,"highway":"motorway"},"geometry":{"type":"LineString","coordinates":[[2.4735268,48.8874704],[2.4733483,48.8875177],[2.4728615,48.8877001],[2.4726275,48.8878384],[2.472469,48.8879978],[2.4723587,48.8883433],[2.4724196,48.8885206],[2.4725728,48.8886608],[2.47295,48.8887771],[2.4731323,48.8887804]]}},{"type":"Feature","properties":{"sinuosity":0.748,"highway":"tertiary"},"geometry":{"type":"LineString","coordinates":[[3.2515206,48.873841],[3.2521858,48.873692],[3.2531331,48.8739953],[3.254644,48.8744894],[3.2557671,48.8741993],[3.2564123,48.8741579],[3.2573433,48.8740011],[3.2584312,48.8735104],[3.2598786,48.8730691],[3.2631563,48.8712318]]}},{"type":"Feature","properties":{"sinuosity":0.7,"highway":"tertiary"},"geometry":{"type":"LineString","coordinates":[[2.9641443,48.8065719],[2.9632753,48.8072608],[2.9631531,48.8079298],[2.9619207,48.8090573],[2.9615265,48.8098905],[2.9613304,48.8108232],[2.9609097,48.8118561],[2.9607352,48.8124805],[2.9606378,48.8138482],[2.9605589,48.8143193]]}},{"type":"Feature","properties":{"sinuosity":0.7,"highway":"secondary"},"geometry":{"type":"LineString","coordinates":[[1.7959654,48.7986319],[1.7957734,48.7982425],[1.7956757,48.7980069],[1.7956625,48.7979136],[1.7956638,48.7976689],[1.7957034,48.7972929],[1.7956356,48.7971885],[1.7955138,48.7970769],[1.7952812,48.7968852],[1.7951505,48.796799]]}},{"type":"Feature","properties":{"sinuosity":0.935,"highway":"tertiary"},"geometry":{"type":"LineString","coordinates":[[1.9300987,48.5116769],[1.9297743,48.5118248],[1.9290649,48.5114529],[1.9283105,48.511172],[1.9279611,48.5111869],[1.9276453,48.511433],[1.9270159,48.5117516],[1.9265644,48.5120242],[1.9263451,48.5122663],[1.9261065,48.5128307]]}},{"type":"Feature","properties":{"sinuosity":0.7,"highway":"trunk_link"},"geometry":{"type":"LineString","coordinates":[[2.5179191,48.660117],[2.5182023,48.6600153],[2.5184972,48.659847],[2.5193076,48.6591587],[2.519433,48.6590615],[2.5198544,48.658738],[2.5205528,48.6581961],[2.5207962,48.6580837]]}},{"type":"Feature","properties":{"sinuosity":0.718,"highway":"tertiary"},"geometry":{"type":"LineString","coordinates":[[2.0593174,48.4950716],[2.0590812,48.4939979],[2.0581653,48.4931489],[2.0578011,48.4922856],[2.0575352,48.4920778],[2.0562583,48.4915812],[2.0561077,48.4913247],[2.0559647,48.4903516],[2.0545758,48.4896585],[2.0526518,48.4887545]]}},{"type":"Feature","properties":{"sinuosity":0.783,"highway":"tertiary"},"geometry":{"type":"LineString","coordinates":[[2.0388635,48.4773311],[2.0389148,48.4777876],[2.0391314,48.4780376],[2.0396918,48.4784317],[2.0401486,48.478307],[2.040444,48.4783064],[2.0408895,48.4783964],[2.0416322,48.4788938],[2.0420146,48.4791418],[2.0422481,48.4792229]]}},{"type":"Feature","properties":{"sinuosity":0.7,"highway":"trunk_link"},"geometry":{"type":"LineString","coordinates":[[2.8489318,48.9422487],[2.8479447,48.9414389],[2.8477812,48.941306],[2.8476761,48.9412435],[2.8474653,48.9411473],[2.8471311,48.941033],[2.8466837,48.9408914],[2.8465616,48.9408478],[2.8463937,48.9407391],[2.8458306,48.9402952]]}},{"type":"Feature","properties":{"sinuosity":1,"highway":"motorway_link"},"geometry":{"type":"LineString","coordinates":[[2.8460886,48.9401914],[2.8462143,48.9404593],[2.8464938,48.9407197],[2.8466869,48.940813],[2.8469106,48.9408426],[2.8470785,48.9408099],[2.8472495,48.9407037],[2.8473244,48.9405248],[2.8472197,48.9401298],[2.8470648,48.939492]]}},{"type":"Feature","properties":{"sinuosity":1,"highway":"motorway_link"},"geometry":{"type":"LineString","coordinates":[[2.4866698,48.9734347],[2.4863015,48.9733262],[2.4860574,48.973342],[2.48569,48.9735498],[2.4855344,48.9737734],[2.4854781,48.9740727],[2.4855424,48.9743227],[2.485816,48.9745357],[2.4861084,48.9745903],[2.4866612,48.9745982]]}},{"type":"Feature","properties":{"sinuosity":0.7,"highway":"tertiary"},"geometry":{"type":"LineString","coordinates":[[2.5570549,48.9281505],[2.5539685,48.9262461],[2.5534477,48.9259386],[2.5533548,48.9258708],[2.5532,48.9257579],[2.5530538,48.9256654],[2.5529331,48.9256241],[2.5528003,48.9256203]]}},{"type":"Feature","properties":{"sinuosity":0.732,"highway":"tertiary"},"geometry":{"type":"LineString","coordinates":[[2.5272694,48.9714946],[2.5279638,48.9727753],[2.5279592,48.972819],[2.5278801,48.9729578],[2.5277787,48.97312],[2.526453,48.9752009],[2.5264223,48.975313],[2.5265649,48.9755575],[2.5266573,48.9756175],[2.526811,48.9756337]]}},{"type":"Feature","properties":{"sinuosity":0.7,"highway":"secondary"},"geometry":{"type":"LineString","coordinates":[[2.9032248,48.1216807],[2.9034293,48.1215567],[2.9038623,48.1211837],[2.9039634,48.1209154],[2.9040399,48.1205845],[2.9042076,48.1198575],[2.9042457,48.1196083],[2.9042954,48.1195227],[2.9043651,48.1194418],[2.904512,48.1193094]]}},{"type":"Feature","properties":{"sinuosity":1,"highway":"tertiary"},"geometry":{"type":"LineString","coordinates":[[2.1411531,48.850951],[2.1409202,48.8505231],[2.1412474,48.850419],[2.1415558,48.8505089],[2.141886,48.8506561],[2.1421058,48.850641],[2.142255,48.8505627],[2.1423767,48.850426],[2.142281,48.8497561],[2.1422531,48.8493405]]}},{"type":"Feature","properties":{"sinuosity":0.7,"highway":"tertiary"},"geometry":{"type":"LineString","coordinates":[[2.6423369,48.8343757],[2.6421989,48.8343119],[2.6420622,48.8342831],[2.6410687,48.8342521],[2.6404221,48.8342214],[2.6399226,48.8341985],[2.6397788,48.8341928],[2.6388469,48.8341033],[2.6388067,48.8341036],[2.63876,48.8341068]]}},{"type":"Feature","properties":{"sinuosity":0.7,"highway":"primary"},"geometry":{"type":"LineString","coordinates":[[1.6612202,48.7425351],[1.6610259,48.7424901],[1.6603908,48.7424006],[1.6597022,48.7421581],[1.6595452,48.7421075],[1.6590583,48.7420101],[1.6588925,48.7419829],[1.6582721,48.7418796],[1.6578681,48.7418124],[1.6575823,48.7417049]]}},{"type":"Feature","properties":{"sinuosity":0.7,"highway":"secondary"},"geometry":{"type":"LineString","coordinates":[[1.6614585,48.7408176],[1.6612996,48.7406547],[1.660892,48.7399493],[1.6608293,48.7395782],[1.6607688,48.7387646],[1.6607553,48.7386414],[1.6606098,48.7380816],[1.6600284,48.7375992],[1.6595939,48.7370694],[1.6596351,48.7361914]]}},{"type":"Feature","properties":{"sinuosity":0.7,"highway":"secondary"},"geometry":{"type":"LineString","coordinates":[[1.6677705,48.7411078],[1.6680468,48.7406962],[1.6681669,48.7405135],[1.6685469,48.7400338],[1.668804,48.7398403],[1.669003,48.7396885],[1.6691185,48.7395436],[1.6692395,48.7391878],[1.6692672,48.7390998],[1.6692636,48.7390479]]}},{"type":"Feature","properties":{"sinuosity":0.959,"highway":"tertiary"},"geometry":{"type":"LineString","coordinates":[[3.211181,48.8866757],[3.210753,48.8866848],[3.2102407,48.8867044],[3.2100909,48.8868508],[3.2095924,48.8874503],[3.2088053,48.8873752],[3.2065172,48.8869522],[3.2044976,48.8867511],[3.2034249,48.8862815],[3.2025343,48.8832161]]}},{"type":"Feature","properties":{"sinuosity":0.773,"highway":"tertiary"},"geometry":{"type":"LineString","coordinates":[[3.1947352,48.8762613],[3.1935782,48.8764637],[3.1924533,48.8767794],[3.1918989,48.8764395],[3.1911856,48.8754615],[3.189332,48.8742651],[3.185814,48.8733293],[3.1848051,48.8732321],[3.1844876,48.8731269],[3.1840814,48.872306]]}},{"type":"Feature","properties":{"sinuosity":0.721,"highway":"tertiary"},"geometry":{"type":"LineString","coordinates":[[3.2300027,48.8447883],[3.2301347,48.844758],[3.2311618,48.8439886],[3.2313469,48.8439189],[3.2325071,48.8438607],[3.2328495,48.8438561],[3.2332881,48.8438377],[3.2342594,48.8437208],[3.2347988,48.8438097],[3.2348949,48.8438347]]}},{"type":"Feature","properties":{"sinuosity":0.737,"highway":"tertiary"},"geometry":{"type":"LineString","coordinates":[[3.474533,48.7619002],[3.4785761,48.7651503],[3.478858,48.7653492],[3.4797882,48.7656577],[3.4801593,48.7659651],[3.4801798,48.7659905],[3.4802547,48.7663914],[3.4803566,48.7664351],[3.4805124,48.7664262],[3.4809697,48.7661345]]}},{"type":"Feature","properties":{"sinuosity":0.781,"highway":"tertiary"},"geometry":{"type":"LineString","coordinates":[[2.9665983,48.126276],[2.9677999,48.1268417],[2.9721773,48.1297062],[2.9728797,48.1304039],[2.9730645,48.1304166],[2.9743566,48.1301003],[2.9749324,48.1300437],[2.9756079,48.1299406],[2.9759504,48.1296934],[2.9784108,48.1295988]]}},{"type":"Feature","properties":{"sinuosity":0.762,"highway":"tertiary"},"geometry":{"type":"LineString","coordinates":[[2.8980701,48.1400501],[2.8979304,48.1400704],[2.8973061,48.139951],[2.8966516,48.1398749],[2.896429,48.1399157],[2.8957549,48.1402928],[2.8953806,48.1408619],[2.8942433,48.1422436],[2.8935996,48.1427304],[2.8930655,48.143391]]}},{"type":"Feature","properties":{"sinuosity":0.772,"highway":"motorway_link"},"geometry":{"type":"LineString","coordinates":[[2.1053992,49.0328058],[2.1055473,49.0325941],[2.1056192,49.0325151],[2.1057739,49.0323578],[2.1058357,49.0322607],[2.1058621,49.0321211],[2.1058377,49.0320098],[2.1057629,49.0319003],[2.1054721,49.031645],[2.1047414,49.0310234]]}},{"type":"Feature","properties":{"sinuosity":0.7,"highway":"secondary"},"geometry":{"type":"LineString","coordinates":[[2.3583187,48.7649692],[2.3584335,48.7649342],[2.3590538,48.7642935],[2.3593403,48.7641881],[2.3601483,48.7640187],[2.360426,48.7639014],[2.3610899,48.7632575],[2.3613891,48.7631529],[2.3624682,48.7620806],[2.362979,48.7615873]]}},{"type":"Feature","properties":{"sinuosity":0.7,"highway":"tertiary"},"geometry":{"type":"LineString","coordinates":[[2.0912468,48.4969877],[2.0911173,48.4969291],[2.0905118,48.4962915],[2.0901918,48.4960747],[2.0898318,48.4959237],[2.0892856,48.4958105],[2.0881742,48.4957648],[2.0864836,48.4955662],[2.0843522,48.4951146],[2.0840777,48.4950217]]}},{"type":"Feature","properties":{"sinuosity":0.7,"highway":"tertiary"},"geometry":{"type":"LineString","coordinates":[[1.6778411,49.2019413],[1.6778723,49.2022207],[1.6778788,49.2025001],[1.6779477,49.2035468],[1.6780344,49.204782],[1.6781567,49.2052009],[1.6781488,49.2052264],[1.678127,49.2052387]]}},{"type":"Feature","properties":{"sinuosity":0.781,"highway":"secondary"},"geometry":{"type":"LineString","coordinates":[[2.5987891,48.2710744],[2.6003453,48.2713239],[2.6014915,48.2711827],[2.6028795,48.2714255],[2.6041581,48.2712382],[2.6046036,48.270257],[2.6056873,48.2697366],[2.6070361,48.269127],[2.6087854,48.2688633],[2.6103651,48.2691769]]}},{"type":"Feature","properties":{"sinuosity":0.7,"highway":"tertiary"},"geometry":{"type":"LineString","coordinates":[[1.6750445,49.1637363],[1.6755031,49.1645467],[1.6760744,49.1654649],[1.6762783,49.1658898],[1.6763572,49.1660987],[1.6763034,49.1664767],[1.6762616,49.1665775],[1.6762543,49.1666898],[1.676251,49.1667406],[1.676264,49.1667714]]}},{"type":"Feature","properties":{"sinuosity":0.744,"highway":"secondary"},"geometry":{"type":"LineString","coordinates":[[1.6947696,49.149628],[1.6961362,49.1496693],[1.6964434,49.1497673],[1.6965916,49.1499247],[1.6969119,49.1505665],[1.6970194,49.1508137],[1.6971928,49.1509744],[1.6973801,49.1510475],[1.6988007,49.1515749],[1.6991961,49.1516698]]}},{"type":"Feature","properties":{"sinuosity":0.836,"highway":"tertiary"},"geometry":{"type":"LineString","coordinates":[[1.7596245,49.1586859],[1.759941,49.158478],[1.760039,49.1582496],[1.7596529,49.1577796],[1.7596609,49.1576228],[1.7597665,49.1575525],[1.7608994,49.1570344],[1.7612163,49.1569682],[1.7619281,49.1568959],[1.7630584,49.1565862]]}},{"type":"Feature","properties":{"sinuosity":0.665,"highway":"tertiary"},"geometry":{"type":"LineString","coordinates":[[1.7630584,49.1565862],[1.7630965,49.1565726],[1.7634642,49.1564266],[1.763752,49.1563233],[1.7641983,49.1562892],[1.7647301,49.1563614],[1.7654008,49.1565086],[1.7672487,49.1569825],[1.7682034,49.1571659],[1.7689439,49.1573102]]}},{"type":"Feature","properties":{"sinuosity":0.795,"highway":"tertiary"},"geometry":{"type":"LineString","coordinates":[[2.0555322,49.1736083],[2.0553265,49.1738802],[2.0552802,49.1739191],[2.0550689,49.1740396],[2.0549965,49.1740879],[2.0549282,49.1741966],[2.0549259,49.1742677],[2.0549915,49.1744031],[2.0551032,49.1745361],[2.0558457,49.175316]]}},{"type":"Feature","properties":{"sinuosity":0.7,"highway":"tertiary"},"geometry":{"type":"LineString","coordinates":[[2.0715773,49.1902589],[2.0716164,49.1902808],[2.0718185,49.1902946],[2.0722613,49.1903595],[2.0728493,49.1904794],[2.073362,49.1905484],[2.0739663,49.190592],[2.0747158,49.190592],[2.074993,49.1905851],[2.0750722,49.1906042]]}},{"type":"Feature","properties":{"sinuosity":0.8,"highway":"tertiary"},"geometry":{"type":"LineString","coordinates":[[2.0715773,49.1902589],[2.071581,49.1902214],[2.0718437,49.1901507],[2.0724783,49.1900735],[2.0730646,49.1901351],[2.0737925,49.1900908],[2.0746738,49.1899004],[2.0750414,49.1897094],[2.0752315,49.1893784],[2.0751913,49.1890819]]}},{"type":"Feature","properties":{"sinuosity":0.864,"highway":"tertiary"},"geometry":{"type":"LineString","coordinates":[[2.1199171,49.181392],[2.121093,49.181948],[2.1214344,49.1820755],[2.1217752,49.1820571],[2.12255,49.1817315],[2.1241862,49.1808401],[2.124266,49.1807142],[2.1242443,49.180572],[2.1244058,49.1804701],[2.1246969,49.1804583]]}},{"type":"Feature","properties":{"sinuosity":0.72,"highway":"tertiary"},"geometry":{"type":"LineString","coordinates":[[2.1101787,49.1784258],[2.1107599,49.1783232],[2.1110021,49.1783546],[2.1113248,49.1785224],[2.1117798,49.1787806],[2.112433,49.1791456],[2.1125417,49.1792266],[2.1130135,49.1796507],[2.1135971,49.1802998],[2.1139099,49.1806245]]}},{"type":"Feature","properties":{"sinuosity":0.7,"highway":"trunk_link"},"geometry":{"type":"LineString","coordinates":[[1.8309685,48.5788162],[1.8311165,48.5787531],[1.8311896,48.5787072],[1.831766,48.5782167],[1.8318987,48.5780598],[1.8319955,48.5779169],[1.8320888,48.5777463],[1.8322026,48.5773866],[1.8322123,48.5771959],[1.8322711,48.5771228]]}},{"type":"Feature","properties":{"sinuosity":0.886,"highway":"tertiary"},"geometry":{"type":"LineString","coordinates":[[2.3640767,49.0287297],[2.3649197,49.0292319],[2.3645746,49.0294685],[2.3645398,49.0295155],[2.3645708,49.0295682],[2.3656943,49.0304687],[2.3651195,49.0309363],[2.3650771,49.0310298],[2.3651252,49.0310825],[2.3655854,49.0314243]]}},{"type":"Feature","properties":{"sinuosity":0.7,"highway":"secondary"},"geometry":{"type":"LineString","coordinates":[[2.0617468,48.4425439],[2.0625919,48.4417114],[2.0627428,48.4415018],[2.0627737,48.4413113],[2.0627375,48.4410592],[2.0625491,48.4405306],[2.0624361,48.4403445],[2.0623921,48.4401932],[2.0627966,48.4390577],[2.0632917,48.4382722]]}},{"type":"Feature","properties":{"sinuosity":0.904,"highway":"tertiary"},"geometry":{"type":"LineString","coordinates":[[2.0428989,48.7589664],[2.0428374,48.7589791],[2.0415955,48.759064],[2.0414664,48.7590178],[2.0414006,48.758866],[2.0413134,48.7582869],[2.041205,48.7581344],[2.0411047,48.7580921],[2.0400506,48.7581455],[2.0399099,48.7581555]]}},{"type":"Feature","properties":{"sinuosity":0.748,"highway":"tertiary"},"geometry":{"type":"LineString","coordinates":[[1.757797,49.2329907],[1.758087,49.2331108],[1.758274,49.2332178],[1.758377,49.2333624],[1.7584021,49.2335102],[1.7581332,49.2341259],[1.7579958,49.2344069],[1.7577115,49.2349708],[1.7573414,49.2354262],[1.7570356,49.2357309]]}},{"type":"Feature","properties":{"sinuosity":0.806,"highway":"secondary"},"geometry":{"type":"LineString","coordinates":[[2.6338656,48.1115118],[2.6340646,48.1110712],[2.6343108,48.1107866],[2.6346182,48.1105991],[2.6349588,48.1104759],[2.6352603,48.1104371],[2.6358819,48.1105663],[2.6365592,48.1105824],[2.6368629,48.1105467],[2.6369507,48.1104914]]}},{"type":"Feature","properties":{"sinuosity":0.7,"highway":"primary"},"geometry":{"type":"LineString","coordinates":[[2.235808,48.8939522],[2.2354687,48.8938041],[2.2353762,48.8936892],[2.235349,48.8936275],[2.23529,48.8935351],[2.2350419,48.8934002],[2.2346959,48.8931895],[2.234429,48.8929311],[2.234264,48.8926349],[2.2342175,48.8924967]]}},{"type":"Feature","properties":{"sinuosity":0.904,"highway":"secondary"},"geometry":{"type":"LineString","coordinates":[[2.6688959,48.1286491],[2.6693225,48.1294186],[2.6701618,48.1301137],[2.6704718,48.1302577],[2.6708022,48.1300392],[2.6719209,48.1293477],[2.6726173,48.1291977],[2.6735063,48.1291991],[2.6741348,48.1294344],[2.6754967,48.1296635]]}},{"type":"Feature","properties":{"sinuosity":0.682,"highway":"secondary"},"geometry":{"type":"LineString","coordinates":[[2.6882905,48.1367478],[2.6896926,48.137868],[2.6903411,48.1383916],[2.6905852,48.1388103],[2.6909471,48.1391769],[2.6913655,48.1394087],[2.6923795,48.1395675],[2.6929118,48.1400937],[2.6931853,48.1416805],[2.6935788,48.142144]]}},{"type":"Feature","properties":{"sinuosity":0.7,"highway":"secondary"},"geometry":{"type":"LineString","coordinates":[[2.6102393,48.1475019],[2.6100227,48.1463932],[2.6100478,48.1461388],[2.6101025,48.1460111],[2.6097162,48.1451719],[2.6096087,48.1445872],[2.6093597,48.1440316],[2.6093436,48.1437229],[2.6095221,48.1432652],[2.6094261,48.1427528]]}},{"type":"Feature","properties":{"sinuosity":0.701,"highway":"motorway_link"},"geometry":{"type":"LineString","coordinates":[[2.575656,48.6106232],[2.5755945,48.6105378],[2.5755127,48.6104692],[2.5753362,48.6104208],[2.5752196,48.6104352],[2.5749056,48.6105158],[2.5743508,48.6107043],[2.57236,48.6113842],[2.5709753,48.611848],[2.5707672,48.6118598]]}},{"type":"Feature","properties":{"sinuosity":0.7,"highway":"tertiary"},"geometry":{"type":"LineString","coordinates":[[2.5288233,48.1855791],[2.528753,48.1855914],[2.5282898,48.1856724],[2.5279706,48.1856315],[2.5276259,48.1855873],[2.527276,48.1855394],[2.5268133,48.1854735],[2.5253886,48.1850611],[2.5247022,48.184825],[2.5245627,48.1848106]]}},{"type":"Feature","properties":{"sinuosity":1,"highway":"trunk_link"},"geometry":{"type":"LineString","coordinates":[[2.5131516,48.6326095],[2.5135944,48.6326802],[2.5139782,48.6326957],[2.5145962,48.6326178],[2.5152548,48.632368],[2.5155231,48.6321503],[2.5155475,48.6318279],[2.5150596,48.6316452],[2.5134565,48.6315643],[2.5114503,48.6314604]]}},{"type":"Feature","properties":{"sinuosity":0.837,"highway":"trunk_link"},"geometry":{"type":"LineString","coordinates":[[2.6266256,49.0042816],[2.6268767,49.0041161],[2.6271842,49.0039127],[2.6273681,49.0035777],[2.6275827,49.002902],[2.6277372,49.0027162],[2.6281255,49.0025792],[2.6285104,49.0025716],[2.6294862,49.0026992],[2.6299634,49.0026715]]}},{"type":"Feature","properties":{"sinuosity":0.7,"highway":"trunk_link"},"geometry":{"type":"LineString","coordinates":[[2.7028317,49.0580156],[2.7027006,49.0581758],[2.7026796,49.0583701],[2.7026856,49.0585748],[2.7027362,49.0588405],[2.7031732,49.0598706],[2.7034468,49.0603417],[2.7036311,49.0606178],[2.7041252,49.0612563],[2.7044534,49.0617136]]}},{"type":"Feature","properties":{"sinuosity":0.7,"highway":"tertiary"},"geometry":{"type":"LineString","coordinates":[[2.0077623,48.441869],[2.0074986,48.4425554],[2.007358,48.4427384],[2.0071721,48.4431379],[2.0071249,48.4432121],[2.0070199,48.4433467],[2.0069418,48.4433895],[2.0064949,48.4435948],[2.0063581,48.4436558],[2.0060091,48.4440235]]}},{"type":"Feature","properties":{"sinuosity":0.7,"highway":"tertiary"},"geometry":{"type":"LineString","coordinates":[[2.0197292,48.5016101],[2.0193147,48.5012843],[2.0192653,48.5012024],[2.019452,48.500786],[2.0194644,48.5004995],[2.0192445,48.5002474],[2.0185397,48.4994343],[2.0182724,48.4990223],[2.0180577,48.4985179],[2.0178784,48.4980964]]}},{"type":"Feature","properties":{"sinuosity":0.738,"highway":"tertiary"},"geometry":{"type":"LineString","coordinates":[[1.9874802,48.4346355],[1.9890242,48.4348949],[1.9899716,48.4353286],[1.9906044,48.4358898],[1.991483,48.4374441],[1.9921784,48.4380221],[1.9936678,48.4391473],[1.9941465,48.4404205],[1.9946211,48.4405941],[1.9960759,48.4406069]]}},{"type":"Feature","properties":{"sinuosity":0.7,"highway":"tertiary"},"geometry":{"type":"LineString","coordinates":[[1.9960759,48.4406069],[1.9970578,48.4408817],[1.9974911,48.4410446],[1.9985628,48.4417933],[1.9988251,48.4419494],[1.9989847,48.4419983],[1.9993186,48.4420419],[1.9998709,48.4419777],[2.0001092,48.4419781],[2.0001509,48.4419886]]}},{"type":"Feature","properties":{"sinuosity":0.709,"highway":"secondary"},"geometry":{"type":"LineString","coordinates":[[2.3434057,48.9408975],[2.3437427,48.9406592],[2.344755,48.9400893],[2.3448012,48.9400618],[2.3448352,48.940011],[2.3448645,48.9399157],[2.3448867,48.9396232],[2.3448894,48.9395873],[2.3449081,48.9394068],[2.3449212,48.9392811]]}},{"type":"Feature","properties":{"sinuosity":0.698,"highway":"trunk"},"geometry":{"type":"LineString","coordinates":[[2.8804108,48.9211563],[2.8803712,48.9197576],[2.8803468,48.9189517],[2.8802843,48.9184526],[2.8802571,48.9183397],[2.8801398,48.9181239],[2.8798026,48.9176759],[2.8797549,48.9176351],[2.8796748,48.9175946],[2.8795566,48.9175578]]}},{"type":"Feature","properties":{"sinuosity":0.7,"highway":"secondary"},"geometry":{"type":"LineString","coordinates":[[1.9939402,48.7792844],[1.9936931,48.779388],[1.9930393,48.7796514],[1.9925118,48.7798771],[1.9920173,48.7800827],[1.9917848,48.7801262],[1.9911907,48.7801262],[1.9911247,48.7801262],[1.9907745,48.7800798]]}},{"type":"Feature","properties":{"sinuosity":1,"highway":"trunk_link"},"geometry":{"type":"LineString","coordinates":[[1.8304183,48.5297429],[1.8303341,48.5300337],[1.8302134,48.5308569],[1.8301479,48.5312596],[1.8302094,48.53141],[1.8304651,48.5315835],[1.8307413,48.5316347],[1.8311838,48.5316305],[1.8313059,48.5315794],[1.831416,48.5314802]]}},{"type":"Feature","properties":{"sinuosity":0.761,"highway":"tertiary"},"geometry":{"type":"LineString","coordinates":[[3.1292099,48.9625194],[3.1302456,48.9616917],[3.1304969,48.9615833],[3.1315079,48.9612985],[3.1316713,48.961283],[3.1317659,48.9612881],[3.1320389,48.9613438],[3.1324564,48.9614756],[3.132633,48.9615244],[3.1327031,48.9615159]]}},{"type":"Feature","properties":{"sinuosity":0.7,"highway":"tertiary"},"geometry":{"type":"LineString","coordinates":[[2.3746013,48.6082521],[2.3746737,48.6082224],[2.3747279,48.6082001],[2.3748713,48.6081924],[2.3749249,48.6082214],[2.3752746,48.6084685],[2.3755187,48.6086261],[2.3759493,48.6088208],[2.3765573,48.6089886],[2.3768521,48.6090968]]}},{"type":"Feature","properties":{"sinuosity":0.787,"highway":"trunk"},"geometry":{"type":"LineString","coordinates":[[2.4700029,48.758639],[2.4703067,48.7581306],[2.470741,48.7576314],[2.4709692,48.75746],[2.4712729,48.7573136],[2.4718804,48.7571303],[2.4722742,48.7570868],[2.4725937,48.7570954],[2.4734143,48.75721],[2.4739523,48.7572389]]}},{"type":"Feature","properties":{"sinuosity":0.798,"highway":"tertiary"},"geometry":{"type":"LineString","coordinates":[[2.5282514,48.7173123],[2.5282211,48.7172634],[2.528241,48.7171785],[2.5287432,48.7164491],[2.5288067,48.7163344],[2.5288117,48.7162369],[2.5287493,48.7161687],[2.5286472,48.716096],[2.527873,48.7155451]]}},{"type":"Feature","properties":{"sinuosity":0.7,"highway":"tertiary"},"geometry":{"type":"LineString","coordinates":[[3.0564778,49.0899079],[3.0564241,49.0898658],[3.0563544,49.0897885],[3.0564456,49.0894688],[3.0565224,49.0893639],[3.0572073,49.0884781],[3.0574527,49.0881331],[3.0576137,49.0879065],[3.0576472,49.0877105],[3.0575652,49.0874131]]}},{"type":"Feature","properties":{"sinuosity":0.882,"highway":"trunk"},"geometry":{"type":"LineString","coordinates":[[2.2230996,48.8262676],[2.2221098,48.8259628],[2.2215297,48.8257146],[2.2213466,48.8255774],[2.2210956,48.8252623],[2.2210317,48.8251118],[2.2210499,48.8246275],[2.2211525,48.824404],[2.2221619,48.8232093],[2.2222219,48.8231082]]}},{"type":"Feature","properties":{"sinuosity":0.7,"highway":"tertiary"},"geometry":{"type":"LineString","coordinates":[[2.1465933,49.0260668],[2.1460708,49.025458],[2.1456797,49.0250315],[2.1456852,49.0249098],[2.1455565,49.0248268],[2.1453814,49.0246319],[2.1447427,49.0238969],[2.1441636,49.0232342],[2.1440694,49.0230992],[2.1440975,49.0230355]]}},{"type":"Feature","properties":{"sinuosity":1,"highway":"motorway_link"},"geometry":{"type":"LineString","coordinates":[[2.488178,48.8585882],[2.4879178,48.8591723],[2.48806,48.8596276],[2.4884543,48.8598693],[2.489088,48.8599224],[2.4893801,48.8598525],[2.4900957,48.8594476],[2.4905028,48.8590881],[2.4908603,48.8585412],[2.4910936,48.8582412]]}},{"type":"Feature","properties":{"sinuosity":0.7,"highway":"trunk_link"},"geometry":{"type":"LineString","coordinates":[[3.0224987,48.6868901],[3.0224114,48.6868953],[3.021946,48.6867716],[3.0216551,48.6866393],[3.0214122,48.6864825],[3.0208946,48.6860408],[3.0206996,48.6859279],[3.0204566,48.6858538],[3.0194797,48.6858126],[3.0193847,48.6857636]]}},{"type":"Feature","properties":{"sinuosity":1,"highway":"trunk_link"},"geometry":{"type":"LineString","coordinates":[[3.0224194,48.6857176],[3.0223097,48.6857576],[3.0217619,48.6858286],[3.0215592,48.6859214],[3.0214448,48.6860473],[3.0214764,48.6863911],[3.0216715,48.6865702],[3.02197,48.6867213],[3.0224458,48.6868585],[3.0224987,48.6868901]]}},{"type":"Feature","properties":{"sinuosity":0.7,"highway":"trunk_link"},"geometry":{"type":"LineString","coordinates":[[3.0195546,48.6856398],[3.0196528,48.6855858],[3.0200207,48.6855622],[3.0204616,48.6855049],[3.0209213,48.6854161],[3.0224552,48.6850104],[3.022698,48.6849885],[3.0228307,48.6849837],[3.0228982,48.6849812]]}},{"type":"Feature","properties":{"sinuosity":0.7,"highway":"trunk_link"},"geometry":{"type":"LineString","coordinates":[[3.07435,48.6851328],[3.0742025,48.6851567],[3.0739188,48.6851445],[3.0737405,48.6851204],[3.0725743,48.6849335],[3.071887,48.6848366],[3.0715124,48.6848099],[3.0707293,48.6847776],[3.0704616,48.6847823],[3.0703156,48.6847408]]}},{"type":"Feature","properties":{"sinuosity":0.747,"highway":"tertiary"},"geometry":{"type":"LineString","coordinates":[[2.6285554,48.8019348],[2.6286246,48.8017947],[2.6285742,48.8016953],[2.6284348,48.8016194],[2.6280401,48.8015762],[2.6274747,48.8014637],[2.6267398,48.8012158],[2.6265507,48.8011234],[2.6263924,48.8009546],[2.6261289,48.8007036]]}},{"type":"Feature","properties":{"sinuosity":0.726,"highway":"trunk_link"},"geometry":{"type":"LineString","coordinates":[[2.8009011,49.1369966],[2.8006487,49.1371122],[2.7999425,49.1374816],[2.7996089,49.1376603],[2.7993435,49.1378088],[2.7990957,49.1381061],[2.7990373,49.1382591],[2.7990154,49.1383879],[2.7990641,49.139118],[2.7990228,49.1391861]]}},{"type":"Feature","properties":{"sinuosity":0.7,"highway":"tertiary"},"geometry":{"type":"LineString","coordinates":[[1.761494,48.5183358],[1.7616747,48.518639],[1.7636155,48.5194834],[1.7637285,48.5195566],[1.7639413,48.5197712],[1.7640588,48.519843],[1.7645515,48.5199889],[1.7650597,48.5201146]]}},{"type":"Feature","properties":{"sinuosity":0.7,"highway":"tertiary"},"geometry":{"type":"LineString","coordinates":[[2.1018602,48.8673009],[2.1022413,48.8681636],[2.1023626,48.8684032],[2.1028674,48.8693763],[2.1028229,48.8696581],[2.1024961,48.8706018],[2.1023744,48.8710135],[2.102319,48.8713556],[2.1019487,48.8724917],[2.1020636,48.8726711]]}},{"type":"Feature","properties":{"sinuosity":0.853,"highway":"tertiary"},"geometry":{"type":"LineString","coordinates":[[1.7404903,48.8904188],[1.7408227,48.8905679],[1.7410138,48.8906276],[1.7416479,48.8907084],[1.742202,48.890772],[1.7427938,48.8905363],[1.7430615,48.8901505],[1.7440038,48.8889668],[1.7440988,48.8888429],[1.7445917,48.8882425]]}},{"type":"Feature","properties":{"sinuosity":1,"highway":"tertiary"},"geometry":{"type":"LineString","coordinates":[[1.4739628,48.9174691],[1.4745606,48.9167723],[1.4757287,48.9176993],[1.4764262,48.9177191],[1.4772844,48.9159449],[1.4778012,48.914761],[1.4767756,48.9145032],[1.4766922,48.9139101],[1.4782576,48.9137731],[1.4794409,48.9121756]]}},{"type":"Feature","properties":{"sinuosity":0.729,"highway":"tertiary"},"geometry":{"type":"LineString","coordinates":[[1.4804641,48.9086605],[1.4809,48.9086327],[1.4814126,48.9086591],[1.4816659,48.9086714],[1.4818541,48.9086499],[1.4820896,48.9084253],[1.4824431,48.9081569],[1.4826839,48.9080467],[1.4829924,48.9080165],[1.4837295,48.9080703]]}},{"type":"Feature","properties":{"sinuosity":0.7,"highway":"tertiary"},"geometry":{"type":"LineString","coordinates":[[1.4879048,48.9077285],[1.4872965,48.9079031],[1.4868953,48.9079586],[1.4862618,48.9080072],[1.4853005,48.9080942],[1.4852094,48.9081549],[1.4850998,48.9081686],[1.484565,48.9081878],[1.484088,48.9081239],[1.4837295,48.9080703]]}},{"type":"Feature","properties":{"sinuosity":0.7,"highway":"secondary"},"geometry":{"type":"LineString","coordinates":[[1.8437218,48.5161851],[1.8436751,48.5161828],[1.8429536,48.5161849],[1.8427386,48.5161907],[1.8425311,48.5162062],[1.8415542,48.5163864],[1.8414227,48.5164223],[1.8412103,48.5164803],[1.8409627,48.5165805],[1.8409568,48.5166134]]}},{"type":"Feature","properties":{"sinuosity":0.841,"highway":"tertiary"},"geometry":{"type":"LineString","coordinates":[[2.0961725,49.0521216],[2.0962287,49.0521598],[2.0962943,49.0522024],[2.0969445,49.0522838],[2.0972644,49.0523252],[2.0974784,49.0525087],[2.0976813,49.0529637],[2.0975409,49.0538058],[2.0975151,49.0538897],[2.0974886,49.0540186]]}},{"type":"Feature","properties":{"sinuosity":0.745,"highway":"tertiary"},"geometry":{"type":"LineString","coordinates":[[3.4420865,48.378884],[3.4415927,48.3783124],[3.4412802,48.378314],[3.4407619,48.3785501],[3.4402723,48.3785319],[3.4396837,48.3784049],[3.4388076,48.3780873],[3.4379443,48.377716],[3.4373475,48.3772774],[3.4366205,48.3769016]]}},{"type":"Feature","properties":{"sinuosity":1,"highway":"trunk_link"},"geometry":{"type":"LineString","coordinates":[[2.3837375,49.0680442],[2.3840106,49.0679571],[2.3851027,49.0675121],[2.3854395,49.0674427],[2.3856708,49.0674452],[2.3858492,49.067478],[2.3860208,49.0675455],[2.3862242,49.0677283],[2.3862957,49.0679278],[2.3862507,49.0682361]]}},{"type":"Feature","properties":{"sinuosity":0.7,"highway":"trunk_link"},"geometry":{"type":"LineString","coordinates":[[2.2864195,49.0571793],[2.2872161,49.0567723],[2.287966,49.056476],[2.2883167,49.0563586],[2.2885719,49.0562301],[2.2886193,49.0561923],[2.2886955,49.056087],[2.2887118,49.0560347],[2.288715,49.0559319],[2.2886973,49.0559002]]}},{"type":"Feature","properties":{"sinuosity":1,"highway":"secondary"},"geometry":{"type":"LineString","coordinates":[[1.9943269,48.3772942],[1.9944271,48.3772344],[1.9950017,48.3768376],[1.9952048,48.3767354],[1.9960385,48.3765151],[1.9961794,48.3765849],[1.9964739,48.3771236],[1.9964838,48.3771447],[1.9969824,48.3782314],[1.9973617,48.3791007]]}},{"type":"Feature","properties":{"sinuosity":1,"highway":"secondary"},"geometry":{"type":"LineString","coordinates":[[2.761651,48.3556254],[2.7627089,48.3548421],[2.7629672,48.3545871],[2.7626535,48.3543912],[2.7617713,48.3540058],[2.7610939,48.3538042],[2.7609527,48.3535471],[2.7617968,48.3534093],[2.7623238,48.3532962],[2.7626399,48.3527954]]}},{"type":"Feature","properties":{"sinuosity":0.725,"highway":"primary"},"geometry":{"type":"LineString","coordinates":[[2.0568193,48.7970537],[2.0562529,48.7969169],[2.0561269,48.7968891],[2.055207,48.7966412],[2.055176,48.7966286],[2.054852,48.7963185],[2.0547313,48.7961052],[2.0544954,48.7955558],[2.0543963,48.7954271],[2.0542942,48.7953227]]}},{"type":"Feature","properties":{"sinuosity":1,"highway":"tertiary"},"geometry":{"type":"LineString","coordinates":[[1.5051283,49.0790745],[1.5046461,49.0786987],[1.5039981,49.0782952],[1.5033992,49.0783318],[1.5030462,49.0787235],[1.5029892,49.0792415],[1.5021164,49.0797889],[1.5018386,49.0799564],[1.5013804,49.080087],[1.5008255,49.0799732]]}},{"type":"Feature","properties":{"sinuosity":0.7,"highway":"tertiary"},"geometry":{"type":"LineString","coordinates":[[3.5567007,48.5953214],[3.5566628,48.5953906],[3.5562014,48.5960857],[3.5561787,48.5964496],[3.5563592,48.5967661],[3.5563521,48.5968558],[3.5559772,48.5975835],[3.5558831,48.59781],[3.5557977,48.5984594],[3.5557374,48.5985561]]}},{"type":"Feature","properties":{"sinuosity":0.759,"highway":"tertiary"},"geometry":{"type":"LineString","coordinates":[[1.4328405,49.1013872],[1.4332803,49.1020141],[1.4331784,49.1027657],[1.4326071,49.103246],[1.4325374,49.1036762],[1.4331784,49.1041592],[1.4339938,49.1048949],[1.4342721,49.1054208],[1.4343425,49.1059783],[1.4337006,49.1067955]]}},{"type":"Feature","properties":{"sinuosity":0.948,"highway":"secondary"},"geometry":{"type":"LineString","coordinates":[[2.0527824,48.5190676],[2.0509678,48.5189172],[2.0497373,48.5195946],[2.0490185,48.5194881],[2.048475,48.5194833],[2.0481094,48.519657],[2.0479095,48.5199444],[2.0480492,48.520323],[2.0499897,48.5231344],[2.048643,48.5253789]]}},{"type":"Feature","properties":{"sinuosity":0.7,"highway":"tertiary"},"geometry":{"type":"LineString","coordinates":[[1.4583164,48.9991096],[1.4584357,48.9990814],[1.4590668,48.9992133],[1.4599769,48.9996437],[1.4603957,48.99984],[1.4612983,49.0000702],[1.4617993,49.0002466],[1.4622043,49.0004167],[1.4626466,49.000522],[1.4627952,49.0004941]]}},{"type":"Feature","properties":{"sinuosity":0.745,"highway":"tertiary"},"geometry":{"type":"LineString","coordinates":[[1.5747941,48.885397],[1.5744519,48.8859697],[1.5743067,48.8862245],[1.5742984,48.8863446],[1.5743832,48.8864788],[1.5752976,48.8870585],[1.5756683,48.8873587],[1.5760788,48.8878185],[1.5764169,48.888322]]}},{"type":"Feature","properties":{"sinuosity":0.7,"highway":"tertiary"},"geometry":{"type":"LineString","coordinates":[[1.5483729,48.8759757],[1.5474499,48.8762833],[1.5454941,48.8767333],[1.5428875,48.8771498],[1.5427565,48.8771378],[1.5424942,48.8770537],[1.5419564,48.8769731],[1.5416188,48.8769741],[1.5399129,48.8774879],[1.5391786,48.8782124]]}},{"type":"Feature","properties":{"sinuosity":0.715,"highway":"tertiary"},"geometry":{"type":"LineString","coordinates":[[3.0274608,48.8288002],[3.0274553,48.8288825],[3.0258565,48.8315938],[3.0252085,48.8319177],[3.0247498,48.8321136],[3.0234605,48.8323328],[3.0232478,48.8324438],[3.0230775,48.8325999],[3.022995,48.8327347],[3.0229612,48.8329021]]}},{"type":"Feature","properties":{"sinuosity":0.835,"highway":"tertiary"},"geometry":{"type":"LineString","coordinates":[[1.5144199,48.9904772],[1.5130709,48.9918189],[1.5130344,48.991928],[1.5131158,48.9920713],[1.5141439,48.9928448],[1.5141496,48.9929269],[1.5140983,48.9929899],[1.5139166,48.9930899],[1.5138589,48.9931533],[1.5138511,48.9932045]]}},{"type":"Feature","properties":{"sinuosity":0.7,"highway":"tertiary"},"geometry":{"type":"LineString","coordinates":[[1.5090286,48.8681697],[1.5087149,48.8678815],[1.5084081,48.8677475],[1.5080683,48.8675945],[1.5079135,48.8674711],[1.5078533,48.8673734],[1.5077984,48.8672444],[1.5077561,48.8669304],[1.5077143,48.8665882],[1.507529,48.8660433]]}},{"type":"Feature","properties":{"sinuosity":0.886,"highway":"tertiary"},"geometry":{"type":"LineString","coordinates":[[2.0645684,48.5003658],[2.0655904,48.5003349],[2.0666911,48.499985],[2.0691061,48.5002667],[2.0701501,48.5006707],[2.0707449,48.5001199],[2.0708857,48.4991401],[2.0712215,48.4980765],[2.0727843,48.4970973],[2.0737298,48.4966206]]}},{"type":"Feature","properties":{"sinuosity":0.727,"highway":"tertiary"},"geometry":{"type":"LineString","coordinates":[[2.0737298,48.4966206],[2.0739902,48.4965858],[2.0743994,48.4965742],[2.0749227,48.4966911],[2.0752319,48.4967558],[2.0753686,48.4967528],[2.0757719,48.4966783],[2.0759678,48.4966071],[2.076431,48.4963152],[2.0766704,48.4961811]]}},{"type":"Feature","properties":{"sinuosity":0.745,"highway":"secondary"},"geometry":{"type":"LineString","coordinates":[[2.3006703,48.4285236],[2.3014418,48.4278458],[2.3021414,48.4272262],[2.3034795,48.4270197],[2.3048174,48.4264671],[2.3060261,48.4262886],[2.3071639,48.4265426],[2.3077889,48.4261335],[2.3092486,48.425598],[2.3123298,48.4257134]]}},{"type":"Feature","properties":{"sinuosity":0.942,"highway":"tertiary"},"geometry":{"type":"LineString","coordinates":[[1.6404146,49.1212739],[1.6414363,49.1209671],[1.6421422,49.1204891],[1.6432811,49.119869],[1.6434875,49.1196228],[1.6437888,49.119552],[1.6440767,49.1195871],[1.644288,49.1197089],[1.6448372,49.1203385],[1.6448987,49.120374]]}},{"type":"Feature","properties":{"sinuosity":0.7,"highway":"tertiary"},"geometry":{"type":"LineString","coordinates":[[1.9711425,48.3622473],[1.9707067,48.3616706],[1.9706118,48.3615815],[1.9705093,48.3615178],[1.9699776,48.3613098],[1.9698738,48.3612756],[1.9696418,48.3611362],[1.9695372,48.3610242],[1.9692988,48.3609814],[1.9691812,48.3609603]]}},{"type":"Feature","properties":{"sinuosity":0.7,"highway":"tertiary"},"geometry":{"type":"LineString","coordinates":[[1.9587479,48.3938125],[1.9586268,48.3937312],[1.9571838,48.3932332],[1.9570042,48.3931095],[1.95688,48.3930239],[1.9564262,48.3929396],[1.9560147,48.3928681],[1.9555686,48.3927276],[1.9552496,48.3926564],[1.9547779,48.3925918]]}},{"type":"Feature","properties":{"sinuosity":0.836,"highway":"secondary"},"geometry":{"type":"LineString","coordinates":[[1.9422512,48.3461011],[1.9431575,48.3468051],[1.9434912,48.3469582],[1.9437169,48.3469162],[1.9446664,48.3466962],[1.9455056,48.346405],[1.9464231,48.3460885],[1.9468591,48.3459562],[1.947107,48.3459876],[1.9473009,48.3461768]]}},{"type":"Feature","properties":{"sinuosity":0.7,"highway":"tertiary"},"geometry":{"type":"LineString","coordinates":[[1.808251,48.4177561],[1.8079324,48.4177274],[1.8077155,48.4176427],[1.8074037,48.4175762],[1.8070074,48.4175681],[1.8068636,48.4175811],[1.8064834,48.4176471],[1.8057238,48.4178366],[1.805466,48.4179162],[1.8051921,48.4179617]]}},{"type":"Feature","properties":{"sinuosity":1,"highway":"tertiary"},"geometry":{"type":"LineString","coordinates":[[1.8042668,48.4169814],[1.8048823,48.4167531],[1.8055739,48.4165144],[1.8066454,48.4162702],[1.8082369,48.4160025],[1.8083588,48.4160163],[1.8087562,48.4161471],[1.8088102,48.4162082],[1.8092741,48.4175117],[1.8093048,48.4178503]]}},{"type":"Feature","properties":{"sinuosity":0.722,"highway":"tertiary"},"geometry":{"type":"LineString","coordinates":[[2.8791672,48.7284892],[2.8790945,48.7286777],[2.8791762,48.7290432],[2.8793646,48.7292107],[2.879407,48.7292784],[2.8793775,48.7294907],[2.8792655,48.7299605],[2.8793856,48.7301016],[2.8802928,48.7307756],[2.88047,48.7309572]]}},{"type":"Feature","properties":{"sinuosity":0.7,"highway":"tertiary"},"geometry":{"type":"LineString","coordinates":[[3.0130328,48.7349156],[3.0134217,48.7341664],[3.0136602,48.7338399],[3.0142097,48.7332904],[3.0144389,48.733107],[3.0160854,48.7319994],[3.0172766,48.731248],[3.0175408,48.7310786],[3.017636,48.7308707],[3.0175147,48.7306636]]}},{"type":"Feature","properties":{"sinuosity":0.947,"highway":"tertiary"},"geometry":{"type":"LineString","coordinates":[[2.9526775,48.7369621],[2.9527611,48.7369163],[2.9539889,48.7361017],[2.9547118,48.7356873],[2.95518,48.7355178],[2.9553221,48.735589],[2.9558053,48.7361616],[2.9559724,48.7362934],[2.9567461,48.7365258],[2.9572007,48.7366033]]}},{"type":"Feature","properties":{"sinuosity":0.7,"highway":"tertiary"},"geometry":{"type":"LineString","coordinates":[[2.9331805,48.6787728],[2.930883,48.6803151],[2.9302742,48.680624],[2.9268971,48.681778],[2.9262385,48.6819421],[2.9254692,48.6819671],[2.9243658,48.6821681],[2.92337,48.682437],[2.9230679,48.6825833],[2.9228688,48.6830932]]}},{"type":"Feature","properties":{"sinuosity":0.7,"highway":"tertiary"},"geometry":{"type":"LineString","coordinates":[[2.8462498,48.7325418],[2.8463278,48.7322817],[2.8474462,48.7305243],[2.8475486,48.7303083],[2.8475798,48.7300232],[2.8475699,48.7294194],[2.847586,48.7293895],[2.8476128,48.7293669],[2.8477046,48.7293284],[2.8477578,48.7293217]]}},{"type":"Feature","properties":{"sinuosity":0.7,"highway":"tertiary"},"geometry":{"type":"LineString","coordinates":[[3.1988256,48.6101961],[3.1985045,48.6102648],[3.1983177,48.6103883],[3.1980137,48.6109094],[3.197621,48.6116061],[3.1972045,48.612311],[3.1969596,48.6127158],[3.1962857,48.6138696]]}},{"type":"Feature","properties":{"sinuosity":0.7,"highway":"tertiary"},"geometry":{"type":"LineString","coordinates":[[3.1947206,48.6156231],[3.1947815,48.615899],[3.1949086,48.616551],[3.1943316,48.6175995],[3.1942677,48.6178631],[3.1946083,48.618391],[3.1948891,48.6188949],[3.1948529,48.6196302],[3.1947637,48.6202005],[3.1952063,48.6209173]]}},{"type":"Feature","properties":{"sinuosity":0.7,"highway":"tertiary"},"geometry":{"type":"LineString","coordinates":[[3.1949288,48.6150985],[3.1947879,48.6150639],[3.1940529,48.6148703],[3.1938554,48.6147803],[3.1938112,48.6147588],[3.1934403,48.6143511],[3.1932897,48.6142234],[3.1929825,48.6140945],[3.1913849,48.6136268],[3.1905713,48.6133886]]}},{"type":"Feature","properties":{"sinuosity":0.7,"highway":"trunk_link"},"geometry":{"type":"LineString","coordinates":[[3.1025152,48.6857723],[3.1022422,48.6854573],[3.1019257,48.6851566],[3.1015931,48.6849221],[3.101296,48.6848005],[3.1007797,48.6846405],[3.0999544,48.6844806],[3.0999051,48.6844245]]}},{"type":"Feature","properties":{"sinuosity":0.7,"highway":"secondary"},"geometry":{"type":"LineString","coordinates":[[3.1820222,48.5517969],[3.1818369,48.5519409],[3.1817941,48.5519871],[3.1812924,48.5526731],[3.181285,48.5528233],[3.1813826,48.5532342],[3.1813846,48.5534408],[3.1811924,48.5539527],[3.1809551,48.5542324],[3.1807249,48.5543664]]}},{"type":"Feature","properties":{"sinuosity":0.663,"highway":"tertiary"},"geometry":{"type":"LineString","coordinates":[[3.1152698,48.9441501],[3.115237,48.9440858],[3.1147637,48.9431478],[3.1123459,48.941567],[3.1113604,48.9406262],[3.1109163,48.9400646],[3.1095533,48.9394775],[3.1084374,48.9390928],[3.107563,48.9385129],[3.1064071,48.9372847]]}},{"type":"Feature","properties":{"sinuosity":0.825,"highway":"tertiary"},"geometry":{"type":"LineString","coordinates":[[2.4267922,48.8860636],[2.4267406,48.8863471],[2.4262879,48.886945],[2.4260622,48.8872952],[2.4254937,48.8875728],[2.4249707,48.8876564],[2.4234778,48.8879024],[2.423286,48.887898],[2.4226456,48.8876885],[2.4225038,48.887631]]}},{"type":"Feature","properties":{"sinuosity":0.706,"highway":"tertiary"},"geometry":{"type":"LineString","coordinates":[[1.7438135,48.4450976],[1.7443364,48.4449144],[1.7449668,48.4447716],[1.7455695,48.444915],[1.7461844,48.4451797],[1.7468404,48.4451771],[1.7472311,48.445158],[1.7475785,48.4451233],[1.7480479,48.4450465],[1.7481899,48.4450553]]}},{"type":"Feature","properties":{"sinuosity":1,"highway":"tertiary"},"geometry":{"type":"LineString","coordinates":[[3.2053432,48.5116178],[3.2050011,48.5118337],[3.202363,48.5116645],[3.1991928,48.5114759],[3.1983937,48.5113116],[3.1966438,48.5103083],[3.1968271,48.5098523],[3.1971162,48.5092186],[3.1978048,48.5086168],[3.1980496,48.5083102]]}},{"type":"Feature","properties":{"sinuosity":0.7,"highway":"tertiary"},"geometry":{"type":"LineString","coordinates":[[2.6673114,48.9665045],[2.66694,48.9664922],[2.6662241,48.9664175],[2.6660325,48.9664346],[2.665841,48.9664888],[2.6654508,48.9666393],[2.6643341,48.9671796],[2.6634452,48.9675618]]}},{"type":"Feature","properties":{"sinuosity":0.765,"highway":"tertiary"},"geometry":{"type":"LineString","coordinates":[[3.5976268,48.5998719],[3.5977866,48.5994518],[3.5977639,48.5994097],[3.5972716,48.5988984],[3.5971023,48.5986855],[3.597201,48.5983652],[3.5973505,48.5982163],[3.5979046,48.5976922],[3.598057,48.5975357],[3.5981978,48.5973984]]}},{"type":"Feature","properties":{"sinuosity":0.7,"highway":"tertiary"},"geometry":{"type":"LineString","coordinates":[[2.705381,48.9679465],[2.7049791,48.9679517],[2.7035494,48.9679258],[2.70266,48.9678873],[2.7013145,48.9676677],[2.7002237,48.9675493],[2.7001524,48.967456],[2.7000646,48.967188],[2.6991075,48.9671114],[2.6988573,48.9671003]]}},{"type":"Feature","properties":{"sinuosity":0.7,"highway":"secondary"},"geometry":{"type":"LineString","coordinates":[[1.8788317,48.4154769],[1.8788224,48.4154452],[1.8787818,48.4153853],[1.87866,48.4152054],[1.8784346,48.4149849],[1.8772437,48.41385],[1.8771601,48.4137725],[1.8770889,48.4137098],[1.8770501,48.4136771],[1.8769088,48.4134685]]}},{"type":"Feature","properties":{"sinuosity":0.7,"highway":"tertiary"},"geometry":{"type":"LineString","coordinates":[[2.8763846,48.6595196],[2.8759131,48.6591638],[2.8751054,48.6585253],[2.8749559,48.6582144],[2.8731756,48.6573533],[2.8730106,48.65734],[2.8723542,48.657301],[2.8719498,48.6571947],[2.8713866,48.656944],[2.8711834,48.6568603]]}},{"type":"Feature","properties":{"sinuosity":0.735,"highway":"tertiary"},"geometry":{"type":"LineString","coordinates":[[2.8683517,48.6521174],[2.8678246,48.6521219],[2.8671782,48.6522238],[2.8653234,48.6516887],[2.8639403,48.6509449],[2.8624777,48.6501259],[2.8617821,48.6498134],[2.8613084,48.6492918],[2.8600449,48.646796],[2.8599422,48.6466573]]}},{"type":"Feature","properties":{"sinuosity":0.694,"highway":"tertiary"},"geometry":{"type":"LineString","coordinates":[[3.4033705,48.6158465],[3.4028875,48.6158455],[3.4023221,48.6159242],[3.4009992,48.6158738],[3.3994113,48.6150794],[3.3985316,48.6149092],[3.3979307,48.6149092],[3.3957115,48.6154843],[3.394829,48.6155747],[3.3939144,48.6155623]]}},{"type":"Feature","properties":{"sinuosity":0.862,"highway":"tertiary"},"geometry":{"type":"LineString","coordinates":[[3.2353242,48.8052227],[3.2344504,48.8049432],[3.2341607,48.8050483],[3.2345779,48.8054378],[3.2358384,48.8065667],[3.2364768,48.8071178],[3.2382846,48.8078553],[3.2396748,48.8085025],[3.2405431,48.8099176],[3.2415302,48.8112318]]}},{"type":"Feature","properties":{"sinuosity":0.778,"highway":"tertiary"},"geometry":{"type":"LineString","coordinates":[[2.7754997,48.9413647],[2.7761527,48.9415619],[2.7763706,48.9416857],[2.7763595,48.9417858],[2.776325,48.9419184],[2.77618,48.9423417],[2.7760633,48.9426242],[2.7760193,48.9427309],[2.775914,48.9434209],[2.7759631,48.9437956]]}},{"type":"Feature","properties":{"sinuosity":1,"highway":"trunk_link"},"geometry":{"type":"LineString","coordinates":[[2.4549854,48.6164353],[2.4547671,48.6163088],[2.4545505,48.6162401],[2.4542474,48.6162605],[2.4539628,48.6163968],[2.4538525,48.6166119],[2.4538739,48.6169879],[2.4540965,48.6172175],[2.4544209,48.6172667],[2.4547964,48.617144]]}},{"type":"Feature","properties":{"sinuosity":0.7,"highway":"tertiary"},"geometry":{"type":"LineString","coordinates":[[3.0102201,48.698644],[3.0098486,48.6990755],[3.0095441,48.6994543],[3.0091791,48.6999406],[3.0088055,48.7004321],[3.0085017,48.7007798],[3.0084453,48.7009288],[3.008448,48.701053],[3.0085125,48.7011595],[3.0086459,48.7012475]]}},{"type":"Feature","properties":{"sinuosity":0.828,"highway":"tertiary"},"geometry":{"type":"LineString","coordinates":[[3.2198162,48.8986059],[3.2203255,48.8982288],[3.2202479,48.8975932],[3.219766,48.8972871],[3.2190352,48.8973849],[3.2184143,48.8972934],[3.2165905,48.8952866],[3.2164547,48.8948996],[3.2169312,48.8933451],[3.21767,48.8912079]]}},{"type":"Feature","properties":{"sinuosity":1,"highway":"secondary"},"geometry":{"type":"LineString","coordinates":[[3.2912836,48.8770354],[3.2896366,48.8764329],[3.2896298,48.8764298],[3.2891937,48.8761955],[3.289122,48.8760566],[3.2891402,48.8759392],[3.2900405,48.875468],[3.2905099,48.8751672],[3.2907285,48.874937],[3.2910235,48.874316]]}},{"type":"Feature","properties":{"sinuosity":0.7,"highway":"tertiary"},"geometry":{"type":"LineString","coordinates":[[2.7635471,48.9728909],[2.763541,48.9726947],[2.7637024,48.9724127],[2.7639002,48.9723078],[2.7639899,48.9722132],[2.7640669,48.9719042],[2.7640441,48.9717546],[2.7640036,48.9715213],[2.7639392,48.971016],[2.7639809,48.9709199]]}},{"type":"Feature","properties":{"sinuosity":1,"highway":"tertiary"},"geometry":{"type":"LineString","coordinates":[[1.9271912,48.5086641],[1.9267983,48.5080164],[1.9266641,48.5076575],[1.9265837,48.5071066],[1.9266384,48.5069737],[1.9267146,48.506906],[1.9267768,48.5068507],[1.9270242,48.5067871],[1.9273019,48.5067375],[1.9290227,48.5067309]]}},{"type":"Feature","properties":{"sinuosity":0.72,"highway":"primary"},"geometry":{"type":"LineString","coordinates":[[2.0700708,48.6477546],[2.0703911,48.6479186],[2.0708466,48.6479442],[2.0715927,48.6479441],[2.0725326,48.64842],[2.0728346,48.6487513],[2.073369,48.6499161],[2.0738388,48.650513],[2.0739021,48.6506082],[2.0740328,48.6512208]]}},{"type":"Feature","properties":{"sinuosity":0.7,"highway":"tertiary"},"geometry":{"type":"LineString","coordinates":[[1.679399,49.2458578],[1.6794048,49.2456537],[1.6793443,49.2452859],[1.6792909,49.2450725],[1.6788473,49.2442245],[1.6788406,49.2440362],[1.6788482,49.2440013],[1.6790198,49.2438192],[1.6792559,49.243553],[1.679259,49.2435029]]}},{"type":"Feature","properties":{"sinuosity":0.66,"highway":"tertiary"},"geometry":{"type":"LineString","coordinates":[[2.0514385,48.5465777],[2.0516242,48.5471284],[2.051667,48.5474942],[2.051411,48.5496179],[2.0514486,48.5503636],[2.0517329,48.5511129],[2.0536802,48.5530126],[2.0545009,48.5541205],[2.0542971,48.554401],[2.053487,48.5547347]]}},{"type":"Feature","properties":{"sinuosity":1,"highway":"tertiary"},"geometry":{"type":"LineString","coordinates":[[1.866417,48.9283292],[1.8664919,48.9286419],[1.8668351,48.9288412],[1.8675826,48.9288044],[1.8679823,48.9288048],[1.8683629,48.9290835],[1.8683018,48.9293685],[1.8678972,48.9295901],[1.8670029,48.9298776],[1.8667242,48.9302358]]}},{"type":"Feature","properties":{"sinuosity":0.7,"highway":"tertiary"},"geometry":{"type":"LineString","coordinates":[[1.904434,48.9594872],[1.9046019,48.9598009],[1.9052026,48.9604902],[1.9051756,48.9611915],[1.9051623,48.9614425],[1.9051041,48.9621169],[1.9049027,48.9627991],[1.9048807,48.9635267],[1.9049214,48.9640507],[1.9047888,48.9641608]]}},{"type":"Feature","properties":{"sinuosity":0.854,"highway":"tertiary"},"geometry":{"type":"LineString","coordinates":[[1.9290227,48.5067309],[1.9308032,48.5068179],[1.9319036,48.5073676],[1.9328952,48.5085632],[1.9333384,48.5087993],[1.9336419,48.5088431],[1.9340191,48.508931],[1.9342892,48.5090672],[1.9346497,48.5090038],[1.940462,48.5066129]]}},{"type":"Feature","properties":{"sinuosity":0.7,"highway":"tertiary"},"geometry":{"type":"LineString","coordinates":[[1.9567642,48.5014013],[1.9575866,48.5010334],[1.9580731,48.500305],[1.9590982,48.4988864],[1.9591266,48.4987641],[1.9596536,48.4978728],[1.9603307,48.497259],[1.9611138,48.4968468],[1.9621857,48.496292],[1.9631585,48.4958254]]}},{"type":"Feature","properties":{"sinuosity":0.767,"highway":"tertiary"},"geometry":{"type":"LineString","coordinates":[[2.8181721,49.0700609],[2.8184652,49.0700179],[2.8191886,49.0700456],[2.8194322,49.0701829],[2.8198705,49.070248],[2.8209882,49.0699464],[2.8215391,49.0694747],[2.8224786,49.0689697],[2.8229322,49.0686354],[2.8239512,49.0677795]]}},{"type":"Feature","properties":{"sinuosity":0.7,"highway":"tertiary"},"geometry":{"type":"LineString","coordinates":[[2.8478719,49.0576074],[2.8478946,49.0575757],[2.8479257,49.0574185],[2.8479302,49.0573308],[2.8479534,49.0563527],[2.8480683,49.0562436],[2.8481539,49.055781],[2.8481399,49.0556619],[2.8478587,49.0548935],[2.8478412,49.0548611]]}},{"type":"Feature","properties":{"sinuosity":0.753,"highway":"primary"},"geometry":{"type":"LineString","coordinates":[[1.9832148,48.5591387],[1.9835053,48.5598539],[1.9837716,48.5601505],[1.9846362,48.5608739],[1.9856689,48.5615015],[1.9864043,48.5616078],[1.9870383,48.5616399],[1.9872956,48.5617415],[1.9874581,48.5624139],[1.9876339,48.5639908]]}},{"type":"Feature","properties":{"sinuosity":0.7,"highway":"tertiary"},"geometry":{"type":"LineString","coordinates":[[1.9586413,48.5068836],[1.9593194,48.5058582],[1.9598599,48.5049785],[1.9599294,48.5043255],[1.959795,48.504092],[1.9599407,48.5032517],[1.9601806,48.5028622],[1.9602063,48.5027539],[1.9600242,48.5022811],[1.9596741,48.5017934]]}},{"type":"Feature","properties":{"sinuosity":0.7,"highway":"tertiary"},"geometry":{"type":"LineString","coordinates":[[2.1060448,48.6968824],[2.1060602,48.696828],[2.1061286,48.6965941],[2.1062738,48.6961788],[2.1066021,48.6952477],[2.1067262,48.694891],[2.1068504,48.6945116],[2.1068405,48.6943796],[2.1067487,48.6942434],[2.1066107,48.6941543]]}},{"type":"Feature","properties":{"sinuosity":0.777,"highway":"tertiary"},"geometry":{"type":"LineString","coordinates":[[3.4569974,48.5363949],[3.4577527,48.536679],[3.4583845,48.5370087],[3.4585684,48.5372659],[3.4597784,48.5379862],[3.4620204,48.5389251],[3.4623363,48.5391774],[3.4623706,48.5393365],[3.4619895,48.5401617],[3.4617867,48.5404073]]}},{"type":"Feature","properties":{"sinuosity":0.663,"highway":"tertiary"},"geometry":{"type":"LineString","coordinates":[[3.1079815,48.3236367],[3.1084,48.3237969],[3.1084956,48.3237888],[3.1090223,48.3237294],[3.1099874,48.3238518],[3.1102788,48.3238691],[3.1113121,48.3238417],[3.1122708,48.3239732],[3.1132682,48.3239796],[3.1140044,48.3238766]]}},{"type":"Feature","properties":{"sinuosity":0.7,"highway":"secondary"},"geometry":{"type":"LineString","coordinates":[[1.690593,49.0371588],[1.6903521,49.0374904],[1.6901764,49.0377141],[1.6900967,49.0377703],[1.6899884,49.0378327],[1.6897952,49.0379931],[1.6897339,49.038127],[1.6896215,49.0384039],[1.6894022,49.0387553],[1.6892404,49.03897]]}},{"type":"Feature","properties":{"sinuosity":0.758,"highway":"tertiary"},"geometry":{"type":"LineString","coordinates":[[1.9777164,48.6894883],[1.9769854,48.688626],[1.9767918,48.6885007],[1.9753734,48.6885136],[1.9752022,48.688491],[1.9751582,48.6884426],[1.9750115,48.6881455],[1.9748061,48.6880099],[1.9725025,48.6877355],[1.9722459,48.6877386]]}},{"type":"Feature","properties":{"sinuosity":0.77,"highway":"secondary"},"geometry":{"type":"LineString","coordinates":[[1.9616211,48.6740786],[1.9604588,48.6740876],[1.9583816,48.6743265],[1.9563841,48.6740922],[1.9558266,48.6744134],[1.9558147,48.6751435],[1.9550246,48.676103],[1.9543903,48.6763616],[1.9521412,48.6769998],[1.9504187,48.6772584]]}},{"type":"Feature","properties":{"sinuosity":0.737,"highway":"secondary"},"geometry":{"type":"LineString","coordinates":[[1.9387242,48.6816839],[1.9353918,48.6811128],[1.9336956,48.6814101],[1.9330613,48.6817638],[1.9322819,48.6818905],[1.9319685,48.6821353],[1.9311422,48.6823228],[1.9302509,48.6825624],[1.928966,48.6834775],[1.9265692,48.6848353]]}},{"type":"Feature","properties":{"sinuosity":1,"highway":"secondary"},"geometry":{"type":"LineString","coordinates":[[1.956481,48.6702167],[1.9562277,48.6708221],[1.9565418,48.6714906],[1.956877,48.6718236],[1.9573233,48.6719341],[1.9576811,48.6718349],[1.9585257,48.6713869],[1.9589182,48.671125],[1.9594342,48.6711897],[1.9602527,48.6719681]]}},{"type":"Feature","properties":{"sinuosity":0.7,"highway":"primary"},"geometry":{"type":"LineString","coordinates":[[1.9140416,48.9785047],[1.9139291,48.9785481],[1.9138119,48.9786235],[1.9137527,48.9786794],[1.913495,48.9790335],[1.913268,48.979396],[1.9129738,48.9799618],[1.9126343,48.9809516],[1.9126122,48.9810404],[1.9126034,48.9810948]]}},{"type":"Feature","properties":{"sinuosity":0.7,"highway":"motorway_link"},"geometry":{"type":"LineString","coordinates":[[3.0655196,48.9716287],[3.0656975,48.9718798],[3.0659785,48.9721335],[3.06667,48.9727969],[3.0670308,48.9731325],[3.0674006,48.9734631],[3.067819,48.9737784],[3.0678787,48.9738962]]}},{"type":"Feature","properties":{"sinuosity":0.705,"highway":"tertiary"},"geometry":{"type":"LineString","coordinates":[[2.0200819,48.6866208],[2.0216763,48.6860984],[2.022995,48.6856057],[2.0267237,48.684151],[2.0279458,48.6835604],[2.0285448,48.6826639],[2.02904,48.6819309],[2.0298152,48.6814512],[2.0299521,48.6811947],[2.0299068,48.6806787]]}},{"type":"Feature","properties":{"sinuosity":0.819,"highway":"tertiary"},"geometry":{"type":"LineString","coordinates":[[2.9242368,48.8601088],[2.9236086,48.8600672],[2.9226322,48.859963],[2.9224268,48.8602181],[2.9221732,48.8621741],[2.922702,48.8631805],[2.922354,48.8637946],[2.9207055,48.8648649],[2.9190165,48.8658695],[2.918383,48.8665811]]}},{"type":"Feature","properties":{"sinuosity":0.808,"highway":"trunk_link"},"geometry":{"type":"LineString","coordinates":[[1.7760088,49.1561594],[1.7755735,49.1558554],[1.7753277,49.1557418],[1.7750772,49.1556898],[1.7747546,49.1556655],[1.7745248,49.1556771],[1.774256,49.1557395],[1.7740479,49.1558204],[1.773803,49.1559811],[1.7736088,49.1560433]]}},{"type":"Feature","properties":{"sinuosity":0.69,"highway":"secondary"},"geometry":{"type":"LineString","coordinates":[[2.6682719,49.0008711],[2.6687387,49.0010787],[2.668964,49.0011913],[2.669141,49.0014271],[2.6691598,49.0016189],[2.6690498,49.0021292],[2.6686491,49.0041103],[2.6685854,49.0045963],[2.6685813,49.0046342],[2.6686274,49.0054283]]}},{"type":"Feature","properties":{"sinuosity":0.7,"highway":"secondary"},"geometry":{"type":"LineString","coordinates":[[2.6649231,48.9942641],[2.6649358,48.9943191],[2.6647995,48.9946394],[2.6645823,48.9950544],[2.6645097,48.9952241],[2.6645206,48.9955993],[2.6646465,48.9958422],[2.6646868,48.9959141],[2.6650572,48.9964598],[2.665079,48.9964911]]}},{"type":"Feature","properties":{"sinuosity":0.7,"highway":"tertiary"},"geometry":{"type":"LineString","coordinates":[[1.5138956,48.9102761],[1.5142232,48.9113034],[1.5143257,48.9116835],[1.5144659,48.9120681],[1.5148458,48.9127043],[1.5150998,48.9132582],[1.5153589,48.9137978],[1.5153796,48.9138392],[1.5155079,48.9140546],[1.5157835,48.9142422]]}},{"type":"Feature","properties":{"sinuosity":0.752,"highway":"tertiary"},"geometry":{"type":"LineString","coordinates":[[1.445518,49.0960321],[1.4451214,49.0957533],[1.4434524,49.0952779],[1.4422376,49.0950226],[1.4410946,49.0946659],[1.4391028,49.0944867],[1.4381996,49.0944523],[1.4365277,49.0939487],[1.4352904,49.0936509],[1.4353901,49.0940393]]}},{"type":"Feature","properties":{"sinuosity":0.7,"highway":"primary"},"geometry":{"type":"LineString","coordinates":[[2.371595,48.6481287],[2.3714548,48.6480855],[2.3701543,48.6479287],[2.3676626,48.6476391],[2.3674877,48.6476304],[2.3673163,48.6476572],[2.3671688,48.6477193]]}},{"type":"Feature","properties":{"sinuosity":0.722,"highway":"primary"},"geometry":{"type":"LineString","coordinates":[[2.430016,48.9425234],[2.4300613,48.9426723],[2.430157,48.9427506],[2.4303362,48.9428278],[2.4306098,48.9429024],[2.4308398,48.9429273],[2.4314658,48.9429196],[2.4323166,48.9429131],[2.4327468,48.9429141],[2.4327842,48.942915]]}},{"type":"Feature","properties":{"sinuosity":0.734,"highway":"trunk_link"},"geometry":{"type":"LineString","coordinates":[[1.8798774,49.1102176],[1.8796894,49.1100783],[1.8795459,49.1100142],[1.8794064,49.1099756],[1.8792616,49.1099686],[1.8790808,49.109993],[1.8785847,49.1101438],[1.8782177,49.110287],[1.8767731,49.1109206],[1.8759848,49.1112808]]}},{"type":"Feature","properties":{"sinuosity":0.739,"highway":"trunk_link"},"geometry":{"type":"LineString","coordinates":[[1.9109595,49.0934172],[1.9107483,49.0934973],[1.9105878,49.0935218],[1.9104341,49.0935065],[1.9092897,49.0931842],[1.9091578,49.0931566],[1.908885,49.0931457],[1.9086801,49.0931803],[1.9084454,49.0932708],[1.9077344,49.0935904]]}},{"type":"Feature","properties":{"sinuosity":0.884,"highway":"tertiary"},"geometry":{"type":"LineString","coordinates":[[2.3048983,48.9888523],[2.3047508,48.9889984],[2.3044051,48.9894457],[2.3041566,48.9896234],[2.3037364,48.9898295],[2.3036157,48.9898655],[2.3034255,48.9898142],[2.3031142,48.9896297],[2.3027972,48.9895546],[2.302542,48.9895598]]}},{"type":"Feature","properties":{"sinuosity":0.7,"highway":"tertiary"},"geometry":{"type":"LineString","coordinates":[[2.0001509,48.4419886],[2.0005029,48.442127],[2.001026,48.4425774],[2.0011722,48.4427573],[2.0013819,48.4430735],[2.0020368,48.4437029],[2.0025256,48.4440447],[2.0026494,48.4441935],[2.0030601,48.444699],[2.0031319,48.4448201]]}},{"type":"Feature","properties":{"sinuosity":0.7,"highway":"trunk_link"},"geometry":{"type":"LineString","coordinates":[[2.7983027,49.1346088],[2.7983899,49.1346667],[2.79846,49.1348543],[2.7986122,49.1353159],[2.7987001,49.1355525],[2.7987859,49.1356791],[2.7988786,49.1357836],[2.7993223,49.1360775],[2.7997463,49.136268],[2.8002933,49.1365162]]}},{"type":"Feature","properties":{"sinuosity":0.7,"highway":"secondary"},"geometry":{"type":"LineString","coordinates":[[2.1884698,48.2968234],[2.1885915,48.2969376],[2.1887815,48.2969927],[2.1888835,48.296995],[2.1892014,48.2969261],[2.191401,48.2961921],[2.1916397,48.2961412],[2.1917923,48.2961214],[2.1926245,48.296089],[2.1953143,48.296037]]}},{"type":"Feature","properties":{"sinuosity":0.809,"highway":"secondary"},"geometry":{"type":"LineString","coordinates":[[2.1363341,48.4585657],[2.136032,48.4591888],[2.1360113,48.4596219],[2.1362965,48.4605612],[2.1368645,48.4610446],[2.1370553,48.4613069],[2.1365862,48.4623057],[2.1365655,48.4627754],[2.137072,48.463249],[2.1390457,48.4637335]]}},{"type":"Feature","properties":{"sinuosity":0.765,"highway":"trunk_link"},"geometry":{"type":"LineString","coordinates":[[2.6803532,49.0371717],[2.6808518,49.0373827],[2.6819891,49.0374706],[2.6823995,49.0376016],[2.6826167,49.0378346],[2.6827688,49.0388042],[2.6830075,49.039089],[2.6833536,49.0393175],[2.6845019,49.0397042],[2.6846548,49.0397016]]}},{"type":"Feature","properties":{"sinuosity":0.751,"highway":"secondary"},"geometry":{"type":"LineString","coordinates":[[2.3937,48.4480201],[2.3934492,48.4475368],[2.39309,48.4471518],[2.3928088,48.4467794],[2.3928611,48.4461411],[2.3925745,48.445511],[2.392258,48.445239],[2.3916706,48.4450808],[2.3905513,48.4448643],[2.3902683,48.4447365]]}},{"type":"Feature","properties":{"sinuosity":0.804,"highway":"secondary"},"geometry":{"type":"LineString","coordinates":[[2.4460067,48.4754415],[2.4473231,48.4755584],[2.4480433,48.4758406],[2.4482831,48.4761211],[2.4485877,48.476841],[2.4489256,48.477046],[2.4495344,48.4770956],[2.4501536,48.4769848],[2.4517882,48.476666],[2.4525344,48.4766371]]}},{"type":"Feature","properties":{"sinuosity":0.705,"highway":"tertiary"},"geometry":{"type":"LineString","coordinates":[[2.4308714,48.4669716],[2.4309014,48.4664861],[2.4309069,48.4658174],[2.4308208,48.4656887],[2.4306202,48.4654074],[2.4307455,48.4651416],[2.4310145,48.4648101],[2.4312043,48.4646543],[2.4315124,48.4643509],[2.4316182,48.4641896]]}},{"type":"Feature","properties":{"sinuosity":0.919,"highway":"secondary"},"geometry":{"type":"LineString","coordinates":[[2.3594813,48.4822957],[2.3567344,48.4820231],[2.3560363,48.4817853],[2.3550996,48.4817095],[2.3546214,48.4814776],[2.3539797,48.4798957],[2.3534385,48.479625],[2.3528092,48.4798447],[2.3519885,48.4805613],[2.3511931,48.4806944]]}},{"type":"Feature","properties":{"sinuosity":0.868,"highway":"secondary"},"geometry":{"type":"LineString","coordinates":[[2.2661296,48.474192],[2.2678621,48.4736804],[2.2687159,48.4733467],[2.2695399,48.4728232],[2.27069,48.4715429],[2.2714309,48.4714951],[2.2728468,48.472067],[2.2736082,48.4719583],[2.2743149,48.4720596],[2.2765173,48.4732386]]}},{"type":"Feature","properties":{"sinuosity":0.709,"highway":"secondary"},"geometry":{"type":"LineString","coordinates":[[2.2765173,48.4732386],[2.2766988,48.473327],[2.2769803,48.4734309],[2.2771237,48.4734539],[2.2772758,48.4734571],[2.2775849,48.4734245],[2.2778161,48.473316],[2.2781643,48.4731567],[2.2814008,48.4715898],[2.2815374,48.4715356]]}},{"type":"Feature","properties":{"sinuosity":0.785,"highway":"tertiary"},"geometry":{"type":"LineString","coordinates":[[3.3885771,48.7517705],[3.3878484,48.7520384],[3.3873311,48.7525573],[3.385446,48.7530705],[3.3841592,48.7534337],[3.3843129,48.7541339],[3.3847215,48.7555258],[3.3846021,48.7563662],[3.383016,48.7572583],[3.38205,48.758502]]}},{"type":"Feature","properties":{"sinuosity":0.716,"highway":"tertiary"},"geometry":{"type":"LineString","coordinates":[[2.1912431,48.5363548],[2.1915681,48.5362323],[2.1921932,48.5361417],[2.1927394,48.536029],[2.1929837,48.5358362],[2.1930966,48.5356058],[2.1928826,48.5350074],[2.1930109,48.5347465],[2.1936506,48.5341956],[2.1942006,48.5335975]]}},{"type":"Feature","properties":{"sinuosity":0.7,"highway":"tertiary"},"geometry":{"type":"LineString","coordinates":[[2.3595144,48.9633935],[2.3595573,48.9636036],[2.3597638,48.9639215],[2.3600133,48.9642612],[2.3601299,48.9643044],[2.3601694,48.9643855],[2.360143,48.9644722],[2.3605401,48.9652082],[2.3607863,48.9656802],[2.3611736,48.9664073]]}},{"type":"Feature","properties":{"sinuosity":0.907,"highway":"tertiary"},"geometry":{"type":"LineString","coordinates":[[3.4766587,48.8418549],[3.4769505,48.8419914],[3.4777485,48.8421467],[3.4778468,48.8422366],[3.4778698,48.8423434],[3.4777797,48.8428209],[3.4774598,48.8431647],[3.4773814,48.8433112],[3.4773713,48.8434869],[3.4773876,48.8435819]]}},{"type":"Feature","properties":{"sinuosity":0.7,"highway":"tertiary"},"geometry":{"type":"LineString","coordinates":[[3.1617343,48.781483],[3.1618232,48.7814266],[3.1619842,48.7810096],[3.1620472,48.7804193],[3.1632761,48.778682],[3.1633348,48.778611]]}},{"type":"Feature","properties":{"sinuosity":0.76,"highway":"tertiary"},"geometry":{"type":"LineString","coordinates":[[3.3809164,48.7259643],[3.3797377,48.7272877],[3.3797041,48.7295787],[3.3795941,48.7298826],[3.3793929,48.7300511],[3.3789171,48.7302731],[3.377164,48.7310038],[3.3770145,48.7311529],[3.3770312,48.7313471],[3.3787806,48.7351139]]}},{"type":"Feature","properties":{"sinuosity":0.818,"highway":"tertiary"},"geometry":{"type":"LineString","coordinates":[[3.4550889,48.7699989],[3.4550299,48.7699477],[3.4549682,48.7698646],[3.4547856,48.769306],[3.4549109,48.7690139],[3.4551123,48.7688163],[3.4554346,48.7686747],[3.4560432,48.7685095],[3.4560788,48.7684071],[3.4560197,48.7681052]]}},{"type":"Feature","properties":{"sinuosity":0.73,"highway":"tertiary"},"geometry":{"type":"LineString","coordinates":[[3.4385155,48.6940193],[3.4381825,48.6941881],[3.4374889,48.6943015],[3.4364116,48.6945588],[3.4360584,48.6946778],[3.4359945,48.6948258],[3.4359489,48.6949511],[3.4356907,48.6950967],[3.4354641,48.6952853],[3.4352669,48.6957429]]}},{"type":"Feature","properties":{"sinuosity":0.7,"highway":"tertiary"},"geometry":{"type":"LineString","coordinates":[[2.0645405,48.9008408],[2.0645768,48.9008762],[2.0646209,48.9008989],[2.0647506,48.9009314],[2.0652775,48.9009685],[2.0659548,48.9010121],[2.0664011,48.9010408],[2.0668156,48.9010641],[2.0669165,48.9010693],[2.0672514,48.9010901]]}},{"type":"Feature","properties":{"sinuosity":0.845,"highway":"tertiary"},"geometry":{"type":"LineString","coordinates":[[3.1965191,48.9157184],[3.1959518,48.9141299],[3.1956444,48.9132659],[3.1955586,48.9128962],[3.1956247,48.9127773],[3.1977093,48.9113135],[3.1977371,48.9112426],[3.1975979,48.9110504],[3.1965504,48.9107188],[3.1963395,48.9105825]]}},{"type":"Feature","properties":{"sinuosity":1,"highway":"tertiary"},"geometry":{"type":"LineString","coordinates":[[3.1530684,48.9159395],[3.1532818,48.9153858],[3.1540662,48.9157109],[3.1551029,48.9168981],[3.154969,48.9177659],[3.1543951,48.9187995],[3.15456,48.9190968],[3.155805,48.918986],[3.1567877,48.9187014],[3.1573137,48.9183343]]}},{"type":"Feature","properties":{"sinuosity":0.7,"highway":"tertiary"},"geometry":{"type":"LineString","coordinates":[[3.171052,48.8876124],[3.1708998,48.8884487],[3.1704853,48.8906939],[3.1705467,48.8908151],[3.1705987,48.8908625]]}},{"type":"Feature","properties":{"sinuosity":0.76,"highway":"tertiary"},"geometry":{"type":"LineString","coordinates":[[3.2364962,48.9561867],[3.2360289,48.9575372],[3.2358445,48.9581748],[3.2357264,48.9582826],[3.235516,48.9583659],[3.2351746,48.9584524],[3.2342648,48.9585993]]}},{"type":"Feature","properties":{"sinuosity":0.719,"highway":"tertiary"},"geometry":{"type":"LineString","coordinates":[[3.175815,48.9517338],[3.1765435,48.9537255],[3.176474,48.9546508],[3.1770848,48.9558123],[3.1778437,48.9561479],[3.1779928,48.9565367],[3.177954,48.9567852],[3.1779517,48.957442],[3.1775467,48.9579195],[3.1771766,48.9583722]]}},{"type":"Feature","properties":{"sinuosity":0.62,"highway":"tertiary"},"geometry":{"type":"LineString","coordinates":[[3.1734486,49.139067],[3.1708692,49.139679],[3.1704784,49.1398531],[3.1698883,49.1403374],[3.1691822,49.141361],[3.1678391,49.1426325],[3.1666112,49.142849],[3.1655222,49.1430192],[3.1639954,49.1430272],[3.1623881,49.1433184]]}},{"type":"Feature","properties":{"sinuosity":0.71,"highway":"tertiary"},"geometry":{"type":"LineString","coordinates":[[3.1487418,49.1426342],[3.1481691,49.1426159],[3.1464026,49.1426935],[3.1447538,49.1425915],[3.1444454,49.1425964],[3.1437037,49.1427157],[3.1433401,49.1429467],[3.1429702,49.1433179],[3.1427682,49.1434502],[3.1424336,49.143555]]}},{"type":"Feature","properties":{"sinuosity":0.72,"highway":"tertiary"},"geometry":{"type":"LineString","coordinates":[[3.1304839,49.0921098],[3.1297942,49.0912843],[3.1297303,49.0912474],[3.1290235,49.0913076],[3.1289591,49.0912491],[3.1288451,49.0909453],[3.1284857,49.0896596],[3.1289417,49.0874006],[3.1294084,49.0856651],[3.130248,49.0822658]]}},{"type":"Feature","properties":{"sinuosity":0.839,"highway":"tertiary"},"geometry":{"type":"LineString","coordinates":[[3.0152586,49.1379859],[3.016397,49.1382446],[3.0182555,49.1382486],[3.0196312,49.139109],[3.0205775,49.1394319],[3.0214232,49.139226],[3.0227324,49.1392132],[3.0243061,49.1394056],[3.0245621,49.1397397],[3.0241186,49.1404432]]}},{"type":"Feature","properties":{"sinuosity":0.725,"highway":"motorway_link"},"geometry":{"type":"LineString","coordinates":[[2.5347347,49.0282858],[2.5359599,49.027648],[2.5362251,49.0274586],[2.5364168,49.0272691],[2.536486,49.0271335],[2.5365365,49.027027],[2.5365682,49.0268442],[2.5365636,49.026697],[2.5364806,49.0263192]]}},{"type":"Feature","properties":{"sinuosity":0.7,"highway":"tertiary"},"geometry":{"type":"LineString","coordinates":[[3.1047162,49.0228813],[3.1046987,49.022862],[3.1045244,49.0226693],[3.1040006,49.0220907],[3.1039252,49.0215895],[3.1038852,49.0213558],[3.103808,49.0212079],[3.1036131,49.0210423]]}},{"type":"Feature","properties":{"sinuosity":0.7,"highway":"tertiary"},"geometry":{"type":"LineString","coordinates":[[3.1036131,49.0210423],[3.1035825,49.0209537],[3.1038174,49.0206782],[3.1040839,49.0205301],[3.1044815,49.0202961],[3.1047339,49.0201448],[3.1052431,49.0196652],[3.1058283,49.019137],[3.1062209,49.0187834],[3.1065454,49.0185174]]}},{"type":"Feature","properties":{"sinuosity":0.7,"highway":"tertiary"},"geometry":{"type":"LineString","coordinates":[[2.861966,48.7286287],[2.862491,48.7286481],[2.862934,48.7286561],[2.8637023,48.7287141],[2.8654549,48.7287985],[2.8658076,48.7288016],[2.8663252,48.7287773],[2.8666605,48.7287092],[2.8676456,48.7283665],[2.8679607,48.728333]]}},{"type":"Feature","properties":{"sinuosity":0.89,"highway":"tertiary"},"geometry":{"type":"LineString","coordinates":[[2.9077205,48.7537384],[2.9079194,48.7543539],[2.9080631,48.7546307],[2.9081746,48.7546809],[2.9082575,48.7546897],[2.9083464,48.7546872],[2.9089332,48.7545524],[2.9091597,48.7546198],[2.9091893,48.754678],[2.9093487,48.7549906]]}},{"type":"Feature","properties":{"sinuosity":0.703,"highway":"secondary"},"geometry":{"type":"LineString","coordinates":[[2.527459,48.6673866],[2.5273842,48.667366],[2.5272168,48.6672811],[2.5271733,48.6672381],[2.5271276,48.667093],[2.5272492,48.6665986],[2.5272711,48.6663548],[2.527227,48.6661531],[2.5270798,48.6658915],[2.5269277,48.6656503]]}},{"type":"Feature","properties":{"sinuosity":0.7,"highway":"tertiary"},"geometry":{"type":"LineString","coordinates":[[2.0929924,48.3622655],[2.0929183,48.3623178],[2.0922669,48.3625939],[2.0914627,48.3629356],[2.0912942,48.3631282],[2.0910045,48.3634625],[2.0908427,48.3635446],[2.0904496,48.3636401],[2.0899218,48.3637266],[2.0893298,48.3638209]]}},{"type":"Feature","properties":{"sinuosity":0.796,"highway":"tertiary"},"geometry":{"type":"LineString","coordinates":[[3.1327604,48.7398771],[3.1309575,48.7395934],[3.1301183,48.739381],[3.1295938,48.7396826],[3.129267,48.7398791],[3.1282009,48.7401002],[3.1277642,48.7401868],[3.1274986,48.740323],[3.1274074,48.7404751],[3.1274143,48.7406826]]}},{"type":"Feature","properties":{"sinuosity":0.721,"highway":"tertiary"},"geometry":{"type":"LineString","coordinates":[[3.2101203,48.7342976],[3.2109421,48.7343147],[3.2127969,48.7341228],[3.2153584,48.7335293],[3.2166619,48.733029],[3.216786,48.7327677],[3.2180433,48.7315974],[3.2188366,48.7310912],[3.2196499,48.7313011],[3.2217728,48.7318427]]}},{"type":"Feature","properties":{"sinuosity":0.709,"highway":"tertiary"},"geometry":{"type":"LineString","coordinates":[[1.9025069,48.3698962],[1.9015413,48.3698391],[1.8987861,48.3695426],[1.8984374,48.3693787],[1.8975931,48.3682675],[1.89715,48.367971],[1.8966972,48.367316],[1.8963539,48.3670665],[1.8931427,48.3661677],[1.8912631,48.365673]]}},{"type":"Feature","properties":{"sinuosity":0.7,"highway":"secondary"},"geometry":{"type":"LineString","coordinates":[[2.2050358,48.4836042],[2.2049124,48.483531],[2.2047884,48.483486],[2.2046477,48.4834341],[2.2045319,48.4833581],[2.20361,48.4827496],[2.2034948,48.4826335],[2.2033485,48.4821766],[2.2033025,48.4820835]]}},{"type":"Feature","properties":{"sinuosity":0.7,"highway":"secondary"},"geometry":{"type":"LineString","coordinates":[[3.4968332,48.4892521],[3.4968069,48.4893471],[3.4967113,48.4894747],[3.496041,48.4903038],[3.4959143,48.4904898],[3.495894,48.4905294],[3.4957613,48.4908405],[3.4956714,48.4910489],[3.4956589,48.4910935],[3.4956608,48.4911298]]}},{"type":"Feature","properties":{"sinuosity":0.724,"highway":"tertiary"},"geometry":{"type":"LineString","coordinates":[[3.4344936,48.4723044],[3.4343073,48.4722247],[3.4334566,48.4718071],[3.4300514,48.4705597],[3.4257017,48.4689809],[3.4256834,48.4689165],[3.4259883,48.4682905],[3.4260312,48.4678993],[3.4259369,48.4677642],[3.4234777,48.467051]]}},{"type":"Feature","properties":{"sinuosity":0.73,"highway":"secondary"},"geometry":{"type":"LineString","coordinates":[[2.1001207,48.3188794],[2.0998482,48.3185303],[2.0990554,48.3177262],[2.0984517,48.3175482],[2.0979392,48.3173967],[2.0978053,48.3173096],[2.097512,48.3170786],[2.0972529,48.3169877],[2.096356,48.3169952],[2.0960341,48.3169491]]}},{"type":"Feature","properties":{"sinuosity":0.762,"highway":"motorway_link"},"geometry":{"type":"LineString","coordinates":[[2.203462,48.9026376],[2.2030011,48.9023854],[2.2025278,48.9023456],[2.2023065,48.9023977],[2.2016198,48.902585],[2.2010099,48.9025938],[2.2004793,48.9025099],[2.2002438,48.9024368],[2.1999521,48.9022458],[2.1996637,48.9019324]]}},{"type":"Feature","properties":{"sinuosity":0.971,"highway":"motorway_link"},"geometry":{"type":"LineString","coordinates":[[2.1996637,48.9019324],[2.1995096,48.9015367],[2.1995272,48.9013232],[2.1997958,48.9009071],[2.2002295,48.9006257],[2.2009818,48.9004244],[2.2014177,48.9004253],[2.2022545,48.9006096],[2.2031169,48.9009366],[2.2042705,48.9010484]]}},{"type":"Feature","properties":{"sinuosity":0.777,"highway":"motorway_link"},"geometry":{"type":"LineString","coordinates":[[2.2053499,48.9013096],[2.2043037,48.9015784],[2.2033301,48.901894],[2.2027192,48.9021357],[2.2012916,48.9025182],[2.2011226,48.9025164],[2.2006345,48.9024424],[2.2002804,48.9023207],[2.1999881,48.9021219],[2.1997721,48.9018314]]}},{"type":"Feature","properties":{"sinuosity":0.7,"highway":"tertiary"},"geometry":{"type":"LineString","coordinates":[[3.0130328,48.7349156],[3.0130722,48.7349235],[3.0134457,48.734795],[3.0136204,48.7347076],[3.014578,48.7343651],[3.0148119,48.7342884],[3.0155124,48.7341675],[3.0157202,48.7341312],[3.0165578,48.7339331],[3.017402,48.7337641]]}},{"type":"Feature","properties":{"sinuosity":0.757,"highway":"tertiary"},"geometry":{"type":"LineString","coordinates":[[3.0298216,48.7867313],[3.0298321,48.7886983],[3.0296106,48.7894231],[3.0283562,48.7898157],[3.0257449,48.7907599],[3.024836,48.7914097],[3.0244004,48.7916525],[3.024369,48.7925658],[3.0243666,48.7928843],[3.0238016,48.7937347]]}},{"type":"Feature","properties":{"sinuosity":0.7,"highway":"tertiary"},"geometry":{"type":"LineString","coordinates":[[1.6493666,48.604803],[1.6492881,48.6049032],[1.6464123,48.6061651],[1.6463468,48.606174]]}},{"type":"Feature","properties":{"sinuosity":1,"highway":"tertiary"},"geometry":{"type":"LineString","coordinates":[[1.4865474,48.8937383],[1.4870087,48.8928764],[1.4878379,48.8914531],[1.4879901,48.8907761],[1.4874129,48.890564],[1.4870776,48.8906688],[1.4853947,48.8925271],[1.4848494,48.8924843],[1.4846781,48.8917689],[1.4829792,48.8892865]]}},{"type":"Feature","properties":{"sinuosity":0.7,"highway":"tertiary"},"geometry":{"type":"LineString","coordinates":[[2.0807931,48.5725111],[2.0818887,48.5728172],[2.0832795,48.5733354],[2.084343,48.5737125],[2.0870922,48.5743026],[2.0898955,48.5745603],[2.0908695,48.574662],[2.092596,48.5747195],[2.0926825,48.574378],[2.0934161,48.5744251]]}},{"type":"Feature","properties":{"sinuosity":0.7,"highway":"tertiary"},"geometry":{"type":"LineString","coordinates":[[3.3534256,48.4487011],[3.3535235,48.4487585],[3.3544787,48.4505388],[3.3549508,48.4507665]]}},{"type":"Feature","properties":{"sinuosity":0.888,"highway":"tertiary"},"geometry":{"type":"LineString","coordinates":[[1.8078132,48.5889867],[1.8077391,48.5891094],[1.8077039,48.5892398],[1.8077835,48.5896349],[1.8085157,48.5901387],[1.8086337,48.5903161],[1.8086176,48.5905893],[1.8081546,48.5909371],[1.8073213,48.591256],[1.804862,48.5922565]]}},{"type":"Feature","properties":{"sinuosity":0.7,"highway":"tertiary"},"geometry":{"type":"LineString","coordinates":[[1.8000531,48.5942141],[1.7998666,48.5943716],[1.799888,48.594549],[1.8013663,48.5962688],[1.8016962,48.5968187],[1.8018064,48.5970984],[1.8018357,48.5972374],[1.8018678,48.5975688],[1.801994,48.5978536],[1.8023453,48.5985074]]}},{"type":"Feature","properties":{"sinuosity":0.7,"highway":"secondary"},"geometry":{"type":"LineString","coordinates":[[2.0704908,48.6750571],[2.0703727,48.67499],[2.0701654,48.6748324],[2.0698076,48.6744902],[2.0697265,48.6743743],[2.0696503,48.6742391],[2.0693236,48.6735868],[2.0691662,48.6733405],[2.0690716,48.6732489],[2.0689061,48.6731332]]}},{"type":"Feature","properties":{"sinuosity":0.622,"highway":"secondary"},"geometry":{"type":"LineString","coordinates":[[2.0944929,48.7248965],[2.0946946,48.7252902],[2.0948081,48.7258998],[2.0950541,48.7265777],[2.0947676,48.7271973],[2.09371,48.7280929],[2.0935126,48.7285288],[2.0936499,48.7290214],[2.0935115,48.7295111],[2.0926283,48.7302616]]}},{"type":"Feature","properties":{"sinuosity":0.7,"highway":"tertiary"},"geometry":{"type":"LineString","coordinates":[[2.9370993,48.9392089],[2.9382294,48.9391545],[2.9392567,48.9391077],[2.9393142,48.9391039],[2.9395057,48.9390911],[2.939677,48.9390644],[2.9398007,48.9390287],[2.9398906,48.9389864],[2.9399601,48.9389252],[2.939976,48.9388861]]}},{"type":"Feature","properties":{"sinuosity":0.752,"highway":"tertiary"},"geometry":{"type":"LineString","coordinates":[[2.7759631,48.9437956],[2.7765337,48.9454027],[2.7766788,48.9456483],[2.7772053,48.9464655],[2.7781923,48.947656],[2.7791882,48.9487541],[2.7791947,48.9493061],[2.7792815,48.9495223],[2.7798312,48.9496913],[2.780669,48.9494829]]}},{"type":"Feature","properties":{"sinuosity":0.7,"highway":"secondary"},"geometry":{"type":"LineString","coordinates":[[3.1122477,48.9499862],[3.1126005,48.9499396],[3.1137935,48.9498681],[3.1163939,48.9497263],[3.1165937,48.9497345],[3.1172696,48.9497026],[3.1195548,48.9496409],[3.119718,48.9496212],[3.1199555,48.9496303],[3.1215394,48.9495844]]}},{"type":"Feature","properties":{"sinuosity":0.701,"highway":"tertiary"},"geometry":{"type":"LineString","coordinates":[[3.0063254,48.9446902],[3.0092874,48.9436176],[3.0100213,48.9430547],[3.0105121,48.9430076],[3.0110492,48.9428784],[3.0114596,48.9419888],[3.0119597,48.9415047],[3.013733,48.9409021],[3.015041,48.9405633],[3.0188788,48.9399464]]}},{"type":"Feature","properties":{"sinuosity":0.742,"highway":"tertiary"},"geometry":{"type":"LineString","coordinates":[[3.0188788,48.9399464],[3.0195447,48.9399752],[3.0198031,48.9401359],[3.0201335,48.9406017],[3.0207807,48.9409792],[3.0225469,48.9413788],[3.0229814,48.9417983],[3.0233089,48.9420749],[3.02479,48.94206],[3.0273003,48.9419884]]}},{"type":"Feature","properties":{"sinuosity":0.769,"highway":"motorway_link"},"geometry":{"type":"LineString","coordinates":[[2.5181364,48.9664666],[2.5181438,48.9664011],[2.5180907,48.9662178],[2.5179775,48.9660866],[2.5178223,48.9659912],[2.5173674,48.9658955],[2.5170716,48.9659249],[2.5164337,48.9660475],[2.5135932,48.9668721],[2.5122763,48.9672029]]}},{"type":"Feature","properties":{"sinuosity":0.7,"highway":"tertiary"},"geometry":{"type":"LineString","coordinates":[[2.1489065,48.5795322],[2.1490088,48.5795101],[2.1497163,48.5788512],[2.1499739,48.5786504],[2.150637,48.5782566],[2.1509252,48.5781429],[2.1514477,48.5780543],[2.1518696,48.5780048],[2.1523068,48.57787],[2.1523982,48.5778064]]}},{"type":"Feature","properties":{"sinuosity":0.71,"highway":"tertiary"},"geometry":{"type":"LineString","coordinates":[[2.9571292,48.5945337],[2.9568149,48.5952278],[2.9564438,48.5961885],[2.9561625,48.5985143],[2.9558811,48.5988369],[2.9555759,48.5989458],[2.954663,48.5991912],[2.9540345,48.5994624],[2.9539088,48.5997632],[2.953559,48.6021819]]}},{"type":"Feature","properties":{"sinuosity":1,"highway":"tertiary"},"geometry":{"type":"LineString","coordinates":[[2.0486943,48.5336353],[2.0495278,48.534123],[2.0511844,48.5342237],[2.0519836,48.534377],[2.0531115,48.5349415],[2.0530896,48.5351814],[2.0524913,48.5353775],[2.0516556,48.535122],[2.0510049,48.5351584],[2.0500745,48.535834]]}},{"type":"Feature","properties":{"sinuosity":0.783,"highway":"tertiary"},"geometry":{"type":"LineString","coordinates":[[3.1943395,48.5808661],[3.1941785,48.581512],[3.1943035,48.5819559],[3.1931473,48.582249],[3.1930904,48.5822682],[3.1924765,48.582457],[3.1923123,48.5825687],[3.1920208,48.5828593],[3.191914,48.5829447]]}},{"type":"Feature","properties":{"sinuosity":0.7,"highway":"motorway_link"},"geometry":{"type":"LineString","coordinates":[[2.1529882,48.8323238],[2.1529195,48.8323729],[2.1528708,48.8323898],[2.1528261,48.8323895],[2.1527747,48.8323844],[2.1519453,48.8322278],[2.1515708,48.8321822],[2.1508681,48.8321465],[2.1499447,48.832188],[2.1496818,48.8321622]]}},{"type":"Feature","properties":{"sinuosity":0.767,"highway":"tertiary"},"geometry":{"type":"LineString","coordinates":[[1.6132087,48.6570739],[1.6142612,48.6571667],[1.6144289,48.657197],[1.6148298,48.6580172],[1.6165883,48.6601992],[1.6171095,48.6608647],[1.6171245,48.661463],[1.6166708,48.6622572],[1.616503,48.6626529],[1.6165482,48.6627942]]}},{"type":"Feature","properties":{"sinuosity":0.729,"highway":"tertiary"},"geometry":{"type":"LineString","coordinates":[[1.6161926,48.6472523],[1.6180928,48.6476007],[1.6186977,48.6475176],[1.6190936,48.6476249],[1.6195198,48.6479024],[1.6198672,48.6478854],[1.6203221,48.6483152],[1.6210906,48.6483741],[1.6226115,48.6482082],[1.623476,48.648004]]}},{"type":"Feature","properties":{"sinuosity":0.706,"highway":"tertiary"},"geometry":{"type":"LineString","coordinates":[[1.621201,48.6180943],[1.6211847,48.6181389],[1.6211457,48.6183197],[1.6210533,48.6184158],[1.6206273,48.6184855],[1.6203356,48.6185078],[1.6198721,48.6186579],[1.6196762,48.6187693],[1.6184458,48.6197018],[1.6184111,48.6197767]]}},{"type":"Feature","properties":{"sinuosity":0.7,"highway":"tertiary"},"geometry":{"type":"LineString","coordinates":[[2.5448047,48.4518543],[2.54524,48.4517769],[2.5455431,48.4516931],[2.5464301,48.4511915],[2.5465247,48.4511571],[2.5468891,48.4511968],[2.5474856,48.4512911],[2.5483296,48.4511178],[2.5487272,48.4510138],[2.5489409,48.4509731]]}},{"type":"Feature","properties":{"sinuosity":0.7,"highway":"tertiary"},"geometry":{"type":"LineString","coordinates":[[1.5514255,48.8126707],[1.5509958,48.8128174],[1.5504003,48.8130093],[1.5489197,48.813266],[1.5485013,48.8133296],[1.5481043,48.8135627],[1.5477825,48.8139584],[1.5471709,48.8147496],[1.5465809,48.8150464],[1.5461089,48.8151934]]}},{"type":"Feature","properties":{"sinuosity":0.967,"highway":"secondary"},"geometry":{"type":"LineString","coordinates":[[2.0994665,48.7807929],[2.0990202,48.7810594],[2.098614,48.7811994],[2.0983095,48.7812276],[2.096975,48.7811243],[2.0966526,48.7810744],[2.0964615,48.7809988],[2.0962603,48.7808512],[2.0961287,48.7806324],[2.096149,48.780108]]}},{"type":"Feature","properties":{"sinuosity":0.7,"highway":"tertiary"},"geometry":{"type":"LineString","coordinates":[[1.5409536,48.8189849],[1.5407095,48.8189484],[1.5404118,48.8183667],[1.5403158,48.8181019],[1.540165,48.8177627],[1.5401068,48.8177223],[1.5398753,48.8175614],[1.5397788,48.8173389],[1.5397589,48.8171094],[1.5396851,48.8169701]]}},{"type":"Feature","properties":{"sinuosity":0.782,"highway":"tertiary"},"geometry":{"type":"LineString","coordinates":[[1.5619763,48.8181417],[1.5622016,48.8193215],[1.5620836,48.8199149],[1.5618476,48.8201621],[1.5614077,48.8204023],[1.5577921,48.8214054],[1.5573522,48.8214336],[1.5571162,48.821582],[1.5565475,48.8222813],[1.5561424,48.8226347]]}},{"type":"Feature","properties":{"sinuosity":0.725,"highway":"motorway_link"},"geometry":{"type":"LineString","coordinates":[[2.1466665,48.8324806],[2.1464328,48.832406],[2.1462292,48.8322871],[2.1461401,48.8321107],[2.1461345,48.8319621],[2.1463843,48.8305996]]}},{"type":"Feature","properties":{"sinuosity":0.873,"highway":"motorway_link"},"geometry":{"type":"LineString","coordinates":[[2.1519964,48.8299736],[2.1521937,48.8304181],[2.1523236,48.8308155],[2.1523147,48.8311144],[2.152255,48.8312696],[2.1520167,48.8314915],[2.1518523,48.8315615],[2.1516484,48.8316164],[2.1496464,48.8319923],[2.1493114,48.8321401]]}},{"type":"Feature","properties":{"sinuosity":1,"highway":"trunk_link"},"geometry":{"type":"LineString","coordinates":[[2.8070918,48.8469015],[2.8076123,48.8471279],[2.8075694,48.8472224],[2.8070826,48.8479319],[2.8070337,48.8480793],[2.8070739,48.8482192],[2.8071892,48.8483471],[2.8074984,48.8484526],[2.807729,48.8484425],[2.8079121,48.8483842]]}},{"type":"Feature","properties":{"sinuosity":0.7,"highway":"tertiary"},"geometry":{"type":"LineString","coordinates":[[1.6686967,48.5968291],[1.6680267,48.5965606],[1.6676344,48.5964172],[1.666074,48.5959066],[1.6654014,48.595598],[1.6652207,48.5955142],[1.6644495,48.5953157],[1.6632809,48.5950184],[1.6625789,48.594924],[1.6623125,48.5949437]]}},{"type":"Feature","properties":{"sinuosity":0.7,"highway":"secondary"},"geometry":{"type":"LineString","coordinates":[[2.0554149,48.5189004],[2.0553485,48.5189551],[2.0552432,48.5190338],[2.0551085,48.5190856],[2.0549874,48.5191109],[2.0548002,48.5191236],[2.0545618,48.5191213],[2.0530626,48.5190816],[2.0527824,48.5190676]]}},{"type":"Feature","properties":{"sinuosity":0.71,"highway":"tertiary"},"geometry":{"type":"LineString","coordinates":[[1.5755249,48.7896402],[1.5755577,48.7896866],[1.5757361,48.7897596],[1.5759889,48.789811],[1.5761611,48.7899297],[1.5761207,48.7901371],[1.5741507,48.7920969],[1.5721284,48.7941007],[1.5702455,48.7959666],[1.5697063,48.7963128]]}},{"type":"Feature","properties":{"sinuosity":0.765,"highway":"tertiary"},"geometry":{"type":"LineString","coordinates":[[1.5697063,48.7963128],[1.5698096,48.7964565],[1.5700724,48.796621],[1.570484,48.7969252],[1.571379,48.7976074],[1.5716522,48.7977287],[1.5720948,48.7977817],[1.5726152,48.7976969],[1.572929,48.7976102],[1.5730964,48.797588]]}},{"type":"Feature","properties":{"sinuosity":0.725,"highway":"tertiary"},"geometry":{"type":"LineString","coordinates":[[2.0745255,48.5201808],[2.0745255,48.5202305],[2.0744289,48.5203798],[2.0743645,48.5205361],[2.0743538,48.5206924],[2.0747722,48.5209838],[2.0751048,48.5211401],[2.0758451,48.5216802],[2.0766068,48.5221563],[2.0769003,48.5223061]]}},{"type":"Feature","properties":{"sinuosity":0.634,"highway":"secondary"},"geometry":{"type":"LineString","coordinates":[[1.875341,48.494746],[1.8742414,48.4946109],[1.873769,48.4943862],[1.8729885,48.4940233],[1.8724489,48.4937644],[1.8717944,48.4935043],[1.8713183,48.493474],[1.8705915,48.493494],[1.8702243,48.493572],[1.869579,48.493571]]}},{"type":"Feature","properties":{"sinuosity":0.717,"highway":"secondary"},"geometry":{"type":"LineString","coordinates":[[3.2360337,48.4149516],[3.236108,48.4149105],[3.2367426,48.4147594],[3.2377084,48.4145278],[3.23796,48.4144798],[3.2388664,48.4143253],[3.2391398,48.4143219],[3.2395332,48.414396],[3.2399024,48.4145792],[3.2399895,48.4146574]]}},{"type":"Feature","properties":{"sinuosity":0.727,"highway":"secondary"},"geometry":{"type":"LineString","coordinates":[[2.4495836,48.798727],[2.4492122,48.7987113],[2.4488022,48.7986001],[2.4486075,48.7984516],[2.4484634,48.7982714],[2.4483123,48.7978401],[2.4482399,48.7976415],[2.4480177,48.7970661],[2.4478595,48.7966453],[2.4476987,48.796215]]}},{"type":"Feature","properties":{"sinuosity":1,"highway":"motorway_link"},"geometry":{"type":"LineString","coordinates":[[2.6028447,48.599176],[2.6024884,48.5992246],[2.6023979,48.5992761],[2.6022019,48.5996585],[2.602184,48.5997377],[2.6022993,48.5998987],[2.602432,48.5999644],[2.6028163,48.6000087],[2.6030294,48.5999583],[2.6056581,48.5990024]]}},{"type":"Feature","properties":{"sinuosity":0.7,"highway":"tertiary"},"geometry":{"type":"LineString","coordinates":[[1.6023778,48.8266044],[1.603131,48.8270846],[1.6035036,48.827236],[1.6042727,48.8273978],[1.6051166,48.8276253],[1.6054826,48.8277468],[1.6059544,48.8279502],[1.6060775,48.8279525],[1.6061666,48.8279173],[1.6063942,48.8278977]]}},{"type":"Feature","properties":{"sinuosity":0.632,"highway":"tertiary"},"geometry":{"type":"LineString","coordinates":[[1.5560282,48.8503023],[1.5556557,48.8504123],[1.5547169,48.8506841],[1.5541214,48.8509982],[1.553982,48.85115],[1.553806,48.8515837],[1.5532363,48.8532114],[1.5531878,48.8533482]]}},{"type":"Feature","properties":{"sinuosity":0.7,"highway":"tertiary"},"geometry":{"type":"LineString","coordinates":[[2.2063057,48.5256089],[2.2070992,48.5252995],[2.2081716,48.5248204],[2.2083941,48.5246626],[2.2087773,48.5237074],[2.2091106,48.5228806],[2.2093223,48.5224375],[2.2096484,48.5219328],[2.2113529,48.519683],[2.2114536,48.5196176]]}},{"type":"Feature","properties":{"sinuosity":0.803,"highway":"tertiary"},"geometry":{"type":"LineString","coordinates":[[2.1990889,48.5768021],[2.1991665,48.576819],[2.1998725,48.5769806],[2.2000018,48.5769654],[2.2000276,48.5769479],[2.2004343,48.5765645],[2.2006002,48.5763639],[2.2007682,48.5761607],[2.2014694,48.5753262],[2.201503,48.5752862]]}},{"type":"Feature","properties":{"sinuosity":0.7,"highway":"tertiary"},"geometry":{"type":"LineString","coordinates":[[2.9824124,48.2497356],[2.9809532,48.2488497],[2.980645,48.2487666],[2.9791508,48.2483639],[2.9789471,48.248307],[2.9788018,48.2482313],[2.9775309,48.2473646],[2.9773567,48.247261],[2.9771855,48.2472467],[2.9771303,48.2472452]]}},{"type":"Feature","properties":{"sinuosity":0.7,"highway":"tertiary"},"geometry":{"type":"LineString","coordinates":[[2.9220013,49.1240897],[2.9227378,49.123497],[2.9229545,49.1230816],[2.9230416,49.1220798]]}},{"type":"Feature","properties":{"sinuosity":0.7,"highway":"primary"},"geometry":{"type":"LineString","coordinates":[[1.9042544,48.6200775],[1.9045502,48.6197961],[1.9046845,48.6193808],[1.9047879,48.6188669],[1.9049102,48.6182494],[1.905306,48.6173522],[1.9057073,48.616668],[1.90587,48.6164024],[1.9065807,48.6154276],[1.9069101,48.6150286]]}},{"type":"Feature","properties":{"sinuosity":0.7,"highway":"primary"},"geometry":{"type":"LineString","coordinates":[[1.9101208,48.6122762],[1.9116575,48.6121652],[1.9118491,48.6121334],[1.912288,48.6121242],[1.913437,48.6120257],[1.9138925,48.611827],[1.9144004,48.6115307],[1.9157687,48.6107862],[1.9163498,48.6104994],[1.9171884,48.610109]]}},{"type":"Feature","properties":{"sinuosity":0.733,"highway":"secondary"},"geometry":{"type":"LineString","coordinates":[[1.9291489,48.569718],[1.9296582,48.5693479],[1.9299919,48.5693358],[1.930215,48.5693911],[1.9311739,48.5697286],[1.9313413,48.5697635],[1.9316524,48.569774],[1.9325891,48.5697405],[1.9333155,48.5696341],[1.9334795,48.56963]]}},{"type":"Feature","properties":{"sinuosity":0.806,"highway":"secondary"},"geometry":{"type":"LineString","coordinates":[[1.8638827,48.6023048],[1.8654153,48.6012581],[1.8654017,48.600731],[1.8650303,48.6001763],[1.8647012,48.5994733],[1.8642291,48.5991439],[1.8639022,48.5987903],[1.8639464,48.5986375],[1.8645313,48.5979142],[1.8649098,48.5975787]]}},{"type":"Feature","properties":{"sinuosity":0.717,"highway":"tertiary"},"geometry":{"type":"LineString","coordinates":[[3.0896504,49.1572431],[3.0894542,49.1573192],[3.0893174,49.1574402],[3.0888941,49.157837],[3.0882377,49.1580372],[3.0871764,49.1583733],[3.0867625,49.1585887],[3.0856213,49.1595031],[3.0853387,49.1595377],[3.0848641,49.1594061]]}},{"type":"Feature","properties":{"sinuosity":0.711,"highway":"tertiary"},"geometry":{"type":"LineString","coordinates":[[2.8529216,48.995891],[2.8531776,48.9957035],[2.8538668,48.9953517],[2.8541492,48.9951991],[2.8543477,48.9950301],[2.8544374,48.9943562],[2.8544427,48.9941703],[2.8544534,48.9940999],[2.8545073,48.9939793],[2.8546129,48.9938679]]}},{"type":"Feature","properties":{"sinuosity":0.7,"highway":"secondary"},"geometry":{"type":"LineString","coordinates":[[2.2979267,48.5199386],[2.2979087,48.5198993],[2.2978602,48.519856],[2.2977917,48.519817],[2.2971451,48.5195789],[2.2965967,48.519372],[2.2957122,48.5190364],[2.2953131,48.5188882],[2.2952076,48.5188484],[2.2948664,48.5187254]]}},{"type":"Feature","properties":{"sinuosity":0.792,"highway":"tertiary"},"geometry":{"type":"LineString","coordinates":[[2.7059301,49.0158049],[2.7059143,49.0156732],[2.7057496,49.0153944],[2.7056178,49.0151547],[2.7050997,49.0142808],[2.7050458,49.0141052],[2.7050351,49.0140067],[2.7056553,49.0136806],[2.7057861,49.0136267],[2.7058186,49.0136073]]}},{"type":"Feature","properties":{"sinuosity":0.7,"highway":"tertiary"},"geometry":{"type":"LineString","coordinates":[[2.9077256,48.8940732],[2.9073052,48.8943746],[2.9070931,48.8946518],[2.9070037,48.8948887],[2.9069834,48.8951049],[2.9070803,48.8957674],[2.9071242,48.8960671],[2.9068333,48.8968053]]}},{"type":"Feature","properties":{"sinuosity":0.701,"highway":"primary"},"geometry":{"type":"LineString","coordinates":[[2.4527321,48.9777904],[2.4529842,48.9776566],[2.4532913,48.9775448],[2.453821,48.9774647],[2.4541939,48.977477],[2.4553029,48.9775862],[2.4556369,48.9776152],[2.4561733,48.9775686],[2.4563088,48.9775061],[2.4564093,48.9774041]]}},{"type":"Feature","properties":{"sinuosity":0.778,"highway":"tertiary"},"geometry":{"type":"LineString","coordinates":[[2.3822801,48.2608698],[2.3807781,48.2594412],[2.3797267,48.2588269],[2.3796301,48.2585984],[2.3801129,48.2582269],[2.3810678,48.2576912],[2.3811643,48.2574341],[2.3808103,48.256534],[2.3799997,48.2546112],[2.3797699,48.2542614]]}},{"type":"Feature","properties":{"sinuosity":1,"highway":"tertiary"},"geometry":{"type":"LineString","coordinates":[[2.4385335,48.2589013],[2.4387365,48.2588406],[2.4390068,48.2585931],[2.4397519,48.2584364],[2.4399812,48.2583546],[2.4402998,48.2581261],[2.4405678,48.2581175],[2.4407768,48.2582188],[2.4408416,48.258429],[2.4407365,48.2585863]]}},{"type":"Feature","properties":{"sinuosity":0.895,"highway":"tertiary"},"geometry":{"type":"LineString","coordinates":[[3.0912511,49.1602972],[3.090913,49.1594037],[3.090522,49.1582729],[3.0907278,49.157956],[3.090791,49.1575512],[3.0907673,49.1569188],[3.0906126,49.1568491],[3.0904416,49.1568626],[3.0901395,49.157085],[3.0899394,49.1571589]]}},{"type":"Feature","properties":{"sinuosity":0.777,"highway":"tertiary"},"geometry":{"type":"LineString","coordinates":[[1.510396,48.8810053],[1.5104131,48.8809764],[1.5108774,48.8802854],[1.5111002,48.8799733],[1.5113174,48.8796717],[1.5113416,48.8795817],[1.5112048,48.8792924],[1.511068,48.8792025],[1.5107996,48.8790559],[1.5106603,48.8789696]]}},{"type":"Feature","properties":{"sinuosity":0.7,"highway":"secondary"},"geometry":{"type":"LineString","coordinates":[[1.8329715,48.5166076],[1.8334656,48.5165934],[1.8340854,48.5165961],[1.8352419,48.5167601],[1.8358598,48.5168155],[1.835919,48.5168052],[1.8370419,48.5164069],[1.8376898,48.5164138],[1.8378903,48.516426],[1.8380122,48.5164356]]}},{"type":"Feature","properties":{"sinuosity":0.639,"highway":"tertiary"},"geometry":{"type":"LineString","coordinates":[[2.4500147,48.1245218],[2.4512378,48.1250231],[2.4524936,48.1263838],[2.4526438,48.1271572],[2.4528799,48.1276012],[2.4536631,48.1278017],[2.4558598,48.1281197],[2.4569568,48.1287613],[2.4580614,48.1292339],[2.4598853,48.1298784]]}},{"type":"Feature","properties":{"sinuosity":0.816,"highway":"tertiary"},"geometry":{"type":"LineString","coordinates":[[2.4598853,48.1298784],[2.4603573,48.1301362],[2.4611084,48.1306088],[2.4629572,48.1318023],[2.463059,48.1318468],[2.4631377,48.1318629],[2.4632364,48.1318617],[2.4639193,48.1316113],[2.464495,48.1313864],[2.4649098,48.1312243]]}},{"type":"Feature","properties":{"sinuosity":0.741,"highway":"secondary"},"geometry":{"type":"LineString","coordinates":[[2.2721204,48.2561693],[2.2711351,48.2567004],[2.2703677,48.2561987],[2.2701187,48.256047],[2.2700876,48.2560681],[2.2679902,48.2574979],[2.2670246,48.2581265],[2.2652222,48.2592837],[2.263291,48.2605551],[2.2621537,48.2613122]]}},{"type":"Feature","properties":{"sinuosity":0.883,"highway":"tertiary"},"geometry":{"type":"LineString","coordinates":[[3.1292099,48.9625194],[3.129259,48.9625457],[3.1301844,48.9630025],[3.1303032,48.963098],[3.130666,48.9634872],[3.1309261,48.9639208],[3.1309914,48.9641247],[3.1307714,48.9642546],[3.1296901,48.9650154],[3.1282823,48.9664]]}},{"type":"Feature","properties":{"sinuosity":0.7,"highway":"tertiary"},"geometry":{"type":"LineString","coordinates":[[1.5377162,48.8797374],[1.5376116,48.8793401],[1.536705,48.8773856],[1.5361525,48.8764119],[1.5357555,48.8752264],[1.5353532,48.8738293],[1.5349294,48.8730424],[1.534173,48.8723721],[1.5338726,48.8717899],[1.5328802,48.8717369]]}},{"type":"Feature","properties":{"sinuosity":0.739,"highway":"tertiary"},"geometry":{"type":"LineString","coordinates":[[3.1510446,48.9742542],[3.150714,48.9748513],[3.1506834,48.9749601],[3.1506752,48.9751393],[3.1507128,48.975252],[3.1510614,48.9755795],[3.1511097,48.9756534],[3.1510829,48.975752],[3.1509971,48.9758506],[3.1506765,48.9761189]]}},{"type":"Feature","properties":{"sinuosity":0.7,"highway":"tertiary"},"geometry":{"type":"LineString","coordinates":[[2.9115707,48.9544484],[2.9116514,48.9544037],[2.9117758,48.9544025],[2.9124033,48.9543985],[2.9128578,48.9543969],[2.91358,48.9543918],[2.9136493,48.9543947],[2.9144769,48.9543893],[2.914627,48.9543889],[2.9146479,48.9543984]]}},{"type":"Feature","properties":{"sinuosity":0.7,"highway":"tertiary"},"geometry":{"type":"LineString","coordinates":[[2.9146457,48.9544594],[2.9146332,48.9544633],[2.9144737,48.9544655],[2.913514,48.9544703],[2.9129086,48.9544731],[2.9127508,48.9544737],[2.9124004,48.9544749],[2.9117776,48.954477],[2.9116527,48.954478],[2.9115707,48.9544484]]}},{"type":"Feature","properties":{"sinuosity":0.7,"highway":"secondary"},"geometry":{"type":"LineString","coordinates":[[1.5479512,48.8409028],[1.5463889,48.8414341],[1.5461583,48.8415051],[1.5455736,48.8415347],[1.5450881,48.8415883],[1.5448092,48.8416627],[1.5442346,48.8419143],[1.5435902,48.8423138],[1.5435495,48.8423469],[1.5433607,48.8425661]]}},{"type":"Feature","properties":{"sinuosity":0.705,"highway":"tertiary"},"geometry":{"type":"LineString","coordinates":[[2.7159336,48.3467664],[2.7156113,48.3458432],[2.7152549,48.3450535],[2.7164952,48.3438391],[2.7168932,48.3433253],[2.7173352,48.3427317],[2.7179362,48.3421904],[2.7181382,48.3414912],[2.7184026,48.3410017],[2.7187136,48.3404636]]}},{"type":"Feature","properties":{"sinuosity":0.816,"highway":"secondary"},"geometry":{"type":"LineString","coordinates":[[3.2802644,48.5407786],[3.2788334,48.5405974],[3.2777111,48.5407569],[3.2752581,48.5410485],[3.2735898,48.5411355],[3.2727751,48.5408967],[3.2725095,48.5403817],[3.2724854,48.539714],[3.271175,48.538733],[3.2700879,48.5383211]]}},{"type":"Feature","properties":{"sinuosity":0.685,"highway":"motorway_link"},"geometry":{"type":"LineString","coordinates":[[2.2533855,49.1295507],[2.2533077,49.1292154],[2.2530779,49.1284651],[2.2524708,49.1277199],[2.2523382,49.1274669],[2.2522941,49.1272545],[2.2522945,49.1267734],[2.2522041,49.1264802],[2.2520373,49.1262383],[2.251777,49.1259214]]}},{"type":"Feature","properties":{"sinuosity":0.7,"highway":"tertiary"},"geometry":{"type":"LineString","coordinates":[[2.4626447,48.8977863],[2.464405,48.899375],[2.4651714,48.9000424],[2.4659354,48.900733],[2.4664376,48.901212],[2.4665244,48.9012468],[2.4665716,48.9013316],[2.467724,48.9023709],[2.468644,48.9032014],[2.4688818,48.9035309]]}},{"type":"Feature","properties":{"sinuosity":0.7,"highway":"tertiary"},"geometry":{"type":"LineString","coordinates":[[3.2108062,48.9610956],[3.2115853,48.9605958],[3.2122599,48.9601413],[3.2132875,48.9595869],[3.2136731,48.9594582],[3.2138135,48.9593967],[3.2139339,48.9593123],[3.2140286,48.9591221],[3.2140432,48.9590062],[3.2140054,48.9588944]]}},{"type":"Feature","properties":{"sinuosity":0.69,"highway":"tertiary"},"geometry":{"type":"LineString","coordinates":[[2.1005572,48.2752517],[2.1000804,48.2751099],[2.0988084,48.274972],[2.0979367,48.2747656],[2.0971938,48.274365],[2.0969299,48.273704],[2.0969188,48.2728253],[2.0965758,48.2723472],[2.0961387,48.2721455],[2.0946601,48.2722601]]}},{"type":"Feature","properties":{"sinuosity":0.7,"highway":"tertiary"},"geometry":{"type":"LineString","coordinates":[[2.5010386,48.2544488],[2.5009609,48.2544588],[2.5005657,48.2543925],[2.5004625,48.2543753],[2.4996664,48.2541893],[2.4990493,48.2540262],[2.498557,48.2538391],[2.4981751,48.2537192],[2.4978005,48.2536904]]}},{"type":"Feature","properties":{"sinuosity":1,"highway":"tertiary"},"geometry":{"type":"LineString","coordinates":[[2.9595068,49.1043103],[2.9593631,49.1040684],[2.9590488,49.1040184],[2.9589106,49.10407],[2.9587102,49.1047075],[2.9581738,49.1057286],[2.9578224,49.1061154],[2.9576326,49.1061744],[2.9571571,49.1061197],[2.9566548,49.1056872]]}},{"type":"Feature","properties":{"sinuosity":0.707,"highway":"tertiary"},"geometry":{"type":"LineString","coordinates":[[1.5863856,48.8908703],[1.5844109,48.8901106],[1.5839844,48.8899981],[1.5834477,48.8900947],[1.5833166,48.8900648],[1.5832246,48.8899544],[1.5826793,48.8891605],[1.582262,48.8887283],[1.5811677,48.8878522],[1.5803567,48.8871168]]}},{"type":"Feature","properties":{"sinuosity":0.727,"highway":"tertiary"},"geometry":{"type":"LineString","coordinates":[[2.4782968,48.912552],[2.4779849,48.9125846],[2.4779011,48.9125886],[2.4776845,48.9125238],[2.4774228,48.9121796],[2.47724,48.9118973],[2.4767018,48.91101],[2.4763128,48.9103687],[2.4762426,48.9103265],[2.4761696,48.9103143]]}},{"type":"Feature","properties":{"sinuosity":0.7,"highway":"tertiary"},"geometry":{"type":"LineString","coordinates":[[2.4849237,48.9173373],[2.4860456,48.9171099],[2.4863994,48.917042],[2.4869621,48.9169514],[2.4873388,48.9168603],[2.4892286,48.9165072],[2.4896039,48.9164513],[2.4900966,48.9163371],[2.4908835,48.9161917],[2.4915563,48.916091]]}},{"type":"Feature","properties":{"sinuosity":0.7,"highway":"tertiary"},"geometry":{"type":"LineString","coordinates":[[2.4775515,48.82488],[2.477613,48.8248147],[2.4776607,48.82476],[2.478628,48.823651],[2.4787034,48.8235538],[2.4787721,48.8234228],[2.4788868,48.8233505],[2.4789412,48.8232883],[2.4797484,48.822367]]}},{"type":"Feature","properties":{"sinuosity":0.7,"highway":"tertiary"},"geometry":{"type":"LineString","coordinates":[[2.8777232,48.2389681],[2.8770386,48.2390071],[2.8750137,48.2393692],[2.8736294,48.2395518],[2.872505,48.2397816],[2.8702768,48.2407458],[2.8700763,48.2410252],[2.8697962,48.2414974],[2.8683189,48.2418698],[2.8669138,48.2426646]]}},{"type":"Feature","properties":{"sinuosity":0.712,"highway":"tertiary"},"geometry":{"type":"LineString","coordinates":[[3.4637129,48.7681056],[3.4641824,48.7678482],[3.4644559,48.7677456],[3.4651412,48.7676446],[3.465458,48.7675735],[3.4657788,48.7674745],[3.4664078,48.7674311],[3.4665593,48.7674104],[3.4668041,48.767314],[3.4670388,48.7668884]]}},{"type":"Feature","properties":{"sinuosity":1,"highway":"tertiary"},"geometry":{"type":"LineString","coordinates":[[3.1344958,48.8205945],[3.1338225,48.8200589],[3.1335681,48.8195589],[3.1326545,48.8191219],[3.1313784,48.818887],[3.1306651,48.8185838],[3.1306408,48.8183585],[3.1319772,48.8172379],[3.1324919,48.8168322],[3.1325115,48.8165911]]}},{"type":"Feature","properties":{"sinuosity":0.77,"highway":"secondary"},"geometry":{"type":"LineString","coordinates":[[2.5320881,48.2827776],[2.5315843,48.2816809],[2.5311539,48.281078],[2.5298741,48.2800907],[2.52971,48.2794994],[2.5291253,48.2789524],[2.528394,48.2788255],[2.5273805,48.2785694],[2.5279657,48.2773354],[2.5278982,48.2769222]]}},{"type":"Feature","properties":{"sinuosity":1,"highway":"tertiary"},"geometry":{"type":"LineString","coordinates":[[1.8116809,48.4406339],[1.8119276,48.4401979],[1.8120885,48.4399274],[1.8122602,48.4394363],[1.8121851,48.4391658],[1.8120885,48.4390804],[1.811713,48.438995],[1.8114555,48.4389879],[1.8107163,48.4390384],[1.8101057,48.4390441]]}},{"type":"Feature","properties":{"sinuosity":0.753,"highway":"tertiary"},"geometry":{"type":"LineString","coordinates":[[1.72815,48.5734],[1.728439,48.5732423],[1.733794,48.5700505],[1.73376,48.5699],[1.73369,48.56977],[1.7329359,48.56897],[1.7329918,48.5687636],[1.73322,48.56815],[1.73349,48.56688],[1.7337712,48.5658118]]}},{"type":"Feature","properties":{"sinuosity":0.7,"highway":"tertiary"},"geometry":{"type":"LineString","coordinates":[[1.5230325,48.7474078],[1.5232955,48.747414],[1.5234106,48.7473786],[1.5235339,48.7473114],[1.5236466,48.7471841],[1.5239263,48.7470473],[1.5240114,48.7470178],[1.5244949,48.7469116],[1.5246175,48.7468799],[1.5263824,48.7463104]]}},{"type":"Feature","properties":{"sinuosity":0.7,"highway":"secondary"},"geometry":{"type":"LineString","coordinates":[[2.4820111,48.8364088],[2.4817375,48.8363959],[2.4816687,48.8363821],[2.4813297,48.8363466],[2.4811553,48.8363488],[2.480251,48.8363974],[2.4799198,48.8364203],[2.4794585,48.8364474],[2.4793841,48.8364474],[2.4791354,48.8364137]]}},{"type":"Feature","properties":{"sinuosity":0.7,"highway":"tertiary"},"geometry":{"type":"LineString","coordinates":[[2.5051242,48.8688863],[2.5049589,48.8690241],[2.5055447,48.8699321],[2.5062699,48.87077],[2.507356,48.871771],[2.507522,48.8719632],[2.5077984,48.8723072],[2.5079754,48.8725328],[2.5086127,48.8733373],[2.5088576,48.873631]]}},{"type":"Feature","properties":{"sinuosity":0.7,"highway":"primary"},"geometry":{"type":"LineString","coordinates":[[2.0926007,48.6296454],[2.0915247,48.6296504],[2.0908379,48.6296082],[2.0902718,48.6296555],[2.0894349,48.6296525],[2.0889788,48.6296192],[2.0885562,48.6296469],[2.0880152,48.6296299],[2.0868498,48.6296168],[2.0863052,48.6296136]]}},{"type":"Feature","properties":{"sinuosity":0.749,"highway":"tertiary"},"geometry":{"type":"LineString","coordinates":[[1.6463804,48.5980238],[1.6463332,48.5977063],[1.6465888,48.5974043],[1.6472847,48.5972379],[1.6478156,48.5975119],[1.6514603,48.5965096],[1.6520276,48.596108],[1.6524812,48.595875],[1.653343,48.5957422],[1.6541858,48.5955703]]}},{"type":"Feature","properties":{"sinuosity":0.7,"highway":"tertiary"},"geometry":{"type":"LineString","coordinates":[[2.904567,48.954606],[2.9047435,48.9545151],[2.9049503,48.9544668],[2.9053608,48.9544728],[2.9058035,48.9544703],[2.9061414,48.9544598],[2.9066632,48.954456],[2.9068559,48.9544431],[2.9075794,48.9544502],[2.9077487,48.9544498]]}},{"type":"Feature","properties":{"sinuosity":0.7,"highway":"tertiary"},"geometry":{"type":"LineString","coordinates":[[2.9077487,48.9544498],[2.9083588,48.9544484],[2.9087137,48.9544344],[2.9089058,48.9544451],[2.9097089,48.9544412],[2.9100733,48.9544385],[2.9102948,48.9544373],[2.910652,48.9544255],[2.9108487,48.954443],[2.9114201,48.9544485]]}},{"type":"Feature","properties":{"sinuosity":0.812,"highway":"tertiary"},"geometry":{"type":"LineString","coordinates":[[2.4809587,48.9932533],[2.4808569,48.9933967],[2.4806423,48.9934932],[2.4801297,48.9936652],[2.4799591,48.9937693],[2.4797084,48.9940433],[2.4796449,48.9942702],[2.4797274,48.9945803],[2.4799656,48.9948621],[2.4818819,48.9970889]]}},{"type":"Feature","properties":{"sinuosity":0.711,"highway":"tertiary"},"geometry":{"type":"LineString","coordinates":[[3.1819667,49.1236505],[3.1817476,49.1234452],[3.1806572,49.1228707],[3.1802925,49.122829],[3.1801289,49.1227834],[3.1796756,49.1225254],[3.1794691,49.1225008],[3.1785974,49.1225763],[3.1781387,49.1225131],[3.1779247,49.1223804]]}},{"type":"Feature","properties":{"sinuosity":0.829,"highway":"tertiary"},"geometry":{"type":"LineString","coordinates":[[3.1679062,49.1102804],[3.1672406,49.1103721],[3.166945,49.1104296],[3.1666956,49.1105888],[3.1666617,49.1108303],[3.1668773,49.1111443],[3.1671806,49.1115065],[3.1682551,49.1127324],[3.1687622,49.1133226],[3.1704119,49.1148083]]}},{"type":"Feature","properties":{"sinuosity":0.826,"highway":"tertiary"},"geometry":{"type":"LineString","coordinates":[[1.8853291,48.7040128],[1.8853696,48.7046739],[1.8854294,48.7049172],[1.8855988,48.7050553],[1.8858468,48.70521],[1.8861131,48.7052688],[1.8869042,48.7052986],[1.8876419,48.7053578],[1.8878508,48.7054104],[1.8881481,48.7055529]]}},{"type":"Feature","properties":{"sinuosity":0.7,"highway":"tertiary"},"geometry":{"type":"LineString","coordinates":[[2.0629592,48.6849629],[2.0627367,48.6848444],[2.0622539,48.6847286],[2.0620058,48.6846877],[2.0615131,48.684386],[2.0613047,48.6842256],[2.0609371,48.6839507],[2.0608567,48.683907],[2.0606825,48.683899],[2.0605376,48.6839306]]}},{"type":"Feature","properties":{"sinuosity":0.7,"highway":"tertiary"},"geometry":{"type":"LineString","coordinates":[[2.453948,48.6230897],[2.4540876,48.6229829],[2.4544441,48.6227325],[2.4546537,48.6226075],[2.4547633,48.6225524],[2.4554563,48.6222878],[2.4558933,48.6221446],[2.456505,48.6219484],[2.4568313,48.6218308],[2.4568787,48.6218122]]}},{"type":"Feature","properties":{"sinuosity":0.7,"highway":"secondary"},"geometry":{"type":"LineString","coordinates":[[2.6751335,49.0737592],[2.6753006,49.0736946],[2.6754033,49.0735849],[2.6754836,49.0734341],[2.6756604,49.0731635],[2.6759867,49.0727531],[2.6765083,49.0720509],[2.6766533,49.0719045],[2.6768547,49.0716996],[2.6769861,49.0716075]]}},{"type":"Feature","properties":{"sinuosity":0.747,"highway":"motorway_link"},"geometry":{"type":"LineString","coordinates":[[2.0963908,49.2408812],[2.0964896,49.2407053],[2.0967548,49.2405708],[2.098031,49.2405708],[2.0984669,49.2404958],[2.0985501,49.2403768],[2.0989859,49.239893],[2.0993797,49.2396249],[2.099822,49.2390858],[2.1001708,49.2387768]]}},{"type":"Feature","properties":{"sinuosity":0.7,"highway":"secondary"},"geometry":{"type":"LineString","coordinates":[[2.465564,48.9840728],[2.4668794,48.9837807],[2.4681916,48.9835074],[2.4683799,48.983468],[2.4689642,48.9833545],[2.4692965,48.9832803],[2.4695094,48.9832552],[2.4695888,48.9832736],[2.4696355,48.9832982]]}},{"type":"Feature","properties":{"sinuosity":0.7,"highway":"primary"},"geometry":{"type":"LineString","coordinates":[[2.1183071,49.201008],[2.1184504,49.2006119],[2.118531,49.2002221],[2.1184664,49.1998817],[2.1183024,49.199608],[2.1181268,49.1993981],[2.1178021,49.198918],[2.1179876,49.1983986],[2.1181056,49.1982058],[2.1181894,49.1980484]]}},{"type":"Feature","properties":{"sinuosity":0.796,"highway":"motorway_link"},"geometry":{"type":"LineString","coordinates":[[3.1546949,49.013016],[3.1527658,49.0120043],[3.1525616,49.011907],[3.1523489,49.0118427],[3.1521288,49.0118015],[3.1517442,49.0118051],[3.1514667,49.0118585],[3.15123,49.0119446],[3.1510155,49.0120683],[3.150764,49.0122527]]}},{"type":"Feature","properties":{"sinuosity":0.782,"highway":"motorway_link"},"geometry":{"type":"LineString","coordinates":[[3.1507158,49.012227],[3.1508989,49.0120827],[3.1512133,49.0118922],[3.1514518,49.0118098],[3.1517367,49.01176],[3.1521694,49.0117625],[3.1523581,49.011794],[3.1525781,49.0118607],[3.1534122,49.0122759],[3.1553189,49.0132163]]}},{"type":"Feature","properties":{"sinuosity":1,"highway":"motorway_link"},"geometry":{"type":"LineString","coordinates":[[3.1488053,49.0117855],[3.1484391,49.0117564],[3.1477955,49.0119432],[3.1475736,49.0122161],[3.1475828,49.0124709],[3.1478676,49.012796],[3.1485834,49.0130798],[3.149092,49.0130919],[3.1498206,49.0128736],[3.1502737,49.0125631]]}},{"type":"Feature","properties":{"sinuosity":0.7,"highway":"secondary"},"geometry":{"type":"LineString","coordinates":[[2.0176622,48.7346615],[2.0172456,48.7353287],[2.0170962,48.7355884],[2.0170903,48.7356152],[2.0170096,48.7359822],[2.0168359,48.7369782],[2.0168117,48.7371326],[2.0169203,48.7374722],[2.0169195,48.7375539]]}},{"type":"Feature","properties":{"sinuosity":0.775,"highway":"tertiary"},"geometry":{"type":"LineString","coordinates":[[2.8405193,48.1805975],[2.8382166,48.1798014],[2.836618,48.1788857],[2.8358,48.1781696],[2.834719,48.1778269],[2.8332599,48.1781345],[2.8322192,48.1785137],[2.83134,48.1788213],[2.8298127,48.1789874],[2.8287651,48.1790002]]}},{"type":"Feature","properties":{"sinuosity":1,"highway":"motorway_link"},"geometry":{"type":"LineString","coordinates":[[2.2996423,48.9379912],[2.3002008,48.9380126],[2.3004947,48.9379545],[2.3007554,48.9377812],[2.3008067,48.9375207],[2.3007251,48.9373474],[2.3003126,48.9371358],[2.2998368,48.9371148],[2.2995027,48.9371932],[2.2985102,48.9376664]]}},{"type":"Feature","properties":{"sinuosity":0.958,"highway":"tertiary"},"geometry":{"type":"LineString","coordinates":[[1.5504026,48.6438315],[1.5497865,48.6434053],[1.5477344,48.6423444],[1.5473988,48.6423644],[1.5467284,48.6427457],[1.5453922,48.6437592],[1.5443192,48.6444502],[1.5434385,48.6454108],[1.5431855,48.6457448],[1.5428888,48.6457988]]}},{"type":"Feature","properties":{"sinuosity":0.7,"highway":"tertiary"},"geometry":{"type":"LineString","coordinates":[[1.5437407,48.6531236],[1.5438587,48.6530645],[1.5448203,48.6523953],[1.5449284,48.6523588],[1.5452821,48.6523028],[1.5455208,48.6522372],[1.5458079,48.652061],[1.546874,48.6510263],[1.5471944,48.6507442],[1.5472766,48.6506661]]}},{"type":"Feature","properties":{"sinuosity":0.709,"highway":"primary"},"geometry":{"type":"LineString","coordinates":[[1.5437407,48.6531236],[1.5439324,48.6532076],[1.5441295,48.6532181],[1.5447092,48.6531343],[1.5451334,48.6530197],[1.5453031,48.6529548],[1.5461153,48.6523393],[1.5468788,48.6518949],[1.5471678,48.6517891],[1.5474032,48.6517281]]}},{"type":"Feature","properties":{"sinuosity":0.638,"highway":"tertiary"},"geometry":{"type":"LineString","coordinates":[[2.0490027,48.7567656],[2.0488194,48.7566832],[2.0485143,48.7566273],[2.0469422,48.7563541],[2.0454536,48.7560937],[2.0444132,48.755653],[2.0442903,48.7556009],[2.0440884,48.7555148],[2.0438848,48.7554253],[2.0437258,48.7553567]]}},{"type":"Feature","properties":{"sinuosity":0.816,"highway":"tertiary"},"geometry":{"type":"LineString","coordinates":[[2.867521,48.9225257],[2.8680747,48.9216958],[2.8681741,48.9208741],[2.8684561,48.9205578],[2.8688186,48.92053],[2.8697902,48.9207356],[2.8700681,48.9207561],[2.8705831,48.9202485],[2.87095,48.9184246],[2.8718283,48.9178262]]}},{"type":"Feature","properties":{"sinuosity":0.745,"highway":"tertiary"},"geometry":{"type":"LineString","coordinates":[[3.4499532,48.4521105],[3.4517753,48.4525644],[3.4531787,48.4530441],[3.4535069,48.4531439],[3.4538812,48.4528487],[3.4539588,48.4528193],[3.4555182,48.4531497],[3.455833,48.4532951],[3.4558199,48.4535197],[3.4561831,48.4536316]]}},{"type":"Feature","properties":{"sinuosity":0.7,"highway":"tertiary"},"geometry":{"type":"LineString","coordinates":[[2.2038864,49.0512329],[2.2028891,49.0513135],[2.2028563,49.0513156],[2.2006874,49.0514337],[2.2003662,49.0514374],[2.1999249,49.051421],[2.1991078,49.0513233],[2.1990054,49.0513376],[2.1989075,49.0513802],[2.1988136,49.0514515]]}},{"type":"Feature","properties":{"sinuosity":0.703,"highway":"tertiary"},"geometry":{"type":"LineString","coordinates":[[3.2194367,48.9787372],[3.2192375,48.9788622],[3.2191989,48.9789377],[3.2192086,48.9790621],[3.2195668,48.9795797],[3.2197213,48.9797816],[3.2201354,48.9802044],[3.220621,48.9807667],[3.2212543,48.9812998],[3.2217608,48.9816279]]}},{"type":"Feature","properties":{"sinuosity":0.7,"highway":"secondary"},"geometry":{"type":"LineString","coordinates":[[3.0904622,48.3624218],[3.0900994,48.3620883],[3.089703,48.3615334],[3.0895898,48.3613029],[3.0893551,48.360825],[3.0890599,48.3602347],[3.0888724,48.3600366],[3.0888344,48.3599504],[3.0888246,48.3598786]]}},{"type":"Feature","properties":{"sinuosity":0.795,"highway":"tertiary"},"geometry":{"type":"LineString","coordinates":[[3.182198,49.0868902],[3.1822604,49.087518],[3.1830161,49.0878551],[3.1834634,49.0880755],[3.1832766,49.0887197],[3.1827642,49.0901906],[3.1823631,49.0916846],[3.1826579,49.0919239],[3.1837297,49.0922597],[3.1837758,49.0928228]]}},{"type":"Feature","properties":{"sinuosity":0.7,"highway":"tertiary"},"geometry":{"type":"LineString","coordinates":[[2.6697004,48.3172984],[2.6708196,48.3172859],[2.6729331,48.3172524],[2.6746394,48.3172424],[2.6748195,48.3173031],[2.6749361,48.3174037],[2.6751316,48.317539],[2.675373,48.3175985],[2.675491,48.3175889],[2.6756294,48.3175748]]}},{"type":"Feature","properties":{"sinuosity":0.702,"highway":"secondary"},"geometry":{"type":"LineString","coordinates":[[2.9156854,48.1434577],[2.9141169,48.1430326],[2.9138097,48.1429096],[2.9137453,48.1428724],[2.913622,48.1427856],[2.9135136,48.1426484],[2.9133907,48.1421618],[2.9133558,48.1420688],[2.913267,48.1418979],[2.9128937,48.1414659]]}},{"type":"Feature","properties":{"sinuosity":0.709,"highway":"secondary"},"geometry":{"type":"LineString","coordinates":[[2.9236634,48.1453135],[2.9232692,48.1457067],[2.9229414,48.1461056],[2.9229203,48.1461708],[2.9228975,48.146241],[2.9230662,48.1467947],[2.923063,48.1468268],[2.9230445,48.146867],[2.9229671,48.1469299],[2.92289,48.1469683]]}},{"type":"Feature","properties":{"sinuosity":0.7,"highway":"primary"},"geometry":{"type":"LineString","coordinates":[[2.3027361,48.9335418],[2.3028318,48.9337588],[2.303052,48.9342816],[2.303835,48.9362645],[2.3038431,48.9362851],[2.3039005,48.9364224],[2.3039424,48.9365086],[2.304051,48.9367839],[2.304081,48.9368734],[2.3041328,48.9369824]]}},{"type":"Feature","properties":{"sinuosity":1,"highway":"trunk_link"},"geometry":{"type":"LineString","coordinates":[[2.6116873,48.7734556],[2.6115664,48.7731165],[2.6114638,48.7729964],[2.6112826,48.7728963],[2.6110089,48.7728565],[2.6107784,48.772887],[2.6104598,48.7730395],[2.6102586,48.7732215],[2.6101363,48.7734163],[2.6101222,48.7735512]]}},{"type":"Feature","properties":{"sinuosity":0.893,"highway":"tertiary"},"geometry":{"type":"LineString","coordinates":[[2.2007044,48.4840395],[2.2006845,48.4839864],[2.2009696,48.4838408],[2.2012992,48.4837928],[2.2016346,48.4837733],[2.2019447,48.4840328],[2.2020991,48.4841885],[2.2027902,48.4848714],[2.2028743,48.484967],[2.2028937,48.4849898]]}},{"type":"Feature","properties":{"sinuosity":0.744,"highway":"tertiary"},"geometry":{"type":"LineString","coordinates":[[2.1231254,48.5523873],[2.1230249,48.5521517],[2.1226786,48.5516597],[2.1224223,48.5512867],[2.1223442,48.5510975],[2.122334,48.5509326],[2.122562,48.5504335],[2.1226124,48.550338],[2.1226797,48.5502536],[2.1228543,48.5502338]]}},{"type":"Feature","properties":{"sinuosity":0.744,"highway":"tertiary"},"geometry":{"type":"LineString","coordinates":[[3.1007918,48.3234204],[3.101156,48.3234885],[3.1012371,48.3234928],[3.1013216,48.3234798],[3.1022404,48.3231742],[3.1034321,48.3229344],[3.1036726,48.3229462],[3.1038134,48.3229712],[3.1039473,48.3230144],[3.1043982,48.3233107]]}},{"type":"Feature","properties":{"sinuosity":0.642,"highway":"tertiary"},"geometry":{"type":"LineString","coordinates":[[3.0852735,48.3261347],[3.0857376,48.3259474],[3.0861189,48.3258808],[3.0870207,48.3259199],[3.0872622,48.3259935],[3.0894025,48.3266416],[3.0897655,48.3266987],[3.0919178,48.3266076],[3.0919966,48.3266039],[3.0927843,48.3265708]]}},{"type":"Feature","properties":{"sinuosity":0.8,"highway":"secondary"},"geometry":{"type":"LineString","coordinates":[[2.7039751,48.8563929],[2.7033487,48.8601036],[2.7033427,48.8602794],[2.7034875,48.860613],[2.7041396,48.861707],[2.703841,48.8621871],[2.7025277,48.8625848],[2.7024562,48.8629465],[2.7038989,48.8636318],[2.7044184,48.8642349]]}},{"type":"Feature","properties":{"sinuosity":0.853,"highway":"secondary"},"geometry":{"type":"LineString","coordinates":[[2.7044184,48.8642349],[2.7046016,48.8645298],[2.7048211,48.864879],[2.7050182,48.8651993],[2.7051054,48.865281],[2.7052191,48.8652921],[2.7061525,48.8651952]]}},{"type":"Feature","properties":{"sinuosity":0.7,"highway":"secondary"},"geometry":{"type":"LineString","coordinates":[[2.238505,48.7825816],[2.2385501,48.782632],[2.2385395,48.7827476],[2.2385026,48.7828245],[2.238364,48.7833425],[2.238355,48.7834112],[2.2382597,48.783746],[2.238063,48.7845287],[2.2380191,48.7847313],[2.2379795,48.7848383]]}},{"type":"Feature","properties":{"sinuosity":0.7,"highway":"secondary"},"geometry":{"type":"LineString","coordinates":[[2.2435735,48.6553046],[2.2445701,48.6548173],[2.2448341,48.6546978],[2.2456567,48.6542243],[2.2469109,48.6533853],[2.2487992,48.652325],[2.2507022,48.6516494],[2.2509879,48.6512363],[2.2514031,48.6509077],[2.2536315,48.649365]]}},{"type":"Feature","properties":{"sinuosity":0.691,"highway":"tertiary"},"geometry":{"type":"LineString","coordinates":[[1.9745484,49.0238308],[1.9724429,49.023757],[1.9716623,49.0234316],[1.9712533,49.0230868],[1.9702354,49.0229136],[1.9698908,49.022763],[1.969529,49.0223624],[1.9695432,49.0219664],[1.9692051,49.0215667],[1.9674458,49.0211223]]}},{"type":"Feature","properties":{"sinuosity":0.816,"highway":"tertiary"},"geometry":{"type":"LineString","coordinates":[[3.0796732,49.0894494],[3.0795449,49.0893502],[3.0794393,49.0893309],[3.0791584,49.0894295],[3.0790621,49.0896989],[3.0789985,49.0900832],[3.0788634,49.0902977],[3.0785851,49.0904181],[3.078426,49.0904714],[3.0772216,49.0908552]]}},{"type":"Feature","properties":{"sinuosity":0.811,"highway":"secondary"},"geometry":{"type":"LineString","coordinates":[[2.1348191,48.5126155],[2.1345929,48.5127086],[2.1340903,48.5130842],[2.1338296,48.5132645],[2.1335918,48.513333],[2.1334603,48.5133455],[2.1331971,48.5133464],[2.1327377,48.513232],[2.1324076,48.5131228],[2.1320145,48.5129639]]}},{"type":"Feature","properties":{"sinuosity":0.791,"highway":"secondary"},"geometry":{"type":"LineString","coordinates":[[2.7895424,48.1489573],[2.7902519,48.1490044],[2.7906171,48.1490327],[2.7907161,48.1490508],[2.7908809,48.1491174],[2.7909426,48.1491659],[2.7910411,48.1492972],[2.7910943,48.1494147],[2.7914397,48.1502618],[2.7915908,48.1506372]]}},{"type":"Feature","properties":{"sinuosity":0.7,"highway":"secondary"},"geometry":{"type":"LineString","coordinates":[[2.8328137,48.1524678],[2.8330021,48.1524704],[2.8333597,48.1525053],[2.834123,48.1525963],[2.8345499,48.1527298],[2.8352137,48.1528489],[2.8353722,48.1528556],[2.8354428,48.1528433],[2.8354895,48.1528232],[2.8355175,48.1527896]]}},{"type":"Feature","properties":{"sinuosity":0.7,"highway":"tertiary"},"geometry":{"type":"LineString","coordinates":[[2.8323951,48.1524761],[2.8323456,48.1526041],[2.832331,48.1528274],[2.8327606,48.153333],[2.8328277,48.1534323],[2.8328039,48.1538396],[2.8325143,48.1544915],[2.832077,48.1553584],[2.8320237,48.1554587],[2.8316619,48.1563465]]}},{"type":"Feature","properties":{"sinuosity":0.7,"highway":"tertiary"},"geometry":{"type":"LineString","coordinates":[[2.8649791,48.1540057],[2.8653506,48.1542768],[2.8658012,48.1549066],[2.8664674,48.1554889],[2.866784,48.1561963],[2.8668623,48.1562556]]}},{"type":"Feature","properties":{"sinuosity":0.7,"highway":"tertiary"},"geometry":{"type":"LineString","coordinates":[[2.7815608,48.2237083],[2.7808088,48.2238142],[2.7796273,48.2238285],[2.778809,48.22375],[2.7779942,48.2236235],[2.777228,48.2234768],[2.776901,48.2233906],[2.7767583,48.2232654],[2.7762136,48.2230791],[2.7757138,48.2230016]]}},{"type":"Feature","properties":{"sinuosity":0.7,"highway":"tertiary"},"geometry":{"type":"LineString","coordinates":[[2.8343166,48.9718198],[2.8351005,48.9721537],[2.8356036,48.9723781],[2.8361357,48.972691],[2.8376742,48.973614],[2.8377832,48.9736967],[2.8378224,48.9737863],[2.8378293,48.9738145],[2.8381647,48.974097],[2.8382432,48.9741611]]}},{"type":"Feature","properties":{"sinuosity":0.871,"highway":"secondary"},"geometry":{"type":"LineString","coordinates":[[1.9195834,48.9137414],[1.9191723,48.9139012],[1.9187276,48.9140823],[1.9186538,48.9140931],[1.9185922,48.914083],[1.9185462,48.9140629],[1.9183152,48.9139331],[1.9182327,48.9138858],[1.9176382,48.9134241],[1.917388,48.9132252]]}},{"type":"Feature","properties":{"sinuosity":0.717,"highway":"secondary"},"geometry":{"type":"LineString","coordinates":[[1.6861787,48.8738986],[1.6853861,48.8743072],[1.6851077,48.8747016],[1.6851862,48.875561],[1.6853861,48.8766739],[1.6850791,48.8770918],[1.6838675,48.8780069],[1.6835583,48.878477],[1.6836297,48.8792846],[1.6838306,48.8805469]]}},{"type":"Feature","properties":{"sinuosity":0.7,"highway":"primary"},"geometry":{"type":"LineString","coordinates":[[2.4623282,48.4283314],[2.462142,48.4284455],[2.461981,48.4285405],[2.4615787,48.4286677],[2.4613771,48.4286995],[2.4612422,48.428705],[2.460825,48.4287079],[2.4595974,48.4287101],[2.4595074,48.428735],[2.4594222,48.4287756]]}},{"type":"Feature","properties":{"sinuosity":0.809,"highway":"secondary"},"geometry":{"type":"LineString","coordinates":[[2.6562872,48.7969655],[2.6560564,48.7963355],[2.6560338,48.7962006],[2.6560914,48.7960701],[2.6561917,48.7959767],[2.6562688,48.7959359],[2.6563163,48.7959168],[2.6565689,48.7958303],[2.6577277,48.7954617],[2.6590189,48.7950356]]}},{"type":"Feature","properties":{"sinuosity":1,"highway":"tertiary"},"geometry":{"type":"LineString","coordinates":[[1.9742023,48.8745224],[1.9745917,48.8746717],[1.9751655,48.8744894],[1.9760433,48.8742403],[1.9769312,48.8744817],[1.9776443,48.8747156],[1.9782695,48.8747548],[1.978357,48.8749533],[1.9780108,48.8754003],[1.9778918,48.8764226]]}},{"type":"Feature","properties":{"sinuosity":0.985,"highway":"tertiary"},"geometry":{"type":"LineString","coordinates":[[3.5485053,48.5577961],[3.5460345,48.559443],[3.545443,48.5598479],[3.5458146,48.5601459],[3.5463859,48.5604362],[3.5468566,48.5608729],[3.5470838,48.5613562],[3.5473113,48.5614613],[3.54779,48.5615403],[3.5484122,48.5622425]]}},{"type":"Feature","properties":{"sinuosity":0.739,"highway":"secondary"},"geometry":{"type":"LineString","coordinates":[[2.547538,49.0057842],[2.5480377,49.0056727],[2.5486745,49.0055705],[2.5492591,49.0055581],[2.5496569,49.0056193],[2.5503161,49.0058651],[2.550591,49.0060713],[2.5507497,49.0062107]]}},{"type":"Feature","properties":{"sinuosity":0.706,"highway":"secondary"},"geometry":{"type":"LineString","coordinates":[[2.1040051,48.6478275],[2.1044195,48.6476819],[2.1051122,48.6473956],[2.1056063,48.6471865],[2.1061239,48.6470556],[2.1068371,48.6470913],[2.1074409,48.6472296],[2.1080382,48.6472596],[2.108571,48.6472617],[2.1088289,48.6473248]]}},{"type":"Feature","properties":{"sinuosity":0.722,"highway":"tertiary"},"geometry":{"type":"LineString","coordinates":[[3.0286459,49.1079705],[3.0274476,49.109301],[3.0269602,49.1097687],[3.0264183,49.1101807],[3.0255053,49.1103115],[3.0250374,49.110816],[3.0249145,49.1117302],[3.0249827,49.1123021],[3.0246886,49.1131897],[3.0231943,49.1151352]]}},{"type":"Feature","properties":{"sinuosity":0.704,"highway":"tertiary"},"geometry":{"type":"LineString","coordinates":[[2.6959169,48.6752775],[2.695847,48.6753871],[2.6958284,48.6756076],[2.6958408,48.6756688],[2.6962259,48.6763572],[2.696538,48.676917],[2.696607,48.6771223],[2.6966133,48.677225],[2.6965159,48.6774517],[2.6961726,48.6778325]]}},{"type":"Feature","properties":{"sinuosity":0.813,"highway":"tertiary"},"geometry":{"type":"LineString","coordinates":[[2.0803457,48.6198752],[2.0784975,48.6193497],[2.0770921,48.618988],[2.0755047,48.6182433],[2.074957,48.6177113],[2.0751287,48.6162857],[2.0755047,48.6153423],[2.0754082,48.6146047],[2.0752276,48.6143804],[2.0748145,48.6140939]]}},{"type":"Feature","properties":{"sinuosity":0.664,"highway":"secondary"},"geometry":{"type":"LineString","coordinates":[[2.0691967,48.592451],[2.0688884,48.5923697],[2.0683354,48.5921842],[2.0672683,48.5919329],[2.066975,48.5918946],[2.0667738,48.5918837],[2.0664086,48.5919013],[2.0653611,48.5920462],[2.0648176,48.5921043],[2.0647651,48.5921333]]}},{"type":"Feature","properties":{"sinuosity":1,"highway":"tertiary"},"geometry":{"type":"LineString","coordinates":[[3.1737025,48.5107473],[3.1734589,48.5120999],[3.1737104,48.5125107],[3.1748129,48.5131781],[3.1757958,48.513694],[3.1782657,48.5143797],[3.1785969,48.5144124],[3.1788428,48.5142475],[3.1795023,48.5125094],[3.1812863,48.5108745]]}},{"type":"Feature","properties":{"sinuosity":0.7,"highway":"tertiary"},"geometry":{"type":"LineString","coordinates":[[3.2448564,48.5094996],[3.2450625,48.5095272],[3.2455982,48.5096775],[3.2502098,48.5109392],[3.250374,48.5111043],[3.2504598,48.5112122],[3.2505644,48.51125],[3.2506925,48.5114099],[3.25098,48.5118975],[3.2510474,48.5119993]]}},{"type":"Feature","properties":{"sinuosity":0.7,"highway":"tertiary"},"geometry":{"type":"LineString","coordinates":[[3.2429424,48.5138545],[3.2428309,48.5139626],[3.2421678,48.5142989],[3.2419821,48.5143827],[3.2417956,48.5145157],[3.2414604,48.5157373],[3.2413823,48.5158434],[3.2413625,48.5158703],[3.2412165,48.5159682],[3.2411366,48.5160218]]}},{"type":"Feature","properties":{"sinuosity":1,"highway":"tertiary"},"geometry":{"type":"LineString","coordinates":[[2.241214,48.7151698],[2.2417773,48.715293],[2.2420533,48.7152383],[2.2421183,48.7151018],[2.2419781,48.7149299],[2.241109,48.7147934],[2.2404894,48.7145363],[2.2404434,48.7144191],[2.240816,48.7142554],[2.2411538,48.714116]]}},{"type":"Feature","properties":{"sinuosity":0.815,"highway":"tertiary"},"geometry":{"type":"LineString","coordinates":[[1.9041087,48.8010659],[1.9040716,48.8009693],[1.9043805,48.8004944],[1.9041337,48.7998981],[1.903496,48.7996282],[1.9030099,48.799482],[1.9020536,48.7992789],[1.8999165,48.7988306],[1.8997607,48.7987458],[1.8996547,48.7986743]]}},{"type":"Feature","properties":{"sinuosity":0.701,"highway":"secondary"},"geometry":{"type":"LineString","coordinates":[[1.8498403,48.4059329],[1.8495195,48.4059755],[1.8491702,48.4060464],[1.8485643,48.406302],[1.8484351,48.4063359],[1.8483722,48.4063524],[1.8482578,48.4063824],[1.8476946,48.4064061],[1.8473097,48.4063682],[1.8467208,48.4062016]]}},{"type":"Feature","properties":{"sinuosity":0.7,"highway":"secondary"},"geometry":{"type":"LineString","coordinates":[[1.8738777,48.4185292],[1.8746293,48.418174],[1.8752201,48.4179437],[1.8766749,48.4173866],[1.8773222,48.4170885],[1.8774355,48.4170396],[1.8784219,48.416709],[1.8785477,48.4166622],[1.8785988,48.4164088],[1.8786268,48.4161914]]}},{"type":"Feature","properties":{"sinuosity":0.7,"highway":"tertiary"},"geometry":{"type":"LineString","coordinates":[[1.9208742,48.4334926],[1.9209223,48.4337217],[1.9209239,48.433899],[1.9209026,48.4339672],[1.920814,48.4341173],[1.9207451,48.4341934],[1.9203784,48.4345726],[1.9201727,48.4349707],[1.920033,48.4351077],[1.9198265,48.4351783]]}},{"type":"Feature","properties":{"sinuosity":0.7,"highway":"tertiary"},"geometry":{"type":"LineString","coordinates":[[1.8698433,48.43486],[1.8691244,48.435006],[1.8687728,48.435027],[1.867719,48.4348992],[1.8671611,48.4347924],[1.8668202,48.4347672],[1.86645,48.4348455],[1.8656132,48.4351693]]}},{"type":"Feature","properties":{"sinuosity":0.718,"highway":"tertiary"},"geometry":{"type":"LineString","coordinates":[[2.3726971,48.3567226],[2.3725876,48.3568252],[2.3721082,48.3573912],[2.3720219,48.3575347],[2.3720191,48.3578615],[2.3720456,48.35793],[2.3720414,48.3580689],[2.3720107,48.358118],[2.3718508,48.3582024],[2.3716308,48.3582592]]}},{"type":"Feature","properties":{"sinuosity":0.632,"highway":"tertiary"},"geometry":{"type":"LineString","coordinates":[[2.3778419,48.3591752],[2.3777101,48.35916],[2.3768841,48.3587349],[2.3760002,48.3583208],[2.3756922,48.3583134],[2.3739044,48.3585559],[2.3735171,48.3585948],[2.372968,48.3585985],[2.3723925,48.3584856],[2.3716308,48.3582592]]}},{"type":"Feature","properties":{"sinuosity":0.804,"highway":"secondary"},"geometry":{"type":"LineString","coordinates":[[1.9528396,48.6393863],[1.9529365,48.639323],[1.953213,48.6390618],[1.9532472,48.6390388],[1.9533723,48.6389993],[1.9536828,48.6389776],[1.9538708,48.6390094],[1.9542176,48.6391049],[1.9557216,48.6397584],[1.9559945,48.6398696]]}},{"type":"Feature","properties":{"sinuosity":0.7,"highway":"secondary"},"geometry":{"type":"LineString","coordinates":[[1.9502861,48.6396437],[1.9507218,48.6389019],[1.9508247,48.638726],[1.951046,48.6385055],[1.9511811,48.638408],[1.9513733,48.6382623],[1.9515632,48.6381641],[1.9518435,48.63811],[1.9518987,48.6380997]]}},{"type":"Feature","properties":{"sinuosity":0.7,"highway":"tertiary"},"geometry":{"type":"LineString","coordinates":[[1.7265668,48.4915423],[1.7269315,48.4922284],[1.7269798,48.4925342],[1.7271408,48.4926906],[1.7276772,48.4929537],[1.7284819,48.4934905],[1.7291149,48.4938602],[1.7292865,48.4940415],[1.7296889,48.4946068],[1.7302006,48.4950884]]}},{"type":"Feature","properties":{"sinuosity":0.7,"highway":"tertiary"},"geometry":{"type":"LineString","coordinates":[[1.7141803,48.487731],[1.7154297,48.4879799],[1.7178267,48.4885514],[1.7197003,48.4889612],[1.7199559,48.4891345],[1.7204897,48.4900744],[1.7207045,48.4901724],[1.7243352,48.4906535],[1.7254402,48.4912437],[1.7262184,48.4913757]]}},{"type":"Feature","properties":{"sinuosity":1,"highway":"primary"},"geometry":{"type":"LineString","coordinates":[[1.4644166,49.0781841],[1.4644927,49.0775139],[1.464516,49.0773251],[1.4644732,49.0770929],[1.4644264,49.0770163],[1.4641264,49.0768504],[1.4640344,49.0768306],[1.463694,49.0768759],[1.4633613,49.0769936],[1.4627013,49.0773013]]}},{"type":"Feature","properties":{"sinuosity":0.79,"highway":"primary"},"geometry":{"type":"LineString","coordinates":[[1.9374641,48.5720484],[1.9374011,48.5720299],[1.9368761,48.5718851],[1.93667,48.5718282],[1.9366595,48.5718254],[1.936073,48.5716271],[1.9357367,48.5714612],[1.9356161,48.5713882],[1.9355975,48.5712284],[1.935698,48.5708754]]}},{"type":"Feature","properties":{"sinuosity":0.715,"highway":"tertiary"},"geometry":{"type":"LineString","coordinates":[[3.3691926,48.4762995],[3.3669599,48.4777014],[3.3647685,48.4791369],[3.36429,48.4796669],[3.3642681,48.4800128],[3.3644709,48.4802612],[3.364657,48.480465],[3.3650145,48.4807883],[3.3653554,48.4810285]]}},{"type":"Feature","properties":{"sinuosity":0.805,"highway":"tertiary"},"geometry":{"type":"LineString","coordinates":[[3.3653554,48.4810285],[3.3652545,48.4815767],[3.3652484,48.4818392],[3.3649705,48.4821385],[3.3648066,48.4822451],[3.3638561,48.482597],[3.363432,48.482754],[3.3632163,48.482794],[3.3606784,48.4827516],[3.3603281,48.4827681]]}},{"type":"Feature","properties":{"sinuosity":0.7,"highway":"tertiary"},"geometry":{"type":"LineString","coordinates":[[3.3603281,48.4827681],[3.3600082,48.4828655],[3.3594401,48.4831296],[3.3592365,48.4831801],[3.3591355,48.4831881],[3.3582474,48.4830633],[3.3581847,48.4830928],[3.3573768,48.483178]]}},{"type":"Feature","properties":{"sinuosity":0.712,"highway":"tertiary"},"geometry":{"type":"LineString","coordinates":[[1.8099056,48.4418063],[1.8112431,48.4415568],[1.8115418,48.4417645],[1.8119676,48.4420093],[1.8121527,48.4421454],[1.812437,48.4423643],[1.813236,48.4427411],[1.8147238,48.443376],[1.8157379,48.4436201],[1.8178601,48.4439571]]}},{"type":"Feature","properties":{"sinuosity":1,"highway":"tertiary"},"geometry":{"type":"LineString","coordinates":[[2.4536947,48.6336886],[2.4531505,48.6340794],[2.4526904,48.6344177],[2.4526682,48.6344501],[2.4526655,48.6344703],[2.4526904,48.6345139],[2.4527149,48.6345316],[2.4529524,48.6346737],[2.4536581,48.6350928],[2.4540019,48.6351806]]}},{"type":"Feature","properties":{"sinuosity":1,"highway":"tertiary"},"geometry":{"type":"LineString","coordinates":[[2.456228,48.6339078],[2.4562929,48.6338046],[2.4561979,48.6335916],[2.4555672,48.6332233],[2.4551359,48.6329618],[2.4548837,48.6328821],[2.454755,48.6329246],[2.4543258,48.6332206],[2.4540871,48.6335149],[2.453955,48.6336029]]}},{"type":"Feature","properties":{"sinuosity":0.709,"highway":"secondary"},"geometry":{"type":"LineString","coordinates":[[1.6613131,48.7328593],[1.6611922,48.7325167],[1.6611714,48.7323389],[1.6613177,48.7319578],[1.6615073,48.731418],[1.6614741,48.7311708],[1.6610127,48.7303816],[1.6603088,48.7296543],[1.6584844,48.7284225],[1.65726,48.727588]]}},{"type":"Feature","properties":{"sinuosity":0.708,"highway":"secondary"},"geometry":{"type":"LineString","coordinates":[[1.6623254,48.7156399],[1.6627485,48.7154701],[1.6628251,48.7151151],[1.6621798,48.7147191],[1.6612778,48.7137023],[1.6609395,48.7133063],[1.6596252,48.7123041],[1.6590402,48.7101265],[1.6581823,48.7083054],[1.658071,48.708152]]}},{"type":"Feature","properties":{"sinuosity":0.703,"highway":"secondary"},"geometry":{"type":"LineString","coordinates":[[1.6530101,48.7225276],[1.6534983,48.7221608],[1.6539923,48.7215382],[1.6547012,48.7199743],[1.6557655,48.7186207],[1.6559684,48.7183958],[1.657592,48.7174783],[1.6581724,48.7168414],[1.6591339,48.7164117],[1.6623254,48.7156399]]}},{"type":"Feature","properties":{"sinuosity":0.7,"highway":"tertiary"},"geometry":{"type":"LineString","coordinates":[[3.0239994,49.1406119],[3.0229362,49.1421892],[3.0231116,49.1429566],[3.0231382,49.1437581],[3.023816,49.1454809],[3.0246171,49.1462927],[3.0246529,49.1473126],[3.0247168,49.1478928],[3.0248198,49.1484827],[3.024564,49.1492464]]}},{"type":"Feature","properties":{"sinuosity":0.7,"highway":"tertiary"},"geometry":{"type":"LineString","coordinates":[[2.4744047,48.2053562],[2.4742568,48.2055033],[2.4740842,48.2055883],[2.473837,48.2057571],[2.4737703,48.2058441],[2.4737472,48.2059282],[2.4737017,48.2060123],[2.4730447,48.2063329],[2.4726582,48.2065011],[2.4716793,48.2068896]]}},{"type":"Feature","properties":{"sinuosity":0.641,"highway":"tertiary"},"geometry":{"type":"LineString","coordinates":[[2.1498428,48.398623],[2.1500237,48.3992564],[2.1501338,48.3999667],[2.1500866,48.4002926],[2.1501222,48.400466],[2.1505573,48.4010614],[2.1507396,48.4014106],[2.1508315,48.4016786],[2.1507545,48.4019291],[2.1506258,48.4020637]]}},{"type":"Feature","properties":{"sinuosity":0.743,"highway":"tertiary"},"geometry":{"type":"LineString","coordinates":[[3.2182132,49.1178749],[3.2182965,49.1181727],[3.2180645,49.1191987],[3.2181002,49.1192999],[3.2185136,49.1196834],[3.2185979,49.1200355],[3.218565,49.1202355],[3.2185146,49.1202593],[3.2182407,49.1203798],[3.2180378,49.120512]]}},{"type":"Feature","properties":{"sinuosity":0.7,"highway":"tertiary"},"geometry":{"type":"LineString","coordinates":[[3.3450375,48.7305465],[3.344947,48.7305506],[3.3429675,48.7306556],[3.3424182,48.7307052],[3.3414088,48.7308998],[3.3412103,48.7309207],[3.3410127,48.7309104],[3.3408303,48.7308609],[3.3404902,48.7306677],[3.340155,48.7304728]]}},{"type":"Feature","properties":{"sinuosity":0.803,"highway":"tertiary"},"geometry":{"type":"LineString","coordinates":[[1.9496656,48.4471677],[1.9507283,48.4479282],[1.9517351,48.4484894],[1.9524553,48.4486888],[1.9531527,48.4487],[1.9536371,48.4485901],[1.9541577,48.4483551],[1.9545933,48.4481085],[1.9547649,48.4480923],[1.9549416,48.4481246]]}},{"type":"Feature","properties":{"sinuosity":0.7,"highway":"secondary"},"geometry":{"type":"LineString","coordinates":[[1.7663621,48.7247016],[1.7664114,48.7246554],[1.7664512,48.7246126],[1.7664769,48.7245831],[1.7665579,48.7243824],[1.7668794,48.7237851],[1.7670153,48.7234954],[1.7670669,48.7229068]]}},{"type":"Feature","properties":{"sinuosity":0.938,"highway":"secondary"},"geometry":{"type":"LineString","coordinates":[[2.0015649,48.7090365],[2.0009364,48.7077612],[1.9988184,48.7083896],[1.9983597,48.7089162],[1.9967625,48.7092357],[1.9960356,48.7099206],[1.994791,48.7103357],[1.9937731,48.7106489],[1.9928679,48.7109091],[1.9918527,48.7112118]]}},{"type":"Feature","properties":{"sinuosity":0.7,"highway":"tertiary"},"geometry":{"type":"LineString","coordinates":[[2.6117612,48.7803255],[2.6118055,48.7801722],[2.6118229,48.7801119],[2.6121977,48.7787649],[2.6122191,48.7786858],[2.6123097,48.7783507],[2.6125152,48.7776574],[2.6125267,48.7776031],[2.6125114,48.7775671],[2.6124755,48.7775372]]}},{"type":"Feature","properties":{"sinuosity":0.7,"highway":"tertiary"},"geometry":{"type":"LineString","coordinates":[[1.4040025,48.9782649],[1.4035089,48.9793634],[1.4039754,48.9803483],[1.403912,48.9806773],[1.4032783,48.9818913],[1.4023502,48.9829053],[1.40225,48.98393],[1.402016,48.9852808],[1.4017083,48.9856121],[1.4004673,48.9866053]]}},{"type":"Feature","properties":{"sinuosity":0.862,"highway":"tertiary"},"geometry":{"type":"LineString","coordinates":[[1.4004673,48.9866053],[1.4001991,48.986901],[1.3997056,48.9872248],[1.3992657,48.9874642],[1.3990511,48.9876754],[1.3987614,48.9876613],[1.3980855,48.987422],[1.3956977,48.9865962],[1.3956546,48.9865823]]}},{"type":"Feature","properties":{"sinuosity":0.7,"highway":"tertiary"},"geometry":{"type":"LineString","coordinates":[[2.6552407,48.855522],[2.65525,48.8555967],[2.6554297,48.8556843],[2.6556372,48.855746],[2.6557156,48.8558385],[2.6558389,48.8563769],[2.6560085,48.8573105],[2.6558912,48.8579663],[2.655737,48.8587717],[2.6556088,48.8594556]]}},{"type":"Feature","properties":{"sinuosity":0.7,"highway":"secondary"},"geometry":{"type":"LineString","coordinates":[[1.4638478,49.096343],[1.4637983,49.0963219],[1.4634925,49.0962292],[1.463289,49.096169],[1.4620937,49.0956321],[1.461675,49.0955185],[1.4611653,49.0954491],[1.4607229,49.0954728],[1.4601066,49.0955904],[1.4600791,49.0955973]]}},{"type":"Feature","properties":{"sinuosity":0.939,"highway":"tertiary"},"geometry":{"type":"LineString","coordinates":[[2.6590703,48.8296506],[2.6590797,48.8290083],[2.6591151,48.8287761],[2.6595283,48.8281782],[2.659737,48.8277373],[2.6597535,48.8274247],[2.6598257,48.8267528],[2.6603414,48.8267115],[2.6610231,48.8269224],[2.6635357,48.827725]]}},{"type":"Feature","properties":{"sinuosity":0.7,"highway":"tertiary"},"geometry":{"type":"LineString","coordinates":[[1.5154355,48.7489562],[1.5156036,48.7494371],[1.5159448,48.7497011],[1.5164512,48.749819],[1.5177869,48.7504982],[1.518264,48.7508178],[1.5192337,48.7515989],[1.5193953,48.7516698],[1.5201481,48.7518886],[1.5202175,48.7519156]]}},{"type":"Feature","properties":{"sinuosity":0.703,"highway":"tertiary"},"geometry":{"type":"LineString","coordinates":[[3.0059504,48.4245805],[3.0049235,48.424365],[3.0042429,48.4242399],[3.0037679,48.4241527],[3.0021748,48.4239253],[3.0016061,48.4239039],[3.0000642,48.4239713],[2.9991836,48.423889],[2.9985516,48.4239862],[2.9983682,48.4242866]]}},{"type":"Feature","properties":{"sinuosity":0.755,"highway":"tertiary"},"geometry":{"type":"LineString","coordinates":[[3.0212188,48.4234551],[3.021065,48.4234753],[3.0192894,48.4237811],[3.0189225,48.4239618],[3.0186942,48.4245019],[3.0185062,48.4249345],[3.0184096,48.4250769],[3.0170878,48.4252638],[3.0165857,48.4253332],[3.0158969,48.4260114]]}},{"type":"Feature","properties":{"sinuosity":0.736,"highway":"tertiary"},"geometry":{"type":"LineString","coordinates":[[3.0568854,48.409761],[3.0569128,48.4098051],[3.0569991,48.4101751],[3.0566236,48.4113858],[3.0565485,48.4115496],[3.0561988,48.4117853],[3.0545744,48.4127317],[3.0543132,48.4128289],[3.0532568,48.4131763],[3.0532226,48.4131946]]}},{"type":"Feature","properties":{"sinuosity":0.7,"highway":"tertiary"},"geometry":{"type":"LineString","coordinates":[[2.580375,49.0313941],[2.5803586,49.0314175],[2.5802374,49.0315968],[2.5801812,49.0316879],[2.5802059,49.0318195],[2.5807186,49.0324953],[2.5808381,49.0326538],[2.5809729,49.0328337],[2.5813948,49.0334046],[2.5814593,49.0334834]]}},{"type":"Feature","properties":{"sinuosity":0.7,"highway":"tertiary"},"geometry":{"type":"LineString","coordinates":[[2.0237965,48.9752917],[2.0240097,48.9753189],[2.0243545,48.9752696],[2.0254874,48.9752117],[2.0264017,48.9751495],[2.027751,48.9751131],[2.0301262,48.9751778],[2.0307975,48.9752088],[2.031171,48.9752294],[2.0315199,48.9752463]]}},{"type":"Feature","properties":{"sinuosity":0.777,"highway":"tertiary"},"geometry":{"type":"LineString","coordinates":[[2.2848458,49.224689],[2.2847915,49.2247355],[2.2845454,49.2249623],[2.2838963,49.2251409],[2.2836228,49.2255824],[2.2838373,49.2263917]]}},{"type":"Feature","properties":{"sinuosity":1,"highway":"tertiary"},"geometry":{"type":"LineString","coordinates":[[1.9616956,49.0083399],[1.9615934,49.008492],[1.9612404,49.0087324],[1.9608651,49.008963],[1.9601093,49.0094096],[1.9600765,49.0095516],[1.9601546,49.0096735],[1.9602389,49.0097184],[1.9605562,49.0098131],[1.9608828,49.0097762]]}},{"type":"Feature","properties":{"sinuosity":1,"highway":"motorway_link"},"geometry":{"type":"LineString","coordinates":[[2.6353315,48.9105439],[2.6352001,48.9107131],[2.6351691,48.9108796],[2.6352386,48.9110546],[2.6353971,48.9111594],[2.6356673,48.9112207],[2.6359199,48.9111775],[2.636079,48.9110911],[2.6362272,48.910926],[2.6364947,48.9105547]]}},{"type":"Feature","properties":{"sinuosity":0.706,"highway":"tertiary"},"geometry":{"type":"LineString","coordinates":[[3.0054183,48.3001414],[3.0063694,48.2997253],[3.0074162,48.2995344],[3.0077392,48.2993161],[3.0080003,48.2990754],[3.0108408,48.2987315],[3.0144411,48.2982948],[3.0155215,48.297944],[3.0160384,48.2976139],[3.0170386,48.2963432]]}},{"type":"Feature","properties":{"sinuosity":0.7,"highway":"tertiary"},"geometry":{"type":"LineString","coordinates":[[2.9561272,49.1051461],[2.9558268,49.1046474],[2.9556122,49.1043414],[2.9552588,49.1040909],[2.9549511,49.1039221],[2.9548535,49.1038708],[2.954754,49.1038186],[2.9546911,49.1036495],[2.9546519,49.1035311],[2.9545425,49.103316]]}},{"type":"Feature","properties":{"sinuosity":0.658,"highway":"tertiary"},"geometry":{"type":"LineString","coordinates":[[3.1490534,48.4846651],[3.149086,48.4844458],[3.148937,48.4840135],[3.148762,48.4837985],[3.148053,48.4831921],[3.1467692,48.4821642],[3.1463978,48.4820447],[3.1461955,48.4820261],[3.1459969,48.4820205],[3.1457927,48.4820276]]}},{"type":"Feature","properties":{"sinuosity":1,"highway":"tertiary"},"geometry":{"type":"LineString","coordinates":[[2.5199805,48.8569518],[2.5200802,48.8569272],[2.5208042,48.8567916],[2.5208471,48.8567351],[2.5209409,48.8563618],[2.5208231,48.8560824],[2.5206856,48.8557496],[2.5204696,48.8554125],[2.5202929,48.8554144],[2.5201869,48.8554148]]}},{"type":"Feature","properties":{"sinuosity":0.7,"highway":"tertiary"},"geometry":{"type":"LineString","coordinates":[[2.4248844,48.2748255],[2.4257696,48.2761108],[2.4258849,48.2763009],[2.4259057,48.276425],[2.4259037,48.2764714],[2.4259734,48.2769105],[2.4261665,48.2771497],[2.4262899,48.2772764],[2.4263343,48.2772971],[2.4263943,48.2773124]]}},{"type":"Feature","properties":{"sinuosity":0.762,"highway":"trunk_link"},"geometry":{"type":"LineString","coordinates":[[2.2404518,48.7743422],[2.24071,48.7741733],[2.2411335,48.7738138],[2.2413061,48.773616],[2.2414187,48.7734203],[2.241466,48.7731593],[2.2414504,48.7730258],[2.2413947,48.7729039],[2.2412602,48.7727644],[2.241154,48.7727202]]}},{"type":"Feature","properties":{"sinuosity":0.7,"highway":"secondary"},"geometry":{"type":"LineString","coordinates":[[3.5646698,48.6422379],[3.5646888,48.6426903],[3.5645053,48.6429471],[3.5643764,48.6432284],[3.5646088,48.6436938],[3.5647108,48.6439481],[3.5646182,48.6445365],[3.5640912,48.6471653],[3.5641207,48.647356],[3.5642799,48.6474589]]}},{"type":"Feature","properties":{"sinuosity":0.7,"highway":"tertiary"},"geometry":{"type":"LineString","coordinates":[[2.7192133,48.9259826],[2.7191599,48.926072],[2.719259,48.9264192],[2.7193797,48.9265492],[2.7195367,48.9267247],[2.719754,48.9270598],[2.7197858,48.9271254],[2.7198013,48.9271574],[2.720069,48.9277524],[2.7200855,48.9277889]]}},{"type":"Feature","properties":{"sinuosity":0.823,"highway":"tertiary"},"geometry":{"type":"LineString","coordinates":[[2.7200056,48.9292738],[2.71962,48.9294204],[2.7195529,48.9294826],[2.7195398,48.9295619],[2.7197047,48.9299417],[2.7196843,48.9300744],[2.7195204,48.930173],[2.7193672,48.930216],[2.7189819,48.9303242],[2.7184904,48.9304622]]}},{"type":"Feature","properties":{"sinuosity":0.7,"highway":"tertiary"},"geometry":{"type":"LineString","coordinates":[[2.6217419,48.7469588],[2.622171,48.7471962],[2.6229652,48.7476413],[2.6231004,48.7477169],[2.6234793,48.7478494],[2.6238579,48.7478964],[2.6242252,48.7478941],[2.6244576,48.7479054],[2.6250321,48.7480348],[2.6251048,48.7481083]]}},{"type":"Feature","properties":{"sinuosity":0.726,"highway":"tertiary"},"geometry":{"type":"LineString","coordinates":[[3.5175068,48.7689381],[3.5170628,48.7690531],[3.516713,48.7691502],[3.5163086,48.7694036],[3.516171,48.7695717],[3.5160736,48.7697416],[3.5160947,48.7699098],[3.5159394,48.7704631],[3.5157118,48.7708562],[3.5156552,48.7709454]]}},{"type":"Feature","properties":{"sinuosity":0.7,"highway":"tertiary"},"geometry":{"type":"LineString","coordinates":[[2.8058741,48.584749],[2.8053745,48.5850936],[2.8052369,48.5852731],[2.805096,48.585566],[2.8050926,48.585843],[2.8050676,48.5859047],[2.8050867,48.5862617],[2.8051492,48.586555],[2.8051905,48.5868665],[2.8052731,48.5873918]]}},{"type":"Feature","properties":{"sinuosity":0.725,"highway":"tertiary"},"geometry":{"type":"LineString","coordinates":[[3.6180205,48.6113657],[3.6183404,48.6109827],[3.618663,48.6107741],[3.6205909,48.6105803],[3.6219345,48.6107876],[3.6232649,48.6111281],[3.6250566,48.6114083],[3.6276691,48.6117275],[3.6297934,48.6113161],[3.6307214,48.6110181]]}},{"type":"Feature","properties":{"sinuosity":0.717,"highway":"secondary"},"geometry":{"type":"LineString","coordinates":[[2.0649325,48.4250869],[2.065027,48.4253313],[2.065215,48.4258984],[2.0653435,48.4262828],[2.0653972,48.426414],[2.0654468,48.4264686],[2.0655543,48.4265296],[2.0661583,48.4267404],[2.0662691,48.4267675],[2.0663283,48.4268163]]}},{"type":"Feature","properties":{"sinuosity":0.7,"highway":"trunk_link"},"geometry":{"type":"LineString","coordinates":[[2.3520254,49.0195516],[2.3520626,49.0195928],[2.352079,49.0196358],[2.3520718,49.0196809],[2.3520542,49.0197278],[2.3519218,49.0199495],[2.3518032,49.0201722],[2.3515135,49.0206014],[2.3511972,49.0210544],[2.3507183,49.02179]]}},{"type":"Feature","properties":{"sinuosity":0.71,"highway":"trunk_link"},"geometry":{"type":"LineString","coordinates":[[2.3507618,49.0189698],[2.3508876,49.0190057],[2.3509715,49.0190127],[2.3511304,49.0189833],[2.3512123,49.0189381],[2.3512885,49.0188745],[2.3514581,49.0182725],[2.3516421,49.0175404],[2.351715,49.0171563],[2.3519404,49.0154564]]}},{"type":"Feature","properties":{"sinuosity":0.7,"highway":"trunk_link"},"geometry":{"type":"LineString","coordinates":[[2.3685725,48.7556078],[2.3685665,48.7555005],[2.3685568,48.7554343],[2.368527,48.755365],[2.3684734,48.7552823],[2.3682322,48.7550735],[2.3667713,48.7540385],[2.3665232,48.7539548],[2.3662918,48.7539179],[2.3660868,48.753862]]}},{"type":"Feature","properties":{"sinuosity":0.887,"highway":"tertiary"},"geometry":{"type":"LineString","coordinates":[[1.915431,49.189683],[1.9167983,49.1904984],[1.916952,49.1905688],[1.9170194,49.190582],[1.9171531,49.1905688],[1.9172216,49.1905483],[1.9180746,49.1900531],[1.9181295,49.1900416],[1.9181912,49.1900434],[1.918211,49.1900548]]}},{"type":"Feature","properties":{"sinuosity":0.9,"highway":"tertiary"},"geometry":{"type":"LineString","coordinates":[[1.918211,49.1900548],[1.9182421,49.1901117],[1.9181295,49.1902077],[1.9178662,49.1903501],[1.9176735,49.1904996],[1.9175999,49.1906461],[1.9176413,49.1907906],[1.9177459,49.1908922],[1.9187289,49.1915364],[1.9189254,49.1916127]]}},{"type":"Feature","properties":{"sinuosity":1,"highway":"tertiary"},"geometry":{"type":"LineString","coordinates":[[3.1644751,48.7779398],[3.1645443,48.777845],[3.1644333,48.7776817],[3.1641527,48.7775031],[3.1642342,48.7774456],[3.1649135,48.7768394],[3.1650684,48.7766867],[3.1650694,48.7765339],[3.16443,48.7763597],[3.1638676,48.7762262]]}},{"type":"Feature","properties":{"sinuosity":0.7,"highway":"primary"},"geometry":{"type":"LineString","coordinates":[[1.8640462,48.8152403],[1.8637517,48.8154012],[1.8636935,48.8154315],[1.8634217,48.8156171],[1.8633173,48.8158592],[1.8632231,48.8159095],[1.8627826,48.8160314],[1.8623067,48.816228],[1.8622298,48.8162844],[1.8620103,48.8164489]]}},{"type":"Feature","properties":{"sinuosity":0.632,"highway":"tertiary"},"geometry":{"type":"LineString","coordinates":[[2.2104201,48.2627858],[2.2105984,48.2625021],[2.2106306,48.262295],[2.2103731,48.2609951],[2.2102658,48.2608594],[2.2095208,48.2606818],[2.2088319,48.2603719],[2.2056593,48.2588747],[2.2040827,48.2581579],[2.1991325,48.2564693]]}},{"type":"Feature","properties":{"sinuosity":1,"highway":"tertiary"},"geometry":{"type":"LineString","coordinates":[[2.9362187,48.5997757],[2.9359364,48.5992768],[2.9357723,48.5991391],[2.9315062,48.6003242],[2.9312079,48.6003355],[2.9309993,48.6002548],[2.9307854,48.6000481],[2.9311902,48.5987686],[2.9314166,48.5962412],[2.9304266,48.5960596]]}},{"type":"Feature","properties":{"sinuosity":0.7,"highway":"tertiary"},"geometry":{"type":"LineString","coordinates":[[2.9148056,48.5963185],[2.9146571,48.5962541],[2.9145914,48.5961929],[2.9145719,48.596077],[2.9148191,48.5947064],[2.9151031,48.5931844],[2.915122,48.5930887],[2.9151236,48.5929801],[2.9150529,48.5929024],[2.914925,48.5929093]]}},{"type":"Feature","properties":{"sinuosity":0.7,"highway":"tertiary"},"geometry":{"type":"LineString","coordinates":[[2.9725776,48.3506829],[2.9726219,48.3506675],[2.972759,48.3505947],[2.9733986,48.349747],[2.9734314,48.3497038],[2.9734641,48.3496606],[2.9736496,48.3494275],[2.9740158,48.3489777],[2.9741632,48.3483632]]}},{"type":"Feature","properties":{"sinuosity":0.98,"highway":"tertiary"},"geometry":{"type":"LineString","coordinates":[[3.0318765,48.4029633],[3.0320814,48.4030537],[3.0324816,48.4030383],[3.0326382,48.402936],[3.0326876,48.4028036],[3.0324515,48.402419],[3.0322621,48.4022245],[3.0316958,48.4017902],[3.0311748,48.4011582],[3.0310447,48.4009032]]}},{"type":"Feature","properties":{"sinuosity":1,"highway":"tertiary"},"geometry":{"type":"LineString","coordinates":[[3.0198344,48.4017779],[3.0199739,48.4007094],[3.0199009,48.4000808],[3.0214141,48.3997718],[3.0231196,48.3997058],[3.0244049,48.3997902],[3.0252654,48.400209],[3.0276257,48.4011208],[3.0287093,48.4015739],[3.0296555,48.4020233]]}},{"type":"Feature","properties":{"sinuosity":0.7,"highway":"tertiary"},"geometry":{"type":"LineString","coordinates":[[3.0296555,48.4020233],[3.0299173,48.4020896],[3.0300912,48.4022053],[3.0303144,48.402456],[3.0304345,48.4024998],[3.0308551,48.4025379],[3.0312306,48.4026736],[3.0318765,48.4029633]]}},{"type":"Feature","properties":{"sinuosity":0.7,"highway":"tertiary"},"geometry":{"type":"LineString","coordinates":[[3.092241,48.3214331],[3.0923868,48.3214781],[3.0927971,48.3217169],[3.0929254,48.3217552],[3.0940922,48.3216572],[3.0943326,48.3216401],[3.0949289,48.3217595],[3.095586,48.3223286],[3.0961566,48.3225375],[3.0986037,48.3230036]]}},{"type":"Feature","properties":{"sinuosity":0.7,"highway":"tertiary"},"geometry":{"type":"LineString","coordinates":[[2.9880703,48.3646003],[2.9880355,48.3646246],[2.9879801,48.3646626],[2.987842,48.3647046],[2.9876647,48.3647022],[2.9871271,48.3647042],[2.9868195,48.3647087],[2.9863015,48.3647162],[2.9856299,48.3646857],[2.9850154,48.3646375]]}},{"type":"Feature","properties":{"sinuosity":0.7,"highway":"secondary"},"geometry":{"type":"LineString","coordinates":[[2.7494654,48.488562],[2.7495354,48.4886367],[2.7496241,48.4886909],[2.7497268,48.4887313],[2.749797,48.4887435],[2.750306,48.4887716],[2.7505463,48.4888124],[2.7519778,48.4891701],[2.7520985,48.4891995],[2.752226,48.4892466]]}},{"type":"Feature","properties":{"sinuosity":0.7,"highway":"tertiary"},"geometry":{"type":"LineString","coordinates":[[3.0159851,48.3442447],[3.0158477,48.343814],[3.0159804,48.3429485],[3.0158135,48.3423239],[3.0159573,48.3413297],[3.0161727,48.3406107],[3.0153357,48.3390549],[3.0151183,48.3382407],[3.0146653,48.3367507],[3.0145829,48.3356104]]}},{"type":"Feature","properties":{"sinuosity":0.723,"highway":"trunk_link"},"geometry":{"type":"LineString","coordinates":[[2.6822385,49.0405876],[2.6808996,49.0398147],[2.680817,49.039715],[2.680744,49.0393822],[2.6807976,49.0391501],[2.6809854,49.0383884],[2.6809479,49.0381866],[2.6808191,49.0379861],[2.6806582,49.0378279],[2.6800424,49.0372051]]}},{"type":"Feature","properties":{"sinuosity":0.7,"highway":"trunk_link"},"geometry":{"type":"LineString","coordinates":[[2.7061609,49.0634422],[2.7060202,49.0634127],[2.7051964,49.0627921],[2.7042254,49.0619362],[2.7035186,49.0612148],[2.7030425,49.0606638],[2.7023562,49.0598716],[2.7021668,49.0597069],[2.7020477,49.0596545],[2.7019531,49.0596381]]}},{"type":"Feature","properties":{"sinuosity":0.7,"highway":"tertiary"},"geometry":{"type":"LineString","coordinates":[[3.3101669,48.9001238],[3.3109756,48.9001875],[3.3114529,48.8999673],[3.3119767,48.8997978],[3.3126859,48.8996247],[3.3133628,48.899374],[3.3147193,48.8990914],[3.3152673,48.8990314],[3.3157025,48.898966],[3.3166427,48.8989166]]}},{"type":"Feature","properties":{"sinuosity":0.641,"highway":"tertiary"},"geometry":{"type":"LineString","coordinates":[[2.6915964,49.0417485],[2.692002,49.0415358],[2.6922926,49.041252],[2.6923788,49.041064],[2.6924809,49.0405718],[2.6925778,49.0398876],[2.692624,49.0397564],[2.6927974,49.0390007],[2.6927918,49.0387427],[2.6929039,49.0382416]]}},{"type":"Feature","properties":{"sinuosity":0.814,"highway":"tertiary"},"geometry":{"type":"LineString","coordinates":[[2.066953,48.7636428],[2.0668885,48.7636033],[2.0667693,48.7635419],[2.0661285,48.7631073],[2.0657808,48.762921],[2.065544,48.7628958],[2.0638785,48.7633635],[2.063704,48.7634245],[2.0630481,48.7637039],[2.0629729,48.7637381]]}},{"type":"Feature","properties":{"sinuosity":0.654,"highway":"tertiary"},"geometry":{"type":"LineString","coordinates":[[3.1062698,48.9371298],[3.1048943,48.9372296],[3.1038968,48.937338],[3.1027951,48.9375113],[3.1022195,48.9375995],[3.101921,48.9380733],[3.1018487,48.9384343],[3.1018588,48.9389188],[3.1019414,48.9396979],[3.1023717,48.9407848]]}},{"type":"Feature","properties":{"sinuosity":1,"highway":"tertiary"},"geometry":{"type":"LineString","coordinates":[[2.9517269,48.3928893],[2.9518556,48.3931556],[2.9522817,48.3932576],[2.9530399,48.3935287],[2.9530037,48.3938037],[2.9525693,48.393924],[2.9520138,48.3939895],[2.9517543,48.3941802],[2.9517476,48.3944125],[2.952089,48.3946433]]}},{"type":"Feature","properties":{"sinuosity":0.814,"highway":"tertiary"},"geometry":{"type":"LineString","coordinates":[[2.9510119,48.3998194],[2.9511837,48.3997847],[2.9512621,48.3991865],[2.9512737,48.3990721],[2.9513999,48.3984482],[2.9514812,48.398318],[2.9516513,48.3980928],[2.9518489,48.3979539],[2.9526585,48.3979056],[2.9528002,48.3978998]]}},{"type":"Feature","properties":{"sinuosity":1,"highway":"tertiary"},"geometry":{"type":"LineString","coordinates":[[2.9519509,48.3947588],[2.9516217,48.3943126],[2.951702,48.3941066],[2.952062,48.393912],[2.9525617,48.3938707],[2.9529896,48.3937089],[2.9529675,48.3935533],[2.9522551,48.3933082],[2.9518062,48.3931987],[2.9517269,48.3928893]]}},{"type":"Feature","properties":{"sinuosity":0.7,"highway":"tertiary"},"geometry":{"type":"LineString","coordinates":[[2.7577524,48.1092635],[2.7580556,48.1092024],[2.7589348,48.1089787],[2.7596544,48.1087931],[2.7598451,48.108719],[2.7602039,48.1083866],[2.7605081,48.1081718],[2.7609736,48.1077855],[2.7610159,48.1077334],[2.7610167,48.1076911]]}},{"type":"Feature","properties":{"sinuosity":0.7,"highway":"secondary"},"geometry":{"type":"LineString","coordinates":[[2.8256334,48.3937471],[2.8258429,48.3937348],[2.8267528,48.3936693],[2.8272034,48.3936918],[2.8278297,48.3935436],[2.82824,48.3933891],[2.8285647,48.3932888],[2.8288433,48.3932581]]}},{"type":"Feature","properties":{"sinuosity":0.7,"highway":"tertiary"},"geometry":{"type":"LineString","coordinates":[[2.6832546,49.0385489],[2.6830595,49.0382504],[2.682892,49.0374775],[2.6827642,49.0369544],[2.6827533,49.0367252],[2.6827852,49.0365208],[2.6828527,49.0362896],[2.6829519,49.0359146],[2.6830279,49.0356374],[2.6830798,49.0351397]]}},{"type":"Feature","properties":{"sinuosity":0.794,"highway":"tertiary"},"geometry":{"type":"LineString","coordinates":[[2.4478653,48.1516623],[2.4478435,48.1519827],[2.448229,48.1522292],[2.4488429,48.1525541],[2.4492866,48.1526595],[2.4497689,48.1528016],[2.4505171,48.1533482],[2.4507561,48.1536066],[2.4508461,48.1540907],[2.4503326,48.1555358]]}},{"type":"Feature","properties":{"sinuosity":0.856,"highway":"tertiary"},"geometry":{"type":"LineString","coordinates":[[2.4443873,48.1186729],[2.4445634,48.1188621],[2.4445685,48.1193288],[2.4506695,48.1207764],[2.45176,48.1208613],[2.4520908,48.1207649],[2.4525485,48.1199271],[2.4532063,48.1194521],[2.4545511,48.1192764],[2.4552905,48.1191274]]}},{"type":"Feature","properties":{"sinuosity":0.905,"highway":"tertiary"},"geometry":{"type":"LineString","coordinates":[[3.1687588,49.0059718],[3.1703233,49.0053949],[3.170904,49.0050122],[3.1706697,49.0044983],[3.1700104,49.0038868],[3.1699387,49.0037458],[3.1701107,49.0032396],[3.169587,49.002939],[3.165641,49.001077],[3.163913,48.999553]]}},{"type":"Feature","properties":{"sinuosity":0.727,"highway":"secondary"},"geometry":{"type":"LineString","coordinates":[[2.1630927,48.5131659],[2.1624631,48.514064],[2.1619245,48.5148986],[2.1616579,48.5162885],[2.1611035,48.5173432],[2.1604064,48.5186273],[2.16056,48.5188526],[2.1613898,48.5192538],[2.1613747,48.5195649],[2.1607097,48.5201212]]}},{"type":"Feature","properties":{"sinuosity":0.7,"highway":"tertiary"},"geometry":{"type":"LineString","coordinates":[[3.0086459,48.7012475],[3.0090232,48.7014557],[3.0094523,48.7018332],[3.0100178,48.7021565],[3.0100985,48.7027046],[3.0101415,48.7029371],[3.0102351,48.7030786],[3.0103995,48.7032369],[3.010835,48.7036165]]}},{"type":"Feature","properties":{"sinuosity":0.7,"highway":"secondary"},"geometry":{"type":"LineString","coordinates":[[3.2312582,48.5294063],[3.2290624,48.5306874],[3.2281589,48.5315334],[3.2277852,48.5319966],[3.226696,48.532132],[3.2249875,48.5325576],[3.2241365,48.5328769],[3.2237092,48.5330782],[3.2226087,48.5332815],[3.2212288,48.5335632]]}},{"type":"Feature","properties":{"sinuosity":0.744,"highway":"secondary"},"geometry":{"type":"LineString","coordinates":[[2.0945367,48.6438881],[2.0958828,48.643594],[2.0973235,48.6440227],[2.0979785,48.6444442],[2.0995873,48.6451002],[2.1008426,48.6455467],[2.102185,48.6465622],[2.103042,48.6471062],[2.103567,48.647749],[2.1040051,48.6478275]]}},{"type":"Feature","properties":{"sinuosity":0.743,"highway":"secondary"},"geometry":{"type":"LineString","coordinates":[[2.6839156,48.2227713],[2.6837981,48.2225333],[2.6826635,48.2223469],[2.6816335,48.2221543],[2.6793995,48.2212072],[2.6781632,48.2208354],[2.6752918,48.2196431],[2.675232,48.2195031],[2.6751955,48.2183151],[2.6746531,48.2172117]]}},{"type":"Feature","properties":{"sinuosity":0.703,"highway":"tertiary"},"geometry":{"type":"LineString","coordinates":[[2.666472,48.2030291],[2.6669963,48.2033153],[2.6671287,48.2035518],[2.6673936,48.2038888],[2.6684303,48.2042543],[2.6693395,48.2044023],[2.6700997,48.2044375],[2.670754,48.2044253],[2.671846,48.2046096],[2.6731151,48.2049348]]}},{"type":"Feature","properties":{"sinuosity":1,"highway":"trunk_link"},"geometry":{"type":"LineString","coordinates":[[2.6826631,49.0395395],[2.6821393,49.039148],[2.6816753,49.03901],[2.6814555,49.0390189],[2.6810824,49.0391498],[2.6808679,49.0393766],[2.6808974,49.0397062],[2.6810234,49.0398425],[2.6815588,49.040146],[2.68313,49.0409636]]}},{"type":"Feature","properties":{"sinuosity":0.7,"highway":"motorway_link"},"geometry":{"type":"LineString","coordinates":[[1.6964859,48.9811018],[1.6963684,48.9810761],[1.6963056,48.9810623],[1.6962557,48.9810514],[1.6961485,48.9810391],[1.6958103,48.9810448],[1.6925736,48.9815183],[1.6919984,48.9816173],[1.6916647,48.9816267]]}},{"type":"Feature","properties":{"sinuosity":0.722,"highway":"secondary"},"geometry":{"type":"LineString","coordinates":[[2.495558,48.5025706],[2.4957045,48.5034322],[2.4957388,48.5038072],[2.4957149,48.5042476],[2.4953292,48.5047446],[2.4950673,48.5052562],[2.4944423,48.5054785],[2.4943097,48.5055577],[2.4941295,48.5057387],[2.4940914,48.505837]]}},{"type":"Feature","properties":{"sinuosity":0.763,"highway":"tertiary"},"geometry":{"type":"LineString","coordinates":[[3.5372492,48.8708966],[3.5369345,48.8707634],[3.5363643,48.8705246],[3.5355525,48.8702081],[3.5349937,48.8700043],[3.5349208,48.8699338],[3.5347854,48.8693833],[3.5347585,48.8691875],[3.5347626,48.8689661],[3.5348424,48.8687727]]}},{"type":"Feature","properties":{"sinuosity":0.7,"highway":"motorway_link"},"geometry":{"type":"LineString","coordinates":[[2.0450996,48.9121337],[2.0454532,48.9118898],[2.0460665,48.9116031],[2.048088,48.9102342],[2.048433,48.9100125],[2.0485351,48.9098975],[2.0486131,48.9098496],[2.048819,48.9097539]]}},{"type":"Feature","properties":{"sinuosity":0.7,"highway":"secondary"},"geometry":{"type":"LineString","coordinates":[[3.0764823,48.2132823],[3.0765359,48.2133033],[3.0770543,48.2134996],[3.0772357,48.2135489],[3.0775231,48.2136039],[3.0777523,48.213631],[3.0780715,48.2136804],[3.0784313,48.2137712],[3.0787196,48.2139094],[3.078929,48.2140716]]}},{"type":"Feature","properties":{"sinuosity":1,"highway":"tertiary"},"geometry":{"type":"LineString","coordinates":[[1.8329521,49.1024461],[1.8330917,49.1025734],[1.8333464,49.1037773],[1.833735,49.10395],[1.8344417,49.1036658],[1.8348655,49.1035463],[1.8355336,49.1032766],[1.8357242,49.1030968],[1.8364381,49.1031021],[1.838196,49.1039982]]}},{"type":"Feature","properties":{"sinuosity":0.755,"highway":"trunk_link"},"geometry":{"type":"LineString","coordinates":[[2.2122538,48.8097831],[2.2124898,48.8101349],[2.212683,48.8103354],[2.2128573,48.8104334],[2.2131242,48.8105102],[2.2133937,48.8105324],[2.2138805,48.8104926],[2.2141649,48.8104873],[2.2144733,48.8105421],[2.2147536,48.8106737]]}},{"type":"Feature","properties":{"sinuosity":1,"highway":"trunk_link"},"geometry":{"type":"LineString","coordinates":[[2.2147055,48.8107327],[2.2142455,48.8105562],[2.213986,48.8105383],[2.2137622,48.8105632],[2.2134621,48.810648],[2.2132406,48.8107901],[2.2131135,48.8109466],[2.2130719,48.8110428],[2.2130655,48.811254],[2.2132534,48.8116957]]}},{"type":"Feature","properties":{"sinuosity":0.7,"highway":"tertiary"},"geometry":{"type":"LineString","coordinates":[[1.563332,49.0398732],[1.5630968,49.0399151],[1.5628897,49.0399092],[1.5626838,49.0398565],[1.5624058,49.0396597],[1.5622691,49.0395734],[1.561799,49.0393897],[1.561491,49.0393254],[1.5605564,49.0392639],[1.5604465,49.0392775]]}},{"type":"Feature","properties":{"sinuosity":0.938,"highway":"tertiary"},"geometry":{"type":"LineString","coordinates":[[2.0911672,48.7357802],[2.0913725,48.7351372],[2.0914596,48.7346937],[2.091414,48.7341499],[2.091141,48.7338472],[2.0910321,48.7336193],[2.0911113,48.7334771],[2.0914057,48.7333526],[2.0917525,48.733412],[2.0921196,48.7335]]}},{"type":"Feature","properties":{"sinuosity":0.7,"highway":"tertiary"},"geometry":{"type":"LineString","coordinates":[[2.7387583,48.1874444],[2.738749,48.1875564],[2.7386919,48.1877151],[2.7384516,48.1879901],[2.7382296,48.1881351],[2.7380196,48.1883525],[2.7372011,48.1891995],[2.7365404,48.1898832],[2.7356978,48.1905366],[2.7355207,48.1910282]]}},{"type":"Feature","properties":{"sinuosity":0.857,"highway":"secondary"},"geometry":{"type":"LineString","coordinates":[[2.4430268,48.6221071],[2.4438241,48.6214193],[2.4440594,48.6212705],[2.4441889,48.6212104],[2.4444336,48.6211325],[2.4450037,48.6210491],[2.445177,48.6210795],[2.4453449,48.6210988],[2.4468325,48.6217104],[2.4481722,48.6223144]]}},{"type":"Feature","properties":{"sinuosity":0.758,"highway":"tertiary"},"geometry":{"type":"LineString","coordinates":[[3.0040172,48.245927],[3.0056865,48.2469366],[3.0061795,48.2471737],[3.0064662,48.2471592],[3.007167,48.2470082],[3.0077888,48.2468557],[3.0084258,48.246774],[3.0091835,48.2467919],[3.0093739,48.2467722],[3.0100601,48.2466156]]}},{"type":"Feature","properties":{"sinuosity":0.708,"highway":"tertiary"},"geometry":{"type":"LineString","coordinates":[[2.9374028,48.2267715],[2.9373807,48.2266058],[2.9372984,48.2264202],[2.9370532,48.2261681],[2.9370097,48.2260885],[2.9370156,48.2259934],[2.9370512,48.2254381],[2.937398,48.2245297],[2.937465,48.2244443],[2.938102,48.2238602]]}},{"type":"Feature","properties":{"sinuosity":0.7,"highway":"primary"},"geometry":{"type":"LineString","coordinates":[[2.4999074,48.6339951],[2.4996987,48.6338068],[2.4995412,48.6337063],[2.499354,48.633616],[2.4989865,48.6334937],[2.4983188,48.6334422],[2.4979015,48.6334182],[2.4976415,48.6333505],[2.4973746,48.6332337],[2.4972729,48.6331672]]}},{"type":"Feature","properties":{"sinuosity":0.7,"highway":"motorway_link"},"geometry":{"type":"LineString","coordinates":[[2.5331698,48.6336929],[2.5329369,48.6334484],[2.5327029,48.633241],[2.5324937,48.6330726],[2.532263,48.6329184],[2.5316568,48.632633],[2.531225,48.6324912],[2.5308173,48.6324185],[2.5305497,48.632384],[2.5303041,48.632306]]}},{"type":"Feature","properties":{"sinuosity":0.753,"highway":"tertiary"},"geometry":{"type":"LineString","coordinates":[[2.9293089,48.2192066],[2.9317226,48.2163061],[2.9319673,48.2159007],[2.9321358,48.2155322],[2.9335101,48.2155149],[2.9344868,48.2155507],[2.93494,48.2153647],[2.9350119,48.2151392],[2.9349108,48.2143525],[2.9366004,48.2121157]]}},{"type":"Feature","properties":{"sinuosity":0.704,"highway":"tertiary"},"geometry":{"type":"LineString","coordinates":[[2.8607346,48.2422312],[2.8608173,48.2422206],[2.8609514,48.2421456],[2.8611016,48.2419134],[2.861166,48.2418312],[2.8612625,48.2417669],[2.8614181,48.2417062],[2.8624697,48.2415313],[2.8631401,48.2414311],[2.8633018,48.2414065]]}},{"type":"Feature","properties":{"sinuosity":0.7,"highway":"secondary"},"geometry":{"type":"LineString","coordinates":[[2.8235399,48.3557878],[2.82343,48.3556795],[2.8232677,48.3555379],[2.8230599,48.3554274],[2.8229263,48.3553614],[2.8227367,48.355246],[2.8221989,48.3550041],[2.8217696,48.3547856],[2.821589,48.3546739],[2.8214659,48.3545902]]}},{"type":"Feature","properties":{"sinuosity":0.703,"highway":"tertiary"},"geometry":{"type":"LineString","coordinates":[[2.8668201,48.2357717],[2.8662353,48.2364898],[2.8660798,48.2369293],[2.866212,48.2373486],[2.8662565,48.237794],[2.8660283,48.238135],[2.8654638,48.2384923],[2.8646249,48.2389934],[2.864264,48.2396564],[2.8636045,48.2401262]]}},{"type":"Feature","properties":{"sinuosity":0.736,"highway":"tertiary"},"geometry":{"type":"LineString","coordinates":[[2.8325822,48.2566195],[2.8317158,48.256477],[2.8312174,48.2564503],[2.8303749,48.2561521],[2.8302964,48.2560328],[2.8296052,48.2549831],[2.8293128,48.2546188],[2.828744,48.2543126],[2.8282933,48.2542126],[2.8263951,48.2540457]]}},{"type":"Feature","properties":{"sinuosity":0.7,"highway":"tertiary"},"geometry":{"type":"LineString","coordinates":[[2.8598606,48.246883],[2.8594784,48.2470508],[2.8592263,48.2472044],[2.858811,48.2476205],[2.858655,48.2477331],[2.8583224,48.2478259],[2.8576469,48.2479223],[2.8569839,48.2480528],[2.8565199,48.2482046],[2.8558875,48.2486046]]}},{"type":"Feature","properties":{"sinuosity":0.7,"highway":"tertiary"},"geometry":{"type":"LineString","coordinates":[[2.8541303,48.2621448],[2.8537134,48.2620129],[2.853325,48.2618199],[2.8523765,48.2606354],[2.8521464,48.2598941],[2.8520155,48.2596276],[2.851261,48.2589684],[2.8507665,48.2582255],[2.850267,48.2576567],[2.8494863,48.2571519]]}},{"type":"Feature","properties":{"sinuosity":0.7,"highway":"tertiary"},"geometry":{"type":"LineString","coordinates":[[2.9032028,48.2682286],[2.903426,48.2683086],[2.9049881,48.2681144],[2.90534,48.2681658],[2.906533,48.2681715],[2.9083698,48.2684514],[2.908902,48.2685086],[2.9094341,48.2685371],[2.9130819,48.2690628],[2.9140096,48.2692603]]}},{"type":"Feature","properties":{"sinuosity":0.797,"highway":"tertiary"},"geometry":{"type":"LineString","coordinates":[[2.8479013,48.3470006],[2.848957,48.3463595],[2.8494548,48.3460185],[2.849078,48.3454607],[2.849901,48.3440749],[2.8498054,48.3433558],[2.8506317,48.3430786],[2.8516501,48.3424189],[2.8512458,48.3415635],[2.8507847,48.3395543]]}},{"type":"Feature","properties":{"sinuosity":0.7,"highway":"tertiary"},"geometry":{"type":"LineString","coordinates":[[2.8507847,48.3395543],[2.8507054,48.3393957],[2.8505601,48.3382035],[2.8507152,48.3378335],[2.8510177,48.3374423],[2.8513802,48.3372705],[2.8518086,48.3369989],[2.851859,48.3369059],[2.8519428,48.3365641],[2.8522458,48.33546]]}},{"type":"Feature","properties":{"sinuosity":0.73,"highway":"tertiary"},"geometry":{"type":"LineString","coordinates":[[2.8640838,48.2526911],[2.8630216,48.2517195],[2.8625817,48.2504336],[2.8626139,48.249612],[2.8635366,48.2486404],[2.8635902,48.2482617],[2.8641374,48.2476688],[2.8638156,48.2464756],[2.8641803,48.2455111],[2.8651781,48.2443036]]}},{"type":"Feature","properties":{"sinuosity":1,"highway":"tertiary"},"geometry":{"type":"LineString","coordinates":[[3.454792,48.6554709],[3.4545848,48.6549451],[3.4547798,48.6518709],[3.4546473,48.6513936],[3.4538944,48.6511308],[3.4533591,48.6511739],[3.4524849,48.650607],[3.4519761,48.6504093],[3.4510651,48.6506248],[3.4474523,48.6508872]]}},{"type":"Feature","properties":{"sinuosity":0.737,"highway":"tertiary"},"geometry":{"type":"LineString","coordinates":[[3.2520192,48.4781633],[3.2544632,48.4783843],[3.2573486,48.4785133],[3.2583458,48.4785173],[3.2606569,48.4769413],[3.2612148,48.4767341],[3.26223,48.4767568],[3.2625416,48.4765502],[3.2628697,48.4762794],[3.2632526,48.4762985]]}},{"type":"Feature","properties":{"sinuosity":0.7,"highway":"secondary"},"geometry":{"type":"LineString","coordinates":[[2.7139998,48.8526541],[2.714366,48.8525311],[2.7145391,48.8525147],[2.7152491,48.852484],[2.7153488,48.8524772],[2.7157768,48.8524646],[2.7161118,48.8524579],[2.7170269,48.8524063],[2.7172056,48.8523754],[2.7173628,48.852256]]}},{"type":"Feature","properties":{"sinuosity":0.749,"highway":"tertiary"},"geometry":{"type":"LineString","coordinates":[[2.3966275,48.408991],[2.3971454,48.4088401],[2.3978152,48.4087832],[2.3981691,48.4083291],[2.3992764,48.4068078],[2.401294,48.4053609],[2.4023688,48.4041644],[2.4024023,48.4026659],[2.4019212,48.4021415],[2.4021629,48.4014661]]}},{"type":"Feature","properties":{"sinuosity":0.7,"highway":"tertiary"},"geometry":{"type":"LineString","coordinates":[[2.4021629,48.4014661],[2.402218,48.4011339],[2.4021088,48.400859],[2.4020427,48.4007608],[2.4018158,48.4005571],[2.4015741,48.4002456],[2.4013682,48.3998864],[2.4012557,48.3996735],[2.4009829,48.3993652],[2.4006693,48.3991332]]}},{"type":"Feature","properties":{"sinuosity":0.837,"highway":"tertiary"},"geometry":{"type":"LineString","coordinates":[[3.0933595,48.2380237],[3.0932663,48.2379312],[3.0923511,48.2372509],[3.092233,48.236765],[3.092328,48.2361962],[3.0928553,48.2355287],[3.0935527,48.2352643],[3.0940784,48.2349928],[3.0940569,48.2346712],[3.0939714,48.2343279]]}},{"type":"Feature","properties":{"sinuosity":0.708,"highway":"tertiary"},"geometry":{"type":"LineString","coordinates":[[3.2286326,48.4608475],[3.2274052,48.4606641],[3.2269658,48.4597178],[3.2265928,48.459251],[3.2254453,48.4578071],[3.2243586,48.4565518],[3.2240576,48.4558427],[3.2235921,48.4557186],[3.2226262,48.4551487],[3.2215776,48.4535819]]}},{"type":"Feature","properties":{"sinuosity":0.712,"highway":"tertiary"},"geometry":{"type":"LineString","coordinates":[[3.1647012,48.4608779],[3.1636165,48.4605729],[3.1632174,48.4604837],[3.1619158,48.4601931],[3.1612201,48.4600295],[3.1609006,48.4599544],[3.1604147,48.4597616],[3.1593778,48.459307],[3.1592433,48.4591286],[3.159225,48.4585786]]}},{"type":"Feature","properties":{"sinuosity":0.802,"highway":"tertiary"},"geometry":{"type":"LineString","coordinates":[[3.4383922,48.4174398],[3.4390203,48.4174919],[3.4392105,48.4174968],[3.4394462,48.417496],[3.4396674,48.4174743],[3.4399907,48.4174277],[3.4406884,48.4173533],[3.4407988,48.4173226],[3.4408906,48.4171031],[3.4408978,48.416902]]}},{"type":"Feature","properties":{"sinuosity":0.7,"highway":"primary"},"geometry":{"type":"LineString","coordinates":[[2.3962461,48.8905539],[2.3961957,48.8906024],[2.3961635,48.8906559],[2.3958153,48.8919185],[2.3957769,48.8920242],[2.3956238,48.8922066],[2.3955187,48.8923052],[2.3951923,48.8925488]]}},{"type":"Feature","properties":{"sinuosity":0.7,"highway":"tertiary"},"geometry":{"type":"LineString","coordinates":[[3.2944951,48.5114641],[3.2929505,48.5107242],[3.2922421,48.5102986],[3.2912334,48.5101819],[3.2896475,48.5098954],[3.2873049,48.5093118],[3.2862047,48.5091066],[3.2845382,48.5092739],[3.2830671,48.5095232],[3.2818872,48.5093822]]}},{"type":"Feature","properties":{"sinuosity":0.7,"highway":"tertiary"},"geometry":{"type":"LineString","coordinates":[[2.1951529,48.2919424],[2.1959582,48.2922695],[2.1969665,48.2926611],[2.198787,48.2932376],[2.1998983,48.2935234],[2.2003438,48.2935703],[2.2017173,48.2934539],[2.2019337,48.2934642],[2.2021045,48.2936657],[2.2023093,48.293738]]}},{"type":"Feature","properties":{"sinuosity":0.781,"highway":"tertiary"},"geometry":{"type":"LineString","coordinates":[[3.0654841,48.6763784],[3.066279,48.6760731],[3.0670796,48.6761997],[3.0681,48.6761662],[3.0684603,48.6765456],[3.0693412,48.6781973],[3.0702182,48.6791712],[3.070991,48.6801662],[3.0728571,48.6814743],[3.0733116,48.6823534]]}},{"type":"Feature","properties":{"sinuosity":0.73,"highway":"trunk_link"},"geometry":{"type":"LineString","coordinates":[[1.6341723,48.7925715],[1.6330794,48.7922933],[1.6323096,48.7920697],[1.6314321,48.7917509],[1.6312639,48.7917095],[1.6309455,48.7916939],[1.6308179,48.7917129],[1.6305871,48.7917905],[1.6304465,48.791865],[1.6302412,48.7920167]]}},{"type":"Feature","properties":{"sinuosity":0.773,"highway":"tertiary"},"geometry":{"type":"LineString","coordinates":[[3.4366296,48.510466],[3.4362616,48.5109453],[3.435953,48.5115676],[3.43555,48.5126091],[3.4357404,48.5128259],[3.4368938,48.5131386],[3.4369303,48.5139775],[3.4368911,48.5145281],[3.4364378,48.5151393],[3.4365761,48.515966]]}},{"type":"Feature","properties":{"sinuosity":0.74,"highway":"secondary"},"geometry":{"type":"LineString","coordinates":[[2.4305776,48.569747],[2.4305159,48.5695029],[2.4302302,48.5693006],[2.4298172,48.5692438],[2.4292351,48.5691444],[2.4259602,48.5679805],[2.4258006,48.5678447],[2.4257275,48.5676717],[2.4257483,48.5675292],[2.4258428,48.5673803]]}},{"type":"Feature","properties":{"sinuosity":0.654,"highway":"secondary"},"geometry":{"type":"LineString","coordinates":[[1.6234955,49.0797553],[1.6230994,49.0796856],[1.6222889,49.07958],[1.6216731,49.079502],[1.6213055,49.0793705],[1.6210123,49.0791717],[1.6203707,49.0789348],[1.619551,49.0787124],[1.6191491,49.0786086],[1.6190455,49.0785943]]}},{"type":"Feature","properties":{"sinuosity":0.7,"highway":"secondary"},"geometry":{"type":"LineString","coordinates":[[2.4468834,48.7704218],[2.4471227,48.770424],[2.4475748,48.770352],[2.4479929,48.770188],[2.4487234,48.7696211],[2.4494274,48.7691293],[2.4505325,48.7684163],[2.4514195,48.7679028],[2.4516499,48.7676216],[2.4517223,48.7672159]]}},{"type":"Feature","properties":{"sinuosity":0.774,"highway":"tertiary"},"geometry":{"type":"LineString","coordinates":[[2.1248926,48.4594023],[2.1251804,48.4591888],[2.1254907,48.4588725],[2.1259523,48.4589608],[2.1264242,48.459049],[2.1280021,48.4587577],[2.1290575,48.4592636],[2.1298766,48.4595505],[2.1335246,48.4583764],[2.1357896,48.4582764]]}},{"type":"Feature","properties":{"sinuosity":0.768,"highway":"secondary"},"geometry":{"type":"LineString","coordinates":[[2.9950103,48.2057419],[2.9945109,48.2057794],[2.9941422,48.2058109],[2.993714,48.2059638],[2.9934005,48.2061863],[2.9928912,48.2068354],[2.9925542,48.2078646],[2.9919019,48.2086521],[2.9917885,48.208967],[2.9922625,48.2104354]]}},{"type":"Feature","properties":{"sinuosity":1,"highway":"trunk_link"},"geometry":{"type":"LineString","coordinates":[[2.452689,48.9788561],[2.4530438,48.9788694],[2.4533574,48.9787975],[2.4535091,48.9787224],[2.4535869,48.9786507],[2.453644,48.9784827],[2.453595,48.9783518],[2.4533106,48.9781749],[2.4528533,48.9781071],[2.4522945,48.9780245]]}},{"type":"Feature","properties":{"sinuosity":1,"highway":"tertiary"},"geometry":{"type":"LineString","coordinates":[[1.7298683,48.4894531],[1.7289732,48.4890863],[1.7286514,48.4888872],[1.7282978,48.4885369],[1.7279755,48.4884037],[1.7276858,48.4884322],[1.7270528,48.4890295],[1.7263661,48.4904374],[1.726291,48.4909209],[1.7265668,48.4915423]]}},{"type":"Feature","properties":{"sinuosity":1,"highway":"tertiary"},"geometry":{"type":"LineString","coordinates":[[3.0845495,49.1593251],[3.0836585,49.1590417],[3.0834491,49.1584613],[3.0834059,49.157402],[3.0825712,49.1573104],[3.0821606,49.1582516],[3.0807347,49.1589708],[3.0780965,49.1586018],[3.0762429,49.1589552],[3.0750825,49.1593621]]}},{"type":"Feature","properties":{"sinuosity":0.716,"highway":"secondary"},"geometry":{"type":"LineString","coordinates":[[1.7561644,48.5184165],[1.7575827,48.5180082],[1.758061,48.5177579],[1.7579764,48.5169544],[1.7582759,48.5166775],[1.7584659,48.5165258],[1.7588405,48.5160827],[1.7597176,48.5158115],[1.7603437,48.5152034],[1.7617929,48.5137242]]}},{"type":"Feature","properties":{"sinuosity":0.7,"highway":"secondary"},"geometry":{"type":"LineString","coordinates":[[1.763048,48.507734],[1.7629026,48.5075365],[1.7628173,48.5074482],[1.7624966,48.5072305],[1.7623678,48.5071813],[1.76194,48.5070451],[1.7602251,48.50659],[1.7600654,48.5065023],[1.7600146,48.5064561],[1.7599504,48.5063565]]}},{"type":"Feature","properties":{"sinuosity":0.911,"highway":"tertiary"},"geometry":{"type":"LineString","coordinates":[[2.2320747,48.645449],[2.2323242,48.6455724],[2.2329189,48.6456329],[2.2333524,48.6456193],[2.2337922,48.6455735],[2.2345669,48.6452066],[2.2349436,48.6450783],[2.2351709,48.6451128],[2.2355148,48.6453719],[2.2358659,48.6460794]]}},{"type":"Feature","properties":{"sinuosity":0.739,"highway":"secondary"},"geometry":{"type":"LineString","coordinates":[[3.1345023,49.1088778],[3.132735,49.1089028],[3.1310607,49.1086982],[3.1291938,49.1083971],[3.1282242,49.1086789],[3.1279105,49.1093458],[3.1269158,49.1098674],[3.1261466,49.1101277],[3.1249102,49.1105085],[3.1222912,49.1104486]]}},{"type":"Feature","properties":{"sinuosity":0.7,"highway":"tertiary"},"geometry":{"type":"LineString","coordinates":[[2.3693618,48.2729911],[2.3693977,48.2724161],[2.3692757,48.272118],[2.3694095,48.27169],[2.3696331,48.2709113],[2.3697147,48.2705305],[2.3695704,48.2698047],[2.3694708,48.2695557],[2.3693581,48.2693741],[2.3689366,48.2684909]]}},{"type":"Feature","properties":{"sinuosity":0.7,"highway":"tertiary"},"geometry":{"type":"LineString","coordinates":[[2.4081558,48.296785],[2.4080068,48.297411],[2.4080424,48.2975983],[2.4079247,48.2978827],[2.4077663,48.2984625],[2.4074604,48.299337],[2.407186,48.3001071],[2.4069041,48.3008931],[2.4065442,48.3014815],[2.4060836,48.3021412]]}},{"type":"Feature","properties":{"sinuosity":0.7,"highway":"tertiary"},"geometry":{"type":"LineString","coordinates":[[3.0606214,48.3372885],[3.0605743,48.3373084],[3.0603695,48.3373918],[3.0602138,48.337404],[3.0595909,48.3371168],[3.0581563,48.3364547],[3.0561448,48.3353437]]}},{"type":"Feature","properties":{"sinuosity":0.716,"highway":"secondary"},"geometry":{"type":"LineString","coordinates":[[2.9349087,48.9015835],[2.9356406,48.9011812],[2.9367614,48.9004401],[2.9379928,48.9000943],[2.9391037,48.8997956],[2.939432,48.8995804],[2.939615,48.8991696],[2.9404572,48.8959399],[2.9409146,48.8952701],[2.9415838,48.8943615]]}},{"type":"Feature","properties":{"sinuosity":0.873,"highway":"tertiary"},"geometry":{"type":"LineString","coordinates":[[2.55099,48.9237592],[2.5508711,48.9239258],[2.5505327,48.9241735],[2.550342,48.9243487],[2.5500853,48.9245139],[2.5499964,48.9245783],[2.5495632,48.9248257],[2.5491421,48.9247624],[2.5486067,48.9245483],[2.5481574,48.9244753]]}},{"type":"Feature","properties":{"sinuosity":0.816,"highway":"tertiary"},"geometry":{"type":"LineString","coordinates":[[3.4236736,48.5903477],[3.4252125,48.5888006],[3.4254277,48.5886038],[3.4257656,48.5879615],[3.4258003,48.5876646],[3.4249824,48.5871454],[3.4247955,48.5870548],[3.4244004,48.5868508],[3.4243387,48.586771],[3.424666,48.5859335]]}},{"type":"Feature","properties":{"sinuosity":0.7,"highway":"tertiary"},"geometry":{"type":"LineString","coordinates":[[2.1636955,49.0113174],[2.1637065,49.0115308],[2.1634796,49.0116758],[2.1629282,49.0117909],[2.1624325,49.0119977],[2.1615758,49.0123887],[2.1609593,49.012518],[2.1606027,49.0127128],[2.1594987,49.0133429],[2.1585723,49.0138753]]}},{"type":"Feature","properties":{"sinuosity":0.781,"highway":"secondary"},"geometry":{"type":"LineString","coordinates":[[1.8884513,48.7789607],[1.8889083,48.7794994],[1.8893009,48.7800042],[1.8897437,48.7802328],[1.8899517,48.7802596],[1.8906551,48.7802715],[1.890903,48.7802473],[1.8910336,48.7802355],[1.8919711,48.7801787],[1.8922943,48.780215]]}},{"type":"Feature","properties":{"sinuosity":0.978,"highway":"secondary"},"geometry":{"type":"LineString","coordinates":[[2.0215557,48.7395572],[2.0229101,48.7400434],[2.0221872,48.7408666],[2.0210574,48.7418842],[2.0203314,48.7422648],[2.0198482,48.7429938],[2.0188693,48.7440978],[2.0188522,48.7445446],[2.0202034,48.745448],[2.0217597,48.7461825]]}},{"type":"Feature","properties":{"sinuosity":0.773,"highway":"secondary"},"geometry":{"type":"LineString","coordinates":[[2.2078305,48.8244069],[2.2073415,48.8248224],[2.2070189,48.8253368],[2.2069342,48.8255423],[2.2067274,48.8257005],[2.2060068,48.8257908],[2.2058039,48.8258029],[2.2054273,48.8258213],[2.2031409,48.8258342],[2.202905,48.8258337]]}},{"type":"Feature","properties":{"sinuosity":0.735,"highway":"primary"},"geometry":{"type":"LineString","coordinates":[[1.849769,48.7907116],[1.8500568,48.7906718],[1.8502202,48.7906105],[1.8504795,48.7904044],[1.8507524,48.7900524],[1.8509334,48.7899517],[1.8510045,48.7899446],[1.8514524,48.7899746],[1.8516355,48.7899522],[1.8520297,48.7898576]]}},{"type":"Feature","properties":{"sinuosity":0.7,"highway":"tertiary"},"geometry":{"type":"LineString","coordinates":[[2.014108,48.8005783],[2.0140988,48.8004877],[2.0140571,48.8000772],[2.0140225,48.799737],[2.0140057,48.7995715],[2.0140041,48.7995561],[2.0139289,48.7988151],[2.0139835,48.7986665],[2.0140936,48.7985441],[2.0145276,48.7982205]]}},{"type":"Feature","properties":{"sinuosity":0.757,"highway":"tertiary"},"geometry":{"type":"LineString","coordinates":[[1.6258353,48.6148365],[1.6261143,48.6148684],[1.6263261,48.6148454],[1.6268009,48.6147372],[1.6270477,48.6147301],[1.6275799,48.6148698],[1.6276151,48.6148857],[1.6279655,48.6151414],[1.6281635,48.6153401],[1.6282869,48.6154253]]}},{"type":"Feature","properties":{"sinuosity":0.782,"highway":"tertiary"},"geometry":{"type":"LineString","coordinates":[[1.5919345,48.6166829],[1.5926641,48.6172834],[1.5939503,48.6184173],[1.5938328,48.6186049],[1.5931302,48.6188161],[1.5930255,48.6188992],[1.5929745,48.6191156],[1.5928242,48.6196818],[1.5925593,48.6208255],[1.5922611,48.6222666]]}},{"type":"Feature","properties":{"sinuosity":0.7,"highway":"tertiary"},"geometry":{"type":"LineString","coordinates":[[2.1381563,48.723758],[2.1383018,48.7232899],[2.1375705,48.7218301],[2.137439,48.7213885],[2.1376553,48.7208879],[2.1379204,48.7203261],[2.138563,48.7183389],[2.1387524,48.7179849],[2.1387633,48.7178525],[2.1389835,48.7176854]]}},{"type":"Feature","properties":{"sinuosity":0.7,"highway":"secondary"},"geometry":{"type":"LineString","coordinates":[[1.8179825,48.7706175],[1.8210241,48.7682647],[1.8215678,48.7679527],[1.8232383,48.7673347],[1.8236398,48.7665765],[1.823722,48.7660174],[1.8241556,48.7652592],[1.8247363,48.764278],[1.8250274,48.7637583],[1.8256596,48.763523]]}},{"type":"Feature","properties":{"sinuosity":0.7,"highway":"tertiary"},"geometry":{"type":"LineString","coordinates":[[2.4842425,48.9359577],[2.4846708,48.9358587],[2.4851377,48.9357589],[2.4856498,48.9356552],[2.4858221,48.9356234],[2.4861613,48.9355632],[2.4868967,48.9356671],[2.4869926,48.9356796],[2.4878032,48.9357204],[2.4881088,48.9356744]]}},{"type":"Feature","properties":{"sinuosity":0.7,"highway":"tertiary"},"geometry":{"type":"LineString","coordinates":[[2.9827305,49.0077587],[2.9823812,49.0077527],[2.9820674,49.0077981],[2.9817741,49.0078879],[2.9815527,49.0080171],[2.9809329,49.008511],[2.9808652,49.0085342],[2.9806047,49.008779],[2.9804149,49.008954]]}},{"type":"Feature","properties":{"sinuosity":0.7,"highway":"tertiary"},"geometry":{"type":"LineString","coordinates":[[2.4745109,48.9275348],[2.4744986,48.9271184],[2.4744633,48.9268453],[2.4744377,48.9268142],[2.4741837,48.926652],[2.4740579,48.9265692],[2.4740148,48.9259362],[2.4740176,48.9258765],[2.4740941,48.9256613],[2.4742959,48.9251711]]}},{"type":"Feature","properties":{"sinuosity":0.7,"highway":"tertiary"},"geometry":{"type":"LineString","coordinates":[[2.4823208,48.9282402],[2.4831319,48.9278306],[2.4832536,48.9277798],[2.4834837,48.927635],[2.485862,48.9263464],[2.486045,48.9262666],[2.4865124,48.9260311],[2.4867268,48.9259378],[2.4873933,48.9255323],[2.487804,48.9253163]]}},{"type":"Feature","properties":{"sinuosity":0.707,"highway":"tertiary"},"geometry":{"type":"LineString","coordinates":[[3.3976747,48.4177227],[3.3985681,48.4187202],[3.3987052,48.4190095],[3.3986735,48.419046],[3.3986121,48.4191167],[3.3981566,48.419432],[3.3981664,48.4195166],[3.398235,48.4196303],[3.4006692,48.4225622],[3.4007525,48.422767]]}},{"type":"Feature","properties":{"sinuosity":0.82,"highway":"motorway_link"},"geometry":{"type":"LineString","coordinates":[[2.4680603,48.9615988],[2.467687,48.9617309],[2.4672626,48.9618471],[2.4666199,48.9617695],[2.466321,48.9615673],[2.4662042,48.9612482],[2.4662496,48.9608619],[2.4662288,48.9601194],[2.464639,48.959125],[2.4632197,48.9582611]]}},{"type":"Feature","properties":{"sinuosity":0.7,"highway":"motorway_link"},"geometry":{"type":"LineString","coordinates":[[2.4678544,48.960278],[2.468736,48.9608036],[2.4687831,48.9608619],[2.4700935,48.9617196]]}},{"type":"Feature","properties":{"sinuosity":0.7,"highway":"primary"},"geometry":{"type":"LineString","coordinates":[[2.4397808,48.9142931],[2.4396229,48.914259],[2.4384462,48.9136952],[2.437264,48.9131332],[2.43698,48.9129976],[2.4369266,48.9129862],[2.4368476,48.9129748],[2.4367039,48.9129677]]}},{"type":"Feature","properties":{"sinuosity":0.782,"highway":"secondary"},"geometry":{"type":"LineString","coordinates":[[1.6009243,49.1635823],[1.6009448,49.1634473],[1.6006031,49.1629905],[1.6002676,49.1625383],[1.5997443,49.1618444],[1.5997591,49.1615077],[1.6005774,49.1608598],[1.601002,49.1604667],[1.6020407,49.1594969],[1.6021263,49.159438]]}},{"type":"Feature","properties":{"sinuosity":0.7,"highway":"tertiary"},"geometry":{"type":"LineString","coordinates":[[3.1671974,48.5108366],[3.1663512,48.5108331],[3.1656855,48.5108304],[3.1652286,48.5108226],[3.1644814,48.5108736],[3.164125,48.5110157],[3.1635462,48.5109456],[3.1629928,48.510836],[3.1628335,48.5107802],[3.1611164,48.510224]]}},{"type":"Feature","properties":{"sinuosity":0.716,"highway":"tertiary"},"geometry":{"type":"LineString","coordinates":[[2.618651,48.9847603],[2.617739,48.9849072],[2.6175223,48.9849711],[2.6169457,48.9852171],[2.6168286,48.9852613],[2.6166825,48.9853632],[2.6165824,48.9853595],[2.6156318,48.9854304],[2.6155845,48.9854237],[2.6154458,48.9853158]]}},{"type":"Feature","properties":{"sinuosity":0.7,"highway":"tertiary"},"geometry":{"type":"LineString","coordinates":[[1.9815898,48.3552686],[1.9825467,48.3546544],[1.984255,48.3532948],[1.9845192,48.3530253],[1.9847256,48.3528192],[1.9852505,48.3523241],[1.9855302,48.3518648],[1.9855587,48.3518177],[1.9856637,48.3517922],[1.9857891,48.3518086]]}},{"type":"Feature","properties":{"sinuosity":0.7,"highway":"secondary"},"geometry":{"type":"LineString","coordinates":[[2.4415443,49.0484297],[2.4415239,49.0485855],[2.4416084,49.0487398],[2.4417778,49.0489299],[2.4421043,49.0491646],[2.4427621,49.0495619],[2.443622,49.0499936],[2.4442836,49.0502926],[2.4444577,49.0503433],[2.4445657,49.0503589]]}},{"type":"Feature","properties":{"sinuosity":0.939,"highway":"trunk_link"},"geometry":{"type":"LineString","coordinates":[[2.7981108,49.1408765],[2.7982938,49.1409543],[2.798455,49.1409749],[2.798812,49.1408961],[2.7989202,49.1408153],[2.7989925,49.1406952],[2.7990043,49.1405651],[2.798904,49.1398837],[2.7988678,49.1396327],[2.7989225,49.1395752]]}},{"type":"Feature","properties":{"sinuosity":0.7,"highway":"secondary"},"geometry":{"type":"LineString","coordinates":[[2.2799594,48.432376],[2.2764801,48.4318612],[2.2747604,48.4315208],[2.2740971,48.4314065],[2.2738355,48.431361],[2.2731849,48.4313009],[2.2729474,48.4311939],[2.2726426,48.4311151],[2.2718867,48.4310121],[2.271505,48.430904]]}},{"type":"Feature","properties":{"sinuosity":0.7,"highway":"secondary"},"geometry":{"type":"LineString","coordinates":[[2.5781297,48.7981424],[2.5774088,48.7990098],[2.5769508,48.7995637],[2.5759817,48.8007125],[2.5759015,48.8008091],[2.5758156,48.8009169],[2.5757666,48.80094],[2.5756852,48.8009699],[2.5755422,48.8010138],[2.5754177,48.8011018]]}},{"type":"Feature","properties":{"sinuosity":0.78,"highway":"tertiary"},"geometry":{"type":"LineString","coordinates":[[2.2919019,48.4481576],[2.2919315,48.4479805],[2.2921737,48.4476458],[2.2925355,48.4473705],[2.2928179,48.447383],[2.2936208,48.4475162],[2.294064,48.4475995],[2.2953278,48.447847],[2.2974565,48.4482173],[2.2981808,48.4483124]]}},{"type":"Feature","properties":{"sinuosity":0.735,"highway":"tertiary"},"geometry":{"type":"LineString","coordinates":[[2.291474,48.4501958],[2.2914036,48.4495713],[2.2912359,48.4491546],[2.2912173,48.4491143],[2.2912476,48.4490269],[2.2913106,48.4489821],[2.2916253,48.4487663],[2.2918142,48.448631],[2.2920275,48.4484578],[2.2920604,48.4483766]]}},{"type":"Feature","properties":{"sinuosity":0.704,"highway":"secondary"},"geometry":{"type":"LineString","coordinates":[[2.2337166,48.3869152],[2.2333979,48.3861828],[2.2332558,48.3860665],[2.232314,48.3859376],[2.2315955,48.3856932],[2.2314097,48.3852738],[2.2308586,48.384699],[2.230278,48.384174],[2.2294293,48.3835451],[2.2289476,48.3832524]]}},{"type":"Feature","properties":{"sinuosity":0.942,"highway":"trunk_link"},"geometry":{"type":"LineString","coordinates":[[2.1361281,49.0475329],[2.1359926,49.0477581],[2.1355591,49.0483645],[2.1355351,49.0484074],[2.135525,49.0484489],[2.1355358,49.0485208],[2.1355659,49.0485607],[2.1356023,49.0485887],[2.1357267,49.0486438],[2.1394964,49.0493629]]}},{"type":"Feature","properties":{"sinuosity":0.941,"highway":"trunk_link"},"geometry":{"type":"LineString","coordinates":[[2.1329624,49.0478351],[2.1336363,49.0480743],[2.1346501,49.0484096],[2.1347545,49.0484362],[2.1349944,49.0484606],[2.1350942,49.0484538],[2.1352615,49.0484082],[2.1353194,49.0483694],[2.135563,49.0480083],[2.1360159,49.0474958]]}},{"type":"Feature","properties":{"sinuosity":0.852,"highway":"tertiary"},"geometry":{"type":"LineString","coordinates":[[3.243214,48.5136848],[3.2429893,48.5136152],[3.242587,48.512844],[3.2424822,48.5124094],[3.2410401,48.5122411],[3.2400354,48.5120703],[3.2392659,48.5120424],[3.2381471,48.5124765],[3.2364173,48.5127632],[3.2359936,48.5128564]]}},{"type":"Feature","properties":{"sinuosity":0.822,"highway":"secondary"},"geometry":{"type":"LineString","coordinates":[[2.2990903,48.3857916],[2.2993094,48.3859914],[2.3003107,48.3867029],[2.300499,48.3867966],[2.3010417,48.3869388],[2.3012334,48.3869467],[2.302115,48.3867206],[2.3026202,48.3865009],[2.3036217,48.3861322],[2.3045165,48.3859215]]}},{"type":"Feature","properties":{"sinuosity":0.7,"highway":"secondary"},"geometry":{"type":"LineString","coordinates":[[2.2845684,48.7911183],[2.2847011,48.7911142],[2.2848387,48.7911116],[2.2851714,48.7910903],[2.285293,48.7910966],[2.2860472,48.7909397],[2.2865596,48.7908156],[2.2868406,48.7907708],[2.2877608,48.7906705],[2.287886,48.7906568]]}},{"type":"Feature","properties":{"sinuosity":0.731,"highway":"secondary"},"geometry":{"type":"LineString","coordinates":[[2.3490881,48.295279],[2.3494458,48.2952927],[2.3507768,48.2952994],[2.3514921,48.2954105],[2.3522284,48.2953689],[2.3524307,48.2953711],[2.3528967,48.2954903],[2.3536065,48.2957831],[2.3537986,48.2962101],[2.3542739,48.2962442]]}},{"type":"Feature","properties":{"sinuosity":0.708,"highway":"tertiary"},"geometry":{"type":"LineString","coordinates":[[2.3289878,48.2849695],[2.3290342,48.2843114],[2.3289826,48.2839483],[2.3290577,48.2833271],[2.3291369,48.2830969],[2.3292062,48.2830688],[2.3295053,48.282961],[2.3296109,48.2828652],[2.3296022,48.2827105],[2.3295061,48.2825226]]}},{"type":"Feature","properties":{"sinuosity":0.709,"highway":"tertiary"},"geometry":{"type":"LineString","coordinates":[[2.226483,49.0414025],[2.2261522,49.0415537],[2.2256086,49.0414715],[2.2253521,49.0414176],[2.2250339,49.0413401],[2.2238995,49.0408935],[2.2229633,49.0402294],[2.2225839,49.0399411],[2.2217848,49.0397687],[2.2212285,49.0397063]]}},{"type":"Feature","properties":{"sinuosity":0.628,"highway":"secondary"},"geometry":{"type":"LineString","coordinates":[[3.318138,48.5694816],[3.3179593,48.569031],[3.3171782,48.5680995],[3.315968,48.5673271],[3.3153071,48.5667421],[3.3150072,48.5661074],[3.3143715,48.5656004],[3.3139338,48.5650551],[3.3132915,48.5642159],[3.313024,48.56401]]}},{"type":"Feature","properties":{"sinuosity":0.768,"highway":"tertiary"},"geometry":{"type":"LineString","coordinates":[[3.3253093,48.8489413],[3.3253446,48.8497227],[3.3254034,48.8502952],[3.3253446,48.8511926],[3.3243806,48.8516181],[3.3224993,48.8520468],[3.3199812,48.8532816],[3.3187491,48.8541724],[3.31867,48.8543189],[3.3187983,48.8546625]]}},{"type":"Feature","properties":{"sinuosity":0.7,"highway":"tertiary"},"geometry":{"type":"LineString","coordinates":[[2.2189082,49.192945],[2.2187059,49.1929076],[2.2182932,49.1927155],[2.2180414,49.1925816],[2.2178172,49.1923531],[2.2175793,49.1920535],[2.2175037,49.1919704],[2.216651,49.1915062],[2.2162917,49.1912834],[2.2159597,49.1911087]]}},{"type":"Feature","properties":{"sinuosity":0.866,"highway":"secondary"},"geometry":{"type":"LineString","coordinates":[[3.3381082,48.8592869],[3.3406458,48.8593639],[3.341881,48.859402],[3.3422484,48.8594744],[3.3426588,48.8596314],[3.3431123,48.8601271],[3.3431435,48.8604054],[3.3431094,48.8605843],[3.3430383,48.8607265],[3.3429262,48.8609131]]}},{"type":"Feature","properties":{"sinuosity":0.672,"highway":"secondary"},"geometry":{"type":"LineString","coordinates":[[2.1784793,49.2150534],[2.1796699,49.2148308],[2.1802968,49.2144959],[2.1811766,49.2137811],[2.1832629,49.2132174],[2.1853049,49.2127847],[2.1867098,49.2122677],[2.1877485,49.2117459],[2.1891905,49.2106079],[2.189922,49.21024]]}},{"type":"Feature","properties":{"sinuosity":0.7,"highway":"tertiary"},"geometry":{"type":"LineString","coordinates":[[2.6960524,48.942125],[2.6961062,48.9421748],[2.6961746,48.9422402],[2.6963231,48.9424666],[2.6964885,48.9427188],[2.6965023,48.9428407],[2.6965022,48.9433618],[2.6964906,48.943632],[2.6961349,48.9442183],[2.6960101,48.9445262]]}},{"type":"Feature","properties":{"sinuosity":0.7,"highway":"tertiary"},"geometry":{"type":"LineString","coordinates":[[2.2826095,48.6594724],[2.2827577,48.6594337],[2.2829291,48.6593422],[2.2830865,48.6592582],[2.2831543,48.6592455],[2.283885,48.6590398],[2.283967,48.6590166],[2.2847093,48.6588064],[2.2849082,48.6587496],[2.2852446,48.6586536]]}},{"type":"Feature","properties":{"sinuosity":0.753,"highway":"tertiary"},"geometry":{"type":"LineString","coordinates":[[2.5713332,48.7262841],[2.5711622,48.7265857],[2.5709754,48.727549],[2.5707994,48.7284477],[2.5705815,48.7295535],[2.5703854,48.7301203],[2.5700316,48.7303397],[2.5680735,48.7307608],[2.567848,48.7309893],[2.5678436,48.7310473]]}},{"type":"Feature","properties":{"sinuosity":0.701,"highway":"secondary"},"geometry":{"type":"LineString","coordinates":[[2.3108976,48.708511],[2.3110595,48.7086557],[2.3112323,48.7088918],[2.311376,48.7093274],[2.3113716,48.7094339],[2.3113581,48.7095404],[2.3112605,48.7099028],[2.3110096,48.7108474],[2.3108122,48.7110796],[2.3105611,48.711274]]}},{"type":"Feature","properties":{"sinuosity":0.759,"highway":"tertiary"},"geometry":{"type":"LineString","coordinates":[[3.1458329,49.0656352],[3.1452446,49.0660247],[3.1446641,49.06702],[3.1442564,49.067259],[3.1428832,49.0673433],[3.1397718,49.0676245],[3.138892,49.0682431],[3.138333,49.0693419],[3.1376672,49.0703127],[3.1368106,49.0711249]]}},{"type":"Feature","properties":{"sinuosity":0.731,"highway":"secondary"},"geometry":{"type":"LineString","coordinates":[[2.1301409,48.495304],[2.1301724,48.4955095],[2.130267,48.4956092],[2.1305497,48.4957394],[2.1312872,48.4960058],[2.1317291,48.4962395],[2.1321239,48.4965808],[2.1321665,48.4968192],[2.1320989,48.4973591],[2.1320418,48.4975226]]}},{"type":"Feature","properties":{"sinuosity":0.7,"highway":"tertiary"},"geometry":{"type":"LineString","coordinates":[[2.1210882,48.6979977],[2.1181668,48.6982517],[2.117154,48.6983388],[2.1164705,48.6981019],[2.1155101,48.6980601],[2.114273,48.6979654],[2.1128139,48.6981177],[2.1115709,48.6984541],[2.1090939,48.6981842],[2.1081354,48.6981524]]}},{"type":"Feature","properties":{"sinuosity":0.753,"highway":"tertiary"},"geometry":{"type":"LineString","coordinates":[[1.6216055,48.6643969],[1.6212976,48.6644445],[1.6209284,48.6644079],[1.6203766,48.6641954],[1.6197943,48.6635095],[1.6191857,48.6629795],[1.6189105,48.6628479],[1.6186165,48.6627692],[1.6180198,48.6627268],[1.6165482,48.6627942]]}},{"type":"Feature","properties":{"sinuosity":0.7,"highway":"tertiary"},"geometry":{"type":"LineString","coordinates":[[3.2208784,48.9784622],[3.2208804,48.9785526],[3.2209375,48.9786323],[3.2209884,48.9786683],[3.2211206,48.9787169],[3.2214918,48.9788352],[3.2220923,48.9789998],[3.222512,48.9791076],[3.2232226,48.9792974],[3.2236447,48.9794071]]}},{"type":"Feature","properties":{"sinuosity":0.7,"highway":"secondary"},"geometry":{"type":"LineString","coordinates":[[2.4026179,49.0025062],[2.4027316,49.0024579],[2.4027729,49.0024508],[2.4028178,49.0024496],[2.402864,49.0024335],[2.4028809,49.0024276],[2.4045756,49.0020089],[2.4055535,49.0017691],[2.4056981,49.0017239],[2.4058082,49.0016866]]}},{"type":"Feature","properties":{"sinuosity":0.7,"highway":"secondary"},"geometry":{"type":"LineString","coordinates":[[2.4058553,49.0017702],[2.4055943,49.0018181],[2.4032066,49.0024067],[2.4030017,49.0024654],[2.4028943,49.0025051],[2.4028794,49.0025392],[2.402838,49.002568],[2.4026705,49.0026512],[2.4025215,49.0027244],[2.4024256,49.0027294]]}},{"type":"Feature","properties":{"sinuosity":0.7,"highway":"tertiary"},"geometry":{"type":"LineString","coordinates":[[2.4679533,48.8031675],[2.4680222,48.8029013],[2.4678524,48.8023682],[2.4677275,48.8021034],[2.4674395,48.8015447],[2.4671697,48.801093],[2.4669775,48.8007629],[2.4665335,48.8002186],[2.4665045,48.800184],[2.4664106,48.8000719]]}},{"type":"Feature","properties":{"sinuosity":0.777,"highway":"tertiary"},"geometry":{"type":"LineString","coordinates":[[1.9443937,48.2777755],[1.944511,48.2780054],[1.9447007,48.2782118],[1.944828,48.2784271],[1.9448814,48.2789012],[1.9449257,48.2790274],[1.945029,48.2791558],[1.9452674,48.2792931],[1.9454656,48.2793181],[1.9461336,48.2793705]]}},{"type":"Feature","properties":{"sinuosity":0.7,"highway":"tertiary"},"geometry":{"type":"LineString","coordinates":[[2.608263,48.9450182],[2.6083377,48.9447638],[2.608502,48.9445135],[2.6086483,48.9444807],[2.6090635,48.9444707],[2.6092206,48.9443673],[2.6094772,48.9440861],[2.6099546,48.9436227],[2.6107014,48.9428942],[2.6113908,48.9422167]]}},{"type":"Feature","properties":{"sinuosity":0.754,"highway":"tertiary"},"geometry":{"type":"LineString","coordinates":[[1.9520705,49.2219819],[1.9534776,49.2211988],[1.9541594,49.221203],[1.9553289,49.2218382],[1.9557202,49.2220293],[1.9561733,49.2220999],[1.9585799,49.2219758],[1.9589741,49.2219617],[1.9620486,49.2232706],[1.9639165,49.2240732]]}},{"type":"Feature","properties":{"sinuosity":0.681,"highway":"tertiary"},"geometry":{"type":"LineString","coordinates":[[1.9441137,49.224626],[1.9447092,49.2246837],[1.9454122,49.2245381],[1.9462367,49.2240475],[1.9465903,49.2239743],[1.9472424,49.2239567],[1.9479841,49.2236753],[1.9487478,49.2233091],[1.9502918,49.2229385],[1.9520705,49.2219819]]}},{"type":"Feature","properties":{"sinuosity":0.866,"highway":"secondary"},"geometry":{"type":"LineString","coordinates":[[1.9661123,49.2195473],[1.9661408,49.2201004],[1.9658594,49.2205898],[1.9645145,49.2219406],[1.9645117,49.2223745],[1.9647109,49.222671],[1.9651362,49.2229897],[1.9660365,49.2232125],[1.9663603,49.2233422],[1.966355,49.2235353]]}},{"type":"Feature","properties":{"sinuosity":0.745,"highway":"tertiary"},"geometry":{"type":"LineString","coordinates":[[1.8587523,49.1628818],[1.8593449,49.1636031],[1.8596824,49.1638035],[1.8599605,49.163779],[1.8608317,49.1637516],[1.8619152,49.1637528],[1.8625349,49.1636995],[1.8628698,49.1637195],[1.8634465,49.1637866],[1.8642411,49.1638198]]}},{"type":"Feature","properties":{"sinuosity":0.7,"highway":"secondary"},"geometry":{"type":"LineString","coordinates":[[1.8071865,49.2225303],[1.8073046,49.2215383],[1.8073287,49.221399],[1.8073409,49.2212692],[1.8073328,49.2212125],[1.8071665,49.220827],[1.807057,49.2206178],[1.8069668,49.2203272],[1.8070062,49.2202327],[1.8071088,49.2200726]]}},{"type":"Feature","properties":{"sinuosity":0.725,"highway":"tertiary"},"geometry":{"type":"LineString","coordinates":[[2.0863339,49.0500422],[2.086644,49.0498906],[2.087434,49.0493603],[2.0880794,49.0494117],[2.0887079,49.0495097],[2.0891987,49.0495877],[2.0894806,49.049631],[2.0899084,49.0496892],[2.0907763,49.049729],[2.091737,49.049773]]}},{"type":"Feature","properties":{"sinuosity":0.761,"highway":"motorway_link"},"geometry":{"type":"LineString","coordinates":[[2.4482897,48.8043272],[2.44812,48.803923],[2.447902,48.8033984],[2.447739,48.8030185],[2.4476156,48.8028381],[2.447568,48.8027986],[2.4474024,48.8027244],[2.4471697,48.8026952],[2.4470425,48.8026956],[2.4467974,48.8027041]]}},{"type":"Feature","properties":{"sinuosity":0.648,"highway":"tertiary"},"geometry":{"type":"LineString","coordinates":[[1.7450027,49.2087101],[1.7451069,49.2089766],[1.7459146,49.2098666],[1.7465412,49.2103309],[1.7468802,49.2108268],[1.747262,49.2120719],[1.7471163,49.2127332],[1.7484359,49.2141489],[1.7493586,49.2154945],[1.7500072,49.2178035]]}},{"type":"Feature","properties":{"sinuosity":0.736,"highway":"tertiary"},"geometry":{"type":"LineString","coordinates":[[1.735262,49.2027984],[1.7357449,49.2028144],[1.736126,49.2028572],[1.736241,49.2029062],[1.73635,49.202981],[1.7364255,49.2031117],[1.7365845,49.2034074],[1.7366576,49.2034725],[1.7372087,49.2035973],[1.7378574,49.2037175]]}},{"type":"Feature","properties":{"sinuosity":0.7,"highway":"tertiary"},"geometry":{"type":"LineString","coordinates":[[1.757336,49.2359901],[1.7580119,49.2365365],[1.7580615,49.2366512],[1.7580469,49.2367777],[1.7578885,49.237329],[1.7576466,49.2382647],[1.7575411,49.2388282],[1.7574118,49.2397453],[1.7574085,49.2400067]]}},{"type":"Feature","properties":{"sinuosity":0.712,"highway":"tertiary"},"geometry":{"type":"LineString","coordinates":[[1.7330533,49.2419324],[1.7333723,49.2418718],[1.7338214,49.2417651],[1.7342813,49.2417665],[1.7345232,49.2418291],[1.7348804,49.2419634],[1.7353024,49.2420495],[1.7358978,49.2419829],[1.7365277,49.2417187],[1.7369348,49.2415838]]}},{"type":"Feature","properties":{"sinuosity":0.7,"highway":"secondary"},"geometry":{"type":"LineString","coordinates":[[2.5395943,48.8945072],[2.5395264,48.8945106],[2.5394693,48.8945167],[2.5374232,48.8947204],[2.537322,48.8947305],[2.5370654,48.8947532],[2.5368553,48.894767],[2.5367102,48.8947812],[2.5366701,48.8948147],[2.5366524,48.8948521]]}},{"type":"Feature","properties":{"sinuosity":0.7,"highway":"secondary"},"geometry":{"type":"LineString","coordinates":[[2.0884694,48.4784061],[2.0886353,48.4785328],[2.0892505,48.4789984],[2.089271,48.479039],[2.089181,48.4793663],[2.0891041,48.4796459],[2.0890304,48.4799152],[2.0889108,48.4808052],[2.0888357,48.4813952],[2.0889191,48.4819117]]}},{"type":"Feature","properties":{"sinuosity":0.7,"highway":"tertiary"},"geometry":{"type":"LineString","coordinates":[[2.1268334,48.725698],[2.1268978,48.7256976],[2.1269579,48.7257093],[2.1271169,48.7257963],[2.1271567,48.7258204],[2.1272518,48.7258585],[2.1273156,48.7258798],[2.1290207,48.7260666],[2.1314701,48.7263403],[2.1315282,48.7263558]]}},{"type":"Feature","properties":{"sinuosity":0.732,"highway":"tertiary"},"geometry":{"type":"LineString","coordinates":[[2.1193457,48.7274401],[2.1192303,48.7273348],[2.1191528,48.7270762],[2.1191717,48.7269882],[2.1192716,48.7268139],[2.1211059,48.7256545],[2.1218632,48.7254439],[2.1224653,48.7253101],[2.1232258,48.7249886],[2.1238636,48.7240981]]}},{"type":"Feature","properties":{"sinuosity":0.7,"highway":"secondary"},"geometry":{"type":"LineString","coordinates":[[2.4718061,48.4029744],[2.4718131,48.4027281],[2.4718154,48.4025239],[2.4718197,48.4024085],[2.4718219,48.4022228],[2.4718242,48.4019045],[2.4718225,48.4015262],[2.4718215,48.4013182],[2.4718144,48.4008702],[2.4717834,48.4007742]]}},{"type":"Feature","properties":{"sinuosity":0.7,"highway":"secondary"},"geometry":{"type":"LineString","coordinates":[[2.2462836,48.4751548],[2.2462039,48.4750851],[2.2461008,48.4750241],[2.2458234,48.4749635],[2.2455595,48.4749496],[2.2452261,48.4749274],[2.2450185,48.4748973],[2.2438245,48.474519],[2.2435998,48.4745007],[2.243382,48.4744878]]}},{"type":"Feature","properties":{"sinuosity":0.723,"highway":"secondary"},"geometry":{"type":"LineString","coordinates":[[2.2508709,48.4743774],[2.2510263,48.4742168],[2.2512692,48.474124],[2.2515952,48.4740372],[2.251837,48.474021],[2.2520754,48.474057],[2.2525783,48.4741914],[2.2529639,48.4742708],[2.2535265,48.4743486],[2.254101,48.4743865]]}},{"type":"Feature","properties":{"sinuosity":0.862,"highway":"secondary"},"geometry":{"type":"LineString","coordinates":[[2.3710721,48.7160951],[2.3714076,48.7161011],[2.3722847,48.716123],[2.372459,48.7161253],[2.3725224,48.7161212],[2.3725595,48.7161113],[2.3726181,48.7160577],[2.3729798,48.7153522],[2.3730187,48.7152678],[2.3730772,48.7150886]]}},{"type":"Feature","properties":{"sinuosity":0.7,"highway":"tertiary"},"geometry":{"type":"LineString","coordinates":[[1.8507396,49.1647766],[1.8506604,49.1648599],[1.8504089,49.164962],[1.850261,49.1649834],[1.8500907,49.1649847],[1.8490518,49.1649962],[1.8489535,49.1650016],[1.8484796,49.165048],[1.8479151,49.1651588],[1.84779,49.165218]]}},{"type":"Feature","properties":{"sinuosity":0.7,"highway":"tertiary"},"geometry":{"type":"LineString","coordinates":[[1.8461089,49.1678553],[1.8459977,49.1679431],[1.8453766,49.168329],[1.8450388,49.1685135],[1.8446271,49.1687125],[1.8444466,49.1688872],[1.8443746,49.1690089],[1.8443353,49.1693121],[1.8440401,49.1698302],[1.8438675,49.170112]]}},{"type":"Feature","properties":{"sinuosity":0.7,"highway":"secondary"},"geometry":{"type":"LineString","coordinates":[[2.1274219,49.0048473],[2.1273438,49.0049142],[2.127283,49.0049684],[2.1271822,49.0050177],[2.1262805,49.0052845],[2.1261992,49.0053244],[2.125989,49.0054472],[2.1255933,49.0056785],[2.1254009,49.0057892],[2.1249891,49.0060235]]}},{"type":"Feature","properties":{"sinuosity":0.725,"highway":"secondary"},"geometry":{"type":"LineString","coordinates":[[3.2778303,49.0150332],[3.2783644,49.0157915],[3.2780309,49.016626],[3.2778441,49.01695],[3.2772637,49.0176857],[3.276589,49.017989],[3.2741697,49.0190323],[3.2735507,49.0204713],[3.2730423,49.0209837],[3.2711781,49.0220915]]}},{"type":"Feature","properties":{"sinuosity":0.7,"highway":"secondary"},"geometry":{"type":"LineString","coordinates":[[2.1867836,48.8249344],[2.1870277,48.8251097],[2.1870762,48.8251458],[2.1873029,48.8253172],[2.1874274,48.8254356],[2.1875087,48.8256134],[2.1877376,48.8260748],[2.1879567,48.8262257],[2.1882368,48.8264038],[2.1883372,48.8264921]]}},{"type":"Feature","properties":{"sinuosity":1,"highway":"motorway_link"},"geometry":{"type":"LineString","coordinates":[[2.2373472,48.975954],[2.238346,48.9757583],[2.2391961,48.9755884],[2.2396435,48.9753598],[2.2397281,48.9751735],[2.2397069,48.9749978],[2.2395825,48.9748441],[2.2391271,48.9747004],[2.2388122,48.9747144],[2.2380406,48.9749065]]}},{"type":"Feature","properties":{"sinuosity":0.75,"highway":"tertiary"},"geometry":{"type":"LineString","coordinates":[[3.2445561,49.0550215],[3.2435966,49.0549164],[3.2425732,49.0546716],[3.2419588,49.0540999],[3.2411669,49.0540789],[3.2399573,49.0541714],[3.239471,49.0541628],[3.2392201,49.0542092],[3.2379525,49.0546979],[3.2362526,49.054837]]}},{"type":"Feature","properties":{"sinuosity":1,"highway":"tertiary"},"geometry":{"type":"LineString","coordinates":[[3.3483202,48.9443104],[3.3482098,48.944035],[3.3488081,48.9433545],[3.3489716,48.943023],[3.3486907,48.9428119],[3.34796,48.9429113],[3.3463531,48.9438016],[3.3450092,48.944136],[3.3430405,48.9452981],[3.3412214,48.9476303]]}},{"type":"Feature","properties":{"sinuosity":0.7,"highway":"tertiary"},"geometry":{"type":"LineString","coordinates":[[3.3412214,48.9476303],[3.3407977,48.9477694],[3.3389785,48.9482604],[3.338194,48.9488088],[3.337994,48.9489476],[3.3377029,48.9490242],[3.333569,48.9491107]]}},{"type":"Feature","properties":{"sinuosity":0.874,"highway":"tertiary"},"geometry":{"type":"LineString","coordinates":[[2.6598624,48.5444279],[2.6599527,48.5445215],[2.6606831,48.5452269],[2.6610249,48.5455701],[2.6611168,48.5456158],[2.6611999,48.5456145],[2.6613008,48.5455802],[2.6618769,48.545376],[2.6619421,48.5453545],[2.6620366,48.5453255]]}},{"type":"Feature","properties":{"sinuosity":0.717,"highway":"secondary"},"geometry":{"type":"LineString","coordinates":[[2.1978207,48.8466002],[2.1979041,48.8467987],[2.1979103,48.8471302],[2.1979114,48.847197],[2.1979503,48.8472983],[2.1980254,48.8473733],[2.198165,48.8474664],[2.1986015,48.8476777],[2.1991889,48.8479442],[2.1994486,48.8481144]]}},{"type":"Feature","properties":{"sinuosity":0.75,"highway":"secondary"},"geometry":{"type":"LineString","coordinates":[[2.1994486,48.8481144],[2.1990189,48.8479408],[2.1987416,48.8478324],[2.1983539,48.8476488],[2.1979979,48.8474699],[2.1978222,48.847319],[2.197792,48.8472334],[2.1977855,48.8471489],[2.1978298,48.8467912],[2.1978207,48.8466002]]}},{"type":"Feature","properties":{"sinuosity":0.7,"highway":"motorway_link"},"geometry":{"type":"LineString","coordinates":[[2.4716703,48.9621416],[2.4719206,48.9620652],[2.4721995,48.9619472],[2.4723363,48.9618556],[2.4725455,48.9616416],[2.4730156,48.9608208],[2.4731309,48.9605337],[2.473154,48.9604244],[2.4731724,48.9600838],[2.4732526,48.9598447]]}},{"type":"Feature","properties":{"sinuosity":1,"highway":"motorway_link"},"geometry":{"type":"LineString","coordinates":[[2.4697252,48.9613547],[2.470384,48.9617764],[2.4711848,48.9620275],[2.4716075,48.9620083],[2.4719976,48.9618703],[2.472619,48.9611978],[2.4727125,48.9609484],[2.4726143,48.9607034],[2.4721352,48.960433],[2.4710132,48.9601282]]}},{"type":"Feature","properties":{"sinuosity":0.7,"highway":"tertiary"},"geometry":{"type":"LineString","coordinates":[[2.7030503,48.8857292],[2.7033857,48.885554],[2.703777,48.8854727],[2.704889,48.8852545],[2.7061756,48.8850137],[2.7065684,48.8849218],[2.706735,48.8847665],[2.7069976,48.8845203],[2.7072791,48.8844676],[2.707632,48.8845185]]}},{"type":"Feature","properties":{"sinuosity":1,"highway":"tertiary"},"geometry":{"type":"LineString","coordinates":[[2.6915192,48.9148414],[2.6920841,48.9152508],[2.6930761,48.9154795],[2.6942975,48.9153672],[2.6946683,48.9149841],[2.6945989,48.9138739],[2.6950413,48.9118929],[2.695782,48.9107515],[2.696497,48.9098904],[2.6993871,48.9103285]]}},{"type":"Feature","properties":{"sinuosity":0.758,"highway":"tertiary"},"geometry":{"type":"LineString","coordinates":[[2.6993871,48.9103285],[2.699663,48.9103515],[2.6998217,48.9103361],[2.7012909,48.9098907],[2.7014319,48.9098595],[2.7022038,48.9099579],[2.7023386,48.909967],[2.7025859,48.9098929],[2.703563,48.9087898],[2.7046263,48.9073119]]}},{"type":"Feature","properties":{"sinuosity":0.7,"highway":"tertiary"},"geometry":{"type":"LineString","coordinates":[[2.7191569,48.9246437],[2.7191461,48.924526],[2.7192329,48.9240748],[2.7191722,48.9239666],[2.7189787,48.9237964],[2.7183089,48.9232148],[2.7173443,48.9222123],[2.7171734,48.9220028],[2.7169473,48.9218271],[2.7168092,48.9216203]]}},{"type":"Feature","properties":{"sinuosity":0.728,"highway":"tertiary"},"geometry":{"type":"LineString","coordinates":[[2.344971,48.9399876],[2.345154,48.9400167],[2.3459209,48.9407099],[2.3461967,48.9409682],[2.3466368,48.9414049],[2.3469383,48.9419877],[2.3474556,48.9422461],[2.3478271,48.9422761],[2.348908,48.9423893],[2.3493012,48.9424676]]}},{"type":"Feature","properties":{"sinuosity":1,"highway":"primary"},"geometry":{"type":"LineString","coordinates":[[2.0078999,48.6856138],[2.0103931,48.6860902],[2.0111866,48.6858647],[2.0122011,48.6851552],[2.0127033,48.6850159],[2.0133663,48.6851088],[2.0136676,48.6853807],[2.0137681,48.6859311],[2.0141096,48.6885503],[2.0146125,48.6899983]]}},{"type":"Feature","properties":{"sinuosity":1,"highway":"tertiary"},"geometry":{"type":"LineString","coordinates":[[2.1066107,48.6941543],[2.1061568,48.6940858],[2.1056335,48.6941502],[2.1050382,48.6942718],[2.1044693,48.6942685],[2.1042111,48.6940102],[2.1043789,48.6937117],[2.1047225,48.6936108],[2.1055069,48.6935012],[2.1060594,48.6932027]]}},{"type":"Feature","properties":{"sinuosity":1,"highway":"motorway_link"},"geometry":{"type":"LineString","coordinates":[[2.1068866,49.0322879],[2.1066355,49.0322648],[2.1063798,49.0323048],[2.1062089,49.0324031],[2.1061298,49.0324922],[2.1060936,49.0326877],[2.106137,49.0327803],[2.1063066,49.0329261],[2.1065651,49.0329907],[2.107559,49.0329173]]}},{"type":"Feature","properties":{"sinuosity":0.704,"highway":"tertiary"},"geometry":{"type":"LineString","coordinates":[[2.0487151,48.681773],[2.0487831,48.6817449],[2.0489679,48.681716],[2.0493661,48.681688],[2.0495578,48.6816662],[2.0496277,48.6816413],[2.0496657,48.6816109],[2.0507223,48.6805226],[2.0507916,48.6804514],[2.0509991,48.6803196]]}},{"type":"Feature","properties":{"sinuosity":0.782,"highway":"secondary"},"geometry":{"type":"LineString","coordinates":[[2.5181675,48.9942888],[2.517782,48.9940499],[2.5175802,48.9939569],[2.5174232,48.9939161],[2.5172668,48.9939016],[2.5169132,48.9939706],[2.5166696,48.9940529],[2.5163558,48.9941601],[2.516048,48.9942746],[2.5156272,48.9944311]]}},{"type":"Feature","properties":{"sinuosity":0.718,"highway":"tertiary"},"geometry":{"type":"LineString","coordinates":[[3.3000358,48.4354733],[3.3008529,48.4357652],[3.3041299,48.4366104],[3.3072561,48.4367772],[3.3085624,48.4369366],[3.310257,48.4372378],[3.3103919,48.4374321],[3.3104479,48.4380718],[3.3112146,48.4385433],[3.3118036,48.4389996]]}},{"type":"Feature","properties":{"sinuosity":0.7,"highway":"secondary"},"geometry":{"type":"LineString","coordinates":[[2.3233974,48.6672427],[2.3232771,48.6671976],[2.3225598,48.6668475],[2.3218824,48.6664037],[2.3209741,48.6656922],[2.3204662,48.6653423],[2.320171,48.665098],[2.3199107,48.6648673],[2.3197902,48.6647222],[2.3196037,48.6644608]]}},{"type":"Feature","properties":{"sinuosity":0.706,"highway":"tertiary"},"geometry":{"type":"LineString","coordinates":[[2.2393915,48.9046235],[2.2395515,48.9046471],[2.239876,48.9046949],[2.2399972,48.9046919],[2.240214,48.9045558],[2.2403544,48.9044633],[2.2411972,48.9039468],[2.2421634,48.9032168],[2.2423362,48.9030372],[2.2426021,48.9027735]]}},{"type":"Feature","properties":{"sinuosity":0.885,"highway":"tertiary"},"geometry":{"type":"LineString","coordinates":[[3.2087598,48.437663],[3.2087428,48.437996],[3.2088673,48.4381563],[3.2089585,48.4384341],[3.2088915,48.4386627],[3.2088071,48.4388131],[3.2085303,48.4392134],[3.2087163,48.4393127],[3.208867,48.4393507],[3.2098235,48.4395683]]}},{"type":"Feature","properties":{"sinuosity":0.805,"highway":"motorway_link"},"geometry":{"type":"LineString","coordinates":[[2.5649887,49.1343834],[2.5649767,49.1343171],[2.5646083,49.1337667],[2.564471,49.1335836],[2.5642325,49.1333569],[2.5640842,49.1332897],[2.5637885,49.133217],[2.5636531,49.1332097],[2.5633027,49.1332582],[2.5631471,49.1333038]]}},{"type":"Feature","properties":{"sinuosity":0.718,"highway":"tertiary"},"geometry":{"type":"LineString","coordinates":[[1.9880696,48.2857645],[1.9878927,48.2857634],[1.9872919,48.2855135],[1.987131,48.2853493],[1.9872919,48.284821],[1.9873134,48.2846139],[1.9863371,48.282722],[1.9839767,48.2781525],[1.9835583,48.2780097],[1.9828716,48.2780311]]}},{"type":"Feature","properties":{"sinuosity":0.877,"highway":"secondary"},"geometry":{"type":"LineString","coordinates":[[2.6898419,48.8841117],[2.6904324,48.8838255],[2.690625,48.8836737],[2.6906806,48.8835712],[2.691275,48.8825561],[2.69142,48.8822331],[2.6913819,48.8820757],[2.6913272,48.882007],[2.6902517,48.8815442],[2.6901713,48.8813054]]}},{"type":"Feature","properties":{"sinuosity":0.72,"highway":"tertiary"},"geometry":{"type":"LineString","coordinates":[[2.735968,48.885437],[2.7358154,48.8860158],[2.7357238,48.8866627],[2.7356262,48.886888],[2.7354624,48.8870656],[2.7351679,48.8873132],[2.7346048,48.8875039],[2.7342804,48.8876734],[2.7340559,48.8879992],[2.7335902,48.8881904]]}},{"type":"Feature","properties":{"sinuosity":0.816,"highway":"trunk_link"},"geometry":{"type":"LineString","coordinates":[[2.2647353,48.7596138],[2.2654078,48.759537],[2.2661854,48.7592965],[2.2666099,48.7592247],[2.2671739,48.7593556],[2.2673988,48.7595376],[2.2678589,48.7601865],[2.2681727,48.7603831],[2.268875,48.7605195],[2.2695588,48.7604074]]}},{"type":"Feature","properties":{"sinuosity":0.835,"highway":"tertiary"},"geometry":{"type":"LineString","coordinates":[[3.015406,48.5536077],[3.0160231,48.5536339],[3.0180819,48.5538243],[3.0182455,48.5538409],[3.0184495,48.5539036],[3.018501,48.5539428],[3.0185802,48.5542319],[3.0186672,48.5548617],[3.0186724,48.5548879],[3.0187764,48.555006]]}},{"type":"Feature","properties":{"sinuosity":0.871,"highway":"tertiary"},"geometry":{"type":"LineString","coordinates":[[2.7513194,48.7051221],[2.7510131,48.7049206],[2.7499573,48.7044181],[2.7496132,48.7043316],[2.7488145,48.7042759],[2.7485343,48.7040628],[2.7488362,48.7032055],[2.748866,48.7031372],[2.7490047,48.7027421],[2.7489198,48.7025582]]}},{"type":"Feature","properties":{"sinuosity":0.785,"highway":"tertiary"},"geometry":{"type":"LineString","coordinates":[[2.1826895,48.5591706],[2.1829858,48.5596205],[2.1841596,48.5612704],[2.1850483,48.5622128],[2.186594,48.5627389],[2.1880841,48.5629771],[2.1899162,48.5634122],[2.1905024,48.5635293],[2.191122,48.5632615],[2.1913905,48.5631038]]}},{"type":"Feature","properties":{"sinuosity":0.7,"highway":"tertiary"},"geometry":{"type":"LineString","coordinates":[[3.0596478,48.455807],[3.0598915,48.4556397],[3.0599029,48.4554724],[3.0598943,48.4549704],[3.0603788,48.4538524],[3.0604007,48.4536664],[3.0604651,48.4531182],[3.0604677,48.4530956],[3.0608295,48.4522734],[3.0608534,48.4522362]]}},{"type":"Feature","properties":{"sinuosity":0.7,"highway":"tertiary"},"geometry":{"type":"LineString","coordinates":[[2.6910295,48.8473653],[2.6906379,48.8475083],[2.6889239,48.8481375],[2.6886087,48.8482534],[2.6874688,48.8486723],[2.6871507,48.848785],[2.6864105,48.8490622],[2.6861766,48.8491391],[2.6859963,48.8492199],[2.6859856,48.8492462]]}},{"type":"Feature","properties":{"sinuosity":0.999,"highway":"secondary"},"geometry":{"type":"LineString","coordinates":[[2.7501509,48.8707631],[2.7494947,48.8703916],[2.7482438,48.8703913],[2.7441106,48.870389],[2.7435613,48.8702704],[2.7433414,48.8696979],[2.7437617,48.8682056],[2.743873,48.8677178],[2.7439789,48.8663001],[2.7438395,48.865619]]}},{"type":"Feature","properties":{"sinuosity":0.808,"highway":"tertiary"},"geometry":{"type":"LineString","coordinates":[[2.2668127,48.6202059],[2.2668733,48.6201752],[2.2669879,48.6201672],[2.2671644,48.6202063],[2.2684245,48.620643],[2.2699411,48.6195274],[2.2701001,48.6194771],[2.2709904,48.6191746],[2.2712018,48.6191678],[2.2715257,48.619255]]}},{"type":"Feature","properties":{"sinuosity":0.7,"highway":"tertiary"},"geometry":{"type":"LineString","coordinates":[[2.3252855,48.4717631],[2.3257829,48.4724426],[2.325969,48.4727258],[2.3266272,48.4732351],[2.3268855,48.4734275],[2.3272256,48.4737938],[2.327278,48.4739501],[2.3271361,48.4742788],[2.327161,48.4744562],[2.3274655,48.4748584]]}},{"type":"Feature","properties":{"sinuosity":0.7,"highway":"secondary"},"geometry":{"type":"LineString","coordinates":[[2.2672115,48.6926392],[2.2663146,48.6920314],[2.2655417,48.6917814],[2.2651894,48.6915811],[2.264525,48.6911108],[2.2639816,48.6908022],[2.2631539,48.6901865],[2.2625898,48.6897758],[2.2617611,48.6896868],[2.261387,48.6896468]]}},{"type":"Feature","properties":{"sinuosity":0.7,"highway":"tertiary"},"geometry":{"type":"LineString","coordinates":[[2.495257,48.8859815],[2.4950431,48.8869329],[2.4950207,48.887072],[2.4949294,48.8872002],[2.4949615,48.8873406],[2.4948196,48.8879339],[2.4947024,48.888402]]}},{"type":"Feature","properties":{"sinuosity":0.7,"highway":"tertiary"},"geometry":{"type":"LineString","coordinates":[[2.5003194,48.8762599],[2.5001707,48.8762193],[2.4994248,48.8760147],[2.4961442,48.8750429],[2.4960544,48.8749967],[2.4959108,48.8749776],[2.4957821,48.8749917],[2.493204,48.8742752],[2.4930237,48.8742258],[2.4928131,48.8741745]]}},{"type":"Feature","properties":{"sinuosity":0.7,"highway":"tertiary"},"geometry":{"type":"LineString","coordinates":[[2.6581811,48.1945937],[2.6583831,48.1945445],[2.6585523,48.1944184],[2.6586716,48.194252],[2.6588117,48.1939876],[2.6593565,48.1929592],[2.6594872,48.1927126],[2.6596469,48.1924845]]}},{"type":"Feature","properties":{"sinuosity":0.7,"highway":"secondary"},"geometry":{"type":"LineString","coordinates":[[2.7026603,48.1487416],[2.7027366,48.1487989],[2.7030896,48.1490418],[2.7032065,48.1490764],[2.7036185,48.1492024],[2.7045169,48.1496136],[2.7050275,48.149754],[2.7056992,48.1498948],[2.706767,48.150057],[2.7072048,48.150044]]}},{"type":"Feature","properties":{"sinuosity":0.7,"highway":"tertiary"},"geometry":{"type":"LineString","coordinates":[[2.3726971,48.3567226],[2.3730132,48.3568003],[2.3732277,48.3569119],[2.3736929,48.3569679],[2.3747789,48.3571116],[2.3754624,48.3571908],[2.3763195,48.3570002],[2.3772479,48.3568107],[2.3775434,48.3569113],[2.3778676,48.3570263]]}},{"type":"Feature","properties":{"sinuosity":0.7,"highway":"secondary"},"geometry":{"type":"LineString","coordinates":[[2.6153941,48.2449042],[2.6157378,48.2450559],[2.6167946,48.2456167],[2.6169382,48.2458721],[2.617081,48.2459424],[2.6182739,48.2461919],[2.6193917,48.2464497],[2.6195519,48.2465044],[2.6202815,48.2468384],[2.6208287,48.2471028]]}},{"type":"Feature","properties":{"sinuosity":0.85,"highway":"tertiary"},"geometry":{"type":"LineString","coordinates":[[2.7002107,48.5485841],[2.7004783,48.5488321],[2.7006241,48.5489773],[2.7009818,48.5494862],[2.7010108,48.5495485],[2.7010224,48.5496253],[2.7010042,48.5496481],[2.7007294,48.5497915],[2.7005343,48.5499053],[2.7003093,48.5500815]]}},{"type":"Feature","properties":{"sinuosity":0.7,"highway":"tertiary"},"geometry":{"type":"LineString","coordinates":[[1.7023213,48.8287489],[1.7026104,48.8292444],[1.7026431,48.8293144],[1.7026928,48.8295015],[1.7025856,48.829834],[1.7024626,48.8300384],[1.7024266,48.8301981],[1.7026634,48.8305339],[1.702698,48.8307158],[1.702704,48.8311019]]}},{"type":"Feature","properties":{"sinuosity":0.7,"highway":"secondary"},"geometry":{"type":"LineString","coordinates":[[1.9430376,48.5754886],[1.9430431,48.575402],[1.9430136,48.5752913],[1.9427038,48.5747864],[1.9423189,48.574183],[1.9422059,48.5740115],[1.942135,48.5738761],[1.9421016,48.5737332],[1.9421015,48.5736971],[1.942107,48.5736661]]}},{"type":"Feature","properties":{"sinuosity":0.943,"highway":"tertiary"},"geometry":{"type":"LineString","coordinates":[[2.341495,48.6187187],[2.3414449,48.6185258],[2.3421291,48.618259],[2.3432461,48.6176692],[2.3437966,48.6168135],[2.3436206,48.6142145],[2.343328,48.6127679],[2.3431193,48.6126131],[2.3404238,48.6120542],[2.340065,48.6120167]]}},{"type":"Feature","properties":{"sinuosity":0.7,"highway":"secondary"},"geometry":{"type":"LineString","coordinates":[[2.1496136,48.6456609],[2.1505326,48.6459241],[2.1508486,48.6460146],[2.151015,48.6460623],[2.1511197,48.6460923],[2.1518232,48.646292],[2.1522865,48.6464236],[2.1523898,48.6464375],[2.1524979,48.6464344],[2.1526776,48.646394]]}},{"type":"Feature","properties":{"sinuosity":1,"highway":"tertiary"},"geometry":{"type":"LineString","coordinates":[[2.0195285,48.9038586],[2.0192339,48.9037461],[2.0188106,48.9034437],[2.0185655,48.9029636],[2.0179951,48.90234],[2.018171,48.902123],[2.0186692,48.9018365],[2.0192447,48.9014374],[2.0199647,48.9012169],[2.0201302,48.901207]]}},{"type":"Feature","properties":{"sinuosity":0.702,"highway":"secondary"},"geometry":{"type":"LineString","coordinates":[[2.8775492,48.5584431],[2.8778014,48.5586044],[2.8779861,48.5588329],[2.8781179,48.5590495],[2.8783767,48.5595523],[2.878311,48.5596827],[2.8780911,48.5599149],[2.8780651,48.5599801],[2.8780951,48.5603778],[2.8783403,48.5611888]]}},{"type":"Feature","properties":{"sinuosity":0.7,"highway":"tertiary"},"geometry":{"type":"LineString","coordinates":[[2.5330182,48.6886234],[2.5329796,48.6886553],[2.5328019,48.688703],[2.5326735,48.6887222],[2.5322534,48.688729],[2.5321288,48.6887307],[2.5317972,48.6887353],[2.5315014,48.6887733],[2.5304889,48.6889315],[2.5303961,48.6889902]]}},{"type":"Feature","properties":{"sinuosity":1,"highway":"tertiary"},"geometry":{"type":"LineString","coordinates":[[2.6507532,48.2657463],[2.6493468,48.2655376],[2.6489812,48.265613],[2.648835,48.2656084],[2.6486115,48.2655147],[2.6485567,48.2654373],[2.6486504,48.2652724],[2.6487716,48.2652062],[2.6491488,48.2650812],[2.6497912,48.2647045]]}},{"type":"Feature","properties":{"sinuosity":0.702,"highway":"tertiary"},"geometry":{"type":"LineString","coordinates":[[2.9917432,48.6906757],[2.9941071,48.6904144],[2.9957307,48.6906025],[2.996356,48.6904575],[2.9968712,48.6900395],[2.9972575,48.6900701],[2.9988792,48.6905061],[3.0010316,48.6909751],[3.0020826,48.6910387],[3.0031255,48.6911642]]}},{"type":"Feature","properties":{"sinuosity":1,"highway":"tertiary"},"geometry":{"type":"LineString","coordinates":[[3.2526912,48.8860713],[3.253868,48.8855675],[3.2556704,48.8853155],[3.258483,48.8842563],[3.260329,48.8835691],[3.2611039,48.8835062],[3.2619311,48.8834203],[3.2617918,48.8830137],[3.260982,48.882882],[3.258988,48.882338]]}},{"type":"Feature","properties":{"sinuosity":0.715,"highway":"tertiary"},"geometry":{"type":"LineString","coordinates":[[3.258988,48.882338],[3.2578908,48.8818513],[3.2574293,48.8816394],[3.2562625,48.8814218],[3.2515637,48.8798414],[3.2514298,48.8797898],[3.2483803,48.8786073],[3.2479033,48.8781005],[3.2478838,48.8779289],[3.2481819,48.8774992]]}},{"type":"Feature","properties":{"sinuosity":0.7,"highway":"tertiary"},"geometry":{"type":"LineString","coordinates":[[3.1963395,48.9105825],[3.1963033,48.9105312],[3.1962929,48.9104192],[3.196312,48.91032],[3.1963312,48.9102202],[3.1970724,48.9078025],[3.1971429,48.9074981],[3.1971425,48.9074269],[3.1971237,48.9073787],[3.1970766,48.9073308]]}},{"type":"Feature","properties":{"sinuosity":0.7,"highway":"motorway_link"},"geometry":{"type":"LineString","coordinates":[[2.8841237,48.9059122],[2.8843654,48.905946],[2.884672,48.9059002],[2.8855231,48.9056692],[2.885791,48.9055347],[2.8870271,48.9045265],[2.8872456,48.9043318],[2.8880872,48.9034057],[2.8883877,48.9030471],[2.888546,48.9029413]]}},{"type":"Feature","properties":{"sinuosity":0.725,"highway":"tertiary"},"geometry":{"type":"LineString","coordinates":[[3.0727033,48.2615059],[3.072571,48.2620168],[3.0726311,48.2624965],[3.0726568,48.2627021],[3.0726115,48.2628572],[3.0725796,48.2629105],[3.0724755,48.2629957],[3.0723485,48.2630687],[3.0718805,48.2633102],[3.0707347,48.2640227]]}},{"type":"Feature","properties":{"sinuosity":0.706,"highway":"tertiary"},"geometry":{"type":"LineString","coordinates":[[3.1638452,48.3374569],[3.1639925,48.337495],[3.1642992,48.3375515],[3.1644074,48.3376047],[3.1645275,48.3377298],[3.1647533,48.3382492],[3.1648891,48.3386321],[3.1651763,48.3393267],[3.1651862,48.3393522]]}},{"type":"Feature","properties":{"sinuosity":0.7,"highway":"tertiary"},"geometry":{"type":"LineString","coordinates":[[3.161541,48.3337886],[3.1616038,48.3338139],[3.1616645,48.3338509],[3.1621791,48.3347226],[3.1623948,48.3350858],[3.1632006,48.3364448],[3.1632938,48.3366114],[3.1635316,48.3370121],[3.1637568,48.3373937],[3.1638452,48.3374569]]}},{"type":"Feature","properties":{"sinuosity":0.7,"highway":"secondary"},"geometry":{"type":"LineString","coordinates":[[3.1442185,48.3484234],[3.1450014,48.3482851],[3.1452153,48.3482774],[3.1454357,48.3482866],[3.1456431,48.3483042],[3.1465255,48.3486142],[3.1468671,48.3487639],[3.1469688,48.3487921],[3.147169,48.348801],[3.1490727,48.3484685]]}},{"type":"Feature","properties":{"sinuosity":0.714,"highway":"tertiary"},"geometry":{"type":"LineString","coordinates":[[3.3172494,48.3516885],[3.3179291,48.3517814],[3.3186595,48.3518328],[3.3191436,48.3520059],[3.319643,48.3521845],[3.3206391,48.3523608],[3.3214331,48.3524347],[3.3215699,48.3524258],[3.3217364,48.3523741],[3.3219969,48.3521298]]}},{"type":"Feature","properties":{"sinuosity":0.71,"highway":"tertiary"},"geometry":{"type":"LineString","coordinates":[[1.4502964,49.0953721],[1.4505102,49.0953755],[1.4506138,49.0953629],[1.4508349,49.0953342],[1.4511682,49.0952581],[1.4522409,49.0952209],[1.4530762,49.0948345],[1.4537773,49.0942683],[1.4538585,49.0941418],[1.4541817,49.0939535]]}},{"type":"Feature","properties":{"sinuosity":0.837,"highway":"tertiary"},"geometry":{"type":"LineString","coordinates":[[2.93515,48.8918716],[2.9348712,48.8916483],[2.9347504,48.8912778],[2.9346887,48.8911337],[2.9344658,48.8910108],[2.9342473,48.8910111],[2.9328639,48.891161],[2.9326937,48.8911716],[2.9323757,48.8911317],[2.9321858,48.8910675]]}},{"type":"Feature","properties":{"sinuosity":0.626,"highway":"tertiary"},"geometry":{"type":"LineString","coordinates":[[1.7729865,48.5306853],[1.7734183,48.5310424],[1.7737308,48.5313355],[1.7737422,48.5317433],[1.7744596,48.532415],[1.775828,48.5333876],[1.7772593,48.5344909],[1.779472,48.5363279]]}},{"type":"Feature","properties":{"sinuosity":0.649,"highway":"tertiary"},"geometry":{"type":"LineString","coordinates":[[2.6816625,48.8698088],[2.6822653,48.8700356],[2.6828008,48.8702356],[2.6837394,48.8701266],[2.6840888,48.8700846],[2.6847835,48.8700826],[2.6852034,48.8699627],[2.6860528,48.8695237],[2.6867907,48.8690824],[2.6874029,48.8686696]]}},{"type":"Feature","properties":{"sinuosity":0.751,"highway":"tertiary"},"geometry":{"type":"LineString","coordinates":[[2.185855,48.9821899],[2.1861283,48.9826162],[2.1863389,48.9829139],[2.1867388,48.9834978],[2.1870125,48.9836134],[2.1875385,48.984564],[2.1874521,48.9846157],[2.1871536,48.9846764],[2.1872293,48.985062],[2.1872757,48.9851078]]}},{"type":"Feature","properties":{"sinuosity":0.7,"highway":"secondary"},"geometry":{"type":"LineString","coordinates":[[2.7095564,48.8648844],[2.7099497,48.8648811],[2.7112596,48.8650012],[2.7122679,48.8649584],[2.712943,48.8650275],[2.7130627,48.8650666],[2.7136476,48.8655079],[2.7139962,48.8656512],[2.7147354,48.8657167],[2.7151446,48.8656982]]}},{"type":"Feature","properties":{"sinuosity":0.705,"highway":"secondary"},"geometry":{"type":"LineString","coordinates":[[2.7040751,48.8510834],[2.7038159,48.8526345],[2.7036869,48.8534872],[2.7037032,48.8535839],[2.7038176,48.8537281],[2.7039652,48.8538031],[2.7043525,48.8539541],[2.704457,48.8540362],[2.7045809,48.8545532],[2.7046193,48.8547761]]}},{"type":"Feature","properties":{"sinuosity":0.7,"highway":"primary"},"geometry":{"type":"LineString","coordinates":[[2.4668261,48.9497703],[2.4668925,48.9497003],[2.4669482,48.9496787],[2.4669945,48.9496712],[2.4671912,48.9496611],[2.4673482,48.9496584],[2.4676699,48.9496703],[2.4681326,48.9497],[2.4702319,48.949899],[2.4717004,48.9500552]]}},{"type":"Feature","properties":{"sinuosity":0.736,"highway":"tertiary"},"geometry":{"type":"LineString","coordinates":[[3.2836416,48.5832579],[3.2844378,48.5831974],[3.2855121,48.5831841],[3.2860856,48.5830879],[3.2865944,48.5830677],[3.28701,48.5832228],[3.2876057,48.5835652],[3.2884746,48.5840495],[3.2886992,48.5842174],[3.2889514,48.5844725]]}},{"type":"Feature","properties":{"sinuosity":0.7,"highway":"tertiary"},"geometry":{"type":"LineString","coordinates":[[1.7653755,48.520235],[1.7662094,48.5205746],[1.7662681,48.5205963],[1.7668498,48.5208251],[1.7671467,48.5209082],[1.7675078,48.5210092],[1.7676923,48.5211063],[1.7679869,48.5216269],[1.768195,48.521894],[1.7683324,48.5221101]]}},{"type":"Feature","properties":{"sinuosity":0.832,"highway":"secondary"},"geometry":{"type":"LineString","coordinates":[[2.2253332,48.4754746],[2.2234843,48.4770705],[2.2230556,48.4777645],[2.2238604,48.4783998],[2.2233472,48.4787876],[2.2228492,48.4788637],[2.2210327,48.4786634],[2.2199567,48.4790916],[2.2174807,48.4799081],[2.2167703,48.4803801]]}},{"type":"Feature","properties":{"sinuosity":0.7,"highway":"tertiary"},"geometry":{"type":"LineString","coordinates":[[2.2615756,48.5181074],[2.2621244,48.5182928],[2.2626248,48.5184797],[2.2634507,48.5187269],[2.2640366,48.5192027],[2.2644002,48.5196556],[2.2650564,48.5207995],[2.2655581,48.5215648],[2.2657745,48.5218765],[2.2660494,48.5220424]]}},{"type":"Feature","properties":{"sinuosity":0.7,"highway":"tertiary"},"geometry":{"type":"LineString","coordinates":[[2.2264583,48.5304383],[2.2265597,48.5304816],[2.2266453,48.5304665],[2.2272782,48.5302996],[2.2277319,48.5301605],[2.2279562,48.5300955],[2.2290201,48.5297537],[2.2291685,48.5297307],[2.2292963,48.5297495],[2.2293832,48.5298206]]}},{"type":"Feature","properties":{"sinuosity":0.776,"highway":"tertiary"},"geometry":{"type":"LineString","coordinates":[[2.2293832,48.5298206],[2.2297036,48.5302795],[2.2300414,48.5304823],[2.2308275,48.5306903],[2.2310911,48.5308209],[2.2314036,48.5308219],[2.2316636,48.5307727],[2.2321329,48.530868],[2.2324865,48.5309589],[2.2337999,48.5306694]]}},{"type":"Feature","properties":{"sinuosity":1,"highway":"trunk_link"},"geometry":{"type":"LineString","coordinates":[[2.5130892,48.6300942],[2.5128188,48.630153],[2.5126081,48.6302561],[2.5125106,48.6303904],[2.5124821,48.6305436],[2.5126203,48.6307505],[2.5128683,48.6308579],[2.5132667,48.6309036],[2.5143524,48.6309737],[2.5157036,48.6311088]]}},{"type":"Feature","properties":{"sinuosity":0.68,"highway":"tertiary"},"geometry":{"type":"LineString","coordinates":[[2.500166,48.6339933],[2.5003302,48.6341493],[2.5006592,48.6345716],[2.50126,48.6354562],[2.5032434,48.6367519],[2.5033561,48.6368068],[2.5034037,48.6368191]]}},{"type":"Feature","properties":{"sinuosity":0.857,"highway":"tertiary"},"geometry":{"type":"LineString","coordinates":[[3.4099453,48.3849864],[3.4102457,48.3853142],[3.4105461,48.3855422],[3.4109152,48.3856548],[3.4112757,48.3856705],[3.4118379,48.385612],[3.4124172,48.3854553],[3.4128636,48.3852857],[3.4135051,48.3848373],[3.4136965,48.384764]]}},{"type":"Feature","properties":{"sinuosity":0.839,"highway":"tertiary"},"geometry":{"type":"LineString","coordinates":[[2.7058076,48.875604],[2.7064465,48.875768],[2.7070358,48.8759135],[2.7073092,48.8759924],[2.7073986,48.8760921],[2.7074171,48.8761851],[2.7074385,48.876444],[2.7074403,48.8766353],[2.707373,48.8768283],[2.707339,48.8770309]]}},{"type":"Feature","properties":{"sinuosity":0.71,"highway":"tertiary"},"geometry":{"type":"LineString","coordinates":[[2.5662178,48.9453041],[2.5660752,48.9452814],[2.56598,48.9452908],[2.5659537,48.9452956],[2.5655384,48.9453717],[2.5652235,48.9454294],[2.5650642,48.9454399],[2.5649444,48.9455011],[2.5644029,48.9460008],[2.5636243,48.9467055]]}},{"type":"Feature","properties":{"sinuosity":0.7,"highway":"tertiary"},"geometry":{"type":"LineString","coordinates":[[2.3662993,48.9164337],[2.3662119,48.9164657],[2.3652663,48.9165964],[2.3647969,48.9166443],[2.3646237,48.91665],[2.3643753,48.9166321],[2.3640467,48.9166104],[2.3633598,48.916565],[2.3630267,48.9165428],[2.3626776,48.9165152]]}},{"type":"Feature","properties":{"sinuosity":0.722,"highway":"tertiary"},"geometry":{"type":"LineString","coordinates":[[1.5416452,48.8225851],[1.5417525,48.8214195],[1.5418061,48.8204094],[1.5419134,48.8199361],[1.5419241,48.8196535],[1.5416881,48.8192862],[1.541377,48.8191237],[1.5411106,48.8190733],[1.5409644,48.8190287],[1.5409536,48.8189849]]}},{"type":"Feature","properties":{"sinuosity":0.813,"highway":"tertiary"},"geometry":{"type":"LineString","coordinates":[[1.5254769,48.8467132],[1.5249029,48.8466708],[1.5247419,48.8467097],[1.5246668,48.8467485],[1.5245789,48.8468685],[1.524522,48.8471227],[1.5244228,48.848052],[1.5242471,48.8484798],[1.5242013,48.8485451],[1.5241464,48.8485663]]}},{"type":"Feature","properties":{"sinuosity":0.722,"highway":"tertiary"},"geometry":{"type":"LineString","coordinates":[[3.5632438,48.6133886],[3.5627971,48.6141497],[3.5616711,48.6148066],[3.5608482,48.6156464],[3.5609958,48.6169023],[3.5610844,48.6178784],[3.5608876,48.6182103],[3.5597675,48.6191203],[3.5580733,48.6198874],[3.5569538,48.6205688]]}},{"type":"Feature","properties":{"sinuosity":0.877,"highway":"tertiary"},"geometry":{"type":"LineString","coordinates":[[3.5569538,48.6205688],[3.5565773,48.6208846],[3.5563856,48.6211484],[3.556328,48.621276],[3.5561679,48.6219065],[3.5561488,48.6223432],[3.5562115,48.6224813],[3.5562712,48.6225244],[3.5564804,48.6225873],[3.5569327,48.6226034]]}},{"type":"Feature","properties":{"sinuosity":0.7,"highway":"tertiary"},"geometry":{"type":"LineString","coordinates":[[2.3342467,49.049202],[2.3346401,49.0489903],[2.3351007,49.0486543],[2.3353614,49.0484643],[2.3355853,49.0483071],[2.3357898,49.0482304],[2.3360422,49.0481601],[2.3362262,49.0481106],[2.3363508,49.0480967],[2.3364654,49.0481147]]}},{"type":"Feature","properties":{"sinuosity":1,"highway":"trunk_link"},"geometry":{"type":"LineString","coordinates":[[2.3858483,49.068583],[2.3852906,49.0686093],[2.384962,49.068749],[2.384805,49.0689117],[2.3847261,49.0691372],[2.3847646,49.0694315],[2.3849903,49.0698782],[2.3851384,49.0700732],[2.385357,49.070215],[2.3857012,49.0702438]]}},{"type":"Feature","properties":{"sinuosity":0.7,"highway":"tertiary"},"geometry":{"type":"LineString","coordinates":[[2.9875982,49.0610867],[2.9882332,49.0606112],[2.988476,49.0604145],[2.9886565,49.0602535],[2.9887153,49.060201],[2.9887847,49.0601144],[2.9888258,49.0599552],[2.9889293,49.0596748],[2.9894563,49.0594539],[2.9899453,49.0592312]]}},{"type":"Feature","properties":{"sinuosity":0.738,"highway":"tertiary"},"geometry":{"type":"LineString","coordinates":[[3.0477391,49.0815252],[3.0468379,49.0813038],[3.0455451,49.0811422],[3.0446868,49.0807346],[3.0438338,49.0794205],[3.042761,49.079171],[3.039935,49.0783883],[3.039714,49.0776776],[3.038154,49.077046],[3.0371348,49.0770495]]}},{"type":"Feature","properties":{"sinuosity":0.7,"highway":"secondary"},"geometry":{"type":"LineString","coordinates":[[2.2920413,49.0038366],[2.2917196,49.003531],[2.2915499,49.0033866],[2.2908971,49.0028811],[2.2900595,49.0022846],[2.2900257,49.0022535],[2.2900064,49.00218],[2.2893979,49.0015856],[2.2893292,49.001526],[2.2892892,49.0014623]]}},{"type":"Feature","properties":{"sinuosity":0.891,"highway":"secondary"},"geometry":{"type":"LineString","coordinates":[[2.6189525,48.8056317],[2.6184508,48.8057829],[2.6180847,48.8059177],[2.6177636,48.8060473],[2.617557,48.8061127],[2.617439,48.8061975],[2.6173854,48.8063061],[2.6174229,48.8066232],[2.6175356,48.8067575],[2.6177093,48.8068876]]}},{"type":"Feature","properties":{"sinuosity":0.7,"highway":"tertiary"},"geometry":{"type":"LineString","coordinates":[[1.6790231,48.6097143],[1.6795679,48.6098234],[1.679644,48.6098357],[1.6800344,48.6099113],[1.680564,48.6100652],[1.6810351,48.6102108],[1.6813578,48.6103262],[1.6818274,48.6105079],[1.6822658,48.6106239],[1.6824801,48.6106388]]}},{"type":"Feature","properties":{"sinuosity":0.753,"highway":"secondary"},"geometry":{"type":"LineString","coordinates":[[2.0670538,48.69432],[2.0671392,48.6939538],[2.0675761,48.6932266],[2.0675694,48.6921896],[2.0672983,48.6918265],[2.0644676,48.6898639],[2.064161,48.6894713],[2.0641882,48.6891475],[2.0642921,48.6888666],[2.0644824,48.6885759]]}},{"type":"Feature","properties":{"sinuosity":0.658,"highway":"tertiary"},"geometry":{"type":"LineString","coordinates":[[2.5450314,49.151474],[2.5431057,49.1514312],[2.5423624,49.1513746],[2.54164,49.1512536],[2.5405981,49.1508533],[2.5401981,49.1506893],[2.5391398,49.1505861]]}},{"type":"Feature","properties":{"sinuosity":0.7,"highway":"motorway_link"},"geometry":{"type":"LineString","coordinates":[[2.7228981,48.2613717],[2.7230631,48.2613449],[2.7231275,48.2613244],[2.7231945,48.2612887],[2.723342,48.2611958],[2.7233689,48.2611789],[2.7236317,48.2609726],[2.7238865,48.260753],[2.7240381,48.260603],[2.724946,48.2597191]]}},{"type":"Feature","properties":{"sinuosity":1,"highway":"tertiary"},"geometry":{"type":"LineString","coordinates":[[2.1407338,48.8559312],[2.1408751,48.8589694],[2.1409677,48.8605315],[2.1408616,48.8607141],[2.1406939,48.8607441],[2.1405039,48.8607175],[2.1403843,48.860622],[2.1400576,48.8595632],[2.1399349,48.8595079],[2.1397835,48.8594846]]}},{"type":"Feature","properties":{"sinuosity":1,"highway":"tertiary"},"geometry":{"type":"LineString","coordinates":[[1.961671,48.526957],[1.9615779,48.5263832],[1.961567,48.525967],[1.9618187,48.5257742],[1.9623718,48.5257437],[1.9634018,48.5257508],[1.9634447,48.52536],[1.9627902,48.5248271],[1.962286,48.5239957],[1.962045,48.523542]]}},{"type":"Feature","properties":{"sinuosity":0.7,"highway":"tertiary"},"geometry":{"type":"LineString","coordinates":[[2.7610167,48.1076911],[2.760977,48.107641],[2.7605536,48.1074668],[2.7602377,48.1073376],[2.7594695,48.1067391],[2.7587239,48.1060912],[2.7582003,48.1052285],[2.7580788,48.1048627],[2.7578607,48.1044222],[2.7578304,48.1043012]]}},{"type":"Feature","properties":{"sinuosity":0.636,"highway":"tertiary"},"geometry":{"type":"LineString","coordinates":[[2.9536059,48.1397308],[2.9525974,48.1397523],[2.9522111,48.1397666],[2.9505804,48.1391222],[2.9492393,48.1387642],[2.9489281,48.1387284],[2.9485526,48.1387571],[2.9453125,48.1391365],[2.9435101,48.1393227],[2.9419233,48.1396351]]}},{"type":"Feature","properties":{"sinuosity":0.774,"highway":"tertiary"},"geometry":{"type":"LineString","coordinates":[[2.7457243,48.1338338],[2.746306,48.1336177],[2.7464983,48.133471],[2.7467141,48.132981],[2.7471036,48.1327176],[2.7474941,48.1326791],[2.7483438,48.1326803],[2.748565,48.1325691],[2.7486421,48.132445],[2.7491236,48.1311699]]}},{"type":"Feature","properties":{"sinuosity":0.71,"highway":"tertiary"},"geometry":{"type":"LineString","coordinates":[[1.8981847,49.0863065],[1.8982462,49.0865277],[1.8985921,49.0870188],[1.8988707,49.0873906],[1.8989177,49.0875475],[1.8987359,49.0879287],[1.8984854,49.0885467],[1.8985172,49.088663],[1.8985687,49.088746],[1.8987493,49.0888464]]}},{"type":"Feature","properties":{"sinuosity":0.7,"highway":"secondary"},"geometry":{"type":"LineString","coordinates":[[2.6410684,49.0351419],[2.6410686,49.0352297],[2.6411391,49.0353254],[2.6420688,49.0357479],[2.6425176,49.0359463],[2.6428574,49.036109],[2.6432672,49.0363154]]}},{"type":"Feature","properties":{"sinuosity":0.872,"highway":"tertiary"},"geometry":{"type":"LineString","coordinates":[[3.2368256,48.4973174],[3.2376142,48.4976605],[3.2378234,48.4976765],[3.2386678,48.4976772],[3.2412919,48.4978434],[3.2414028,48.4978884],[3.241503,48.4985988],[3.2416195,48.4993128],[3.2418408,48.5004187],[3.241943,48.5008337]]}},{"type":"Feature","properties":{"sinuosity":0.792,"highway":"tertiary"},"geometry":{"type":"LineString","coordinates":[[3.2407125,48.5191738],[3.241131,48.5189157],[3.2415647,48.5185571],[3.2412783,48.5183389],[3.2411134,48.5182133],[3.2407614,48.5178492],[3.2406129,48.5175225],[3.2406103,48.5167879],[3.240792,48.5164606],[3.2411366,48.5160218]]}},{"type":"Feature","properties":{"sinuosity":0.7,"highway":"secondary"},"geometry":{"type":"LineString","coordinates":[[2.2945931,48.7788529],[2.2944491,48.778866],[2.2943349,48.7788691],[2.2938492,48.7789645],[2.2931921,48.778987],[2.2929136,48.7789658],[2.2924103,48.7789177],[2.2919067,48.7788729],[2.2918485,48.7788696],[2.2916548,48.7788674]]}},{"type":"Feature","properties":{"sinuosity":0.893,"highway":"tertiary"},"geometry":{"type":"LineString","coordinates":[[2.4332006,48.2407412],[2.4326089,48.2406182],[2.4324164,48.2405009],[2.4323657,48.2404011],[2.4323826,48.2402525],[2.4324861,48.2398623],[2.4324307,48.2397374],[2.432262,48.2396404],[2.4320259,48.2395972],[2.4305339,48.2396257]]}},{"type":"Feature","properties":{"sinuosity":0.7,"highway":"secondary"},"geometry":{"type":"LineString","coordinates":[[1.7744001,48.4622096],[1.7744285,48.4623729],[1.774444,48.4624766],[1.7744736,48.4625534],[1.7744946,48.4625905],[1.7749925,48.4630272],[1.7751891,48.4633148],[1.775556,48.4638945],[1.7759946,48.4644612],[1.7761741,48.4645243]]}},{"type":"Feature","properties":{"sinuosity":1,"highway":"motorway_link"},"geometry":{"type":"LineString","coordinates":[[2.2679584,48.7153814],[2.2682965,48.7151868],[2.2683763,48.7149102],[2.2682135,48.7147134],[2.2678577,48.7146072],[2.2676215,48.7146303],[2.2665604,48.7149298],[2.2663641,48.7150586],[2.2663107,48.7152244],[2.2663621,48.7154045]]}},{"type":"Feature","properties":{"sinuosity":0.7,"highway":"primary"},"geometry":{"type":"LineString","coordinates":[[1.4777057,48.8941435],[1.4778666,48.8938396],[1.4779557,48.8937422],[1.4780876,48.8936415],[1.4780633,48.8936166],[1.4780206,48.8935453],[1.4786672,48.8923095],[1.4788154,48.8919789],[1.4789052,48.8917474],[1.479295,48.8906935]]}},{"type":"Feature","properties":{"sinuosity":0.7,"highway":"primary"},"geometry":{"type":"LineString","coordinates":[[1.4262264,48.965557],[1.4262222,48.9647374],[1.4262238,48.9645355],[1.4262659,48.9638932],[1.4263438,48.9632872],[1.4262898,48.9631726],[1.4262003,48.9629457],[1.4262383,48.9628672],[1.4266058,48.9625634],[1.427065,48.9622177]]}},{"type":"Feature","properties":{"sinuosity":0.758,"highway":"tertiary"},"geometry":{"type":"LineString","coordinates":[[3.3064022,48.3518042],[3.3066887,48.3516959],[3.3068189,48.3516027],[3.3069808,48.3514869],[3.3077167,48.3508],[3.308284,48.3506021],[3.3091997,48.3505835],[3.3096884,48.350632],[3.3110478,48.3508411],[3.3117842,48.3509417]]}},{"type":"Feature","properties":{"sinuosity":0.708,"highway":"tertiary"},"geometry":{"type":"LineString","coordinates":[[3.1822058,48.4763366],[3.1824179,48.4760104],[3.182651,48.4756518],[3.1831573,48.4750017],[3.1835999,48.4744369],[3.183622,48.4735788],[3.1835344,48.4729766],[3.1825276,48.4716049],[3.1824281,48.4709521]]}},{"type":"Feature","properties":{"sinuosity":0.7,"highway":"tertiary"},"geometry":{"type":"LineString","coordinates":[[2.6592944,48.7946897],[2.6586388,48.794542],[2.6577302,48.7943441],[2.6576393,48.7943249],[2.6562959,48.7940603],[2.6556609,48.7942548],[2.6554613,48.7942743],[2.6553867,48.7942569],[2.6552958,48.7942033],[2.6552238,48.7941294]]}},{"type":"Feature","properties":{"sinuosity":0.7,"highway":"secondary"},"geometry":{"type":"LineString","coordinates":[[2.6532257,48.7899363],[2.6532708,48.789933],[2.6532966,48.78994],[2.6533333,48.7899558],[2.653389,48.7899645],[2.6538221,48.7899946],[2.6544242,48.7900361],[2.6549705,48.7900761],[2.655474,48.7901156],[2.6563306,48.7901769]]}},{"type":"Feature","properties":{"sinuosity":0.838,"highway":"tertiary"},"geometry":{"type":"LineString","coordinates":[[1.987564,48.256778],[1.9880295,48.256744],[1.9885019,48.2568746],[1.9899274,48.2571062],[1.990136,48.2572027],[1.9902419,48.2573577],[1.9903689,48.2576475],[1.9904682,48.2583864],[1.9905926,48.2584983],[1.9912847,48.2584448]]}},{"type":"Feature","properties":{"sinuosity":0.769,"highway":"secondary"},"geometry":{"type":"LineString","coordinates":[[2.028344,48.2731398],[2.0292393,48.2720992],[2.0294659,48.2718309],[2.0296686,48.2715905],[2.0298255,48.2714874],[2.0300011,48.271435],[2.0308143,48.2712624],[2.0308818,48.271208],[2.0307383,48.2709468],[2.030576,48.2706815]]}},{"type":"Feature","properties":{"sinuosity":0.7,"highway":"secondary"},"geometry":{"type":"LineString","coordinates":[[2.0300375,48.2702845],[2.0299388,48.2701073],[2.0297204,48.2695397],[2.0296698,48.2692096],[2.0297297,48.268957],[2.0299038,48.2687171],[2.0299973,48.2685075],[2.0299742,48.2683236],[2.0298613,48.2680174],[2.0299427,48.2677621]]}},{"type":"Feature","properties":{"sinuosity":0.767,"highway":"tertiary"},"geometry":{"type":"LineString","coordinates":[[2.1463364,48.2934882],[2.1464757,48.2933315],[2.1464885,48.2932301],[2.1464057,48.2930751],[2.146207,48.2929325],[2.1454956,48.2927442],[2.1451385,48.2926031],[2.1449462,48.292484],[2.1445373,48.2921469],[2.1444792,48.2920254]]}},{"type":"Feature","properties":{"sinuosity":0.7,"highway":"secondary"},"geometry":{"type":"LineString","coordinates":[[2.2354818,48.2828639],[2.2360156,48.2802747],[2.2360587,48.2801436],[2.2361544,48.2800124],[2.2364862,48.2798203],[2.2366547,48.2797142],[2.2368269,48.2795668],[2.2369377,48.2794223],[2.2373883,48.2789413],[2.2374594,48.2789101]]}},{"type":"Feature","properties":{"sinuosity":0.7,"highway":"secondary"},"geometry":{"type":"LineString","coordinates":[[2.2157497,48.2614171],[2.2155871,48.261408],[2.2148685,48.2614639],[2.2144798,48.2614312],[2.2139188,48.2613148],[2.2136073,48.2613074],[2.2130253,48.2613516],[2.212976,48.2613403]]}},{"type":"Feature","properties":{"sinuosity":0.721,"highway":"tertiary"},"geometry":{"type":"LineString","coordinates":[[2.1733556,48.3341896],[2.1735022,48.3345812],[2.1733971,48.3348336],[2.1734066,48.3351409],[2.1736225,48.3360113],[2.1735639,48.3362334],[2.1734268,48.3363578],[2.1728366,48.3367185],[2.1727257,48.3368425],[2.1725975,48.3370972]]}},{"type":"Feature","properties":{"sinuosity":0.838,"highway":"secondary"},"geometry":{"type":"LineString","coordinates":[[3.3762597,48.3570213],[3.3784327,48.3567252],[3.3791519,48.3562418],[3.3797936,48.3563131],[3.3805802,48.3566368],[3.3812865,48.3565649],[3.3823375,48.3559254],[3.3827135,48.3555058],[3.3830319,48.3540553],[3.3837812,48.3538716]]}},{"type":"Feature","properties":{"sinuosity":0.708,"highway":"tertiary"},"geometry":{"type":"LineString","coordinates":[[2.9461878,48.2480883],[2.9457988,48.2485204],[2.9455946,48.2493306],[2.9451819,48.2496653],[2.9442914,48.2501078],[2.9441228,48.2504098],[2.9437897,48.2509069],[2.9435849,48.2518852],[2.9438245,48.2527926],[2.9438735,48.2532626]]}},{"type":"Feature","properties":{"sinuosity":0.789,"highway":"tertiary"},"geometry":{"type":"LineString","coordinates":[[2.0836879,48.7258212],[2.0830643,48.7261924],[2.083009,48.7262664],[2.0828844,48.726598],[2.0828193,48.7267715],[2.0827144,48.7270506],[2.0826831,48.7271309],[2.082538,48.7271707],[2.0822635,48.7271253],[2.0821311,48.7271079]]}},{"type":"Feature","properties":{"sinuosity":0.745,"highway":"tertiary"},"geometry":{"type":"LineString","coordinates":[[3.3319739,48.6758851],[3.3313568,48.6759367],[3.33052,48.6760075],[3.330234,48.6759647],[3.3298183,48.675641],[3.3295705,48.6755413],[3.3292663,48.6755119],[3.328968,48.6754971],[3.3285995,48.6753912],[3.3282907,48.6750521]]}},{"type":"Feature","properties":{"sinuosity":0.734,"highway":"tertiary"},"geometry":{"type":"LineString","coordinates":[[2.0898274,48.2976769],[2.0896184,48.297978],[2.0895828,48.2984095],[2.0900545,48.2991095],[2.0911636,48.2997432],[2.0929848,48.3013939],[2.0940504,48.3018796],[2.0950156,48.3022954],[2.0950349,48.3024416],[2.0948941,48.302745]]}},{"type":"Feature","properties":{"sinuosity":0.729,"highway":"secondary"},"geometry":{"type":"LineString","coordinates":[[1.9792397,49.0862116],[1.9793729,49.0863237],[1.9812537,49.0879588],[1.9818293,49.0885669],[1.9818278,49.0886899],[1.9817187,49.0887987],[1.9813649,49.0889967],[1.9813156,49.0890816],[1.9813164,49.0892313],[1.9813844,49.0895263]]}},{"type":"Feature","properties":{"sinuosity":0.7,"highway":"tertiary"},"geometry":{"type":"LineString","coordinates":[[1.9494586,48.7654277],[1.9493283,48.7653016],[1.9482464,48.7642457],[1.9482431,48.7642439],[1.9481194,48.7641252],[1.9478122,48.7638422],[1.9475004,48.7635433],[1.9470548,48.7633205]]}},{"type":"Feature","properties":{"sinuosity":0.7,"highway":"secondary"},"geometry":{"type":"LineString","coordinates":[[1.980255,49.143441],[1.9809466,49.1438606],[1.9812801,49.1440103],[1.9815913,49.1441262],[1.9818987,49.1442307],[1.9828423,49.1446398],[1.9832662,49.1447673],[1.9835003,49.1447945],[1.9840477,49.1450488],[1.9847029,49.1454456]]}},{"type":"Feature","properties":{"sinuosity":0.7,"highway":"primary"},"geometry":{"type":"LineString","coordinates":[[1.8331531,48.7553493],[1.8336669,48.7555332],[1.8349146,48.7560093],[1.8349394,48.7560389],[1.8349528,48.7560875],[1.834989,48.756324],[1.8350105,48.7563886],[1.8350641,48.7564346],[1.8354598,48.7566238],[1.8360219,48.7568881]]}},{"type":"Feature","properties":{"sinuosity":0.818,"highway":"tertiary"},"geometry":{"type":"LineString","coordinates":[[2.9964193,48.4709397],[2.9962658,48.4709344],[2.9956694,48.4710237],[2.9947976,48.4711487],[2.9945482,48.4711778],[2.9944409,48.4711599],[2.9944054,48.4711257],[2.994187,48.4707757],[2.9941278,48.4707138],[2.9940805,48.4706866]]}},{"type":"Feature","properties":{"sinuosity":0.728,"highway":"tertiary"},"geometry":{"type":"LineString","coordinates":[[2.9143094,48.4498306],[2.9150873,48.4500939],[2.9155368,48.4501978],[2.9158395,48.4502698],[2.9159745,48.4503472],[2.9162909,48.4506345],[2.9164218,48.4509286],[2.9165241,48.4512183],[2.9169582,48.4524479],[2.9170386,48.4525628]]}},{"type":"Feature","properties":{"sinuosity":0.751,"highway":"secondary"},"geometry":{"type":"LineString","coordinates":[[3.3121115,48.5587982],[3.3123849,48.5587364],[3.318218,48.5574427],[3.3184755,48.5573688],[3.3186901,48.5572665],[3.3188531,48.5571302],[3.3189819,48.5569768],[3.3190334,48.5568178],[3.3190506,48.5566473],[3.3187502,48.5557384]]}},{"type":"Feature","properties":{"sinuosity":0.7,"highway":"tertiary"},"geometry":{"type":"LineString","coordinates":[[2.8295019,48.1770392],[2.8294613,48.1771772],[2.8295475,48.1774457],[2.8296344,48.1776652],[2.8296763,48.1779328],[2.8298528,48.1782202],[2.8300615,48.1783302],[2.830169,48.178422],[2.8302284,48.1788129],[2.8302393,48.1789544]]}},{"type":"Feature","properties":{"sinuosity":0.747,"highway":"tertiary"},"geometry":{"type":"LineString","coordinates":[[3.3143534,48.5283111],[3.314275,48.5281106],[3.3141452,48.5278704],[3.3137686,48.5277468],[3.3132536,48.5277525],[3.3130304,48.5277468],[3.3126528,48.5276501],[3.3124039,48.5274739],[3.3122065,48.5272466],[3.3118288,48.5270703]]}},{"type":"Feature","properties":{"sinuosity":0.993,"highway":"tertiary"},"geometry":{"type":"LineString","coordinates":[[3.3116777,48.5335621],[3.3114769,48.5330157],[3.3111765,48.5327372],[3.3104984,48.5325497],[3.3100574,48.5323673],[3.3099234,48.5321632],[3.3099405,48.5317256],[3.3104555,48.5313902],[3.311191,48.5311556],[3.3114311,48.5308131]]}},{"type":"Feature","properties":{"sinuosity":0.7,"highway":"tertiary"},"geometry":{"type":"LineString","coordinates":[[1.9628859,48.7578535],[1.9618946,48.7580222],[1.9615928,48.7580736],[1.9597691,48.7581928],[1.9596513,48.7581935],[1.9581626,48.7580703],[1.9581337,48.7580808],[1.9580893,48.7581238],[1.9579549,48.758241],[1.9579309,48.7582619]]}},{"type":"Feature","properties":{"sinuosity":0.813,"highway":"tertiary"},"geometry":{"type":"LineString","coordinates":[[3.447215,48.8734982],[3.447347,48.8736633],[3.4472738,48.8738909],[3.4471681,48.8739653],[3.446983,48.8740025],[3.446173,48.8739605],[3.4458208,48.8739473],[3.4455075,48.8739981],[3.444353,48.8743978],[3.4442638,48.8744294]]}},{"type":"Feature","properties":{"sinuosity":1,"highway":"tertiary"},"geometry":{"type":"LineString","coordinates":[[3.4475332,48.8716213],[3.4473561,48.8715886],[3.4472689,48.8715631],[3.4466639,48.8714253],[3.446548,48.8714086],[3.4462256,48.871427],[3.446177,48.8715202],[3.4462419,48.8717574],[3.4467285,48.8729871],[3.447215,48.8734982]]}},{"type":"Feature","properties":{"sinuosity":0.74,"highway":"tertiary"},"geometry":{"type":"LineString","coordinates":[[3.1142372,48.5521299],[3.1125066,48.5536053],[3.1114482,48.5543092],[3.109762,48.5548041],[3.1083752,48.5555205],[3.107228,48.5562239],[3.1072956,48.5565821],[3.1074366,48.5575522],[3.1062696,48.557916],[3.1059737,48.5585913]]}},{"type":"Feature","properties":{"sinuosity":0.828,"highway":"tertiary"},"geometry":{"type":"LineString","coordinates":[[3.1404106,48.5790957],[3.1396912,48.5806327],[3.1395856,48.5810446],[3.1395306,48.5811086],[3.139436,48.5811421],[3.1370226,48.5812847]]}},{"type":"Feature","properties":{"sinuosity":0.803,"highway":"tertiary"},"geometry":{"type":"LineString","coordinates":[[2.6847401,49.0537333],[2.6845346,49.0539012],[2.6842616,49.0540144],[2.6833811,49.053976],[2.6829905,49.0539925],[2.6826342,49.05411],[2.682287,49.0543248],[2.6820793,49.0550426],[2.6820005,49.0552065],[2.6819035,49.0552706]]}},{"type":"Feature","properties":{"sinuosity":0.7,"highway":"secondary"},"geometry":{"type":"LineString","coordinates":[[2.0878589,48.8931607],[2.0876151,48.8931761],[2.0867956,48.8931247],[2.0866903,48.8931393],[2.0861764,48.893359],[2.0859498,48.8934322],[2.0853849,48.8935289],[2.0853146,48.893537],[2.0851246,48.8935592],[2.0850427,48.8935698]]}},{"type":"Feature","properties":{"sinuosity":0.72,"highway":"secondary"},"geometry":{"type":"LineString","coordinates":[[2.0265628,48.9840131],[2.0266325,48.9832091],[2.0266508,48.9830718],[2.0268552,48.9828358],[2.0275318,48.9825532],[2.0278064,48.9823797],[2.0281935,48.9819301],[2.0283164,48.9815947],[2.0283183,48.981424],[2.0282303,48.9812713]]}},{"type":"Feature","properties":{"sinuosity":0.7,"highway":"primary"},"geometry":{"type":"LineString","coordinates":[[2.4397373,48.3060788],[2.4407512,48.3063464],[2.4411884,48.306482],[2.4414888,48.3066247],[2.4416605,48.30673],[2.4423093,48.3072932],[2.4425862,48.3074478],[2.4429098,48.3075216],[2.443206,48.3075296],[2.4434682,48.3075145]]}},{"type":"Feature","properties":{"sinuosity":0.7,"highway":"tertiary"},"geometry":{"type":"LineString","coordinates":[[1.8424331,48.7582029],[1.8417234,48.7580197],[1.8410973,48.7580018],[1.8401468,48.7579791],[1.8396305,48.7579107],[1.8383526,48.7580036],[1.8375928,48.7580901],[1.8374996,48.7580963],[1.8374426,48.7580914],[1.8373963,48.7580812]]}},{"type":"Feature","properties":{"sinuosity":0.7,"highway":"tertiary"},"geometry":{"type":"LineString","coordinates":[[3.2544235,48.3834004],[3.254614,48.3831957],[3.2555698,48.3822532],[3.2556027,48.3822055],[3.2556479,48.3820595],[3.255707,48.3814322],[3.2558667,48.3813184],[3.2563465,48.3810096],[3.2575437,48.3798375],[3.2578357,48.3796022]]}},{"type":"Feature","properties":{"sinuosity":0.7,"highway":"secondary"},"geometry":{"type":"LineString","coordinates":[[2.9292053,48.1486195],[2.9282313,48.148069],[2.9277792,48.1478366],[2.9261598,48.147218],[2.9258942,48.1471785],[2.9256362,48.1471945],[2.9255047,48.1472052]]}},{"type":"Feature","properties":{"sinuosity":0.7,"highway":"secondary"},"geometry":{"type":"LineString","coordinates":[[2.8024536,49.0305519],[2.8022719,49.0304798],[2.8021021,49.0304519],[2.8019197,49.030445],[2.8017098,49.0304729],[2.8013435,49.0306069],[2.8005996,49.030877],[2.8000105,49.0310946],[2.7998902,49.031139],[2.7994745,49.0313018]]}},{"type":"Feature","properties":{"sinuosity":0.7,"highway":"secondary"},"geometry":{"type":"LineString","coordinates":[[2.9558777,49.1013198],[2.9557843,49.1013622],[2.9557114,49.1014271],[2.9548992,49.1021022],[2.9546666,49.1023269],[2.9544957,49.1026832],[2.9544323,49.1029516]]}},{"type":"Feature","properties":{"sinuosity":1,"highway":"tertiary"},"geometry":{"type":"LineString","coordinates":[[3.2596307,48.894757],[3.2574381,48.894015],[3.2569502,48.8939394],[3.2557227,48.8941325],[3.2544519,48.8947313],[3.2530209,48.8956058],[3.252675,48.8954606],[3.2529537,48.894476],[3.2535022,48.8930448],[3.2538302,48.8918869]]}},{"type":"Feature","properties":{"sinuosity":1,"highway":"tertiary"},"geometry":{"type":"LineString","coordinates":[[3.2538302,48.8918869],[3.2542106,48.891382],[3.2548216,48.8911075],[3.2550467,48.8910128],[3.25517,48.890823],[3.2550878,48.8906877],[3.2547655,48.8906123],[3.2545771,48.8906223],[3.2514724,48.8909154],[3.2511676,48.8909117]]}},{"type":"Feature","properties":{"sinuosity":0.723,"highway":"tertiary"},"geometry":{"type":"LineString","coordinates":[[3.2511676,48.8909117],[3.2511035,48.8909159],[3.2507419,48.8909609],[3.2496595,48.8915179],[3.2491398,48.8917853],[3.2488698,48.8919284],[3.2486608,48.8919227],[3.2484344,48.8918025]]}},{"type":"Feature","properties":{"sinuosity":0.7,"highway":"secondary"},"geometry":{"type":"LineString","coordinates":[[1.7819114,48.5782618],[1.7829264,48.5781644],[1.783503,48.5780853],[1.7840561,48.5779846],[1.7843349,48.5779378],[1.7854269,48.5778218],[1.786516,48.5779354],[1.7873721,48.5779997],[1.7875625,48.5780087],[1.7884828,48.5781644]]}},{"type":"Feature","properties":{"sinuosity":0.764,"highway":"tertiary"},"geometry":{"type":"LineString","coordinates":[[3.1862761,48.677811],[3.1858316,48.6777508],[3.1857146,48.6776236],[3.185807,48.6760971],[3.1857296,48.6757693],[3.1840186,48.6743256],[3.1817793,48.6738293],[3.1799778,48.6734967],[3.1796426,48.673259],[3.1783456,48.670357]]}},{"type":"Feature","properties":{"sinuosity":0.7,"highway":"tertiary"},"geometry":{"type":"LineString","coordinates":[[3.1783456,48.670357],[3.1781834,48.6699648],[3.1771055,48.6691981],[3.1767563,48.6685262]]}},{"type":"Feature","properties":{"sinuosity":0.766,"highway":"tertiary"},"geometry":{"type":"LineString","coordinates":[[3.1767563,48.6685262],[3.1763537,48.6671365],[3.1757195,48.6660975],[3.1757038,48.6652538],[3.1758374,48.6647378],[3.1749642,48.6636762],[3.1735208,48.6626255],[3.1731896,48.6624351],[3.1719063,48.6623135],[3.1696202,48.6622107]]}},{"type":"Feature","properties":{"sinuosity":0.808,"highway":"trunk_link"},"geometry":{"type":"LineString","coordinates":[[2.5469585,48.644921],[2.547113,48.6449234],[2.5477117,48.6449151],[2.5491156,48.6448756],[2.5492886,48.644866],[2.549486,48.6448148],[2.5495541,48.6447766],[2.5496077,48.6447266],[2.5496474,48.6446663],[2.5496729,48.6442854]]}},{"type":"Feature","properties":{"sinuosity":1,"highway":"trunk_link"},"geometry":{"type":"LineString","coordinates":[[2.7396274,49.098937],[2.7399052,49.0990959],[2.7402736,49.0991685],[2.740508,49.0991498],[2.740813,49.0990134],[2.7409893,49.0987729],[2.7409396,49.0985317],[2.7407686,49.0983489],[2.7400037,49.0978449],[2.7397854,49.0977574]]}},{"type":"Feature","properties":{"sinuosity":0.712,"highway":"tertiary"},"geometry":{"type":"LineString","coordinates":[[1.9776084,49.223487],[1.9779661,49.2232516],[1.978089,49.2232165],[1.9786437,49.2232733],[1.979074,49.2234544],[1.9796179,49.2235991],[1.9805095,49.2236366],[1.9824777,49.2236976],[1.9827786,49.2236471],[1.9847694,49.2229895]]}},{"type":"Feature","properties":{"sinuosity":0.7,"highway":"tertiary"},"geometry":{"type":"LineString","coordinates":[[2.5647183,48.6269768],[2.5648314,48.6268049],[2.5653043,48.6260894],[2.5653608,48.6260076],[2.565785,48.6254196],[2.5659889,48.6251342],[2.5660821,48.6249396],[2.5661062,48.6248762],[2.5661639,48.6248186],[2.5662745,48.6247879]]}},{"type":"Feature","properties":{"sinuosity":0.7,"highway":"motorway_link"},"geometry":{"type":"LineString","coordinates":[[2.203462,48.9026376],[2.2031316,48.9024873],[2.2029653,48.902453],[2.2027776,48.90243],[2.2025657,48.9024441],[2.2023618,48.9024882],[2.2018817,48.9026363],[2.2015437,48.9027174],[2.2010176,48.9028087],[2.2004695,48.9029129]]}},{"type":"Feature","properties":{"sinuosity":0.7,"highway":"secondary"},"geometry":{"type":"LineString","coordinates":[[2.0993591,48.3167653],[2.0988659,48.3165986],[2.0986051,48.316531],[2.0984315,48.3165029],[2.0982862,48.3165005],[2.0981305,48.316526],[2.0969626,48.3167808],[2.0965341,48.316864],[2.0961227,48.3169373],[2.0960341,48.3169491]]}},{"type":"Feature","properties":{"sinuosity":0.744,"highway":"tertiary"},"geometry":{"type":"LineString","coordinates":[[1.8924017,49.0251669],[1.8930161,49.0255911],[1.8932945,49.0258417],[1.8934117,49.0262867],[1.8935406,49.0267475],[1.8940821,49.0274187],[1.8950158,49.0278883],[1.8958057,49.0283768],[1.8961969,49.028495],[1.8969291,49.0283977]]}},{"type":"Feature","properties":{"sinuosity":0.7,"highway":"tertiary"},"geometry":{"type":"LineString","coordinates":[[1.9021356,49.0167155],[1.9027287,49.0161148],[1.9037492,49.0153116],[1.904568,49.0147211],[1.905062,49.0144592],[1.9056282,49.0142327],[1.9062272,49.0140758],[1.9063444,49.0139997],[1.9066346,49.0135133],[1.9068674,49.0133071]]}},{"type":"Feature","properties":{"sinuosity":0.7,"highway":"motorway_link"},"geometry":{"type":"LineString","coordinates":[[2.5876351,48.8343611],[2.5875533,48.8344336],[2.5850291,48.8348631],[2.5836191,48.8350907],[2.5832782,48.835198],[2.5830858,48.835338],[2.5829444,48.8355121],[2.5828292,48.835732],[2.5827861,48.8357948]]}},{"type":"Feature","properties":{"sinuosity":0.651,"highway":"tertiary"},"geometry":{"type":"LineString","coordinates":[[1.8113543,49.0258923],[1.8129991,49.0256346],[1.8137747,49.0255763],[1.8153931,49.0254866],[1.8165609,49.0256018],[1.8170011,49.0257428],[1.8174179,49.0260306],[1.8185398,49.0265763],[1.8190527,49.0267821],[1.8191811,49.0267823]]}},{"type":"Feature","properties":{"sinuosity":0.779,"highway":"secondary"},"geometry":{"type":"LineString","coordinates":[[2.9639508,48.979301],[2.9630351,48.9790147],[2.962883,48.9787811],[2.9635782,48.9765149],[2.9635249,48.9759982],[2.9620555,48.9746924],[2.961225,48.9743014],[2.9598195,48.9737707],[2.958563,48.9733239],[2.9575941,48.9725628]]}},{"type":"Feature","properties":{"sinuosity":0.763,"highway":"secondary"},"geometry":{"type":"LineString","coordinates":[[3.5321099,48.8671478],[3.5319194,48.8670041],[3.5316339,48.8669502],[3.5312505,48.8670105],[3.531035,48.867121],[3.5305699,48.8673999],[3.5303946,48.8673821],[3.529899,48.867118],[3.5295583,48.8669824],[3.5276192,48.8665077]]}},{"type":"Feature","properties":{"sinuosity":0.7,"highway":"tertiary"},"geometry":{"type":"LineString","coordinates":[[3.051345,48.4155945],[3.0511219,48.4156995],[3.0483946,48.4155945],[3.046914,48.415801],[3.0446417,48.4166257],[3.043932,48.4168189],[3.042453,48.4168673],[3.0411741,48.4174388],[3.0397364,48.4180155],[3.0373975,48.418457]]}},{"type":"Feature","properties":{"sinuosity":0.7,"highway":"secondary"},"geometry":{"type":"LineString","coordinates":[[3.3187502,48.5557384],[3.3187455,48.5552897],[3.3189198,48.5548139],[3.3192524,48.5544145],[3.3197969,48.5538605],[3.3198935,48.5534202],[3.3197165,48.5530155],[3.3195797,48.5528255],[3.3195031,48.5524976],[3.319544,48.5520098]]}},{"type":"Feature","properties":{"sinuosity":0.7,"highway":"tertiary"},"geometry":{"type":"LineString","coordinates":[[2.8657519,48.6443807],[2.8654564,48.6446483],[2.8649987,48.6447146],[2.8646931,48.6447155],[2.8638414,48.6448987],[2.8633501,48.6450806],[2.8628354,48.6453131],[2.8625915,48.6454326],[2.8601055,48.6465696],[2.8599422,48.6466573]]}},{"type":"Feature","properties":{"sinuosity":0.765,"highway":"secondary"},"geometry":{"type":"LineString","coordinates":[[2.8073866,48.2503752],[2.8071184,48.250961],[2.8071828,48.2512825],[2.8074724,48.2516325],[2.808556,48.2521969],[2.8089745,48.2523541],[2.8104014,48.2526398],[2.8110237,48.2527755],[2.8114957,48.2530613],[2.8121936,48.2538774]]}},{"type":"Feature","properties":{"sinuosity":0.801,"highway":"secondary"},"geometry":{"type":"LineString","coordinates":[[2.8121936,48.2538774],[2.8127081,48.2544757],[2.8128385,48.2547213],[2.8128261,48.2549972],[2.8123541,48.2553901],[2.8107578,48.2563954],[2.8104656,48.2565358],[2.8104346,48.2566333],[2.8104658,48.2568902],[2.8104401,48.2570867]]}},{"type":"Feature","properties":{"sinuosity":0.758,"highway":"secondary"},"geometry":{"type":"LineString","coordinates":[[2.8026125,48.2775211],[2.8023453,48.2775398],[2.8005804,48.2774235],[2.8003271,48.2773682],[2.8001349,48.2772694],[2.8000256,48.2771589],[2.7998902,48.2768333],[2.799698,48.2766472]]}},{"type":"Feature","properties":{"sinuosity":0.7,"highway":"tertiary"},"geometry":{"type":"LineString","coordinates":[[2.4970249,48.1860735],[2.4971915,48.1859282],[2.4973856,48.1858679],[2.4992784,48.1860334],[2.4998843,48.1860923],[2.5003792,48.1862393],[2.5006154,48.1862931],[2.5009392,48.1863094],[2.5010701,48.1862959],[2.5017039,48.1861396]]}},{"type":"Feature","properties":{"sinuosity":0.7,"highway":"secondary"},"geometry":{"type":"LineString","coordinates":[[2.3896655,49.0014476],[2.3896249,49.0014555],[2.3894498,49.0014922],[2.3874848,49.0019075],[2.3872357,49.0019607],[2.3867409,49.0020595],[2.386594,49.0020771],[2.3862042,49.002089],[2.3859975,49.0021306],[2.3858601,49.0021869]]}},{"type":"Feature","properties":{"sinuosity":0.852,"highway":"secondary"},"geometry":{"type":"LineString","coordinates":[[2.1205241,49.1342239],[2.1200113,49.1342155],[2.1193112,49.1342497],[2.1151645,49.1347648],[2.1149547,49.1348206],[2.1146904,49.1350222],[2.1138068,49.1360398],[2.1135515,49.1375288],[2.1133826,49.1377241],[2.1132664,49.1379057]]}},{"type":"Feature","properties":{"sinuosity":0.74,"highway":"tertiary"},"geometry":{"type":"LineString","coordinates":[[2.5334758,48.9600523],[2.533461,48.9602847],[2.5334776,48.9604053],[2.5337206,48.9608331],[2.5339294,48.9611492],[2.5343324,48.9616683],[2.5346788,48.9621155],[2.5346746,48.962205],[2.5346272,48.9622597],[2.5342036,48.9625071]]}},{"type":"Feature","properties":{"sinuosity":0.741,"highway":"tertiary"},"geometry":{"type":"LineString","coordinates":[[2.7440928,49.0874358],[2.7442645,49.087206],[2.7444733,49.0868867],[2.7450078,49.0865665],[2.7455868,49.0862508],[2.7457059,49.0860833],[2.7457816,49.08579],[2.7456549,49.0854124],[2.7454601,49.0847054],[2.7454214,49.0846365]]}},{"type":"Feature","properties":{"sinuosity":0.821,"highway":"secondary"},"geometry":{"type":"LineString","coordinates":[[2.1999288,49.1127575],[2.2009758,49.1121005],[2.2015841,49.1119873],[2.2027612,49.1118072],[2.202926,49.1118096],[2.203318,49.1119065],[2.2040315,49.1120437],[2.2044466,49.1122353],[2.2045865,49.11237],[2.2047846,49.1126244]]}},{"type":"Feature","properties":{"sinuosity":0.7,"highway":"primary"},"geometry":{"type":"LineString","coordinates":[[2.4225184,48.9316463],[2.423163,48.9322607],[2.4235063,48.9325885],[2.423763,48.9328152],[2.4238551,48.9328647],[2.4240385,48.9330317],[2.4240727,48.9330621],[2.4241916,48.933169]]}},{"type":"Feature","properties":{"sinuosity":1,"highway":"motorway_link"},"geometry":{"type":"LineString","coordinates":[[2.2546446,49.1285084],[2.2547967,49.1284416],[2.2548367,49.1281466],[2.2546247,49.1274857],[2.2544892,49.1273725],[2.2541948,49.1272968],[2.2539313,49.127326],[2.2536685,49.1274726],[2.2535947,49.1276121],[2.2534941,49.1279991]]}},{"type":"Feature","properties":{"sinuosity":1,"highway":"primary"},"geometry":{"type":"LineString","coordinates":[[2.2572101,49.1282142],[2.2571297,49.1279915],[2.2568354,49.1276497],[2.2565309,49.1273832],[2.2562754,49.1272359],[2.2561571,49.1271888],[2.255772,49.1271462],[2.2553868,49.1272752],[2.2552149,49.1275739],[2.2553972,49.128112]]}},{"type":"Feature","properties":{"sinuosity":0.7,"highway":"tertiary"},"geometry":{"type":"LineString","coordinates":[[2.4971371,48.8831878],[2.4971017,48.8832602],[2.4963873,48.8839949],[2.4960451,48.8843567],[2.4958208,48.8846026],[2.4957683,48.8846353],[2.495714,48.8846592],[2.4953965,48.8847634],[2.4953717,48.8847894],[2.4953526,48.8848316]]}},{"type":"Feature","properties":{"sinuosity":0.7,"highway":"secondary"},"geometry":{"type":"LineString","coordinates":[[2.1238143,48.3560114],[2.1238154,48.3558561],[2.1237365,48.3556674],[2.1236104,48.355512],[2.1233824,48.3552821],[2.1232285,48.3550817],[2.1230139,48.3548421],[2.1228251,48.3546368],[2.1226902,48.3545244],[2.1224872,48.3542067]]}},{"type":"Feature","properties":{"sinuosity":0.7,"highway":"tertiary"},"geometry":{"type":"LineString","coordinates":[[2.1158727,49.045201],[2.1163205,49.0450241],[2.1164187,49.0450095],[2.1165599,49.045018],[2.1173609,49.0452189],[2.1177423,49.0453101],[2.1185153,49.0455029],[2.1197961,49.0458063],[2.1208488,49.046076]]}},{"type":"Feature","properties":{"sinuosity":0.7,"highway":"secondary"},"geometry":{"type":"LineString","coordinates":[[2.9312224,49.0343315],[2.9315656,49.0343543],[2.9320953,49.0344728],[2.9321478,49.034499],[2.9323814,49.0346156],[2.9329717,49.0350559],[2.9331483,49.0351614],[2.9335285,49.0354119],[2.9339698,49.0357608],[2.934013,49.0357995]]}},{"type":"Feature","properties":{"sinuosity":0.7,"highway":"tertiary"},"geometry":{"type":"LineString","coordinates":[[2.8810462,49.0178806],[2.880539,49.0175386],[2.8803833,49.017415],[2.8803002,49.0173653],[2.8798376,49.0172323],[2.8795385,49.0171542],[2.8791645,49.017033],[2.878993,49.0169717],[2.8784327,49.0167721],[2.877847,49.016572]]}},{"type":"Feature","properties":{"sinuosity":0.7,"highway":"tertiary"},"geometry":{"type":"LineString","coordinates":[[3.0836994,49.1590947],[3.083294,49.1596454],[3.0827919,49.1601791],[3.0811144,49.1609029],[3.0800937,49.1612894],[3.0796722,49.1615952],[3.0778558,49.1632073],[3.077256,49.1636835],[3.0766033,49.1640033],[3.0761814,49.1641476]]}},{"type":"Feature","properties":{"sinuosity":0.925,"highway":"secondary"},"geometry":{"type":"LineString","coordinates":[[3.0647981,49.1430052],[3.0654448,49.1428987],[3.0661473,49.142867],[3.0676495,49.1430473],[3.0691339,49.143746],[3.0696126,49.143971],[3.0705053,49.1440836],[3.0709627,49.1439875],[3.0714345,49.1436037],[3.0735751,49.1407171]]}},{"type":"Feature","properties":{"sinuosity":0.649,"highway":"primary"},"geometry":{"type":"LineString","coordinates":[[2.8219401,48.2988524],[2.8230701,48.2993181],[2.8241938,48.2997999],[2.8245218,48.3000247],[2.8246103,48.3000965],[2.8246726,48.3001754],[2.8247369,48.300302],[2.8247718,48.3004418],[2.8247551,48.3005787],[2.8247118,48.3007172]]}},{"type":"Feature","properties":{"sinuosity":0.704,"highway":"tertiary"},"geometry":{"type":"LineString","coordinates":[[1.8987493,49.0888464],[1.89878,49.0888555],[1.8989031,49.0888674],[1.8989436,49.0888615],[1.8990339,49.088834],[1.8990659,49.0888194],[1.8997912,49.0884187],[1.900314,49.0882688],[1.9017763,49.0882776],[1.9026091,49.0883869]]}},{"type":"Feature","properties":{"sinuosity":0.805,"highway":"secondary"},"geometry":{"type":"LineString","coordinates":[[2.2739891,49.1521725],[2.2745166,49.1519119],[2.2747897,49.151775],[2.275266,49.1515374],[2.2753576,49.1515317],[2.2755129,49.1515769],[2.2758146,49.1518267],[2.2759614,49.1518564],[2.2761548,49.1517934],[2.2767864,49.1514732]]}},{"type":"Feature","properties":{"sinuosity":0.787,"highway":"tertiary"},"geometry":{"type":"LineString","coordinates":[[2.9932286,48.4258361],[2.9940809,48.42589],[2.9942161,48.4259028],[2.9944414,48.4258601],[2.9946882,48.4257034],[2.9951469,48.4248517],[2.9952568,48.4245857],[2.995407,48.4244718],[2.9960189,48.4242147],[2.9960972,48.4241817]]}},{"type":"Feature","properties":{"sinuosity":0.7,"highway":"tertiary"},"geometry":{"type":"LineString","coordinates":[[2.9930639,48.4163625],[2.9940002,48.4164495],[2.9952621,48.4167793],[2.9957836,48.4168444],[2.9968086,48.416766],[2.9974051,48.4168301],[2.9981874,48.4167259],[2.9997179,48.4165131],[3.0014581,48.4166181],[3.0023403,48.4171674]]}},{"type":"Feature","properties":{"sinuosity":0.728,"highway":"secondary"},"geometry":{"type":"LineString","coordinates":[[3.4452665,48.4171073],[3.445419,48.4171549],[3.4454543,48.417169],[3.4455742,48.4172168],[3.4458835,48.4173867],[3.4463489,48.4179648],[3.4463944,48.4181905],[3.4464121,48.4182782],[3.4463811,48.4184975],[3.446328,48.4186937]]}},{"type":"Feature","properties":{"sinuosity":0.628,"highway":"tertiary"},"geometry":{"type":"LineString","coordinates":[[2.1723798,48.6737897],[2.1724333,48.673868],[2.1725185,48.6739351],[2.1726617,48.6739995],[2.1728256,48.6740453],[2.1730415,48.6740759],[2.1732843,48.6740912],[2.1754732,48.6740243],[2.1760594,48.6739413],[2.1771298,48.6737177]]}},{"type":"Feature","properties":{"sinuosity":0.7,"highway":"secondary"},"geometry":{"type":"LineString","coordinates":[[2.5380262,48.6831148],[2.5379236,48.6831852],[2.5377567,48.6834423],[2.5376379,48.683581],[2.5373794,48.6838807],[2.5372845,48.6839919],[2.5370702,48.684243],[2.53681,48.6845431],[2.536686,48.6847186],[2.5367,48.6848027]]}},{"type":"Feature","properties":{"sinuosity":0.706,"highway":"tertiary"},"geometry":{"type":"LineString","coordinates":[[2.2756151,48.2632674],[2.2755083,48.263128],[2.2754018,48.2629657],[2.2751022,48.2623307],[2.2749743,48.2619006],[2.2750027,48.2618208],[2.2752441,48.2615556],[2.2754172,48.2612835],[2.2755127,48.2611266],[2.2755832,48.2608467]]}},{"type":"Feature","properties":{"sinuosity":0.778,"highway":"tertiary"},"geometry":{"type":"LineString","coordinates":[[3.1943035,48.5819559],[3.1944354,48.5820417],[3.194567,48.5826883],[3.1944334,48.5832303],[3.1944591,48.5834011],[3.196217,48.5839394],[3.1968039,48.5840646],[3.1973742,48.5842845],[3.1983311,48.5845799],[3.198749,48.5847343]]}},{"type":"Feature","properties":{"sinuosity":0.7,"highway":"tertiary"},"geometry":{"type":"LineString","coordinates":[[3.261429,48.9948285],[3.2627685,48.9947572],[3.2636885,48.9945487],[3.2647455,48.9946236],[3.265265,48.994691],[3.265546,48.9947874],[3.2661167,48.9948196],[3.2664075,48.9947503],[3.2672316,48.9945673],[3.2674858,48.9945407]]}},{"type":"Feature","properties":{"sinuosity":0.817,"highway":"tertiary"},"geometry":{"type":"LineString","coordinates":[[3.2108946,49.0022625],[3.2132943,49.0025379],[3.2160075,49.0029948],[3.2169762,49.003503],[3.2182312,49.0049218],[3.2188278,49.0051077],[3.2199295,49.0043709],[3.2204573,49.0042616],[3.2211883,49.0044172],[3.2231298,49.0066483]]}},{"type":"Feature","properties":{"sinuosity":0.72,"highway":"tertiary"},"geometry":{"type":"LineString","coordinates":[[3.2244388,49.0073139],[3.2251929,49.0072535],[3.2258884,49.0074943],[3.2264105,49.0077501],[3.2266631,49.0079073],[3.2268642,49.0080324],[3.2269764,49.0081905],[3.2270864,49.008326],[3.2272387,49.0084452]]}},{"type":"Feature","properties":{"sinuosity":0.7,"highway":"tertiary"},"geometry":{"type":"LineString","coordinates":[[3.2282136,49.0076292],[3.2283232,49.0073332],[3.2284615,49.0071987],[3.2291793,49.0069245],[3.2295367,49.0065749],[3.2301147,49.005305],[3.2312362,49.0044898],[3.2337633,49.0027555],[3.2339742,49.0026003],[3.239614,49.0008248]]}},{"type":"Feature","properties":{"sinuosity":0.7,"highway":"secondary"},"geometry":{"type":"LineString","coordinates":[[2.0929996,48.9935667],[2.0929114,48.9934972],[2.0918986,48.993187],[2.0916606,48.9931367],[2.0915297,48.993121],[2.0914271,48.9931247],[2.0908856,48.9932084],[2.090734,48.9932239],[2.0901023,48.9931853],[2.0899884,48.9932088]]}},{"type":"Feature","properties":{"sinuosity":0.7,"highway":"secondary"},"geometry":{"type":"LineString","coordinates":[[2.6848349,49.1076327],[2.6848476,49.1077055],[2.6852795,49.1085851],[2.6854156,49.1089063],[2.685427,49.1090872],[2.6852485,49.1095286],[2.685183,49.1097144],[2.6851321,49.1099049],[2.6851278,49.1104244],[2.6851742,49.1107874]]}},{"type":"Feature","properties":{"sinuosity":0.7,"highway":"tertiary"},"geometry":{"type":"LineString","coordinates":[[2.7052542,48.5835634],[2.7060993,48.5830542],[2.7069123,48.582555],[2.7076638,48.5824778],[2.7078584,48.5824114],[2.7079904,48.5821729],[2.7083093,48.5818416],[2.7085858,48.5815716],[2.7099576,48.5808123],[2.7108694,48.5803199]]}},{"type":"Feature","properties":{"sinuosity":0.708,"highway":"tertiary"},"geometry":{"type":"LineString","coordinates":[[2.0287532,48.7708294],[2.0282802,48.7709699],[2.0279499,48.7708049],[2.0278395,48.7707637],[2.0277509,48.7707488],[2.0274533,48.7707644],[2.0269174,48.7708956],[2.0268567,48.7709105],[2.0257299,48.7711863],[2.025634,48.7712098]]}},{"type":"Feature","properties":{"sinuosity":0.7,"highway":"tertiary"},"geometry":{"type":"LineString","coordinates":[[3.1847268,48.9470314],[3.1851955,48.9470356],[3.185944,48.9472176],[3.1864492,48.9477114],[3.1885993,48.947689],[3.188886,48.9476076],[3.1894008,48.9475008],[3.1898812,48.9475109],[3.1924829,48.9477314],[3.1943339,48.9478101]]}},{"type":"Feature","properties":{"sinuosity":0.85,"highway":"tertiary"},"geometry":{"type":"LineString","coordinates":[[3.1787416,48.9636693],[3.1793383,48.9648079],[3.1794121,48.9652542],[3.1785944,48.9667299],[3.1782962,48.9675299],[3.1783154,48.9678962],[3.1784886,48.970418],[3.1788283,48.9707038],[3.1810964,48.9706931],[3.1813535,48.970802]]}},{"type":"Feature","properties":{"sinuosity":0.788,"highway":"tertiary"},"geometry":{"type":"LineString","coordinates":[[3.1813535,48.970802],[3.1813925,48.9709259],[3.1813014,48.9710306],[3.1810997,48.9710968],[3.1805237,48.9712763],[3.1802796,48.9714279],[3.179759,48.9718573],[3.1796191,48.9720751],[3.1797167,48.9725196],[3.1798653,48.9726822]]}},{"type":"Feature","properties":{"sinuosity":0.889,"highway":"tertiary"},"geometry":{"type":"LineString","coordinates":[[3.1506765,48.9761189],[3.1498705,48.9765442],[3.1484765,48.9778853],[3.148192,48.9783788],[3.1473815,48.9779773],[3.1470542,48.9773752],[3.1465118,48.9772146],[3.1448119,48.9777062],[3.1428271,48.9781216],[3.141996,48.9783597]]}},{"type":"Feature","properties":{"sinuosity":0.739,"highway":"secondary"},"geometry":{"type":"LineString","coordinates":[[1.9476469,48.6335251],[1.9473701,48.6333562],[1.9466499,48.632718],[1.9463841,48.6325842],[1.9460148,48.63252],[1.9449848,48.6325314],[1.9446297,48.6325456],[1.9442319,48.6325847]]}},{"type":"Feature","properties":{"sinuosity":0.7,"highway":"secondary"},"geometry":{"type":"LineString","coordinates":[[1.9138376,48.617422],[1.9137964,48.6168674],[1.9134321,48.6163936],[1.9127216,48.6159102],[1.912619,48.6157191],[1.9121808,48.6149938],[1.9112665,48.6148056],[1.9105679,48.6143375],[1.9100704,48.6136949],[1.9091437,48.612461]]}},{"type":"Feature","properties":{"sinuosity":0.721,"highway":"tertiary"},"geometry":{"type":"LineString","coordinates":[[2.8965094,48.1906073],[2.8966847,48.1920347],[2.89745,48.193325],[2.8978971,48.1936557],[2.8980564,48.1940999],[2.8981466,48.1941482],[2.8995824,48.1944276],[2.8999653,48.1947344],[2.9008252,48.1960669],[2.9011599,48.1962777]]}},{"type":"Feature","properties":{"sinuosity":0.7,"highway":"tertiary"},"geometry":{"type":"LineString","coordinates":[[1.6777769,49.177297],[1.6776258,49.1774189],[1.677487,49.1774603],[1.6772257,49.1774918],[1.6768877,49.1775345],[1.6762702,49.1776821],[1.6760373,49.177804],[1.6752903,49.1786447],[1.674055,49.18027],[1.6737684,49.1807066]]}},{"type":"Feature","properties":{"sinuosity":0.804,"highway":"tertiary"},"geometry":{"type":"LineString","coordinates":[[2.6269344,48.2312774],[2.6267397,48.2314179],[2.6264215,48.2317037],[2.6263721,48.2317679],[2.6263117,48.2320214],[2.626298,48.2321093],[2.6261844,48.2327694],[2.6261572,48.2327978],[2.6260437,48.2328316],[2.6248206,48.2329455]]}},{"type":"Feature","properties":{"sinuosity":0.7,"highway":"tertiary"},"geometry":{"type":"LineString","coordinates":[[2.5298751,48.1880348],[2.5295223,48.1874356],[2.5293497,48.1870807],[2.5292265,48.1869709],[2.5289791,48.1866932],[2.5287946,48.1861998],[2.5287553,48.1859013],[2.5288258,48.1856676],[2.5288306,48.1856087],[2.5288233,48.1855791]]}},{"type":"Feature","properties":{"sinuosity":0.72,"highway":"tertiary"},"geometry":{"type":"LineString","coordinates":[[3.019534,48.4046555],[3.0196628,48.4045629],[3.020039,48.4043415],[3.0200941,48.4042691],[3.0201456,48.4041142],[3.0201799,48.4032933],[3.0201888,48.4030268],[3.0202314,48.4022124],[3.0200212,48.4019432],[3.0198344,48.4017779]]}},{"type":"Feature","properties":{"sinuosity":0.965,"highway":"tertiary"},"geometry":{"type":"LineString","coordinates":[[2.9893562,48.4000085],[2.9893221,48.3998269],[2.9893045,48.3991413],[2.9891481,48.3989816],[2.9890354,48.3989308],[2.9888977,48.3989],[2.9886479,48.3988818],[2.9884241,48.3988774],[2.9880876,48.3988918],[2.9876087,48.3989719]]}},{"type":"Feature","properties":{"sinuosity":0.777,"highway":"tertiary"},"geometry":{"type":"LineString","coordinates":[[2.809655,48.9260654],[2.8092207,48.9271347],[2.8090082,48.9278649],[2.8089445,48.9303519],[2.8088345,48.9309858],[2.8087672,48.9311179],[2.8079894,48.9319602],[2.8082093,48.9321734],[2.809705,48.9326783],[2.8101888,48.9329506]]}},{"type":"Feature","properties":{"sinuosity":0.778,"highway":"tertiary"},"geometry":{"type":"LineString","coordinates":[[2.8948737,48.9310249],[2.8933858,48.9309049],[2.8925757,48.9308363],[2.8923467,48.9309059],[2.8921446,48.9310598],[2.8919175,48.9313198],[2.891559,48.9316586],[2.8912304,48.9319321],[2.8907912,48.9322733],[2.8904173,48.932597]]}},{"type":"Feature","properties":{"sinuosity":0.697,"highway":"tertiary"},"geometry":{"type":"LineString","coordinates":[[3.4523559,48.3620425],[3.4528114,48.3626191],[3.4534897,48.3637201],[3.4535753,48.3638278],[3.4539731,48.3642862],[3.4549553,48.3653383],[3.4551485,48.3655626],[3.4551864,48.365824],[3.4552313,48.3662322],[3.4551238,48.3665247]]}},{"type":"Feature","properties":{"sinuosity":0.843,"highway":"tertiary"},"geometry":{"type":"LineString","coordinates":[[2.9197099,48.6288796],[2.9197591,48.6295078],[2.9197658,48.6300381],[2.9196909,48.6301125],[2.9187613,48.6305127],[2.9185837,48.6305611],[2.9180656,48.6306286],[2.9180116,48.6306508],[2.9175779,48.6312534],[2.9154261,48.6313635]]}},{"type":"Feature","properties":{"sinuosity":0.783,"highway":"tertiary"},"geometry":{"type":"LineString","coordinates":[[1.5391551,48.7020184],[1.5402709,48.7023441],[1.5404668,48.7024061],[1.5407323,48.702422],[1.5408932,48.7023866],[1.5411185,48.7021459],[1.5413653,48.7020538],[1.5419124,48.7020181],[1.5420487,48.7020683],[1.5424489,48.7023017]]}},{"type":"Feature","properties":{"sinuosity":0.788,"highway":"tertiary"},"geometry":{"type":"LineString","coordinates":[[1.5215719,48.6907954],[1.5225256,48.6911834],[1.5232121,48.6913607],[1.5241991,48.6917857],[1.524741,48.6922475],[1.5254518,48.6927438],[1.5259003,48.6934387],[1.5255123,48.6936647],[1.5253983,48.6939112],[1.5259669,48.6942518]]}},{"type":"Feature","properties":{"sinuosity":0.7,"highway":"secondary"},"geometry":{"type":"LineString","coordinates":[[3.0201548,48.6273923],[3.0200495,48.62732],[3.0192467,48.6270247],[3.0189387,48.6268863],[3.0184505,48.6266156],[3.0178134,48.6259768],[3.0177381,48.6258781],[3.0176304,48.6257201],[3.0175723,48.6255861],[3.0175572,48.6254914]]}},{"type":"Feature","properties":{"sinuosity":0.7,"highway":"secondary"},"geometry":{"type":"LineString","coordinates":[[3.0819904,48.6558778],[3.0791291,48.6561793],[3.0783347,48.6562704],[3.0774055,48.6564005],[3.0769784,48.6567874],[3.0767526,48.6569007],[3.075657,48.6567874],[3.0749422,48.656852],[3.0735881,48.6570992],[3.0724893,48.6571558]]}},{"type":"Feature","properties":{"sinuosity":0.71,"highway":"tertiary"},"geometry":{"type":"LineString","coordinates":[[3.2440252,48.7101507],[3.2440547,48.7099069],[3.2446468,48.7092127],[3.24393,48.7085622],[3.2436638,48.7082653],[3.2434358,48.7075936],[3.2432856,48.7067864],[3.2432762,48.7063258],[3.2435055,48.7053819],[3.2435394,48.7050429]]}},{"type":"Feature","properties":{"sinuosity":0.7,"highway":"tertiary"},"geometry":{"type":"LineString","coordinates":[[1.5173891,48.9145046],[1.5174755,48.9145455],[1.5176047,48.9146104],[1.5176888,48.9146909],[1.5182303,48.9160042],[1.5183607,48.9163264],[1.5192307,48.9185483],[1.519452,48.9193706],[1.5194512,48.9195195],[1.5193713,48.9196776]]}},{"type":"Feature","properties":{"sinuosity":0.7,"highway":"secondary"},"geometry":{"type":"LineString","coordinates":[[2.4154039,48.7741898],[2.4155887,48.7744759],[2.4157119,48.7746666],[2.4158746,48.7750944],[2.4159003,48.7754241],[2.4158792,48.7755279],[2.4158225,48.7758087],[2.4157895,48.7761812],[2.416059,48.7768992],[2.4160908,48.7769395]]}},{"type":"Feature","properties":{"sinuosity":0.7,"highway":"tertiary"},"geometry":{"type":"LineString","coordinates":[[2.7445033,48.6751891],[2.7456927,48.6757819],[2.7458216,48.6759047],[2.7458707,48.675975],[2.7461178,48.6765191],[2.7462231,48.676705],[2.7464005,48.6768414],[2.7465208,48.6769296],[2.7465755,48.6769891]]}},{"type":"Feature","properties":{"sinuosity":0.7,"highway":"secondary"},"geometry":{"type":"LineString","coordinates":[[1.5230325,48.7474078],[1.5230598,48.7472875],[1.5229758,48.7467466],[1.5229573,48.7463773],[1.522867,48.7460961],[1.5228688,48.7459934],[1.5230369,48.7457729],[1.523532,48.7452449],[1.5236365,48.7451248],[1.5240625,48.7443924]]}},{"type":"Feature","properties":{"sinuosity":1,"highway":"motorway_link"},"geometry":{"type":"LineString","coordinates":[[2.6695852,48.8664951],[2.6692392,48.866436],[2.668924,48.866481],[2.6686907,48.8665904],[2.6685204,48.8668224],[2.6685606,48.8670967],[2.6688047,48.8673076],[2.6690823,48.8674028],[2.6695678,48.8674558],[2.6700672,48.8674233]]}},{"type":"Feature","properties":{"sinuosity":1,"highway":"motorway_link"},"geometry":{"type":"LineString","coordinates":[[2.6667585,48.8607756],[2.666545,48.8604953],[2.6663209,48.8603483],[2.6660803,48.8602693],[2.6658582,48.8602566],[2.6655575,48.8603337],[2.6654164,48.8604416],[2.6653212,48.8606217],[2.6653071,48.8607641],[2.6653337,48.8611613]]}},{"type":"Feature","properties":{"sinuosity":1,"highway":"trunk_link"},"geometry":{"type":"LineString","coordinates":[[1.8324748,48.5805006],[1.8325398,48.5806433],[1.8327516,48.5807955],[1.8329659,48.5808474],[1.8331853,48.5808404],[1.8334876,48.5807288],[1.8335971,48.5806031],[1.8337054,48.5802963],[1.8337948,48.5798702],[1.833753,48.5797116]]}},{"type":"Feature","properties":{"sinuosity":1,"highway":"motorway_link"},"geometry":{"type":"LineString","coordinates":[[1.8355738,48.5260727],[1.835727,48.5259306],[1.8358219,48.5257201],[1.8358014,48.5255461],[1.8356018,48.5252846],[1.8353421,48.5251611],[1.8348137,48.5251149],[1.8344726,48.5252224],[1.8341025,48.5255724],[1.833928,48.5259135]]}},{"type":"Feature","properties":{"sinuosity":0.7,"highway":"secondary"},"geometry":{"type":"LineString","coordinates":[[1.9662699,48.6425095],[1.9663856,48.642673],[1.9664164,48.6427598],[1.9664341,48.6428044],[1.9666372,48.6432959],[1.9667754,48.6437455],[1.9667676,48.6448037],[1.9670919,48.6454014],[1.9674613,48.6457845],[1.9674824,48.645917]]}},{"type":"Feature","properties":{"sinuosity":0.841,"highway":"tertiary"},"geometry":{"type":"LineString","coordinates":[[1.9811049,48.6338896],[1.981543,48.6337088],[1.9828859,48.63306],[1.9834233,48.6330304],[1.9849381,48.632974],[1.9863825,48.6329883],[1.9880111,48.6328061],[1.9900013,48.6323016],[1.990092,48.6307817],[1.9898994,48.6304694]]}},{"type":"Feature","properties":{"sinuosity":0.7,"highway":"motorway_link"},"geometry":{"type":"LineString","coordinates":[[2.5227887,48.4553807],[2.5224667,48.4557073],[2.5222024,48.4560048],[2.5217472,48.4565392],[2.5214986,48.4568395],[2.5214387,48.456973],[2.5213784,48.4571907],[2.5213815,48.4572336],[2.5214284,48.4572987],[2.5214638,48.4573419]]}},{"type":"Feature","properties":{"sinuosity":1,"highway":"motorway_link"},"geometry":{"type":"LineString","coordinates":[[2.6282134,48.9363147],[2.6282845,48.9366254],[2.628427,48.9367936],[2.6285652,48.9368946],[2.6287488,48.9369712],[2.6293144,48.9369251],[2.6294774,48.9368067],[2.6295804,48.9366826],[2.6297809,48.9363234],[2.629961,48.9361244]]}},{"type":"Feature","properties":{"sinuosity":0.74,"highway":"motorway_link"},"geometry":{"type":"LineString","coordinates":[[2.5187806,48.9651419],[2.5185652,48.9653446],[2.5184985,48.9655111],[2.518506,48.9656795],[2.5187959,48.9662343],[2.5187991,48.9664543],[2.5187211,48.966633],[2.5185596,48.9667918],[2.5181637,48.9670067]]}},{"type":"Feature","properties":{"sinuosity":0.707,"highway":"motorway_link"},"geometry":{"type":"LineString","coordinates":[[2.4140873,48.863226],[2.4141215,48.8635543],[2.4141859,48.863706],[2.4143039,48.8639142],[2.4144702,48.8640942],[2.4147592,48.8642758],[2.4150959,48.8644369],[2.4156289,48.8646447],[2.4162673,48.8649041]]}},{"type":"Feature","properties":{"sinuosity":0.691,"highway":"motorway_link"},"geometry":{"type":"LineString","coordinates":[[2.4762388,48.9491909],[2.4771413,48.9501918],[2.4773837,48.9503722],[2.4776455,48.9504976],[2.477832,48.95056],[2.4780135,48.950601],[2.4786128,48.9507247]]}},{"type":"Feature","properties":{"sinuosity":0.7,"highway":"tertiary"},"geometry":{"type":"LineString","coordinates":[[3.5150403,48.6136899],[3.515004,48.6141734],[3.5149748,48.6143212],[3.5151449,48.6149399],[3.5152967,48.6151298],[3.5155956,48.6153543],[3.5156829,48.6155554],[3.5156051,48.6160421],[3.5155424,48.6163648],[3.5155047,48.6164972]]}},{"type":"Feature","properties":{"sinuosity":0.7,"highway":"trunk_link"},"geometry":{"type":"LineString","coordinates":[[2.34432,48.8161815],[2.344359,48.8161913],[2.3443984,48.816196],[2.3444946,48.8162016],[2.3456697,48.8161682],[2.3462108,48.8161965],[2.3465381,48.8162371],[2.3467477,48.816274],[2.3471321,48.8163768],[2.3476909,48.8166384]]}},{"type":"Feature","properties":{"sinuosity":0.7,"highway":"trunk_link"},"geometry":{"type":"LineString","coordinates":[[2.3608545,48.8157531],[2.3613847,48.8157487],[2.3620116,48.81578],[2.3630181,48.8158994],[2.3633537,48.8159434],[2.3636739,48.8160096],[2.3641197,48.8161741],[2.3644353,48.8163817]]}},{"type":"Feature","properties":{"sinuosity":0.7,"highway":"trunk_link"},"geometry":{"type":"LineString","coordinates":[[2.4081245,48.8796337],[2.4080413,48.8796282],[2.4079863,48.8796366],[2.4079401,48.8796561],[2.4074429,48.8799587],[2.4069576,48.8802056],[2.4065113,48.8804049],[2.4058591,48.8806499],[2.4052365,48.8808306],[2.404182,48.8810092]]}},{"type":"Feature","properties":{"sinuosity":0.7,"highway":"tertiary"},"geometry":{"type":"LineString","coordinates":[[3.229231,48.8554033],[3.2294266,48.8548112],[3.2301556,48.8525515],[3.2302128,48.8523852],[3.2302288,48.8523356],[3.230974,48.8500067],[3.2309522,48.8499735],[3.2309229,48.8499502],[3.2308833,48.849933]]}},{"type":"Feature","properties":{"sinuosity":0.7,"highway":"tertiary"},"geometry":{"type":"LineString","coordinates":[[3.2380023,48.8538471],[3.2367311,48.8526478],[3.2362802,48.8522054],[3.2361194,48.8519397],[3.236023,48.8516324],[3.2359413,48.8513185],[3.2357907,48.8508685],[3.2355005,48.8503235],[3.2349753,48.8495062],[3.2349984,48.8494488]]}},{"type":"Feature","properties":{"sinuosity":0.763,"highway":"tertiary"},"geometry":{"type":"LineString","coordinates":[[1.5909608,48.6833683],[1.5891487,48.6839833],[1.5889674,48.6840565],[1.5887609,48.6846047],[1.5886452,48.6856532],[1.5886466,48.6857938],[1.5885845,48.6860196],[1.588098,48.6861869],[1.587542,48.6863511],[1.5865025,48.6866603]]}},{"type":"Feature","properties":{"sinuosity":0.7,"highway":"tertiary"},"geometry":{"type":"LineString","coordinates":[[1.5710421,48.683337],[1.5709781,48.6836511],[1.5709148,48.6837299],[1.5703814,48.6838782],[1.5698932,48.6840159],[1.5694641,48.6841859],[1.5689112,48.6843937],[1.5681181,48.6845775],[1.5678964,48.6846484],[1.5675215,48.6848968]]}},{"type":"Feature","properties":{"sinuosity":0.7,"highway":"tertiary"},"geometry":{"type":"LineString","coordinates":[[1.5741392,48.6593316],[1.5736981,48.6595585],[1.5734192,48.6596506],[1.5723498,48.6598784],[1.5719044,48.6599917],[1.5708863,48.6604387],[1.5704175,48.6606884],[1.5701258,48.6609053],[1.5695951,48.6610832],[1.5689493,48.6611902]]}},{"type":"Feature","properties":{"sinuosity":0.7,"highway":"tertiary"},"geometry":{"type":"LineString","coordinates":[[1.9107502,48.3534538],[1.9107476,48.3534274],[1.9106948,48.3532679],[1.9106608,48.3532322],[1.9103711,48.3531154],[1.9103354,48.353092],[1.9100226,48.3523227],[1.910002,48.3522551],[1.9099609,48.3515256],[1.9099506,48.3514302]]}},{"type":"Feature","properties":{"sinuosity":0.756,"highway":"tertiary"},"geometry":{"type":"LineString","coordinates":[[3.3154678,48.4329882],[3.3155716,48.4334433],[3.3162937,48.4354106],[3.3169165,48.4365541],[3.3173266,48.4371652],[3.3174107,48.4377284],[3.3172956,48.4385155],[3.3177535,48.4389745],[3.3185405,48.4393091],[3.3200601,48.4394012]]}},{"type":"Feature","properties":{"sinuosity":0.738,"highway":"secondary"},"geometry":{"type":"LineString","coordinates":[[3.1807249,48.5543664],[3.1803501,48.5544165],[3.1797442,48.5543507],[3.179202,48.554229],[3.1790923,48.5542636],[3.1779054,48.5553148],[3.1777266,48.5554249],[3.1770857,48.5557336],[3.1764553,48.5560216],[3.175827,48.5566147]]}},{"type":"Feature","properties":{"sinuosity":0.967,"highway":"secondary"},"geometry":{"type":"LineString","coordinates":[[2.1049549,49.2337316],[2.1081306,49.2335915],[2.1087372,49.2335695],[2.112679,49.2336465],[2.1140958,49.2330591],[2.1149512,49.2324681],[2.1154141,49.2317683],[2.1157287,49.2318421],[2.1157257,49.2320778],[2.1152975,49.2330591]]}},{"type":"Feature","properties":{"sinuosity":0.73,"highway":"secondary"},"geometry":{"type":"LineString","coordinates":[[2.1152975,49.2330591],[2.1152219,49.2333264],[2.115264,49.2334226],[2.1153377,49.2335067],[2.1154834,49.2335792],[2.1173745,49.2336639],[2.120512,49.2338383],[2.1217302,49.2338598]]}},{"type":"Feature","properties":{"sinuosity":0.7,"highway":"tertiary"},"geometry":{"type":"LineString","coordinates":[[3.1195133,48.4838768],[3.1195456,48.4835013],[3.1200865,48.4831972],[3.1203171,48.4827542],[3.1205014,48.4820061],[3.1211128,48.4811324],[3.1215978,48.4800791],[3.1219417,48.47984],[3.1232432,48.4791822],[3.1232524,48.4790833]]}},{"type":"Feature","properties":{"sinuosity":0.7,"highway":"tertiary"},"geometry":{"type":"LineString","coordinates":[[3.1079346,48.5006897],[3.1086937,48.4993878],[3.1099556,48.4982637],[3.1108206,48.4978016],[3.1113124,48.4972042],[3.1121805,48.4965876],[3.1128404,48.4962837],[3.113535,48.4958215],[3.11416,48.4946981],[3.1145442,48.4930724]]}},{"type":"Feature","properties":{"sinuosity":1,"highway":"tertiary"},"geometry":{"type":"LineString","coordinates":[[3.0764248,48.5520266],[3.073816,48.551727],[3.0734171,48.5516451],[3.0726923,48.5513478],[3.0723359,48.5510694],[3.0724261,48.5509369],[3.0731685,48.5497472],[3.0733893,48.5493675],[3.0734105,48.5492993],[3.0733803,48.5492399]]}},{"type":"Feature","properties":{"sinuosity":0.752,"highway":"tertiary"},"geometry":{"type":"LineString","coordinates":[[2.8249825,48.673253],[2.8238008,48.6730597],[2.8218747,48.6726776],[2.8217452,48.6726422],[2.8212362,48.6723748],[2.821081,48.6722117],[2.8211586,48.6719042],[2.8211021,48.6717481],[2.8208505,48.6715586],[2.8208062,48.6715398]]}},{"type":"Feature","properties":{"sinuosity":0.763,"highway":"tertiary"},"geometry":{"type":"LineString","coordinates":[[2.8237758,48.6590879],[2.8242461,48.659436],[2.8243835,48.6595905],[2.8246712,48.6598594],[2.8247887,48.6599111],[2.8250661,48.6599484],[2.8254296,48.6599351],[2.8267084,48.6597187],[2.8271597,48.659695],[2.827828,48.6598166]]}},{"type":"Feature","properties":{"sinuosity":0.7,"highway":"tertiary"},"geometry":{"type":"LineString","coordinates":[[1.7151892,48.5363938],[1.7156436,48.5371446],[1.7159225,48.5375425],[1.7161478,48.5383914],[1.7162192,48.5386219],[1.7163851,48.5389426],[1.7165532,48.5392338],[1.7168774,48.5394285],[1.7167907,48.5396381],[1.7165506,48.5400427]]}},{"type":"Feature","properties":{"sinuosity":1,"highway":"tertiary"},"geometry":{"type":"LineString","coordinates":[[1.7574431,48.5481678],[1.75785,48.5482423],[1.7591964,48.548231],[1.7601827,48.5481928],[1.7616383,48.5484755],[1.7617123,48.5491642],[1.7618403,48.5496933],[1.761513,48.5507764],[1.7611276,48.5510163],[1.7578954,48.5518312]]}},{"type":"Feature","properties":{"sinuosity":0.7,"highway":"tertiary"},"geometry":{"type":"LineString","coordinates":[[1.6586119,48.5685759],[1.6606578,48.5682223],[1.6613923,48.5680886],[1.6615263,48.5680609],[1.6631449,48.5677422],[1.6640168,48.5675664],[1.6646212,48.5674473],[1.6646526,48.5674247],[1.6649752,48.5673804],[1.6650017,48.5673756]]}},{"type":"Feature","properties":{"sinuosity":0.7,"highway":"secondary"},"geometry":{"type":"LineString","coordinates":[[1.6679391,48.5648988],[1.6679959,48.5647743],[1.6681597,48.5645161],[1.6681456,48.5644814],[1.6681888,48.5643168],[1.6682596,48.5640538],[1.6682336,48.5639423],[1.6681519,48.5637857],[1.667676,48.5630974],[1.6674458,48.5627235]]}},{"type":"Feature","properties":{"sinuosity":0.7,"highway":"secondary"},"geometry":{"type":"LineString","coordinates":[[1.6694485,48.5713299],[1.6691143,48.5708604],[1.66825,48.5698192],[1.6681208,48.5696956],[1.6676986,48.5692814],[1.6675932,48.5691292],[1.6675438,48.5691198],[1.6673585,48.5688629],[1.6672691,48.5687173],[1.6672373,48.5684618]]}},{"type":"Feature","properties":{"sinuosity":0.824,"highway":"tertiary"},"geometry":{"type":"LineString","coordinates":[[3.2719275,48.791299],[3.2717682,48.7913454],[3.2715426,48.7914493],[3.2710432,48.7917286],[3.2707889,48.7918786],[3.2703352,48.7921246],[3.2702792,48.7922195],[3.2702766,48.7922647],[3.2703289,48.7923443],[3.2706047,48.7926452]]}},{"type":"Feature","properties":{"sinuosity":0.637,"highway":"tertiary"},"geometry":{"type":"LineString","coordinates":[[1.7441636,49.1397416],[1.7443479,49.1402035],[1.7445634,49.1406062],[1.7451675,49.1414754],[1.7453215,49.1416337],[1.7458556,49.14212],[1.7467443,49.1429305],[1.7470835,49.1431909],[1.7470987,49.1432167],[1.7470999,49.143275]]}},{"type":"Feature","properties":{"sinuosity":0.781,"highway":"tertiary"},"geometry":{"type":"LineString","coordinates":[[2.7458897,49.0319836],[2.7466414,49.0317757],[2.747469,49.0314708],[2.7477537,49.0312047],[2.747966,49.0305713],[2.7480416,49.0302485],[2.747948,49.0299099],[2.7477919,49.0293815],[2.7477242,49.0289915],[2.7479307,49.0287912]]}},{"type":"Feature","properties":{"sinuosity":0.7,"highway":"tertiary"},"geometry":{"type":"LineString","coordinates":[[3.1513359,48.860027],[3.1529152,48.8608045],[3.1538266,48.861246],[3.1540202,48.8613974],[3.1541592,48.8616483],[3.1545738,48.8619427],[3.1549887,48.8622187],[3.1556089,48.8624575],[3.1573048,48.8631294],[3.1574132,48.8631318]]}},{"type":"Feature","properties":{"sinuosity":0.7,"highway":"tertiary"},"geometry":{"type":"LineString","coordinates":[[3.0262927,49.0352431],[3.0262468,49.0353604],[3.0261689,49.0355072],[3.0261294,49.0356884],[3.0262322,49.0359543],[3.0266282,49.0365038],[3.0266498,49.0366056],[3.0265935,49.0373988],[3.0265125,49.0383524],[3.0265055,49.0384606]]}},{"type":"Feature","properties":{"sinuosity":0.7,"highway":"tertiary"},"geometry":{"type":"LineString","coordinates":[[3.2175925,49.1208911],[3.2170963,49.1207464],[3.2167009,49.1197144],[3.2166451,49.1187939],[3.2159783,49.1180342],[3.2159213,49.1173591],[3.215858,49.1154084],[3.2158391,49.1140538],[3.2155453,49.11266],[3.2154121,49.1121988]]}},{"type":"Feature","properties":{"sinuosity":0.7,"highway":"tertiary"},"geometry":{"type":"LineString","coordinates":[[3.2154121,49.1121988],[3.2152486,49.1117798],[3.2145334,49.1113557],[3.2139117,49.1111833],[3.2133403,49.1108657],[3.212876,49.1097221],[3.2114501,49.108098],[3.2097025,49.1065109],[3.2087189,49.1055186],[3.2086846,49.1047043]]}},{"type":"Feature","properties":{"sinuosity":0.7,"highway":"secondary"},"geometry":{"type":"LineString","coordinates":[[1.5475423,48.6517886],[1.5476539,48.6519282],[1.547669,48.6520426],[1.5475448,48.6521951],[1.5471798,48.6523487],[1.5468466,48.652506],[1.5462232,48.6529013],[1.5444458,48.6543461],[1.5440235,48.6547378],[1.5438504,48.6551168]]}},{"type":"Feature","properties":{"sinuosity":0.676,"highway":"tertiary"},"geometry":{"type":"LineString","coordinates":[[2.867883,48.6454073],[2.8692139,48.6460688],[2.8697383,48.6461583],[2.8698964,48.6462651],[2.8699804,48.6464859],[2.8701058,48.6469143],[2.8703807,48.6474637],[2.8705651,48.6478553],[2.8705169,48.6481743],[2.869731,48.6495835]]}},{"type":"Feature","properties":{"sinuosity":0.802,"highway":"trunk_link"},"geometry":{"type":"LineString","coordinates":[[2.0676396,48.7884695],[2.0668365,48.7882307],[2.0662137,48.7881655],[2.0654889,48.7882139],[2.0651032,48.7882499],[2.0647731,48.7882622],[2.0642005,48.788199],[2.0636689,48.78799],[2.0632971,48.7876535],[2.062793,48.7863683]]}},{"type":"Feature","properties":{"sinuosity":1,"highway":"tertiary"},"geometry":{"type":"LineString","coordinates":[[1.9587149,48.7818962],[1.9591211,48.78177],[1.9595834,48.7815984],[1.9597563,48.781384],[1.9596523,48.7811124],[1.9592351,48.7809555],[1.9585497,48.78089],[1.9584055,48.7807731],[1.9580542,48.780293],[1.9577657,48.7798674]]}},{"type":"Feature","properties":{"sinuosity":0.704,"highway":"motorway_link"},"geometry":{"type":"LineString","coordinates":[[1.4239136,49.0631202],[1.4235746,49.0638416],[1.4235079,49.063961],[1.4233532,49.0641141],[1.4229492,49.0644125],[1.4229176,49.0644697],[1.422909,49.0645558],[1.4229389,49.0646649],[1.4231286,49.0650105],[1.4231235,49.0651165]]}},{"type":"Feature","properties":{"sinuosity":0.7,"highway":"tertiary"},"geometry":{"type":"LineString","coordinates":[[3.4631746,48.6572453],[3.4620287,48.6574963],[3.4608113,48.6578965],[3.4601461,48.6580949],[3.4585085,48.6584329],[3.457486,48.6590338],[3.4572994,48.6590725]]}},{"type":"Feature","properties":{"sinuosity":0.736,"highway":"tertiary"},"geometry":{"type":"LineString","coordinates":[[2.481067,49.0697896],[2.4801486,49.0694061],[2.4797235,49.0689945],[2.4786973,49.0687646],[2.4779076,49.0686347],[2.4776525,49.0684631],[2.4773293,49.0681633],[2.4764299,49.0677367],[2.4752992,49.0678967],[2.474447,49.0679881]]}},{"type":"Feature","properties":{"sinuosity":0.704,"highway":"tertiary"},"geometry":{"type":"LineString","coordinates":[[2.8290808,48.8147187],[2.8289837,48.8147488],[2.8283919,48.8149625],[2.8282762,48.8150606],[2.8281824,48.8152006],[2.8281551,48.8152561],[2.8278723,48.815637],[2.8277236,48.8157266],[2.8271307,48.8158529],[2.8268314,48.8159172]]}},{"type":"Feature","properties":{"sinuosity":0.721,"highway":"tertiary"},"geometry":{"type":"LineString","coordinates":[[3.0267937,48.7312099],[3.0271988,48.7310109],[3.0274274,48.7308486],[3.0275562,48.7305354],[3.0276738,48.73031],[3.0289425,48.7299137],[3.0292802,48.729778],[3.0297247,48.7295911],[3.0300902,48.729546],[3.0310544,48.7295504]]}},{"type":"Feature","properties":{"sinuosity":0.7,"highway":"tertiary"},"geometry":{"type":"LineString","coordinates":[[2.2596439,49.0024337],[2.2595565,49.0020924],[2.2595204,49.0020494],[2.2594567,49.0016706],[2.2594687,49.0015949],[2.2593918,49.001046],[2.259289,49.0001542],[2.2592703,49.0001212],[2.2592559,49.0000874],[2.2592503,48.9998653]]}},{"type":"Feature","properties":{"sinuosity":0.64,"highway":"tertiary"},"geometry":{"type":"LineString","coordinates":[[2.5220033,48.2408643],[2.5222971,48.2412025],[2.5234107,48.2415837],[2.5237496,48.2421173],[2.5238051,48.2423698],[2.5235898,48.2426226],[2.5218902,48.2435309],[2.5191307,48.2446457],[2.5186832,48.2448117],[2.5155512,48.2466886]]}},{"type":"Feature","properties":{"sinuosity":0.94,"highway":"tertiary"},"geometry":{"type":"LineString","coordinates":[[2.5247489,48.2375131],[2.523723,48.2373874],[2.5225192,48.2373546],[2.5223431,48.2374812],[2.5223536,48.2379421],[2.5223886,48.2383823],[2.5222388,48.2389812],[2.5221664,48.2395318],[2.5220867,48.2398401],[2.5220033,48.2408643]]}},{"type":"Feature","properties":{"sinuosity":0.7,"highway":"tertiary"},"geometry":{"type":"LineString","coordinates":[[1.9278534,48.7861194],[1.9279534,48.7861042],[1.9281818,48.7860694],[1.9292373,48.7859083],[1.9302443,48.7857524],[1.9314518,48.7856648],[1.931911,48.7857053],[1.9326925,48.7857833],[1.9330207,48.7856951],[1.933039,48.7856853]]}},{"type":"Feature","properties":{"sinuosity":0.883,"highway":"tertiary"},"geometry":{"type":"LineString","coordinates":[[3.2941469,48.4964537],[3.2935682,48.4962001],[3.2927153,48.4959876],[3.2917988,48.4950701],[3.2912562,48.4946256],[3.2900948,48.4940429],[3.2896106,48.4936877],[3.2901944,48.4930065],[3.2907635,48.4925014],[3.2912851,48.4913797]]}},{"type":"Feature","properties":{"sinuosity":0.725,"highway":"tertiary"},"geometry":{"type":"LineString","coordinates":[[3.2971189,48.5152243],[3.296455,48.5145777],[3.2960516,48.5140714],[3.2957074,48.5136024],[3.2946763,48.513144],[3.294238,48.5124461],[3.2941883,48.5121558],[3.2943319,48.5119065],[3.2944983,48.5116172],[3.2944951,48.5114641]]}},{"type":"Feature","properties":{"sinuosity":0.666,"highway":"secondary"},"geometry":{"type":"LineString","coordinates":[[1.9982418,49.0207633],[1.9991599,49.0214038],[1.9993745,49.0215598],[1.9997326,49.0218544],[1.9999938,49.0222113],[2.0000257,49.0223321],[1.9998656,49.0227383],[1.9993963,49.0234083],[1.9993777,49.0236107],[1.9993712,49.0237026]]}},{"type":"Feature","properties":{"sinuosity":0.7,"highway":"tertiary"},"geometry":{"type":"LineString","coordinates":[[3.4052892,48.6187294],[3.40524,48.618684],[3.4048541,48.6184634],[3.4045812,48.6182963],[3.4044588,48.6181768],[3.4044249,48.6181088],[3.4042822,48.6171789],[3.4041535,48.6170371],[3.4036599,48.6162852],[3.4033705,48.6158465]]}},{"type":"Feature","properties":{"sinuosity":0.669,"highway":"tertiary"},"geometry":{"type":"LineString","coordinates":[[3.2104231,49.0572363],[3.2105713,49.0570911],[3.2108837,49.0569195],[3.2119826,49.0566894],[3.2124447,49.0565188],[3.2134694,49.0561285],[3.2139039,49.0558825],[3.2147246,49.0551337],[3.2148763,49.0550356],[3.2150304,49.0549614]]}},{"type":"Feature","properties":{"sinuosity":0.7,"highway":"tertiary"},"geometry":{"type":"LineString","coordinates":[[3.2273065,49.0599266],[3.2277443,49.0598675],[3.2278775,49.0598244],[3.2279892,49.0597589],[3.2285416,49.0596052],[3.2290315,49.0594962],[3.229466,49.0593875],[3.2297812,49.059296],[3.2300426,49.0592016]]}},{"type":"Feature","properties":{"sinuosity":0.811,"highway":"secondary"},"geometry":{"type":"LineString","coordinates":[[1.605467,49.1583857],[1.6054026,49.158389],[1.6048771,49.1584891],[1.6045779,49.158737],[1.6041218,49.1591148],[1.6040682,49.1591592],[1.6028944,49.1597801],[1.6028251,49.159781],[1.6024498,49.1596179],[1.6021263,49.159438]]}},{"type":"Feature","properties":{"sinuosity":0.882,"highway":"tertiary"},"geometry":{"type":"LineString","coordinates":[[1.636019,49.2194475],[1.6362315,49.2188863],[1.6363344,49.2186216],[1.6364336,49.2184354],[1.6366068,49.2182512],[1.6370819,49.218023],[1.6372003,49.2179852],[1.6373186,49.2179935],[1.6377044,49.2181013],[1.6379808,49.2181774]]}},{"type":"Feature","properties":{"sinuosity":0.704,"highway":"tertiary"},"geometry":{"type":"LineString","coordinates":[[1.646584,49.219759],[1.646432,49.2193427],[1.6460626,49.2188849],[1.6453519,49.2183966],[1.6441312,49.2174032],[1.6434512,49.2171859],[1.6426625,49.2170439],[1.6418755,49.2170523],[1.6412099,49.217277],[1.6409292,49.2174284]]}},{"type":"Feature","properties":{"sinuosity":0.785,"highway":"tertiary"},"geometry":{"type":"LineString","coordinates":[[2.8770997,49.036788],[2.8771037,49.0368339],[2.8771633,49.0371633],[2.8772806,49.037909],[2.8772571,49.0383757],[2.87725,49.0384013],[2.8772481,49.0387272],[2.87721,49.0390769],[2.8762879,49.0393287],[2.8760881,49.0393946]]}},{"type":"Feature","properties":{"sinuosity":1,"highway":"tertiary"},"geometry":{"type":"LineString","coordinates":[[2.9637574,48.2786505],[2.9629261,48.2784294],[2.9620721,48.2785637],[2.9619541,48.2790474],[2.9615195,48.2794667],[2.9619772,48.2804267],[2.9621429,48.2808214],[2.9622245,48.2810159],[2.9633435,48.2811058],[2.9638904,48.2810347]]}},{"type":"Feature","properties":{"sinuosity":0.944,"highway":"tertiary"},"geometry":{"type":"LineString","coordinates":[[2.8642573,48.2662821],[2.8635019,48.2656295],[2.8626471,48.264891],[2.8625674,48.2648505],[2.86246,48.264842],[2.8607585,48.2655956],[2.8591495,48.2663123]]}},{"type":"Feature","properties":{"sinuosity":0.7,"highway":"tertiary"},"geometry":{"type":"LineString","coordinates":[[3.6146028,48.6121866],[3.6146601,48.6121325],[3.6148397,48.6120226],[3.6151644,48.6119579],[3.6157333,48.6119048],[3.6160176,48.6118091],[3.6165012,48.6117048],[3.6171065,48.6116104],[3.6173748,48.6115289],[3.6180205,48.6113657]]}},{"type":"Feature","properties":{"sinuosity":0.906,"highway":"primary"},"geometry":{"type":"LineString","coordinates":[[2.8182265,48.8834287],[2.8202027,48.8833691],[2.8209597,48.8832153],[2.8216517,48.8828678],[2.8232083,48.8815376],[2.8240322,48.8810691],[2.8246845,48.8809788],[2.8254703,48.8811206],[2.8259675,48.8814004],[2.8266794,48.882391]]}},{"type":"Feature","properties":{"sinuosity":0.794,"highway":"tertiary"},"geometry":{"type":"LineString","coordinates":[[1.5539378,48.7759618],[1.5540601,48.7753904],[1.5540826,48.7752203],[1.554269,48.774816],[1.554599,48.7747311],[1.5548623,48.7747251],[1.5557271,48.7747556],[1.5564367,48.7741552],[1.556854,48.7739126],[1.5569978,48.7737037]]}},{"type":"Feature","properties":{"sinuosity":0.7,"highway":"tertiary"},"geometry":{"type":"LineString","coordinates":[[2.9522463,48.8962133],[2.9522297,48.8966402],[2.9521935,48.8973572],[2.952235,48.8976317],[2.9524334,48.897955],[2.9528966,48.898245],[2.9533917,48.8987367],[2.9538068,48.8989442],[2.9541609,48.8992748],[2.9543754,48.8997368]]}},{"type":"Feature","properties":{"sinuosity":0.715,"highway":"secondary"},"geometry":{"type":"LineString","coordinates":[[2.3092547,48.5568968],[2.3087848,48.5575587],[2.3085874,48.5578313],[2.3083226,48.5580761],[2.3078481,48.5582947],[2.3067119,48.5588581],[2.3044368,48.5591347],[2.3041275,48.5591736],[2.3040249,48.5592193],[2.303958,48.559295]]}},{"type":"Feature","properties":{"sinuosity":0.77,"highway":"trunk_link"},"geometry":{"type":"LineString","coordinates":[[2.6168676,49.0099569],[2.6165619,49.0102191],[2.6161987,49.0104623],[2.615419,49.0108209],[2.6149556,49.0109374],[2.6145115,49.0110134],[2.6138395,49.0110185],[2.6127466,49.0108006],[2.6124223,49.0106803],[2.6120168,49.0105043]]}},{"type":"Feature","properties":{"sinuosity":0.702,"highway":"tertiary"},"geometry":{"type":"LineString","coordinates":[[3.1865877,49.096873],[3.1865361,49.0965254],[3.1864243,49.0963089],[3.1862407,49.0961428],[3.1857473,49.0958563],[3.1856502,49.0956505],[3.1856411,49.0955954],[3.1856959,49.0949571],[3.185697,49.0948562],[3.1856973,49.0948296]]}},{"type":"Feature","properties":{"sinuosity":0.709,"highway":"tertiary"},"geometry":{"type":"LineString","coordinates":[[2.0376071,48.5675926],[2.0372893,48.5676233],[2.0366228,48.5678337],[2.0361715,48.5680125],[2.035953,48.5681606],[2.0352698,48.5687584],[2.0346828,48.5689388],[2.0344806,48.5690587],[2.0343957,48.5693394],[2.0340965,48.5698152]]}},{"type":"Feature","properties":{"sinuosity":0.7,"highway":"secondary"},"geometry":{"type":"LineString","coordinates":[[1.9624074,48.6752564],[1.9625076,48.6753611],[1.9625814,48.6754185],[1.9629073,48.675578],[1.9631585,48.675688],[1.9636318,48.6758307],[1.9638011,48.6759024],[1.964094,48.6760859],[1.9642914,48.676266],[1.9645944,48.6767065]]}},{"type":"Feature","properties":{"sinuosity":0.94,"highway":"secondary"},"geometry":{"type":"LineString","coordinates":[[1.9657173,48.6803969],[1.9650923,48.6806466],[1.9651689,48.6813249],[1.9651645,48.6816655],[1.9652932,48.6819275],[1.9655924,48.6822698],[1.9656971,48.6825762],[1.9659487,48.6827181],[1.9667857,48.6828043],[1.9682599,48.683217]]}},{"type":"Feature","properties":{"sinuosity":0.696,"highway":"secondary"},"geometry":{"type":"LineString","coordinates":[[1.9931964,48.3491768],[1.9933773,48.3490126],[1.9934345,48.3489773],[1.9936379,48.3488823],[1.9941724,48.348716],[1.9943022,48.3486727],[1.9951182,48.3483593],[1.9956833,48.3481777],[1.9962174,48.3481143],[1.9965108,48.3480396]]}},{"type":"Feature","properties":{"sinuosity":0.837,"highway":"secondary"},"geometry":{"type":"LineString","coordinates":[[1.9900391,48.3191727],[1.9903359,48.3189204],[1.9906868,48.318584],[1.9911985,48.3177394],[1.991392,48.3176449],[1.991705,48.3176347],[1.9922579,48.3176958],[1.992964,48.3178199],[1.9944322,48.3180282],[1.9956888,48.3181793]]}},{"type":"Feature","properties":{"sinuosity":0.7,"highway":"tertiary"},"geometry":{"type":"LineString","coordinates":[[2.4639517,48.2857637],[2.4645774,48.2857355],[2.4648511,48.2857133],[2.4650622,48.2856681],[2.4652138,48.2855914],[2.465473,48.2854368],[2.4656492,48.285356],[2.4662951,48.2852077],[2.4665514,48.285136]]}},{"type":"Feature","properties":{"sinuosity":0.7,"highway":"tertiary"},"geometry":{"type":"LineString","coordinates":[[2.4263576,48.2774236],[2.4263694,48.2773542],[2.4264426,48.2772312],[2.4265961,48.2771477],[2.4269448,48.27702],[2.4273007,48.2768529],[2.4277195,48.2765238],[2.4279103,48.2763738],[2.4281126,48.2762305],[2.4282418,48.276144]]}},{"type":"Feature","properties":{"sinuosity":0.7,"highway":"tertiary"},"geometry":{"type":"LineString","coordinates":[[2.5443077,48.9227176],[2.5444329,48.9226057],[2.5448482,48.9224362],[2.545148,48.9223416],[2.5453679,48.9222881],[2.5455275,48.9222059],[2.5458683,48.9219953],[2.5461663,48.9218112],[2.546891,48.9213776],[2.5469983,48.9212977]]}},{"type":"Feature","properties":{"sinuosity":0.7,"highway":"tertiary"},"geometry":{"type":"LineString","coordinates":[[3.3098655,48.6618413],[3.3088278,48.6621079],[3.3086132,48.6622167],[3.3079523,48.662867],[3.3052795,48.6640545]]}},{"type":"Feature","properties":{"sinuosity":0.7,"highway":"tertiary"},"geometry":{"type":"LineString","coordinates":[[3.3127203,48.6609087],[3.3121667,48.660908],[3.311795,48.6610185],[3.3114036,48.6612311],[3.3112864,48.6613277],[3.3108792,48.66156],[3.3105359,48.6616875],[3.3100623,48.6617908],[3.3098655,48.6618413]]}},{"type":"Feature","properties":{"sinuosity":0.715,"highway":"tertiary"},"geometry":{"type":"LineString","coordinates":[[3.3344552,48.6362296],[3.3342095,48.6361916],[3.3329511,48.6356665],[3.3325839,48.6354978],[3.332228,48.6354413],[3.3313909,48.6355826],[3.3305856,48.6357449],[3.3304465,48.6357693],[3.3275412,48.6364838],[3.3263844,48.6367187]]}},{"type":"Feature","properties":{"sinuosity":0.729,"highway":"tertiary"},"geometry":{"type":"LineString","coordinates":[[3.4040723,48.6664158],[3.4057473,48.6683553],[3.4061427,48.6686955],[3.4065569,48.6690424],[3.4063466,48.669283],[3.4055052,48.6696938],[3.4052512,48.6699761],[3.405233,48.6701531],[3.4059229,48.6731218],[3.4062517,48.6747759]]}},{"type":"Feature","properties":{"sinuosity":0.862,"highway":"tertiary"},"geometry":{"type":"LineString","coordinates":[[3.3974494,48.6963327],[3.3976079,48.6964706],[3.3978543,48.6968308],[3.3981251,48.6978292],[3.3979428,48.6982466],[3.3979028,48.6982865],[3.3966529,48.6991552],[3.3963189,48.6993808],[3.3951636,48.699482],[3.3949225,48.6996162]]}},{"type":"Feature","properties":{"sinuosity":0.7,"highway":"tertiary"},"geometry":{"type":"LineString","coordinates":[[2.3821766,48.2513338],[2.3828203,48.250798],[2.3831744,48.250398],[2.3835569,48.2497761],[2.3839002,48.2495332],[2.384147,48.2494617],[2.3848551,48.249376],[2.3850804,48.2491545],[2.3853808,48.2487402],[2.3858528,48.2483972]]}},{"type":"Feature","properties":{"sinuosity":0.7,"highway":"tertiary"},"geometry":{"type":"LineString","coordinates":[[3.5178196,48.6950771],[3.5176249,48.6951349],[3.5173788,48.6951827],[3.514467,48.6952099],[3.5143389,48.6952382]]}},{"type":"Feature","properties":{"sinuosity":0.7,"highway":"tertiary"},"geometry":{"type":"LineString","coordinates":[[3.5526619,48.5988917],[3.5526173,48.599037],[3.5526683,48.5992582],[3.5528785,48.599591],[3.5530346,48.5998586],[3.5531971,48.60044],[3.5533914,48.6009098],[3.5535762,48.6011899],[3.5539648,48.6015986],[3.5541889,48.6018521]]}},{"type":"Feature","properties":{"sinuosity":0.724,"highway":"tertiary"},"geometry":{"type":"LineString","coordinates":[[3.5885855,48.6058755],[3.5895755,48.6052749],[3.5933406,48.6029953],[3.5951905,48.6030118],[3.5955952,48.6029143],[3.5958078,48.6026351],[3.5960755,48.6015264],[3.5962204,48.6011588],[3.596389,48.601002],[3.5974111,48.6002545]]}},{"type":"Feature","properties":{"sinuosity":0.76,"highway":"secondary"},"geometry":{"type":"LineString","coordinates":[[3.6154695,48.6073872],[3.6146313,48.6096286],[3.6142939,48.6110685],[3.6144509,48.6117786],[3.6145025,48.6127248],[3.6138558,48.6134096],[3.6131103,48.6136975],[3.6123334,48.6137595],[3.6120687,48.6143795],[3.61089,48.6147707]]}},{"type":"Feature","properties":{"sinuosity":0.721,"highway":"secondary"},"geometry":{"type":"LineString","coordinates":[[3.61089,48.6147707],[3.6102907,48.6150771],[3.6101123,48.6151052],[3.6098819,48.6150807],[3.609255,48.6151052],[3.6088718,48.6152033],[3.6083761,48.615442],[3.6080363,48.6158023],[3.6077968,48.6160894],[3.6073494,48.6165921]]}},{"type":"Feature","properties":{"sinuosity":0.7,"highway":"tertiary"},"geometry":{"type":"LineString","coordinates":[[2.52752,48.2925858],[2.527038,48.2932723],[2.52687,48.2941933],[2.5268407,48.2943507],[2.526769,48.2945287],[2.5266596,48.2946232],[2.5265328,48.2947083]]}},{"type":"Feature","properties":{"sinuosity":0.64,"highway":"secondary"},"geometry":{"type":"LineString","coordinates":[[2.6623454,48.2070156],[2.6608794,48.2057833],[2.6605991,48.2055349],[2.6602704,48.2046996],[2.6600532,48.2034242],[2.6602528,48.2019131],[2.6602205,48.2009115],[2.6603056,48.2001417],[2.6600432,48.1999308],[2.6586506,48.1994451]]}},{"type":"Feature","properties":{"sinuosity":0.7,"highway":"tertiary"},"geometry":{"type":"LineString","coordinates":[[2.6702311,48.1847301],[2.6716989,48.1847012],[2.6737933,48.184521],[2.6745765,48.1842456],[2.6755684,48.1841572],[2.6765768,48.1841127],[2.6773787,48.183994],[2.6778477,48.183669],[2.6784973,48.1834026],[2.6793488,48.1828601]]}},{"type":"Feature","properties":{"sinuosity":0.761,"highway":"secondary"},"geometry":{"type":"LineString","coordinates":[[2.6662629,48.2097071],[2.6651601,48.2091329],[2.6644733,48.2089999],[2.6638305,48.208818],[2.6637064,48.2086345],[2.6637484,48.2080669],[2.6636222,48.207662],[2.6633727,48.2072963],[2.6629295,48.2072219],[2.6623454,48.2070156]]}},{"type":"Feature","properties":{"sinuosity":0.769,"highway":"trunk_link"},"geometry":{"type":"LineString","coordinates":[[1.9681571,49.0704377],[1.96804,49.0705361],[1.9679072,49.0705906],[1.9673601,49.0708085],[1.9669496,49.0710344],[1.9667968,49.0711924],[1.9667539,49.0712926],[1.9667964,49.0716037],[1.9668312,49.0717105],[1.9668927,49.0718647]]}},{"type":"Feature","properties":{"sinuosity":0.841,"highway":"secondary"},"geometry":{"type":"LineString","coordinates":[[2.9979123,48.8813685],[2.999355,48.8822156],[2.9997242,48.8822664],[2.9998853,48.8822304],[3.001343,48.8816904],[3.0015582,48.8816172],[3.0018283,48.8815197],[3.0028028,48.881168],[3.0033824,48.881168],[3.0040661,48.8816281]]}},{"type":"Feature","properties":{"sinuosity":0.7,"highway":"tertiary"},"geometry":{"type":"LineString","coordinates":[[2.7695311,49.0258248],[2.7695714,49.0257109],[2.7694634,49.0254622],[2.7692021,49.0250668],[2.7688352,49.0245106],[2.768786,49.0238577],[2.7690454,49.0227909]]}},{"type":"Feature","properties":{"sinuosity":0.713,"highway":"tertiary"},"geometry":{"type":"LineString","coordinates":[[2.9624643,48.6481172],[2.963531,48.6480086],[2.9635886,48.6480139],[2.9636865,48.6480425],[2.96372,48.6480637],[2.9639825,48.6483342],[2.9641441,48.6484778],[2.964655,48.6487454],[2.9650039,48.6488789],[2.9662988,48.6492938]]}},{"type":"Feature","properties":{"sinuosity":0.678,"highway":"secondary"},"geometry":{"type":"LineString","coordinates":[[2.0679622,48.6985064],[2.0671069,48.6975224],[2.066828,48.6970391],[2.0667661,48.6969152],[2.0667441,48.6967766],[2.0667612,48.6966322],[2.0669237,48.6962941],[2.0673445,48.6955951],[2.0670531,48.6946307],[2.0670538,48.69432]]}},{"type":"Feature","properties":{"sinuosity":0.7,"highway":"primary"},"geometry":{"type":"LineString","coordinates":[[1.8520297,48.7898576],[1.8521525,48.7904291],[1.8521672,48.7904906],[1.8524604,48.7909493],[1.852634,48.7911461],[1.852899,48.7914023],[1.8536344,48.7921145],[1.8541709,48.7926111],[1.8546054,48.7929521],[1.854827,48.7932345]]}},{"type":"Feature","properties":{"sinuosity":0.7,"highway":"tertiary"},"geometry":{"type":"LineString","coordinates":[[1.8815331,48.7562481],[1.8816568,48.7558521],[1.8816817,48.7557042],[1.8816063,48.7555038],[1.8814628,48.755342],[1.8814057,48.7552681],[1.8814103,48.7551464],[1.8816714,48.7545998],[1.8817766,48.7542818],[1.8819943,48.7538054]]}},{"type":"Feature","properties":{"sinuosity":0.7,"highway":"tertiary"},"geometry":{"type":"LineString","coordinates":[[2.3341363,48.8075398],[2.3340993,48.8073396],[2.3339846,48.806787],[2.3338404,48.8062099],[2.3338246,48.8061323],[2.3338187,48.806081],[2.3338168,48.8060116],[2.3337748,48.8058305],[2.3336853,48.8054011],[2.3336596,48.805227]]}},{"type":"Feature","properties":{"sinuosity":0.7,"highway":"tertiary"},"geometry":{"type":"LineString","coordinates":[[1.9623123,48.9230702],[1.9620315,48.9230853],[1.9609783,48.9232267],[1.9604444,48.9231137],[1.9599076,48.9230834],[1.9595775,48.9230679],[1.958273,48.923475],[1.9561603,48.923657],[1.9546947,48.9237858],[1.9533645,48.9240065]]}},{"type":"Feature","properties":{"sinuosity":0.714,"highway":"tertiary"},"geometry":{"type":"LineString","coordinates":[[1.4807801,49.0506524],[1.4822287,49.0511009],[1.4831557,49.0513341],[1.4841189,49.0513815],[1.4856544,49.0514803],[1.4870089,49.0516097],[1.4877114,49.0524555],[1.4886173,49.0531762],[1.4901734,49.054512],[1.4911291,49.055034]]}},{"type":"Feature","properties":{"sinuosity":1,"highway":"tertiary"},"geometry":{"type":"LineString","coordinates":[[1.6009897,49.0685325],[1.6008362,49.0674798],[1.6000181,49.0669087],[1.600454,49.0653662],[1.5990217,49.0652124],[1.5987816,49.0644207],[1.5992215,49.06381],[1.5995702,49.0629858],[1.6006739,49.0626747],[1.599813,49.0624146]]}},{"type":"Feature","properties":{"sinuosity":1,"highway":"tertiary"},"geometry":{"type":"LineString","coordinates":[[1.599813,49.0624146],[1.5993221,49.0624313],[1.5990968,49.0623364],[1.5989372,49.0621413],[1.5991236,49.0619401],[1.5994804,49.0619392],[1.5999551,49.0618557],[1.6001026,49.061658],[1.5999001,49.0612379],[1.5994518,49.0604603]]}},{"type":"Feature","properties":{"sinuosity":0.7,"highway":"tertiary"},"geometry":{"type":"LineString","coordinates":[[1.5280102,49.0432063],[1.5278872,49.0434077],[1.5277774,49.0435982],[1.527696,49.0436658],[1.5275972,49.043748],[1.527263,49.043876],[1.5268863,49.0439949],[1.526064,49.0442821],[1.526008,49.0443],[1.5259865,49.0443078]]}},{"type":"Feature","properties":{"sinuosity":0.747,"highway":"tertiary"},"geometry":{"type":"LineString","coordinates":[[1.5202151,49.0522071],[1.518944,49.052966],[1.5181964,49.0536203],[1.5176234,49.0545973],[1.5175633,49.0556291],[1.517766,49.0561369],[1.5186804,49.0567032],[1.5190136,49.057514],[1.5199136,49.0586932],[1.5212218,49.060843]]}},{"type":"Feature","properties":{"sinuosity":0.883,"highway":"tertiary"},"geometry":{"type":"LineString","coordinates":[[2.2422624,49.0193749],[2.2425979,49.0198082],[2.2438346,49.0214615],[2.243653,49.0218121],[2.2438205,49.0220021],[2.2448244,49.0221104],[2.2448569,49.022431],[2.2440463,49.0233199],[2.2443172,49.0236109],[2.2452202,49.0236673]]}},{"type":"Feature","properties":{"sinuosity":0.656,"highway":"tertiary"},"geometry":{"type":"LineString","coordinates":[[3.0388338,48.8919007],[3.0386909,48.8928098],[3.0373954,48.8940569],[3.0367778,48.8963177],[3.0367406,48.8964877],[3.036731,48.8966517],[3.0367549,48.8967663],[3.0367912,48.8968732],[3.0368315,48.8969455]]}},{"type":"Feature","properties":{"sinuosity":0.715,"highway":"tertiary"},"geometry":{"type":"LineString","coordinates":[[3.2452257,48.9810166],[3.2448529,48.9821509],[3.2447265,48.982655],[3.2448687,48.9833693],[3.2449404,48.9836122],[3.2448432,48.983727],[3.2440167,48.9842438],[3.2428007,48.9849361],[3.2425875,48.9850925],[3.2423826,48.985329]]}},{"type":"Feature","properties":{"sinuosity":0.7,"highway":"primary"},"geometry":{"type":"LineString","coordinates":[[3.1301606,48.927218],[3.130149,48.9272426],[3.1298905,48.9273718],[3.1294273,48.9275815],[3.1291559,48.9276813],[3.1290738,48.9277073],[3.1280597,48.9279918],[3.1278251,48.9280656],[3.1277267,48.9281103],[3.127659,48.9281631]]}},{"type":"Feature","properties":{"sinuosity":0.64,"highway":"secondary"},"geometry":{"type":"LineString","coordinates":[[2.2821696,48.4958701],[2.2825444,48.4963162],[2.2830748,48.4965828],[2.283187,48.496905],[2.283111,48.4971155],[2.2820683,48.4983676],[2.2817206,48.4990625],[2.2809101,48.5006083],[2.2807294,48.5011707],[2.2806994,48.5015456]]}},{"type":"Feature","properties":{"sinuosity":0.7,"highway":"tertiary"},"geometry":{"type":"LineString","coordinates":[[3.2105729,48.5345498],[3.2105415,48.5344933],[3.2104518,48.5343923],[3.2103834,48.5343493],[3.2102746,48.5342988],[3.2101804,48.5342668],[3.2094335,48.53405],[3.2088301,48.5338711],[3.2079488,48.5328669],[3.2078438,48.53271]]}},{"type":"Feature","properties":{"sinuosity":0.7,"highway":"tertiary"},"geometry":{"type":"LineString","coordinates":[[2.2960267,49.0023481],[2.2956828,49.0018611],[2.2955136,49.001596],[2.2952893,49.0011646],[2.2951496,49.0009709],[2.2949649,49.0006028],[2.2949111,49.0004848],[2.294313,48.9997962],[2.294107,48.9996355],[2.2937416,48.9994345]]}},{"type":"Feature","properties":{"sinuosity":0.7,"highway":"tertiary"},"geometry":{"type":"LineString","coordinates":[[2.9502381,48.9204552],[2.9507955,48.9206965],[2.9513255,48.9209152],[2.9517399,48.9210886],[2.9518593,48.9211704],[2.952264,48.9216682],[2.9523834,48.9217739],[2.9524473,48.9218367],[2.9527259,48.9219718]]}},{"type":"Feature","properties":{"sinuosity":1,"highway":"secondary"},"geometry":{"type":"LineString","coordinates":[[2.1668747,48.6930354],[2.1668983,48.6929075],[2.1668405,48.6922069],[2.1668628,48.6920632],[2.166934,48.6919612],[2.1672221,48.6918074],[2.1674181,48.6917741],[2.1676273,48.6917849],[2.1678981,48.6918854],[2.1679672,48.6919414]]}},{"type":"Feature","properties":{"sinuosity":0.781,"highway":"tertiary"},"geometry":{"type":"LineString","coordinates":[[1.9652788,48.2789161],[1.9652155,48.2789374],[1.9651673,48.2789749],[1.9646666,48.2802196],[1.9646033,48.2803052],[1.9645175,48.2803757],[1.9644136,48.2804207],[1.9642137,48.2804573],[1.9641044,48.280455],[1.9637873,48.2804251]]}},{"type":"Feature","properties":{"sinuosity":0.7,"highway":"tertiary"},"geometry":{"type":"LineString","coordinates":[[1.8965788,48.2964131],[1.8963859,48.2961711],[1.8962076,48.2957013],[1.8960421,48.295395],[1.8960637,48.295329],[1.8960833,48.2953079],[1.8960305,48.2952321],[1.8958183,48.294769],[1.8954494,48.2942213],[1.895207,48.2940131]]}},{"type":"Feature","properties":{"sinuosity":0.888,"highway":"tertiary"},"geometry":{"type":"LineString","coordinates":[[1.750213,49.1227061],[1.7495482,49.1231792],[1.7492888,49.1238392],[1.7492971,49.1240313],[1.749797,49.124195],[1.7508242,49.1247239],[1.7509121,49.1248847],[1.7508961,49.1251279],[1.7509464,49.125218],[1.7510411,49.1252855]]}},{"type":"Feature","properties":{"sinuosity":0.805,"highway":"secondary"},"geometry":{"type":"LineString","coordinates":[[1.9973502,48.6221743],[1.9970203,48.6225252],[1.9963408,48.6233552],[1.9959501,48.6235411],[1.9954159,48.6238555],[1.9952989,48.6241093],[1.995437,48.6245638],[1.9964822,48.6254114],[1.997613,48.626751],[1.9980304,48.6276481]]}},{"type":"Feature","properties":{"sinuosity":0.706,"highway":"secondary"},"geometry":{"type":"LineString","coordinates":[[1.9922134,48.6217647],[1.9922015,48.6217752],[1.9908486,48.6229954],[1.9903553,48.6233288],[1.9901496,48.6234309],[1.9893624,48.62332],[1.9891228,48.6232937],[1.988559,48.6234254],[1.987256,48.6240606],[1.9857139,48.6244948]]}},{"type":"Feature","properties":{"sinuosity":0.7,"highway":"secondary"},"geometry":{"type":"LineString","coordinates":[[1.9991266,48.6150033],[1.9992048,48.6163494],[1.9993036,48.6176786],[1.9993227,48.6179245],[1.9993186,48.6183426],[1.999268,48.6190265],[1.9992815,48.6195268],[1.9992874,48.6198117],[1.9992547,48.6200848],[1.9989585,48.6205434]]}},{"type":"Feature","properties":{"sinuosity":0.724,"highway":"motorway_link"},"geometry":{"type":"LineString","coordinates":[[2.1137872,49.0321952],[2.1128618,49.0323118],[2.1124408,49.0324045],[2.1122828,49.0324693],[2.1120633,49.0325856],[2.1119249,49.0327069],[2.1117561,49.0329734],[2.1116761,49.0331221],[2.1115265,49.0332831],[2.111392,49.0333803]]}},{"type":"Feature","properties":{"sinuosity":0.7,"highway":"secondary"},"geometry":{"type":"LineString","coordinates":[[1.7798188,48.4661497],[1.7800077,48.4661557],[1.7806865,48.4662169],[1.7811264,48.4662365],[1.7817326,48.4662702],[1.782446,48.4663094],[1.7826123,48.4662791],[1.7827478,48.4662527],[1.783193,48.4661496],[1.7834881,48.4661496]]}},{"type":"Feature","properties":{"sinuosity":0.703,"highway":"tertiary"},"geometry":{"type":"LineString","coordinates":[[1.7241165,48.5011531],[1.7243801,48.5007483],[1.7244524,48.5006332],[1.7244634,48.5006162],[1.7250723,48.4996738],[1.7253212,48.4993212],[1.7255015,48.4991335],[1.7257676,48.4989857],[1.7261281,48.4989003],[1.7264342,48.4988892]]}},{"type":"Feature","properties":{"sinuosity":0.7,"highway":"secondary"},"geometry":{"type":"LineString","coordinates":[[3.3215399,48.9653397],[3.3205109,48.9653011],[3.3199921,48.9652532],[3.3188502,48.9650306],[3.3186057,48.9648403],[3.3182931,48.9644713],[3.3174231,48.9643902],[3.3153122,48.964375],[3.3131173,48.9642917],[3.3103617,48.9640537]]}},{"type":"Feature","properties":{"sinuosity":0.867,"highway":"tertiary"},"geometry":{"type":"LineString","coordinates":[[2.4742548,48.2039103],[2.4743113,48.2039951],[2.474426,48.2041194],[2.4746201,48.2042763],[2.4747989,48.204448],[2.475108,48.2048368],[2.474982,48.2050113],[2.4746637,48.205205],[2.4744914,48.2053243],[2.4744047,48.2053562]]}},{"type":"Feature","properties":{"sinuosity":0.654,"highway":"secondary"},"geometry":{"type":"LineString","coordinates":[[3.2212288,48.5335632],[3.2208636,48.5335424],[3.220496,48.5335622],[3.2189685,48.5338708],[3.2184416,48.5340681],[3.2179748,48.5343472],[3.2172091,48.5347719],[3.2168183,48.5349886],[3.2162071,48.5352107]]}},{"type":"Feature","properties":{"sinuosity":0.806,"highway":"secondary"},"geometry":{"type":"LineString","coordinates":[[2.3496826,48.7710682],[2.3496721,48.7710297],[2.349676,48.770988],[2.3494862,48.7704593],[2.349535,48.7702999],[2.3495838,48.7702381],[2.3497626,48.7701203],[2.3502466,48.7699826],[2.350897,48.7697605],[2.3514475,48.7695064]]}},{"type":"Feature","properties":{"sinuosity":0.664,"highway":"secondary"},"geometry":{"type":"LineString","coordinates":[[2.3514475,48.7695064],[2.3519199,48.769211],[2.3534796,48.7677229],[2.3543368,48.7668428],[2.3550121,48.766187],[2.3561118,48.7653262],[2.3570751,48.7646763],[2.3572438,48.764654],[2.357408,48.7646904],[2.3580584,48.7649496]]}},{"type":"Feature","properties":{"sinuosity":0.804,"highway":"tertiary"},"geometry":{"type":"LineString","coordinates":[[3.2766694,48.4338663],[3.27815,48.4340254],[3.2786641,48.434072],[3.2787381,48.4340505],[3.2788359,48.434022],[3.2789742,48.4339107],[3.2794813,48.4333296],[3.2795673,48.4332497]]}},{"type":"Feature","properties":{"sinuosity":0.7,"highway":"tertiary"},"geometry":{"type":"LineString","coordinates":[[3.2994324,48.3992827],[3.2984245,48.3976944],[3.2977013,48.3968491],[3.2972709,48.3963237],[3.2971874,48.3947216],[3.2972235,48.3940525],[3.2973922,48.393026],[3.2970991,48.3922342],[3.2965445,48.3918634],[3.2966052,48.3910824]]}},{"type":"Feature","properties":{"sinuosity":0.7,"highway":"tertiary"},"geometry":{"type":"LineString","coordinates":[[3.3405559,48.4611983],[3.3405895,48.4612126],[3.3406323,48.4612439],[3.3406807,48.4612963],[3.3407015,48.4613407],[3.3406989,48.4614634],[3.3404244,48.4629423],[3.3402707,48.4637695]]}},{"type":"Feature","properties":{"sinuosity":0.71,"highway":"secondary"},"geometry":{"type":"LineString","coordinates":[[3.3431253,48.4791033],[3.3432513,48.479487],[3.3433186,48.4799496],[3.3432907,48.4801484],[3.3431634,48.4803508],[3.3430484,48.4804229],[3.3426786,48.4805815],[3.3425653,48.4806519],[3.3425517,48.4812298],[3.3425151,48.4819187]]}},{"type":"Feature","properties":{"sinuosity":0.734,"highway":"tertiary"},"geometry":{"type":"LineString","coordinates":[[2.9583168,48.4224405],[2.9588188,48.4224327],[2.958991,48.4224014],[2.9592486,48.4222729],[2.9593296,48.4219896],[2.959383,48.4215716],[2.9594307,48.4211734],[2.9596012,48.4197368],[2.9596577,48.4192601],[2.9597654,48.4184429]]}},{"type":"Feature","properties":{"sinuosity":0.759,"highway":"tertiary"},"geometry":{"type":"LineString","coordinates":[[3.0901466,48.4836911],[3.0901302,48.4830281],[3.0907543,48.4821051],[3.0915664,48.4812958],[3.0922369,48.480566],[3.0922723,48.4802896],[3.0919616,48.4799048],[3.0925748,48.4797657],[3.0928324,48.4794519],[3.0925052,48.4784025]]}},{"type":"Feature","properties":{"sinuosity":0.7,"highway":"secondary"},"geometry":{"type":"LineString","coordinates":[[2.36684,49.1683039],[2.3671138,49.1682611],[2.3673327,49.1682584],[2.3674037,49.168262],[2.3676758,49.1683459],[2.3678044,49.1684137],[2.368229,49.1686847],[2.3683338,49.1687045],[2.371457,49.1688209],[2.3725111,49.1688638]]}},{"type":"Feature","properties":{"sinuosity":1,"highway":"motorway_link"},"geometry":{"type":"LineString","coordinates":[[2.8193701,48.8400555],[2.818547,48.8407194],[2.8184813,48.8411484],[2.818999,48.8416647],[2.8199485,48.8417759],[2.8206204,48.8414864],[2.8208484,48.8409392],[2.8204876,48.8404272],[2.8187286,48.8395947],[2.8170582,48.838724]]}},{"type":"Feature","properties":{"sinuosity":1,"highway":"trunk_link"},"geometry":{"type":"LineString","coordinates":[[2.7717768,49.1147034],[2.7720872,49.1149557],[2.7726557,49.1152594],[2.7730608,49.1152814],[2.7732606,49.1152261],[2.7734122,49.1151269],[2.7735087,49.1149934],[2.7735127,49.1147705],[2.7734068,49.1146222],[2.7724437,49.1137999]]}},{"type":"Feature","properties":{"sinuosity":0.7,"highway":"trunk_link"},"geometry":{"type":"LineString","coordinates":[[2.7767754,49.1170421],[2.7760367,49.1165831],[2.7755485,49.1162777],[2.7751462,49.1160897],[2.7746312,49.1159099],[2.7734618,49.1156377],[2.7730528,49.1155192],[2.772566,49.1153138],[2.7719263,49.1149381],[2.7715704,49.1148802]]}},{"type":"Feature","properties":{"sinuosity":0.7,"highway":"tertiary"},"geometry":{"type":"LineString","coordinates":[[2.3557282,48.703722],[2.3556783,48.7036459],[2.3554147,48.7032843],[2.3553678,48.7032118],[2.3549782,48.7025626],[2.3548092,48.702386],[2.354608,48.7022174],[2.3545872,48.7021651],[2.3540973,48.7016743],[2.3540595,48.701638]]}},{"type":"Feature","properties":{"sinuosity":0.7,"highway":"tertiary"},"geometry":{"type":"LineString","coordinates":[[2.1514409,48.354499],[2.1514705,48.3542997],[2.1514418,48.3538377],[2.1515676,48.3534834],[2.15157,48.3532673],[2.1511799,48.3527748],[2.1510211,48.3525951],[2.151035,48.3523914],[2.1511885,48.3520766],[2.151207,48.3518593]]}},{"type":"Feature","properties":{"sinuosity":0.7,"highway":"tertiary"},"geometry":{"type":"LineString","coordinates":[[1.8146193,49.1256229],[1.8147724,49.1255465],[1.815185,49.1254785],[1.8153354,49.1254328],[1.8154484,49.1253251],[1.8156484,49.1250692],[1.8160231,49.1248049],[1.8163255,49.1246358],[1.8165798,49.1245566],[1.8170834,49.1244313]]}},{"type":"Feature","properties":{"sinuosity":0.843,"highway":"secondary"},"geometry":{"type":"LineString","coordinates":[[2.2412775,48.6849888],[2.2421467,48.6851048],[2.2426789,48.6848951],[2.2432368,48.6844191],[2.2447903,48.6838185],[2.2456572,48.6832915],[2.2463353,48.6831328],[2.2469017,48.6832858],[2.2487529,48.6843161],[2.2494535,48.6845885]]}},{"type":"Feature","properties":{"sinuosity":0.759,"highway":"tertiary"},"geometry":{"type":"LineString","coordinates":[[1.4033294,49.0698546],[1.402122,49.0704351],[1.4013521,49.0709348],[1.4010015,49.0711517],[1.4008094,49.0711546],[1.3999503,49.0708345],[1.3996854,49.0709177],[1.3994771,49.071086],[1.3990094,49.0714744],[1.3987233,49.0716285]]}},{"type":"Feature","properties":{"sinuosity":0.894,"highway":"tertiary"},"geometry":{"type":"LineString","coordinates":[[1.7619144,49.164951],[1.763837,49.1629343],[1.7638799,49.1626762],[1.7636911,49.162446],[1.762601,49.1617669],[1.7619916,49.1615143],[1.7599517,49.1606036],[1.7591828,49.1601167],[1.7587613,49.1595311],[1.7591733,49.1590432]]}},{"type":"Feature","properties":{"sinuosity":0.7,"highway":"tertiary"},"geometry":{"type":"LineString","coordinates":[[2.7504693,48.3200906],[2.749965,48.3201892],[2.7496715,48.3203121],[2.7493519,48.3206362],[2.7490706,48.3208536],[2.7480542,48.3218998],[2.7479624,48.3219849]]}},{"type":"Feature","properties":{"sinuosity":0.7,"highway":"secondary"},"geometry":{"type":"LineString","coordinates":[[2.7479624,48.3219849],[2.7478226,48.3219356],[2.7470824,48.3214643],[2.7468638,48.3212383],[2.7467821,48.3209803],[2.7466991,48.3207135],[2.7466259,48.3204841],[2.746375,48.3197213],[2.7462148,48.319443],[2.7461877,48.3194115]]}},{"type":"Feature","properties":{"sinuosity":0.852,"highway":"trunk_link"},"geometry":{"type":"LineString","coordinates":[[2.4679236,48.9775441],[2.4675904,48.9776167],[2.4670111,48.9778086],[2.4666516,48.9780181],[2.4659692,48.9785076],[2.4658247,48.9787124],[2.4657812,48.9789973],[2.4658456,48.979191],[2.4664437,48.9799796],[2.4664934,48.9801507]]}},{"type":"Feature","properties":{"sinuosity":0.691,"highway":"motorway_link"},"geometry":{"type":"LineString","coordinates":[[2.542589,49.0326337],[2.542635,49.0327615],[2.5426493,49.0328563],[2.5426398,49.0330014],[2.5425958,49.0331368],[2.5425485,49.0332231],[2.5424606,49.0333355],[2.5411477,49.0347058],[2.5410808,49.0349586],[2.5413517,49.0363214]]}},{"type":"Feature","properties":{"sinuosity":0.7,"highway":"tertiary"},"geometry":{"type":"LineString","coordinates":[[1.6567975,49.1656909],[1.6564614,49.165779],[1.6552511,49.1662401],[1.6545731,49.1667096],[1.6544982,49.1667439],[1.6544314,49.1667479],[1.6543665,49.1667345]]}},{"type":"Feature","properties":{"sinuosity":0.7,"highway":"secondary"},"geometry":{"type":"LineString","coordinates":[[1.6523291,49.1444421],[1.6519948,49.1437203],[1.6520508,49.1435125],[1.6523632,49.1432036],[1.652401,49.1429765],[1.6521098,49.1424264],[1.6522216,49.1414483],[1.6522869,49.1410386],[1.6526466,49.1401845],[1.652839,49.1397683]]}},{"type":"Feature","properties":{"sinuosity":0.7,"highway":"tertiary"},"geometry":{"type":"LineString","coordinates":[[2.369407,48.7438886],[2.3693731,48.7438399],[2.3693797,48.743725],[2.3694004,48.7434525],[2.3695381,48.7410299],[2.3695451,48.7410168],[2.3695575,48.7410063],[2.369585,48.7409881]]}},{"type":"Feature","properties":{"sinuosity":0.718,"highway":"secondary"},"geometry":{"type":"LineString","coordinates":[[2.8030263,48.3901937],[2.8032225,48.3900603],[2.8033456,48.3899896],[2.803477,48.3899558],[2.8035964,48.3899424],[2.8037636,48.3899428],[2.8045919,48.3901466],[2.8052554,48.3903102],[2.8058884,48.3904563],[2.8060769,48.3904983]]}},{"type":"Feature","properties":{"sinuosity":0.7,"highway":"tertiary"},"geometry":{"type":"LineString","coordinates":[[2.8032767,48.4363853],[2.8034395,48.4362061],[2.803576,48.4355636],[2.8039633,48.434961],[2.803343,48.434528],[2.8028602,48.434076],[2.8023371,48.433414],[2.8017658,48.4313158],[2.8013528,48.429399],[2.8014423,48.4278658]]}},{"type":"Feature","properties":{"sinuosity":0.813,"highway":"tertiary"},"geometry":{"type":"LineString","coordinates":[[1.7043651,48.5585166],[1.7034076,48.5587935],[1.7030257,48.5589747],[1.7028175,48.5596385],[1.7029352,48.5599076],[1.7037402,48.5609947],[1.7037611,48.5610348],[1.7037763,48.561388],[1.7037221,48.5616269],[1.7032091,48.5623616]]}},{"type":"Feature","properties":{"sinuosity":0.7,"highway":"tertiary"},"geometry":{"type":"LineString","coordinates":[[1.7296656,48.5435534],[1.7290765,48.5437769],[1.7288493,48.5438629],[1.7287749,48.5438986],[1.7287531,48.5439275],[1.728377,48.5441313],[1.7278488,48.5447092],[1.7278104,48.5447513],[1.7275609,48.5448315],[1.7275249,48.544843]]}},{"type":"Feature","properties":{"sinuosity":0.7,"highway":"secondary"},"geometry":{"type":"LineString","coordinates":[[1.7275249,48.544843],[1.727226,48.5446748],[1.7270613,48.5445926],[1.7268019,48.5444634],[1.7259569,48.5440562],[1.7258156,48.5439856],[1.7248344,48.5434928],[1.724548,48.5434618],[1.7234525,48.5434976],[1.7228562,48.5435088]]}},{"type":"Feature","properties":{"sinuosity":0.714,"highway":"secondary"},"geometry":{"type":"LineString","coordinates":[[1.7228562,48.5435088],[1.72198,48.5427841],[1.7213164,48.5423072],[1.7201954,48.5417669],[1.7189466,48.5415397],[1.7186194,48.5415643],[1.7179304,48.5418302],[1.715842,48.5412193],[1.7152204,48.5410169],[1.7141433,48.5405208]]}},{"type":"Feature","properties":{"sinuosity":0.701,"highway":"tertiary"},"geometry":{"type":"LineString","coordinates":[[2.8279737,48.397171],[2.8274962,48.3971475],[2.8266017,48.3970175],[2.8263697,48.396908],[2.8259124,48.396461],[2.8257595,48.3962455],[2.8255878,48.3957041],[2.8255329,48.3952683],[2.8254859,48.3947522],[2.8255068,48.3944235]]}},{"type":"Feature","properties":{"sinuosity":0.7,"highway":"tertiary"},"geometry":{"type":"LineString","coordinates":[[2.9068333,48.8968053],[2.9070345,48.89689],[2.9071728,48.8970472],[2.9071498,48.8972268],[2.9067903,48.8980739],[2.9068955,48.898345],[2.9075467,48.8986737],[2.9079368,48.899005],[2.9126076,48.9042241],[2.9130834,48.9047557]]}},{"type":"Feature","properties":{"sinuosity":0.742,"highway":"tertiary"},"geometry":{"type":"LineString","coordinates":[[2.9130834,48.9047557],[2.9133779,48.9054132],[2.912941,48.9068714],[2.9133014,48.9070642],[2.9135277,48.9071999],[2.913742,48.9074161],[2.9144565,48.9083004],[2.9158285,48.9091963],[2.91866,48.9108897],[2.9202604,48.9111969]]}},{"type":"Feature","properties":{"sinuosity":0.7,"highway":"tertiary"},"geometry":{"type":"LineString","coordinates":[[2.8292791,48.6747159],[2.8284466,48.6740823],[2.8279845,48.6737631],[2.827533,48.6735116],[2.8271731,48.6734254],[2.8266652,48.6734114],[2.8258044,48.6733648],[2.8249825,48.673253]]}},{"type":"Feature","properties":{"sinuosity":0.7,"highway":"secondary"},"geometry":{"type":"LineString","coordinates":[[2.6630234,48.5399914],[2.6630057,48.5401366],[2.6629658,48.5402152],[2.6627439,48.5404572],[2.6625995,48.5405484],[2.6625054,48.5406063],[2.6617378,48.5410774],[2.6614126,48.5412478],[2.6610523,48.5413334],[2.6602786,48.5414856]]}},{"type":"Feature","properties":{"sinuosity":0.7,"highway":"tertiary"},"geometry":{"type":"LineString","coordinates":[[3.4009976,48.4299388],[3.4009396,48.4301696],[3.4009534,48.4304913],[3.4011127,48.4308958],[3.4013378,48.4310497],[3.4015837,48.4312244],[3.4019993,48.4315691],[3.4024615,48.4319652],[3.4025742,48.4320631],[3.4026132,48.4320898]]}},{"type":"Feature","properties":{"sinuosity":0.7,"highway":"tertiary"},"geometry":{"type":"LineString","coordinates":[[2.8948872,48.2666837],[2.8952322,48.2666683],[2.8983977,48.2666784],[2.898586,48.2666426],[2.8998049,48.2659043]]}},{"type":"Feature","properties":{"sinuosity":0.705,"highway":"tertiary"},"geometry":{"type":"LineString","coordinates":[[2.9498295,48.9225574],[2.950302,48.9223056],[2.9506921,48.9223306],[2.9516066,48.9219464],[2.9518704,48.9219078],[2.9525266,48.9219967],[2.9526661,48.9219793],[2.9527259,48.9219718]]}},{"type":"Feature","properties":{"sinuosity":0.7,"highway":"tertiary"},"geometry":{"type":"LineString","coordinates":[[2.8407735,48.741291],[2.8407121,48.7412082],[2.8405535,48.7411266],[2.8401703,48.7410267],[2.8399252,48.7409268],[2.8389862,48.74027],[2.8386888,48.7400424],[2.8386032,48.7399801],[2.8385373,48.7399322],[2.8385084,48.7398103]]}},{"type":"Feature","properties":{"sinuosity":0.733,"highway":"tertiary"},"geometry":{"type":"LineString","coordinates":[[2.7695311,49.0258248],[2.7691842,49.0257722],[2.7683481,49.0251164],[2.7678687,49.024752],[2.7674157,49.0244929],[2.7669416,49.0243686],[2.7658222,49.0244204],[2.7651562,49.0244788],[2.7639731,49.0245672],[2.7610653,49.0248073]]}},{"type":"Feature","properties":{"sinuosity":0.727,"highway":"tertiary"},"geometry":{"type":"LineString","coordinates":[[3.2338415,48.7930571],[3.2335842,48.7927996],[3.2327721,48.7923926],[3.2323009,48.7922923],[3.231976,48.7921967],[3.2319137,48.7920819],[3.232027,48.7915208],[3.2319304,48.791064],[3.2317266,48.7907415],[3.2308074,48.7896634]]}},{"type":"Feature","properties":{"sinuosity":0.776,"highway":"primary"},"geometry":{"type":"LineString","coordinates":[[1.5392994,48.6504052],[1.5406701,48.6512401],[1.5409522,48.6513835],[1.5410565,48.6514075],[1.5411631,48.6514197],[1.5413729,48.6514065],[1.5420511,48.651193],[1.5422079,48.6511437],[1.5422414,48.6511408],[1.542272,48.6511445]]}},{"type":"Feature","properties":{"sinuosity":0.7,"highway":"tertiary"},"geometry":{"type":"LineString","coordinates":[[3.4657199,48.8628574],[3.4657805,48.8630796],[3.4658514,48.8633643],[3.4660152,48.8635974],[3.4661502,48.8637558],[3.4665019,48.8642422],[3.4666912,48.864616],[3.4667099,48.8647476],[3.4666661,48.8648421]]}},{"type":"Feature","properties":{"sinuosity":0.786,"highway":"tertiary"},"geometry":{"type":"LineString","coordinates":[[3.4438662,48.8929713],[3.4441812,48.8930774],[3.4444496,48.8930935],[3.4449001,48.8931317],[3.4452241,48.8932738],[3.44532,48.8933814],[3.4453811,48.8935464],[3.4452636,48.894256],[3.44529,48.8943484],[3.4458017,48.8954829]]}},{"type":"Feature","properties":{"sinuosity":1,"highway":"tertiary"},"geometry":{"type":"LineString","coordinates":[[3.4442638,48.8744294],[3.4423313,48.8751257],[3.4419985,48.8753317],[3.4416393,48.8757571],[3.441175,48.8781412],[3.4416593,48.8788624],[3.4422808,48.878972],[3.4441139,48.8790207],[3.4454544,48.8792797],[3.4467682,48.8805188]]}},{"type":"Feature","properties":{"sinuosity":0.7,"highway":"tertiary"},"geometry":{"type":"LineString","coordinates":[[3.326335,48.9653906],[3.3265293,48.9655257],[3.3275546,48.9659356],[3.3283005,48.9662344],[3.3290533,48.9665389],[3.3309477,48.9672189],[3.3315463,48.9672816],[3.3318239,48.967311],[3.3325917,48.967574],[3.3327406,48.9677646]]}},{"type":"Feature","properties":{"sinuosity":0.7,"highway":"tertiary"},"geometry":{"type":"LineString","coordinates":[[3.2860871,48.9534958],[3.2859396,48.9532954],[3.285757,48.9531314],[3.285257,48.953047],[3.2851645,48.952973],[3.2850367,48.9526515],[3.2848902,48.9524841],[3.2839756,48.9519212],[3.283391,48.9516096],[3.2808136,48.9501266]]}},{"type":"Feature","properties":{"sinuosity":0.776,"highway":"tertiary"},"geometry":{"type":"LineString","coordinates":[[1.7383821,48.4928624],[1.7383608,48.492294],[1.7383666,48.4920441],[1.738479,48.4914405],[1.7384957,48.491351],[1.7384545,48.4911085],[1.7382972,48.4909168],[1.7372136,48.4905173],[1.7365895,48.4902372],[1.7360163,48.4899741]]}},{"type":"Feature","properties":{"sinuosity":0.7,"highway":"tertiary"},"geometry":{"type":"LineString","coordinates":[[1.7382379,48.495648],[1.7382246,48.4954321],[1.7383517,48.4946837],[1.7380465,48.4939459],[1.7380503,48.493907],[1.7382452,48.4937296],[1.7382866,48.4936868],[1.738334,48.4936299],[1.7383671,48.4935409],[1.7383821,48.4928624]]}},{"type":"Feature","properties":{"sinuosity":0.911,"highway":"tertiary"},"geometry":{"type":"LineString","coordinates":[[3.0116834,48.255076],[3.0112766,48.2551871],[3.0111011,48.2552631],[3.0105304,48.2555241],[3.0102205,48.2556134],[3.0100564,48.2556329],[3.0099199,48.255588],[3.0090631,48.2547346],[3.008732,48.2543846],[3.0083678,48.2541532]]}},{"type":"Feature","properties":{"sinuosity":0.7,"highway":"tertiary"},"geometry":{"type":"LineString","coordinates":[[1.9495378,48.2532189],[1.9491683,48.2530037],[1.9487312,48.2528895],[1.9485444,48.2528066],[1.9484476,48.2527209],[1.9483268,48.2525787],[1.9482523,48.2524918],[1.9482195,48.2524536],[1.948088,48.2521947],[1.9479245,48.2518768]]}},{"type":"Feature","properties":{"sinuosity":0.701,"highway":"tertiary"},"geometry":{"type":"LineString","coordinates":[[2.4933404,48.5710397],[2.4928064,48.5712212],[2.4921206,48.5714459],[2.4918157,48.5716535],[2.491523,48.5719309],[2.491368,48.5720975],[2.4912589,48.572258],[2.4911063,48.5725909],[2.4910462,48.5727478],[2.4910003,48.5728815]]}},{"type":"Feature","properties":{"sinuosity":0.7,"highway":"tertiary"},"geometry":{"type":"LineString","coordinates":[[1.911803,48.383506],[1.9119697,48.3835788],[1.9130501,48.3840618],[1.9134257,48.3841999],[1.9136233,48.3842549],[1.9142786,48.3843878],[1.9144963,48.384458],[1.9145876,48.3844696],[1.9148879,48.3844161],[1.9151776,48.3843698]]}},{"type":"Feature","properties":{"sinuosity":0.7,"highway":"secondary"},"geometry":{"type":"LineString","coordinates":[[2.6679912,48.7700792],[2.6681676,48.7695232],[2.6682099,48.769399],[2.6683175,48.7690836],[2.6684001,48.7688657],[2.6686013,48.768346],[2.6686093,48.7682903],[2.6686046,48.7681834],[2.6685597,48.7679399],[2.6686282,48.767785]]}},{"type":"Feature","properties":{"sinuosity":0.704,"highway":"tertiary"},"geometry":{"type":"LineString","coordinates":[[2.9511472,48.7331438],[2.9510864,48.7336795],[2.951076,48.7339692],[2.9509375,48.7354619],[2.9508721,48.7360011],[2.9509411,48.7361976],[2.9511082,48.736394],[2.9514533,48.7366743],[2.9516931,48.7368349],[2.9519524,48.7369349]]}},{"type":"Feature","properties":{"sinuosity":0.7,"highway":"tertiary"},"geometry":{"type":"LineString","coordinates":[[2.9228688,48.6830932],[2.922792,48.6830733],[2.922715,48.683074],[2.9221485,48.6831028],[2.921731,48.683124],[2.9209298,48.6831705],[2.9203191,48.6832325],[2.9200267,48.6832291],[2.9197762,48.6831808],[2.9190324,48.6829344]]}},{"type":"Feature","properties":{"sinuosity":0.7,"highway":"tertiary"},"geometry":{"type":"LineString","coordinates":[[2.5444953,48.7778612],[2.5438677,48.7775964],[2.543657,48.7775159],[2.5433819,48.7774108],[2.5427838,48.7771924],[2.5413536,48.7766636],[2.5413132,48.7766564],[2.5412359,48.7766462],[2.5410081,48.7766993],[2.5409202,48.7767511]]}},{"type":"Feature","properties":{"sinuosity":0.763,"highway":"secondary"},"geometry":{"type":"LineString","coordinates":[[2.1344587,49.1001937],[2.1338498,49.1006244],[2.1336979,49.1007221],[2.1335995,49.1007504],[2.1324775,49.1010352],[2.1322837,49.1011208],[2.1321939,49.1011713],[2.1321743,49.1012003],[2.1321973,49.1015212],[2.1322315,49.1018282]]}},{"type":"Feature","properties":{"sinuosity":0.925,"highway":"tertiary"},"geometry":{"type":"LineString","coordinates":[[3.575134,48.5720787],[3.5755151,48.5728364],[3.5756839,48.5730701],[3.5759176,48.5731388],[3.5761201,48.5730787],[3.5766654,48.5728536],[3.5768654,48.5728003],[3.577125,48.5728811],[3.5772185,48.5729618],[3.5775565,48.5732497]]}},{"type":"Feature","properties":{"sinuosity":1,"highway":"motorway_link"},"geometry":{"type":"LineString","coordinates":[[2.4056197,48.633468],[2.4058179,48.6336281],[2.4060719,48.6339126],[2.4061449,48.6340862],[2.4061021,48.6343352],[2.4058968,48.6346031],[2.4055515,48.6347976],[2.405244,48.6348897],[2.4048232,48.6349512],[2.4040189,48.6349881]]}},{"type":"Feature","properties":{"sinuosity":0.7,"highway":"tertiary"},"geometry":{"type":"LineString","coordinates":[[1.5357067,48.8963005],[1.5357108,48.8963348],[1.5356115,48.8964415],[1.5355378,48.8964918],[1.5354586,48.8965359],[1.5351961,48.8966776],[1.5342326,48.8970554],[1.5341599,48.8970839],[1.5323991,48.8979859],[1.53157,48.8984368]]}},{"type":"Feature","properties":{"sinuosity":0.7,"highway":"primary"},"geometry":{"type":"LineString","coordinates":[[1.5369238,48.8961025],[1.5369627,48.8961255],[1.5369796,48.8961419],[1.5370693,48.8962352],[1.5372453,48.8964406],[1.5377297,48.8968395],[1.5379654,48.896955],[1.5381697,48.8970657],[1.538374,48.8971765],[1.5388216,48.8973908]]}},{"type":"Feature","properties":{"sinuosity":0.834,"highway":"secondary"},"geometry":{"type":"LineString","coordinates":[[1.5441691,48.6648191],[1.5439064,48.6644081],[1.5437813,48.6643159],[1.5433609,48.6641341],[1.5427833,48.6640343],[1.5425342,48.6639086],[1.5424522,48.663808],[1.5424314,48.6635622],[1.5424948,48.6634101],[1.5428817,48.6625983]]}},{"type":"Feature","properties":{"sinuosity":0.7,"highway":"secondary"},"geometry":{"type":"LineString","coordinates":[[2.2321856,48.7972267],[2.232184,48.797048],[2.2322683,48.7967185],[2.2324643,48.7963484],[2.2325886,48.7960463],[2.2325955,48.7958294],[2.232532,48.7956493],[2.2324398,48.7954952],[2.2323074,48.7953542]]}},{"type":"Feature","properties":{"sinuosity":1,"highway":"trunk_link"},"geometry":{"type":"LineString","coordinates":[[2.3688072,48.7530126],[2.3687679,48.7528286],[2.3687092,48.7526766],[2.3684686,48.752566],[2.3681147,48.7526366],[2.3674777,48.7530554],[2.3674446,48.7532155],[2.3675688,48.753387],[2.3677677,48.7534603],[2.3680289,48.7535311]]}},{"type":"Feature","properties":{"sinuosity":1,"highway":"trunk_link"},"geometry":{"type":"LineString","coordinates":[[2.3689038,48.7546632],[2.3690746,48.7548466],[2.3692044,48.7549135],[2.3694553,48.7549144],[2.3697196,48.7547831],[2.3701899,48.7544803],[2.3702604,48.7542665],[2.3701081,48.7540816],[2.3698924,48.754028],[2.3695826,48.7539557]]}},{"type":"Feature","properties":{"sinuosity":0.806,"highway":"motorway_link"},"geometry":{"type":"LineString","coordinates":[[2.4692404,48.9609374],[2.4693103,48.960852],[2.4695398,48.9606757],[2.4696195,48.9605291],[2.4696391,48.9603957],[2.4694728,48.9601368],[2.4692515,48.959999],[2.4690034,48.9598568],[2.4678023,48.9592092],[2.467687,48.9591281]]}},{"type":"Feature","properties":{"sinuosity":0.7,"highway":"tertiary"},"geometry":{"type":"LineString","coordinates":[[2.6883839,48.2069329],[2.6888658,48.2070328],[2.6897295,48.2070765],[2.6901102,48.2070298],[2.6909869,48.2070275],[2.6910895,48.2070212],[2.6913393,48.2069227],[2.6916373,48.2068743],[2.6921894,48.2066912],[2.6934115,48.2062858]]}},{"type":"Feature","properties":{"sinuosity":0.7,"highway":"tertiary"},"geometry":{"type":"LineString","coordinates":[[2.2015037,48.7113371],[2.2031404,48.7108124],[2.2035439,48.7106872],[2.2041046,48.7105171],[2.2050377,48.7104172],[2.2050963,48.7104215],[2.2051446,48.7104357],[2.2052397,48.7104915],[2.205277,48.7105171]]}},{"type":"Feature","properties":{"sinuosity":0.7,"highway":"tertiary"},"geometry":{"type":"LineString","coordinates":[[3.4462106,48.3798467],[3.4461574,48.3798415],[3.4461066,48.3798214],[3.4446428,48.3797005],[3.44448,48.3796805],[3.4443102,48.3796476],[3.4441581,48.3796076],[3.4438715,48.3795277],[3.4431415,48.3793274],[3.4424362,48.3791309]]}},{"type":"Feature","properties":{"sinuosity":0.7,"highway":"tertiary"},"geometry":{"type":"LineString","coordinates":[[3.1962857,48.6138696],[3.195612,48.6144859],[3.1949288,48.6150985],[3.1948454,48.6151922],[3.1947151,48.6155302],[3.1947206,48.6156231]]}},{"type":"Feature","properties":{"sinuosity":0.819,"highway":"tertiary"},"geometry":{"type":"LineString","coordinates":[[3.1406307,48.5753505],[3.1408551,48.5758789],[3.1416735,48.5765936],[3.1418693,48.5769604],[3.1417681,48.577496],[3.1416801,48.5776954],[3.1415592,48.5777759],[3.1412753,48.5778032],[3.1410135,48.5778774],[3.1406858,48.5785026]]}},{"type":"Feature","properties":{"sinuosity":0.707,"highway":"tertiary"},"geometry":{"type":"LineString","coordinates":[[3.2889514,48.5844725],[3.289157,48.5843246],[3.2893719,48.5841208],[3.2893662,48.5840459],[3.2892519,48.5837725],[3.2890497,48.5834142],[3.2890229,48.5831232],[3.2890444,48.5829563],[3.2890826,48.5826115],[3.2890759,48.5824808]]}},{"type":"Feature","properties":{"sinuosity":0.906,"highway":"tertiary"},"geometry":{"type":"LineString","coordinates":[[1.6322891,49.182191],[1.632767,49.1829941],[1.6333553,49.1838002],[1.6336153,49.1840542],[1.6339038,49.1841228],[1.6345233,49.1840219],[1.6360065,49.1837194],[1.6363229,49.1836209],[1.6369914,49.1834511],[1.6387539,49.1832014]]}},{"type":"Feature","properties":{"sinuosity":0.7,"highway":"tertiary"},"geometry":{"type":"LineString","coordinates":[[2.6030027,48.3431243],[2.6030593,48.3431282],[2.6035385,48.3431969],[2.6038419,48.3432597],[2.6040727,48.3433218],[2.6043941,48.3434596],[2.6044854,48.3435351],[2.6047802,48.3437788],[2.6051645,48.3440172],[2.6054197,48.3440815]]}},{"type":"Feature","properties":{"sinuosity":0.875,"highway":"tertiary"},"geometry":{"type":"LineString","coordinates":[[1.5800044,48.9627656],[1.5799063,48.9627192],[1.5797588,48.9625887],[1.5789355,48.9621025],[1.5776244,48.9616582],[1.5772717,48.9615111],[1.5771724,48.9613887],[1.5772019,48.9612188],[1.5773635,48.9609715],[1.5778587,48.9603912]]}},{"type":"Feature","properties":{"sinuosity":0.7,"highway":"secondary"},"geometry":{"type":"LineString","coordinates":[[1.5703751,48.6997461],[1.5695992,48.7000963],[1.5692941,48.700234],[1.569092,48.7003796],[1.5689354,48.7005393],[1.5685837,48.7011482],[1.5684565,48.7013549]]}},{"type":"Feature","properties":{"sinuosity":0.7,"highway":"tertiary"},"geometry":{"type":"LineString","coordinates":[[1.5635123,48.702099],[1.5642403,48.701943],[1.5650407,48.7017101],[1.5654724,48.701552],[1.5657644,48.7013888],[1.566109,48.7012172],[1.5663674,48.7011673],[1.5669693,48.7012026],[1.5676721,48.7011922],[1.5678852,48.7012184]]}},{"type":"Feature","properties":{"sinuosity":0.885,"highway":"motorway_link"},"geometry":{"type":"LineString","coordinates":[[2.1586894,48.8696233],[2.1583679,48.8702131],[2.1579776,48.8707794],[2.1575525,48.8713149],[2.1574733,48.8716524],[2.1574073,48.8718013],[2.1570881,48.8719254],[2.1567778,48.8719281],[2.1564744,48.8718357],[2.1563082,48.8716479]]}},{"type":"Feature","properties":{"sinuosity":0.718,"highway":"tertiary"},"geometry":{"type":"LineString","coordinates":[[1.5913177,48.6388158],[1.5919661,48.6393324],[1.5924918,48.6399634],[1.5928459,48.6405731],[1.5932321,48.6409347],[1.5936194,48.6410782],[1.5939448,48.6410261],[1.5941866,48.6409988],[1.5947249,48.6411099],[1.595799,48.641969]]}},{"type":"Feature","properties":{"sinuosity":0.7,"highway":"tertiary"},"geometry":{"type":"LineString","coordinates":[[1.5817967,48.6539129],[1.5823985,48.6538519],[1.5831858,48.6538268],[1.5837151,48.6538988],[1.5840585,48.6540263],[1.584425,48.654264],[1.5846271,48.6543595],[1.5855132,48.6545374]]}},{"type":"Feature","properties":{"sinuosity":0.665,"highway":"tertiary"},"geometry":{"type":"LineString","coordinates":[[1.5817416,48.6531186],[1.5817233,48.6534423],[1.5817188,48.6536829],[1.5817895,48.6539744],[1.5817118,48.6540833],[1.5807636,48.6545218],[1.580167,48.6548688],[1.5790271,48.6560809],[1.5784483,48.6566471],[1.5770992,48.6574466]]}},{"type":"Feature","properties":{"sinuosity":0.725,"highway":"tertiary"},"geometry":{"type":"LineString","coordinates":[[1.5664964,48.6650859],[1.5665527,48.6658015],[1.5665242,48.6661221],[1.5664477,48.666261],[1.5662629,48.6665149],[1.566281,48.6668066],[1.5663001,48.6670304],[1.5662438,48.6671496],[1.565909,48.6673391],[1.5654477,48.6675305]]}},{"type":"Feature","properties":{"sinuosity":0.976,"highway":"tertiary"},"geometry":{"type":"LineString","coordinates":[[2.707632,48.8845185],[2.7080933,48.8845692],[2.7084027,48.8845095],[2.7085381,48.884344],[2.7084501,48.8841484],[2.707522,48.8838377],[2.7063408,48.8834953],[2.7053894,48.8832149],[2.7044769,48.8827498],[2.7039925,48.8823398]]}},{"type":"Feature","properties":{"sinuosity":0.7,"highway":"secondary"},"geometry":{"type":"LineString","coordinates":[[1.5843622,48.7435693],[1.584764,48.7438212],[1.5851461,48.7439563],[1.5863791,48.7440706],[1.5868763,48.7441434]]}},{"type":"Feature","properties":{"sinuosity":0.726,"highway":"tertiary"},"geometry":{"type":"LineString","coordinates":[[1.5619206,48.7325255],[1.5620562,48.7324835],[1.5627518,48.7322683],[1.5649137,48.731878],[1.5651031,48.7318624],[1.5654478,48.7319923],[1.5655096,48.7320093],[1.5665262,48.7323235],[1.5673918,48.7326615],[1.5675596,48.732721]]}},{"type":"Feature","properties":{"sinuosity":0.72,"highway":"secondary"},"geometry":{"type":"LineString","coordinates":[[1.4782332,48.9499864],[1.4768089,48.9500642],[1.4753955,48.9498575],[1.4740457,48.9496629],[1.4728764,48.9501445],[1.4713575,48.9508088],[1.470249,48.9512413],[1.4691532,48.9515779],[1.4683154,48.9514499],[1.466863,48.9510906]]}},{"type":"Feature","properties":{"sinuosity":0.769,"highway":"tertiary"},"geometry":{"type":"LineString","coordinates":[[1.5596304,48.8118867],[1.5603039,48.8117996],[1.5604518,48.8117726],[1.5616416,48.8115207],[1.5618517,48.8114387],[1.5618237,48.811009],[1.5618695,48.8109072],[1.5619554,48.8108035],[1.5622588,48.8106445],[1.5630515,48.8104526]]}},{"type":"Feature","properties":{"sinuosity":1,"highway":"trunk_link"},"geometry":{"type":"LineString","coordinates":[[2.3999924,48.6283652],[2.399621,48.6278473],[2.3985211,48.6270681],[2.3980911,48.6266791],[2.3983589,48.6259],[2.3988631,48.6255543],[2.3994452,48.6255455],[2.4003895,48.6260245],[2.401439,48.626379],[2.4023139,48.6263932]]}},{"type":"Feature","properties":{"sinuosity":0.714,"highway":"tertiary"},"geometry":{"type":"LineString","coordinates":[[1.667402,48.566992],[1.6676578,48.5670139],[1.6680887,48.5671294],[1.6683778,48.5671644],[1.6686852,48.5671141],[1.6688715,48.5670569],[1.6698409,48.5666374],[1.6705795,48.5662994],[1.6711357,48.5661049],[1.6714024,48.5661569]]}},{"type":"Feature","properties":{"sinuosity":0.714,"highway":"tertiary"},"geometry":{"type":"LineString","coordinates":[[2.0266438,48.2685551],[2.0274292,48.2688974],[2.0281181,48.2692057],[2.0285048,48.2694118],[2.0286006,48.2694555],[2.028662,48.2694691],[2.028764,48.2694726],[2.0289088,48.2694619],[2.0296213,48.2693294],[2.0296722,48.2693207]]}},{"type":"Feature","properties":{"sinuosity":0.7,"highway":"primary"},"geometry":{"type":"LineString","coordinates":[[3.1078327,48.6816782],[3.1075872,48.6819359],[3.1072846,48.682133],[3.1069939,48.6822908],[3.1066674,48.682438],[3.1059387,48.6827206],[3.1057176,48.6828675],[3.1056442,48.6829336]]}},{"type":"Feature","properties":{"sinuosity":0.7,"highway":"trunk_link"},"geometry":{"type":"LineString","coordinates":[[3.0228982,48.6849812],[3.0230675,48.6849867],[3.0236077,48.6850767],[3.0245117,48.6853116],[3.0248351,48.6853756],[3.0252352,48.685424],[3.0257493,48.6854476],[3.0262101,48.6854514],[3.0263144,48.6854934]]}},{"type":"Feature","properties":{"sinuosity":0.706,"highway":"tertiary"},"geometry":{"type":"LineString","coordinates":[[1.9687187,48.2793624],[1.9685344,48.2793725],[1.9683028,48.2793618],[1.9678902,48.2793152],[1.9665969,48.2791268],[1.9665137,48.2791047],[1.9664563,48.2790741],[1.9662572,48.278804]]}},{"type":"Feature","properties":{"sinuosity":0.76,"highway":"tertiary"},"geometry":{"type":"LineString","coordinates":[[1.7061308,48.6076673],[1.7067187,48.6079793],[1.7072418,48.6082323],[1.7074204,48.6083757],[1.7074841,48.608536],[1.7073344,48.6092889]]}},{"type":"Feature","properties":{"sinuosity":0.7,"highway":"secondary"},"geometry":{"type":"LineString","coordinates":[[1.7786721,48.5782392],[1.7792192,48.5782077],[1.7793844,48.5781936],[1.7794647,48.5781947],[1.7795281,48.5781812],[1.7798849,48.578154],[1.7806327,48.5781155],[1.7810173,48.5781154],[1.7814854,48.5781798],[1.7819114,48.5782618]]}},{"type":"Feature","properties":{"sinuosity":0.822,"highway":"tertiary"},"geometry":{"type":"LineString","coordinates":[[2.4219953,48.1210547],[2.4226431,48.1218406],[2.4229856,48.1223475],[2.4231291,48.1224448],[2.4233757,48.1224681],[2.4237336,48.1224003],[2.4249827,48.1221953],[2.4257666,48.1222392],[2.4267754,48.1224019],[2.4274293,48.1233445]]}},{"type":"Feature","properties":{"sinuosity":0.955,"highway":"trunk_link"},"geometry":{"type":"LineString","coordinates":[[2.2414321,48.7726567],[2.2414122,48.7727661],[2.2414624,48.7728573],[2.2416304,48.7730174],[2.2417676,48.7730482],[2.2419841,48.7730208],[2.2420973,48.7729573],[2.2424181,48.7726012],[2.2430834,48.7716596],[2.24353,48.7708528]]}},{"type":"Feature","properties":{"sinuosity":0.759,"highway":"tertiary"},"geometry":{"type":"LineString","coordinates":[[2.6394251,48.5332906],[2.6392645,48.5331061],[2.6392293,48.5328368],[2.6392259,48.5326588],[2.6391837,48.5325482],[2.6388786,48.5322303],[2.6386178,48.5320193],[2.6384099,48.5319332],[2.6383147,48.5319212],[2.6380985,48.5319533]]}},{"type":"Feature","properties":{"sinuosity":0.7,"highway":"tertiary"},"geometry":{"type":"LineString","coordinates":[[3.1246938,49.110521],[3.1246836,49.1104251],[3.124408,49.1096287],[3.1244409,49.1095323],[3.1246313,49.1092952],[3.1247306,49.109111],[3.1247491,49.1090393],[3.1247413,49.1089634],[3.1243182,49.1081774],[3.1238978,49.1074481]]}},{"type":"Feature","properties":{"sinuosity":1,"highway":"primary"},"geometry":{"type":"LineString","coordinates":[[2.0873705,48.9810765],[2.0876836,48.9811493],[2.08805,48.9810798],[2.0881989,48.9808485],[2.0881493,48.9804868],[2.0878168,48.9802289],[2.0874524,48.9802019],[2.0871157,48.9803158],[2.0868351,48.9806465],[2.0859778,48.9824569]]}},{"type":"Feature","properties":{"sinuosity":0.7,"highway":"secondary"},"geometry":{"type":"LineString","coordinates":[[2.1272884,48.818012],[2.1272951,48.8178979],[2.1275963,48.8174168],[2.1277852,48.8172346],[2.1279529,48.816929],[2.1280085,48.8168145],[2.1280229,48.8167063],[2.1280302,48.816587],[2.1282767,48.8161092],[2.1284345,48.8159962]]}},{"type":"Feature","properties":{"sinuosity":0.7,"highway":"secondary"},"geometry":{"type":"LineString","coordinates":[[2.5213709,48.9855832],[2.5218239,48.9853886],[2.5226014,48.9850732],[2.5230495,48.9848555],[2.5234014,48.9845513],[2.5240108,48.9840489],[2.5243343,48.983886],[2.5247527,48.9837634]]}},{"type":"Feature","properties":{"sinuosity":1,"highway":"tertiary"},"geometry":{"type":"LineString","coordinates":[[1.8838722,48.7572178],[1.8844173,48.7575399],[1.884632,48.7575902],[1.8852508,48.7577933],[1.885288,48.7580723],[1.8851857,48.7581624],[1.8848986,48.7582668],[1.8844074,48.7582465],[1.8842726,48.7582496],[1.883983,48.7583693]]}},{"type":"Feature","properties":{"sinuosity":0.647,"highway":"secondary"},"geometry":{"type":"LineString","coordinates":[[1.6489993,48.6782092],[1.6501079,48.6786526],[1.6508375,48.6788474],[1.6520471,48.6794053],[1.6521625,48.6794974],[1.6522563,48.6802217],[1.65255,48.6804731],[1.6532766,48.6812321],[1.6534499,48.681456],[1.6545558,48.6831914]]}},{"type":"Feature","properties":{"sinuosity":0.7,"highway":"trunk_link"},"geometry":{"type":"LineString","coordinates":[[2.3650033,48.7375989],[2.3649231,48.7376516],[2.3648974,48.7376795],[2.3648758,48.7377151],[2.3647922,48.7379195],[2.3644921,48.7385898],[2.3641259,48.7392489],[2.3640341,48.7394237],[2.3639915,48.7395465],[2.3638645,48.7397317]]}},{"type":"Feature","properties":{"sinuosity":0.7,"highway":"tertiary"},"geometry":{"type":"LineString","coordinates":[[1.729531,48.5182746],[1.7296564,48.5183523],[1.7297066,48.5188088],[1.729738,48.5188831],[1.7298335,48.5189795],[1.7303142,48.5193331],[1.730636,48.5198163],[1.7310545,48.5203991],[1.7318483,48.5211633],[1.7318861,48.5212351]]}},{"type":"Feature","properties":{"sinuosity":0.7,"highway":"tertiary"},"geometry":{"type":"LineString","coordinates":[[2.779246,48.4974563],[2.7794927,48.4975767],[2.7796988,48.4977439],[2.7801083,48.4977913],[2.7811275,48.4982157],[2.7818665,48.4985218],[2.7821528,48.4986391],[2.7823614,48.4987285],[2.7824727,48.4987742],[2.7828849,48.4989449]]}},{"type":"Feature","properties":{"sinuosity":0.7,"highway":"secondary"},"geometry":{"type":"LineString","coordinates":[[2.4683783,48.2089621],[2.4694386,48.2086762],[2.4697114,48.2085871],[2.4702138,48.2083303],[2.4703592,48.2082323],[2.470741,48.2078738],[2.4708776,48.2077518],[2.4713457,48.2073167],[2.4714174,48.2071399],[2.4714838,48.2070718]]}},{"type":"Feature","properties":{"sinuosity":0.775,"highway":"secondary"},"geometry":{"type":"LineString","coordinates":[[1.6253122,48.6286613],[1.6249973,48.6291728],[1.6248801,48.6294473],[1.6248689,48.6295724],[1.6249084,48.6297822],[1.6252772,48.6303889],[1.6253577,48.6306329],[1.6253501,48.6307452],[1.6249726,48.6311101],[1.6243105,48.6313025]]}},{"type":"Feature","properties":{"sinuosity":0.7,"highway":"tertiary"},"geometry":{"type":"LineString","coordinates":[[2.1241804,49.0568197],[2.1243742,49.0569437],[2.1244851,49.0570621],[2.1251468,49.0578406],[2.125239,49.0579351],[2.1255737,49.05828],[2.1257066,49.0584074],[2.125956,49.0586226],[2.1260783,49.0586971],[2.1268642,49.0588819]]}},{"type":"Feature","properties":{"sinuosity":0.884,"highway":"tertiary"},"geometry":{"type":"LineString","coordinates":[[3.0468972,48.2686137],[3.0467561,48.2681406],[3.0467091,48.2680201],[3.04663,48.2679523],[3.0465133,48.2679049],[3.0463685,48.2678871],[3.04576,48.2679781],[3.0450254,48.2679625],[3.0449903,48.2679627]]}},{"type":"Feature","properties":{"sinuosity":0.7,"highway":"secondary"},"geometry":{"type":"LineString","coordinates":[[2.3915328,48.8369553],[2.392115,48.8361391],[2.3921604,48.8360747],[2.3923694,48.8358184],[2.392795,48.8352787],[2.3928968,48.8352261],[2.3937465,48.8344473],[2.394246,48.8340211],[2.3943224,48.8339741],[2.3948808,48.8336313]]}},{"type":"Feature","properties":{"sinuosity":0.795,"highway":"secondary"},"geometry":{"type":"LineString","coordinates":[[2.5577519,49.0049205],[2.55782,49.0044421],[2.5578844,49.0041923],[2.5580024,49.0039636],[2.5581902,49.0037665],[2.5586614,49.0034828],[2.558909,49.0034075],[2.5591172,49.0033599],[2.5593757,49.0033407],[2.5599229,49.0033407]]}},{"type":"Feature","properties":{"sinuosity":0.7,"highway":"trunk_link"},"geometry":{"type":"LineString","coordinates":[[2.5855399,48.848488],[2.5857575,48.8486055],[2.5859058,48.8486378],[2.5865421,48.8485628],[2.5870941,48.8485534],[2.5875799,48.8486781],[2.5881354,48.8488763],[2.5887532,48.8489903],[2.5894852,48.8489824],[2.5902996,48.8489259]]}},{"type":"Feature","properties":{"sinuosity":1,"highway":"secondary"},"geometry":{"type":"LineString","coordinates":[[2.5432853,49.01447],[2.5429615,49.0150157],[2.5425548,49.0152301],[2.5418597,49.0153535],[2.5413767,49.015299],[2.5406874,49.0149588],[2.5404937,49.0147224],[2.5404077,49.0144043],[2.540442,49.0142201],[2.5406393,49.0139552]]}},{"type":"Feature","properties":{"sinuosity":0.7,"highway":"tertiary"},"geometry":{"type":"LineString","coordinates":[[2.4977944,48.892496],[2.4978715,48.8924845],[2.4979287,48.8925038],[2.4982553,48.8927909],[2.4986388,48.8932107],[2.499095,48.8936456],[2.4996247,48.8941773],[2.5006114,48.8951374],[2.5006403,48.8951644],[2.5006636,48.8952091]]}},{"type":"Feature","properties":{"sinuosity":0.7,"highway":"tertiary"},"geometry":{"type":"LineString","coordinates":[[2.4774562,48.6957724],[2.477287,48.6958073],[2.4765648,48.6959642],[2.4751536,48.6962875],[2.4749704,48.6963237],[2.4743897,48.6964475],[2.4743289,48.6964481],[2.4742492,48.6964392],[2.4742032,48.6964191]]}},{"type":"Feature","properties":{"sinuosity":1,"highway":"trunk_link"},"geometry":{"type":"LineString","coordinates":[[2.327544,49.0618383],[2.3273576,49.0617919],[2.3268715,49.0617888],[2.326511,49.0618168],[2.3262198,49.0619303],[2.3260759,49.0620954],[2.3260736,49.0622843],[2.3261757,49.0624288],[2.3266006,49.0626207],[2.3284035,49.0630139]]}},{"type":"Feature","properties":{"sinuosity":0.625,"highway":"tertiary"},"geometry":{"type":"LineString","coordinates":[[3.5197208,48.5717191],[3.5192956,48.5721554],[3.519011,48.5727031],[3.5195708,48.5730633],[3.5200506,48.5734607],[3.5192476,48.5747661],[3.5187506,48.5756839],[3.5184319,48.5764625],[3.5184448,48.5770976],[3.5182026,48.5780605]]}},{"type":"Feature","properties":{"sinuosity":0.777,"highway":"tertiary"},"geometry":{"type":"LineString","coordinates":[[3.5200013,48.5685766],[3.5195732,48.5696733],[3.5192406,48.5703477],[3.5191709,48.5705589],[3.5191494,48.5707701],[3.5194468,48.5708804],[3.5199648,48.5710089],[3.5200024,48.5710683],[3.5198253,48.5714357],[3.5197208,48.5717191]]}},{"type":"Feature","properties":{"sinuosity":0.718,"highway":"tertiary"},"geometry":{"type":"LineString","coordinates":[[3.4731747,48.5929905],[3.4730691,48.5929379],[3.4728716,48.5928912],[3.472694,48.5928334],[3.4725686,48.592712],[3.4723647,48.5921799],[3.4722252,48.591754],[3.4722172,48.5915536],[3.4722387,48.5914256]]}},{"type":"Feature","properties":{"sinuosity":0.7,"highway":"secondary"},"geometry":{"type":"LineString","coordinates":[[2.69238,48.110971],[2.6922637,48.1105471],[2.6921954,48.1102999],[2.6921763,48.110248],[2.6921,48.1100414],[2.6919388,48.1097943],[2.6917676,48.1096068],[2.6916937,48.1095231],[2.6913342,48.1091572],[2.6912766,48.1090122]]}},{"type":"Feature","properties":{"sinuosity":0.7,"highway":"secondary"},"geometry":{"type":"LineString","coordinates":[[2.0503618,48.7982447],[2.0509143,48.798198],[2.0510172,48.7981855],[2.0517378,48.7980989],[2.0518009,48.7981069],[2.0524601,48.7980224],[2.052914,48.7979728],[2.0530171,48.7979453],[2.0539077,48.7978384]]}},{"type":"Feature","properties":{"sinuosity":0.708,"highway":"tertiary"},"geometry":{"type":"LineString","coordinates":[[2.0873515,49.0057482],[2.0873975,49.0057091],[2.0874216,49.0056827],[2.087444,49.0056315],[2.0873061,49.005313],[2.0874474,49.00478],[2.0875633,49.0046874],[2.0879612,49.0043627],[2.0881996,49.0041725],[2.0882784,49.0040942]]}},{"type":"Feature","properties":{"sinuosity":0.71,"highway":"tertiary"},"geometry":{"type":"LineString","coordinates":[[2.298279,48.7895112],[2.2979888,48.7895961],[2.2974728,48.789631],[2.2972377,48.7895868],[2.2970868,48.7895477],[2.2970042,48.7895169],[2.2961377,48.7890235],[2.2958731,48.7888711],[2.2953219,48.7887033],[2.2947587,48.7886591]]}},{"type":"Feature","properties":{"sinuosity":0.7,"highway":"tertiary"},"geometry":{"type":"LineString","coordinates":[[2.2974501,49.0458182],[2.2972273,49.0454252],[2.2971201,49.045187],[2.2968213,49.0448401],[2.2963888,49.044347],[2.2960709,49.0439666],[2.2960799,49.0439121],[2.2961105,49.0438746],[2.296245,49.0437608],[2.2962594,49.0436832]]}},{"type":"Feature","properties":{"sinuosity":0.703,"highway":"tertiary"},"geometry":{"type":"LineString","coordinates":[[3.2715202,48.6692641],[3.2725265,48.6686692],[3.2767043,48.66825],[3.2786472,48.6683781],[3.280426,48.6689591],[3.2806126,48.6690123],[3.2824129,48.669385],[3.2829115,48.6694657],[3.2835638,48.6694511],[3.284417,48.6693088]]}},{"type":"Feature","properties":{"sinuosity":0.7,"highway":"tertiary"},"geometry":{"type":"LineString","coordinates":[[2.2309952,48.9785497],[2.2317318,48.9786667],[2.2322537,48.9789004],[2.2327897,48.9791349],[2.233017,48.9792722],[2.2332282,48.9793677],[2.233303,48.9793786],[2.2334889,48.9794625],[2.2339537,48.9796773],[2.2346711,48.9800298]]}},{"type":"Feature","properties":{"sinuosity":0.639,"highway":"secondary"},"geometry":{"type":"LineString","coordinates":[[1.5313766,48.7237105],[1.5316071,48.7228198],[1.5318287,48.7220735],[1.5319088,48.7219512],[1.5322966,48.7216863],[1.532365,48.7216209],[1.5324364,48.7213751],[1.5324768,48.7204147],[1.5325776,48.7196955],[1.5325277,48.7192036]]}},{"type":"Feature","properties":{"sinuosity":0.7,"highway":"tertiary"},"geometry":{"type":"LineString","coordinates":[[1.6142901,48.8668718],[1.6140828,48.8668457],[1.6137686,48.8666076],[1.6132294,48.8661205],[1.612655,48.8656787],[1.6120423,48.8653512],[1.6115067,48.8650767],[1.6113517,48.865018],[1.6107461,48.8648854],[1.6104998,48.8648381]]}},{"type":"Feature","properties":{"sinuosity":0.7,"highway":"tertiary"},"geometry":{"type":"LineString","coordinates":[[1.5702141,48.8204989],[1.5701576,48.8204846],[1.5700932,48.8204863],[1.5699966,48.8205322],[1.5696721,48.8206585],[1.5696157,48.8206762],[1.5695378,48.8206855],[1.5687766,48.8205821],[1.5684222,48.8205384],[1.5675048,48.8204445]]}},{"type":"Feature","properties":{"sinuosity":0.636,"highway":"tertiary"},"geometry":{"type":"LineString","coordinates":[[1.539273,48.8756823],[1.5394576,48.8764427],[1.5393819,48.877507],[1.5391786,48.8782124],[1.5379395,48.8795481],[1.5378689,48.8796309],[1.5377162,48.8797374],[1.5375335,48.8801745],[1.5374932,48.8804117]]}},{"type":"Feature","properties":{"sinuosity":0.7,"highway":"tertiary"},"geometry":{"type":"LineString","coordinates":[[1.6835757,49.0052522],[1.6834529,49.0052512],[1.683239,49.0052056],[1.6823861,49.0051765],[1.6822761,49.0051739],[1.6820173,49.0051677],[1.6818899,49.0051633],[1.6818,49.0051809],[1.6808436,49.0051515],[1.680792,49.0051353]]}},{"type":"Feature","properties":{"sinuosity":0.7,"highway":"tertiary"},"geometry":{"type":"LineString","coordinates":[[1.7927802,48.9310182],[1.7918146,48.9303526],[1.7915222,48.9301397],[1.7912765,48.9298949],[1.7910501,48.9296029],[1.7905676,48.9287096],[1.7904372,48.9285822],[1.790294,48.9285129],[1.7901606,48.9285138],[1.7901036,48.9285187]]}},{"type":"Feature","properties":{"sinuosity":0.7,"highway":"secondary"},"geometry":{"type":"LineString","coordinates":[[1.8206727,49.0153377],[1.8217016,49.0157414],[1.8227864,49.0162753],[1.8240745,49.0168763],[1.8244045,49.0170303],[1.8246725,49.0171554],[1.824949,49.0172844],[1.8254784,49.0176191],[1.825613,49.0178094],[1.8255994,49.0180481]]}},{"type":"Feature","properties":{"sinuosity":0.808,"highway":"secondary"},"geometry":{"type":"LineString","coordinates":[[1.94321,49.0170481],[1.9425396,49.0159033],[1.9421986,49.0156781],[1.9419462,49.0156034],[1.9415624,49.0155591],[1.9412265,49.0155704],[1.9404763,49.0157713],[1.9401426,49.0157713],[1.9397548,49.0156777],[1.9390773,49.0153008]]}},{"type":"Feature","properties":{"sinuosity":0.7,"highway":"tertiary"},"geometry":{"type":"LineString","coordinates":[[1.8615911,48.9765916],[1.8614584,48.9766469],[1.8613364,48.9766587],[1.8612841,48.9766547],[1.8611813,48.9766304],[1.8610855,48.9765744],[1.8608375,48.9764056],[1.8607456,48.9763542],[1.8605894,48.9762828],[1.8561712,48.9748512]]}},{"type":"Feature","properties":{"sinuosity":0.778,"highway":"tertiary"},"geometry":{"type":"LineString","coordinates":[[1.8474111,48.9316859],[1.8484545,48.9321546],[1.8485908,48.9322012],[1.8488487,48.9322299],[1.8488992,48.9322286],[1.8490392,48.9322186],[1.84917,48.9321844],[1.8506051,48.9316314],[1.8506927,48.9315973],[1.8507702,48.9315771]]}},{"type":"Feature","properties":{"sinuosity":1,"highway":"tertiary"},"geometry":{"type":"LineString","coordinates":[[1.8667242,48.9302358],[1.8670578,48.9305686],[1.8677547,48.9305866],[1.8685334,48.9306899],[1.8694291,48.931285],[1.8699805,48.9317888],[1.8701068,48.9323288],[1.8697633,48.9327299],[1.8688572,48.9332924],[1.8684345,48.9335063]]}},{"type":"Feature","properties":{"sinuosity":0.7,"highway":"secondary"},"geometry":{"type":"LineString","coordinates":[[1.9243205,48.9134486],[1.9239859,48.9134054],[1.9228587,48.9132701],[1.9227543,48.913269],[1.9226423,48.9132514],[1.9223171,48.9131862],[1.9222843,48.9131823],[1.9219705,48.9131451],[1.9206547,48.9134898],[1.9195834,48.9137414]]}},{"type":"Feature","properties":{"sinuosity":0.7,"highway":"secondary"},"geometry":{"type":"LineString","coordinates":[[1.7981656,48.8192045],[1.7978793,48.8193005],[1.7977383,48.8193477],[1.7975256,48.819419],[1.7972971,48.8195059],[1.7971283,48.8195727],[1.7968344,48.8196832],[1.7963383,48.8197949],[1.7952778,48.8197136],[1.7951265,48.8197313]]}},{"type":"Feature","properties":{"sinuosity":0.93,"highway":"tertiary"},"geometry":{"type":"LineString","coordinates":[[1.7577494,48.7655475],[1.7575335,48.765436],[1.7572683,48.765253],[1.7571182,48.7651003],[1.7564843,48.7643953],[1.7562811,48.7643009],[1.7561576,48.7643028],[1.7560257,48.7643256],[1.7553632,48.7645788],[1.7544876,48.7649287]]}},{"type":"Feature","properties":{"sinuosity":0.716,"highway":"tertiary"},"geometry":{"type":"LineString","coordinates":[[1.7433236,48.7632506],[1.7429876,48.7624267],[1.7421243,48.7621423],[1.7414654,48.7620511],[1.7399122,48.7613478],[1.7390068,48.7610334],[1.7381308,48.760292],[1.7378152,48.7598852],[1.7367361,48.7579273],[1.7356038,48.7575291]]}},{"type":"Feature","properties":{"sinuosity":0.7,"highway":"secondary"},"geometry":{"type":"LineString","coordinates":[[2.2833006,49.0063399],[2.2831719,49.0062749],[2.2830436,49.0061592],[2.2828986,49.0059517],[2.2818396,49.0044356],[2.2818003,49.0043793],[2.2817762,49.0043556],[2.2817409,49.0043368],[2.2816785,49.004327]]}},{"type":"Feature","properties":{"sinuosity":0.744,"highway":"secondary"},"geometry":{"type":"LineString","coordinates":[[1.7795766,48.4683696],[1.7800657,48.4686661],[1.7809971,48.4692496],[1.7810492,48.4693092],[1.7811258,48.4694595],[1.7811076,48.4695982],[1.7810708,48.4696993],[1.7810501,48.4697642],[1.7810082,48.4700476],[1.7809519,48.4703445]]}},{"type":"Feature","properties":{"sinuosity":0.7,"highway":"secondary"},"geometry":{"type":"LineString","coordinates":[[2.0869769,48.8648326],[2.0871938,48.8649959],[2.0873921,48.8650504],[2.0878998,48.8650738],[2.0883225,48.8651529],[2.0898146,48.8654767]]}},{"type":"Feature","properties":{"sinuosity":0.718,"highway":"secondary"},"geometry":{"type":"LineString","coordinates":[[2.0300799,48.3956214],[2.0305573,48.3959616],[2.0312949,48.3969464],[2.0313673,48.3971922],[2.0313244,48.3977443],[2.0308604,48.3987148],[2.0301979,48.4000415],[2.0301416,48.4003389],[2.0304017,48.4006345],[2.0309174,48.4014764]]}},{"type":"Feature","properties":{"sinuosity":0.642,"highway":"secondary"},"geometry":{"type":"LineString","coordinates":[[2.0485313,48.427434],[2.0495174,48.4281444],[2.0499227,48.4282612],[2.0503694,48.4282363],[2.0510904,48.4280927],[2.0523492,48.4276301],[2.0531767,48.4274617],[2.0541691,48.4273727],[2.0559872,48.4274052],[2.0575933,48.4276814]]}},{"type":"Feature","properties":{"sinuosity":1,"highway":"secondary"},"geometry":{"type":"LineString","coordinates":[[2.0568987,48.4525798],[2.0569685,48.4523887],[2.0589919,48.4513508],[2.0590651,48.4511334],[2.058959,48.4509185],[2.0575583,48.45043],[2.0570738,48.4500065],[2.0566987,48.4497722],[2.0555905,48.4492787],[2.0549205,48.4488213]]}},{"type":"Feature","properties":{"sinuosity":0.913,"highway":"motorway_link"},"geometry":{"type":"LineString","coordinates":[[2.6377598,48.9091162],[2.6376347,48.9092891],[2.6374755,48.9095606],[2.6373969,48.9097779],[2.6373973,48.9099359],[2.6374877,48.9101409],[2.6376615,48.9103225],[2.6378377,48.9104193],[2.6381238,48.9105223],[2.6389071,48.9106122]]}},{"type":"Feature","properties":{"sinuosity":0.736,"highway":"secondary"},"geometry":{"type":"LineString","coordinates":[[2.5379263,48.6828954],[2.5381096,48.6828312],[2.5381961,48.6827683],[2.5384742,48.6825242],[2.5385941,48.6822911],[2.5386268,48.6819786],[2.538599,48.6816379],[2.5385197,48.6813331],[2.5383865,48.6810786],[2.5382601,48.6809169]]}},{"type":"Feature","properties":{"sinuosity":0.7,"highway":"primary"},"geometry":{"type":"LineString","coordinates":[[2.0455666,48.7888242],[2.0467358,48.7893355],[2.0474305,48.78962],[2.0482952,48.7900009],[2.0484718,48.7900733],[2.0485344,48.7900882],[2.0486333,48.7900961]]}},{"type":"Feature","properties":{"sinuosity":0.7,"highway":"tertiary"},"geometry":{"type":"LineString","coordinates":[[2.1019127,48.8728407],[2.1018093,48.872605],[2.1021209,48.8714017],[2.1022419,48.8711287],[2.1023956,48.8705916],[2.1027505,48.869648],[2.1027749,48.8694124],[2.1022717,48.8684226],[2.1021211,48.868109],[2.1017012,48.8673484]]}},{"type":"Feature","properties":{"sinuosity":0.948,"highway":"tertiary"},"geometry":{"type":"LineString","coordinates":[[2.1837356,48.7831875],[2.1826362,48.7833436],[2.1823465,48.7833109],[2.1821071,48.7832212],[2.1819261,48.7830886],[2.1816526,48.7824368],[2.1815854,48.7822478],[2.1816568,48.7820728],[2.1816741,48.7820095],[2.1816474,48.7819222]]}},{"type":"Feature","properties":{"sinuosity":0.7,"highway":"tertiary"},"geometry":{"type":"LineString","coordinates":[[3.2374266,48.922666],[3.23708,48.9217546],[3.2367285,48.9212499],[3.2368109,48.9209265],[3.2372765,48.9205966],[3.2374777,48.9203831],[3.2372665,48.9198547],[3.2368242,48.918766],[3.2360937,48.9176916],[3.2340378,48.9129947]]}},{"type":"Feature","properties":{"sinuosity":0.7,"highway":"trunk_link"},"geometry":{"type":"LineString","coordinates":[[2.3294211,49.0663828],[2.3295384,49.0663471],[2.3296308,49.0662891],[2.3296562,49.0662578],[2.3296852,49.0661731],[2.3296068,49.0654866],[2.3296064,49.0651802],[2.3296297,49.0649554],[2.3297062,49.0644262],[2.3298114,49.0641011]]}},{"type":"Feature","properties":{"sinuosity":0.7,"highway":"motorway_link"},"geometry":{"type":"LineString","coordinates":[[2.3305514,49.0685766],[2.3301694,49.0677723],[2.3300062,49.0674339],[2.3299169,49.067287],[2.3297469,49.0670713],[2.3295426,49.0669234],[2.3294758,49.0668852],[2.3294126,49.0668625],[2.3293486,49.0668399]]}},{"type":"Feature","properties":{"sinuosity":0.716,"highway":"tertiary"},"geometry":{"type":"LineString","coordinates":[[1.7945193,48.4452238],[1.7946225,48.4450344],[1.7949194,48.4447262],[1.7956744,48.4442668],[1.7959906,48.4442636],[1.7966867,48.4441761],[1.7974516,48.4439715],[1.7983036,48.4436352],[1.7991028,48.4435857],[1.799574,48.4436379]]}},{"type":"Feature","properties":{"sinuosity":1,"highway":"tertiary"},"geometry":{"type":"LineString","coordinates":[[2.8266568,48.6294225],[2.8266206,48.6290567],[2.8266326,48.628764],[2.8266111,48.6285783],[2.8265668,48.6285256],[2.8264327,48.6284529],[2.8263375,48.6284321],[2.8257856,48.6284831],[2.8255972,48.6285039],[2.8248352,48.6285559]]}},{"type":"Feature","properties":{"sinuosity":0.712,"highway":"tertiary"},"geometry":{"type":"LineString","coordinates":[[2.2732001,49.0985743],[2.2734104,49.0983589],[2.2737339,49.0982135],[2.2744543,49.0975114],[2.2746177,49.0973222],[2.275067,49.0967172],[2.2752655,49.0964731],[2.2753031,49.0960866],[2.2751367,49.095623],[2.2750138,49.0953677]]}},{"type":"Feature","properties":{"sinuosity":0.7,"highway":"tertiary"},"geometry":{"type":"LineString","coordinates":[[2.0631359,48.957252],[2.0632235,48.9574563],[2.0632887,48.9578756],[2.0632318,48.9581352],[2.0630286,48.9589284],[2.0629689,48.9591104],[2.0628803,48.9594389],[2.0628091,48.9597347],[2.0628842,48.9598347],[2.0629749,48.9598941]]}},{"type":"Feature","properties":{"sinuosity":0.726,"highway":"secondary"},"geometry":{"type":"LineString","coordinates":[[2.4479215,48.7962439],[2.4479957,48.7964573],[2.4479958,48.7965546],[2.4480841,48.7967972],[2.448174,48.7970403],[2.4484394,48.7976087],[2.4485114,48.7978079],[2.448821,48.7984201],[2.4492476,48.7985709],[2.449585,48.7985858]]}},{"type":"Feature","properties":{"sinuosity":0.7,"highway":"secondary"},"geometry":{"type":"LineString","coordinates":[[2.3646472,48.8114518],[2.3645156,48.8114034],[2.3639784,48.8110099],[2.3633689,48.8105635],[2.3633153,48.8104954],[2.3632033,48.8104129],[2.3630761,48.8103137],[2.3628915,48.8101695],[2.362783,48.8100828]]}},{"type":"Feature","properties":{"sinuosity":0.7,"highway":"tertiary"},"geometry":{"type":"LineString","coordinates":[[2.7331417,48.3290031],[2.7346116,48.3295024],[2.7351314,48.3298266],[2.7359956,48.3303655],[2.7367573,48.3306723],[2.7378226,48.331015],[2.7378892,48.3310699]]}},{"type":"Feature","properties":{"sinuosity":0.7,"highway":"tertiary"},"geometry":{"type":"LineString","coordinates":[[1.7257074,49.0926835],[1.7252134,49.092101],[1.7250387,49.0919461],[1.7250291,49.0918491],[1.725529,49.0903452],[1.7255644,49.0902128],[1.7255618,49.0901181],[1.7256421,49.0899546],[1.7260623,49.0891342],[1.7263898,49.0886605]]}},{"type":"Feature","properties":{"sinuosity":0.7,"highway":"tertiary"},"geometry":{"type":"LineString","coordinates":[[2.8260744,48.5780591],[2.8257566,48.5780291],[2.8253429,48.5778129],[2.8248473,48.5778059],[2.8241285,48.5779478],[2.822782,48.5783134],[2.8221866,48.5784536],[2.8216604,48.5785085],[2.8209393,48.5786097],[2.8204136,48.5787233]]}},{"type":"Feature","properties":{"sinuosity":1,"highway":"tertiary"},"geometry":{"type":"LineString","coordinates":[[2.7916067,48.4579868],[2.7905853,48.4584479],[2.7902592,48.4585902],[2.7897442,48.45863],[2.7895039,48.4585219],[2.7890972,48.4581028],[2.7889395,48.4577015],[2.7887261,48.4573199],[2.7886552,48.4572442],[2.7884639,48.4571025]]}},{"type":"Feature","properties":{"sinuosity":0.858,"highway":"tertiary"},"geometry":{"type":"LineString","coordinates":[[2.9938912,48.4706496],[2.9919943,48.4706812],[2.9901831,48.4706342],[2.9879196,48.4706003],[2.9874467,48.4709116],[2.9872683,48.47118],[2.9863114,48.4726131],[2.9859301,48.4735322],[2.9857786,48.4741615],[2.9856218,48.4747964]]}},{"type":"Feature","properties":{"sinuosity":0.674,"highway":"primary"},"geometry":{"type":"LineString","coordinates":[[2.4570777,48.4364382],[2.457116,48.4366142],[2.4571286,48.43664],[2.4574054,48.4370286],[2.4574601,48.4372127],[2.4575275,48.4374748],[2.4576381,48.4377324],[2.4580569,48.4382174],[2.4583644,48.4385485],[2.4586456,48.438995]]}},{"type":"Feature","properties":{"sinuosity":1,"highway":"trunk_link"},"geometry":{"type":"LineString","coordinates":[[2.4562023,48.6159202],[2.456287,48.6157021],[2.4563211,48.615476],[2.4560838,48.6151954],[2.4557673,48.6150856],[2.4552358,48.6151428],[2.4549609,48.6153474],[2.4549519,48.6156464],[2.4559244,48.6165546],[2.4570702,48.6176797]]}},{"type":"Feature","properties":{"sinuosity":0.94,"highway":"tertiary"},"geometry":{"type":"LineString","coordinates":[[2.6024382,49.0643308],[2.6022567,49.0645104],[2.6018118,49.0648681],[2.6014793,49.0649826],[2.601039,49.0650245],[2.6005683,49.064894],[2.5999527,49.0644733],[2.599555,49.0641959],[2.5993474,49.064053],[2.5991515,49.0639412]]}},{"type":"Feature","properties":{"sinuosity":0.7,"highway":"tertiary"},"geometry":{"type":"LineString","coordinates":[[3.2632526,48.4762985],[3.2633968,48.4762193],[3.2635007,48.4759844],[3.2637619,48.4753027],[3.2639969,48.4748993],[3.2647359,48.4738135],[3.2651506,48.4731782],[3.2656699,48.472282],[3.2658416,48.4719383],[3.2659301,48.4718614]]}},{"type":"Feature","properties":{"sinuosity":0.7,"highway":"trunk_link"},"geometry":{"type":"LineString","coordinates":[[2.5970898,49.0129798],[2.5989458,49.0127939],[2.5994723,49.012525],[2.5996493,49.0123741],[2.6001237,49.0120304],[2.6004512,49.0119212],[2.6015319,49.0118924],[2.6019734,49.0118698],[2.6021699,49.0118328],[2.6022385,49.0118085]]}},{"type":"Feature","properties":{"sinuosity":1,"highway":"trunk_link"},"geometry":{"type":"LineString","coordinates":[[2.6022923,49.0120179],[2.6021315,49.0119448],[2.6015446,49.0119493],[2.6005767,49.0119982],[2.6002022,49.0121439],[2.6000991,49.0122887],[2.6001262,49.0125331],[2.6003314,49.0126975],[2.6006758,49.0127883],[2.6015469,49.0127823]]}},{"type":"Feature","properties":{"sinuosity":0.706,"highway":"trunk_link"},"geometry":{"type":"LineString","coordinates":[[2.6067379,49.0121029],[2.6057779,49.0124149],[2.6055196,49.0125304],[2.6053038,49.0126739],[2.6051397,49.0128453],[2.6050345,49.0130143],[2.6048034,49.0133859],[2.6044865,49.0135906],[2.6039302,49.0137053],[2.6031313,49.0138241]]}},{"type":"Feature","properties":{"sinuosity":1,"highway":"trunk_link"},"geometry":{"type":"LineString","coordinates":[[2.603074,49.0136459],[2.6033186,49.0136882],[2.6037701,49.0136612],[2.6042377,49.0135871],[2.6044828,49.01345],[2.6045879,49.0132605],[2.604571,49.0130924],[2.6043595,49.0128765],[2.6041303,49.012794],[2.6038027,49.0127735]]}},{"type":"Feature","properties":{"sinuosity":0.7,"highway":"trunk_link"},"geometry":{"type":"LineString","coordinates":[[2.4801787,49.0441399],[2.4800928,49.0441294],[2.4799987,49.0441313],[2.4794211,49.0442491],[2.4789315,49.0443756],[2.4784308,49.0445311],[2.4773387,49.0449536]]}},{"type":"Feature","properties":{"sinuosity":0.75,"highway":"trunk_link"},"geometry":{"type":"LineString","coordinates":[[1.9677826,48.8002785],[1.9676723,48.800307],[1.967621,48.8003049],[1.9664732,48.8002745],[1.9660718,48.8002976],[1.9658303,48.8003672],[1.9656803,48.8004776],[1.9654608,48.8007621],[1.9653433,48.800892],[1.9652613,48.8009129]]}},{"type":"Feature","properties":{"sinuosity":1,"highway":"tertiary"},"geometry":{"type":"LineString","coordinates":[[1.9588782,48.7826984],[1.9578249,48.7827996],[1.957485,48.7827203],[1.9573984,48.7826311],[1.9573645,48.7825678],[1.9573956,48.7823738],[1.9574827,48.7823099],[1.9575733,48.7822589],[1.9586429,48.7819178],[1.9587149,48.7818962]]}},{"type":"Feature","properties":{"sinuosity":0.737,"highway":"tertiary"},"geometry":{"type":"LineString","coordinates":[[1.9611471,48.7850462],[1.9612447,48.7849815],[1.9616008,48.7847505],[1.9617783,48.7846625],[1.9620128,48.7846078],[1.962853,48.7845574],[1.9630797,48.784518],[1.9632666,48.7844458],[1.9634526,48.7841847],[1.9634561,48.7840667]]}},{"type":"Feature","properties":{"sinuosity":0.904,"highway":"tertiary"},"geometry":{"type":"LineString","coordinates":[[3.3978677,48.3415378],[3.3994327,48.3421985],[3.4017336,48.3430766],[3.4025647,48.3429777],[3.4037283,48.3430185],[3.4045857,48.3432103],[3.4056793,48.3434139],[3.4064579,48.3441117],[3.4064229,48.3446873],[3.4054518,48.3464608]]}},{"type":"Feature","properties":{"sinuosity":0.728,"highway":"tertiary"},"geometry":{"type":"LineString","coordinates":[[2.4192224,48.161955],[2.4183149,48.1617455],[2.4177833,48.1616226],[2.4177571,48.1615375],[2.4177499,48.1614021],[2.4176941,48.1613017],[2.4175572,48.161268],[2.416804,48.1612835],[2.41645,48.1612165],[2.416038,48.1610676]]}},{"type":"Feature","properties":{"sinuosity":0.835,"highway":"tertiary"},"geometry":{"type":"LineString","coordinates":[[2.4407365,48.2585863],[2.44064,48.2586893],[2.4404304,48.2589555],[2.4403446,48.2594412],[2.4405592,48.2596912],[2.4407738,48.2597841],[2.4416643,48.2600555],[2.4425804,48.2603352],[2.4428337,48.2604126],[2.4440085,48.2607834]]}},{"type":"Feature","properties":{"sinuosity":0.7,"highway":"tertiary"},"geometry":{"type":"LineString","coordinates":[[1.8834677,48.8132977],[1.8834814,48.8136936],[1.883757,48.8144897],[1.8839903,48.8149282],[1.8843772,48.8154448],[1.8846843,48.8159804],[1.884803,48.8162511],[1.8850632,48.8166224],[1.8854132,48.8172635],[1.8857164,48.8179063]]}},{"type":"Feature","properties":{"sinuosity":0.7,"highway":"tertiary"},"geometry":{"type":"LineString","coordinates":[[2.0848488,49.244141],[2.0845071,49.2439405],[2.0817417,49.2424967],[2.0811877,49.2420531],[2.0804304,49.241331],[2.0803051,49.2412955],[2.0798069,49.2412892],[2.0796214,49.2412361],[2.0790322,49.2407593],[2.0789131,49.2407081]]}},{"type":"Feature","properties":{"sinuosity":0.706,"highway":"motorway_link"},"geometry":{"type":"LineString","coordinates":[[2.1993457,48.902505],[2.199516,48.9021779],[2.1995763,48.9020131],[2.19963,48.9017124],[2.1996796,48.9015114],[2.1998633,48.9011279],[2.1999217,48.9010098],[2.2001224,48.9007912],[2.200317,48.9006753],[2.2007305,48.9005794]]}},{"type":"Feature","properties":{"sinuosity":0.7,"highway":"secondary"},"geometry":{"type":"LineString","coordinates":[[2.4566145,48.2129268],[2.4566694,48.2128954],[2.4568169,48.2128336],[2.4568933,48.2128221],[2.4571137,48.2128246],[2.4572318,48.2128382],[2.4573736,48.2128369],[2.4574443,48.2128261],[2.4577769,48.2127173],[2.4591505,48.2122677]]}},{"type":"Feature","properties":{"sinuosity":0.7,"highway":"secondary"},"geometry":{"type":"LineString","coordinates":[[2.2743077,48.3585815],[2.2745742,48.3586825],[2.274714,48.3588441],[2.2748886,48.3591674],[2.2750796,48.3593699],[2.2752834,48.3595349],[2.2753323,48.3595745],[2.2757416,48.3597955],[2.2765618,48.3601067],[2.2767255,48.3601716]]}},{"type":"Feature","properties":{"sinuosity":0.836,"highway":"secondary"},"geometry":{"type":"LineString","coordinates":[[2.8072453,48.7107219],[2.8076372,48.7109556],[2.8082225,48.7113741],[2.8084244,48.7114808],[2.8087617,48.7114728],[2.8095534,48.7112454],[2.8100223,48.7111478],[2.8101856,48.7111978],[2.8103857,48.7113655],[2.8105725,48.711719]]}},{"type":"Feature","properties":{"sinuosity":0.709,"highway":"tertiary"},"geometry":{"type":"LineString","coordinates":[[2.3331122,49.0603652],[2.3332056,49.0602737],[2.3332172,49.0601526],[2.3331279,49.0600245],[2.3328599,49.0599036],[2.3326977,49.0597984],[2.3325645,49.05965],[2.3324288,49.0593318],[2.3323202,49.0588205],[2.3323262,49.0582864]]}},{"type":"Feature","properties":{"sinuosity":0.751,"highway":"secondary"},"geometry":{"type":"LineString","coordinates":[[2.031748,48.7444587],[2.0303883,48.7452194],[2.0302307,48.745261],[2.0300379,48.7452498],[2.0296778,48.7450514],[2.0292685,48.7449583],[2.0289089,48.7451521],[2.0281322,48.7456018],[2.0276014,48.7459163],[2.0272033,48.7461895]]}},{"type":"Feature","properties":{"sinuosity":0.643,"highway":"secondary"},"geometry":{"type":"LineString","coordinates":[[2.7543162,48.3723435],[2.7565658,48.3721215],[2.7572458,48.3719959],[2.7577317,48.3717532],[2.7581598,48.3712622],[2.7586341,48.3698447],[2.7590108,48.369406],[2.7603595,48.368946],[2.761186,48.3682916],[2.7613773,48.36709]]}},{"type":"Feature","properties":{"sinuosity":0.7,"highway":"motorway_link"},"geometry":{"type":"LineString","coordinates":[[2.9307774,48.4254299],[2.930886,48.4254593],[2.931063,48.4254567],[2.9315579,48.4253695],[2.9317524,48.4252965],[2.9319079,48.4252262],[2.9321026,48.4251197],[2.9338418,48.424095],[2.9341945,48.4238823],[2.9343259,48.4238815]]}},{"type":"Feature","properties":{"sinuosity":0.883,"highway":"secondary"},"geometry":{"type":"LineString","coordinates":[[2.4168956,48.6220053],[2.4171384,48.6220383],[2.4174798,48.6219923],[2.4179162,48.6218277],[2.4185774,48.6215758],[2.4188805,48.6213427],[2.41893,48.6211769],[2.4189153,48.6210634],[2.4188482,48.6209411],[2.4186763,48.6207237]]}},{"type":"Feature","properties":{"sinuosity":0.7,"highway":"motorway_link"},"geometry":{"type":"LineString","coordinates":[[2.3392263,48.677704],[2.3389989,48.677673],[2.3389666,48.6776718],[2.3387602,48.6776801],[2.3386355,48.677712],[2.337985,48.6779006],[2.3376699,48.6779883],[2.3371312,48.6781572],[2.3366871,48.6783177],[2.3365282,48.6783695]]}},{"type":"Feature","properties":{"sinuosity":0.7,"highway":"secondary"},"geometry":{"type":"LineString","coordinates":[[2.0218746,49.1425754],[2.0220337,49.1425958],[2.0222765,49.1426241],[2.0223446,49.1426193],[2.022996,49.1424965],[2.0231083,49.1424524],[2.0234947,49.142163],[2.0235668,49.1421318],[2.0241786,49.1420938],[2.0246039,49.1420426]]}},{"type":"Feature","properties":{"sinuosity":0.725,"highway":"trunk_link"},"geometry":{"type":"LineString","coordinates":[[2.6208895,48.8492752],[2.6208283,48.8491843],[2.6207433,48.8489655],[2.6206567,48.8488886],[2.6195276,48.8488518],[2.6193584,48.8488574],[2.6176533,48.8488659],[2.6174858,48.8488669],[2.6165138,48.8488826],[2.6162984,48.8488476]]}},{"type":"Feature","properties":{"sinuosity":1,"highway":"tertiary"},"geometry":{"type":"LineString","coordinates":[[3.173535,48.9944742],[3.1737052,48.9945802],[3.1740225,48.9948982],[3.1744823,48.9954086],[3.174546,48.995508],[3.174469,48.995688],[3.17435,48.995738],[3.1741815,48.9957559],[3.1730343,48.9957248],[3.1727702,48.9956485]]}},{"type":"Feature","properties":{"sinuosity":0.713,"highway":"tertiary"},"geometry":{"type":"LineString","coordinates":[[3.14453,48.9667994],[3.1444374,48.966731],[3.1439418,48.9662704],[3.1432732,48.9660091],[3.1430261,48.9659408],[3.1428477,48.9658456],[3.1423908,48.9653101],[3.1423208,48.9650725],[3.1423242,48.964727],[3.1422869,48.9645815]]}},{"type":"Feature","properties":{"sinuosity":0.692,"highway":"secondary"},"geometry":{"type":"LineString","coordinates":[[2.9941691,48.2153899],[2.9941895,48.2155433],[2.9940761,48.2159401],[2.9937074,48.216444],[2.9923388,48.2181561]]}},{"type":"Feature","properties":{"sinuosity":0.7,"highway":"tertiary"},"geometry":{"type":"LineString","coordinates":[[3.1063629,48.2466541],[3.1067813,48.2470327],[3.1073178,48.2472256],[3.1078006,48.2474686],[3.1080366,48.2481258],[3.1086589,48.2487188],[3.1100628,48.2496576],[3.1109441,48.2502048],[3.1113971,48.250621],[3.1118101,48.2509828]]}},{"type":"Feature","properties":{"sinuosity":0.728,"highway":"secondary"},"geometry":{"type":"LineString","coordinates":[[3.0216381,48.25399],[3.0206112,48.2541773],[3.0204523,48.2542008],[3.0203432,48.2542197],[3.0192589,48.2544173],[3.0185357,48.2547872],[3.018321,48.254957],[3.0177055,48.2560537]]}},{"type":"Feature","properties":{"sinuosity":0.7,"highway":"secondary"},"geometry":{"type":"LineString","coordinates":[[3.0089332,48.2651911],[3.0077896,48.2659766],[3.0075959,48.2661162],[3.0073767,48.266207],[3.0070411,48.266241],[3.005809,48.2663443]]}},{"type":"Feature","properties":{"sinuosity":0.795,"highway":"tertiary"},"geometry":{"type":"LineString","coordinates":[[1.7691878,49.2513159],[1.7702676,49.2526787],[1.7722345,49.2544069],[1.7723521,49.2544492],[1.7745456,49.2548437],[1.7749116,49.2552054],[1.7753911,49.2565062],[1.7754096,49.2568047],[1.7751381,49.2580444],[1.7745372,49.2582557]]}},{"type":"Feature","properties":{"sinuosity":0.805,"highway":"tertiary"},"geometry":{"type":"LineString","coordinates":[[1.7745372,49.2582557],[1.7733644,49.2583556],[1.7729561,49.2585284],[1.7729531,49.2586484],[1.7752295,49.2600792],[1.775427,49.2621348],[1.7755993,49.2633517],[1.7756729,49.263576],[1.776665,49.2650696],[1.7771078,49.2663774]]}},{"type":"Feature","properties":{"sinuosity":0.733,"highway":"tertiary"},"geometry":{"type":"LineString","coordinates":[[2.517089,48.6347099],[2.5181383,48.6351305],[2.5183448,48.6351509],[2.5188604,48.6350337],[2.5200304,48.6347007],[2.5207937,48.6344835],[2.5211113,48.6344517],[2.5212832,48.6344791],[2.5225577,48.6347839],[2.5227628,48.6349099]]}},{"type":"Feature","properties":{"sinuosity":0.7,"highway":"tertiary"},"geometry":{"type":"LineString","coordinates":[[3.0399482,48.1826355],[3.0398732,48.1824946],[3.0398606,48.1823695],[3.0399248,48.1823019],[3.0409716,48.1810086],[3.0419778,48.179735]]}},{"type":"Feature","properties":{"sinuosity":0.767,"highway":"tertiary"},"geometry":{"type":"LineString","coordinates":[[2.1528228,48.7652504],[2.1509174,48.7652197],[2.15017,48.7653806],[2.1499344,48.7653687],[2.1497315,48.7652937],[2.149521,48.7650823],[2.1493218,48.7647819],[2.1490395,48.7644946],[2.1482402,48.7639041],[2.1476555,48.7636085]]}},{"type":"Feature","properties":{"sinuosity":0.7,"highway":"tertiary"},"geometry":{"type":"LineString","coordinates":[[1.6782462,48.5679005],[1.6797398,48.5679847],[1.6820067,48.5678995],[1.6831147,48.5674925],[1.6847665,48.5671582],[1.6857001,48.5672256],[1.6874577,48.5667115],[1.6882353,48.5669396],[1.6891275,48.5667885],[1.6911982,48.5659152]]}},{"type":"Feature","properties":{"sinuosity":0.7,"highway":"tertiary"},"geometry":{"type":"LineString","coordinates":[[1.6911982,48.5659152],[1.6920565,48.5655176],[1.6926178,48.565597],[1.6934834,48.5655851],[1.6949211,48.5652691],[1.6956394,48.5649921],[1.6969166,48.5645378],[1.6985045,48.5639982],[1.6994594,48.5634444],[1.6999958,48.5634018]]}},{"type":"Feature","properties":{"sinuosity":0.7,"highway":"tertiary"},"geometry":{"type":"LineString","coordinates":[[2.3244917,49.0250269],[2.3232688,49.0252849],[2.3229156,49.0253034],[2.3224669,49.0252954],[2.3219709,49.025245],[2.3215056,49.0251879],[2.3213829,49.0251432],[2.3212368,49.0251363],[2.3211099,49.0250819],[2.3198135,49.0249215]]}},{"type":"Feature","properties":{"sinuosity":0.709,"highway":"motorway_link"},"geometry":{"type":"LineString","coordinates":[[2.0972705,49.2434144],[2.0966177,49.2447141],[2.0966177,49.2450608],[2.0966927,49.2452525],[2.0967989,49.2453381],[2.0969738,49.245436]]}},{"type":"Feature","properties":{"sinuosity":0.7,"highway":"secondary"},"geometry":{"type":"LineString","coordinates":[[2.1292374,48.828477],[2.1291746,48.8282561],[2.1287663,48.8276005],[2.1286663,48.8273688],[2.1284807,48.8268261],[2.1283206,48.8262942],[2.1282776,48.8261168],[2.128248,48.8259603],[2.128112,48.8255774],[2.1281141,48.8253939]]}},{"type":"Feature","properties":{"sinuosity":0.7,"highway":"primary"},"geometry":{"type":"LineString","coordinates":[[2.2347145,48.910424],[2.234608,48.9105046],[2.2342054,48.9107956],[2.2339454,48.9109859],[2.233711,48.9111485],[2.2335693,48.9112419],[2.2334757,48.9112749],[2.233395,48.9113217],[2.2333406,48.9113609],[2.2328149,48.9117399]]}},{"type":"Feature","properties":{"sinuosity":0.7,"highway":"tertiary"},"geometry":{"type":"LineString","coordinates":[[3.1470383,48.9159467],[3.1484837,48.9160639],[3.1488731,48.9160238],[3.1491371,48.9159759],[3.1496206,48.9159395],[3.1507651,48.9160797],[3.1527325,48.9161935],[3.1528605,48.916166],[3.1530165,48.9160743],[3.1530684,48.9159395]]}},{"type":"Feature","properties":{"sinuosity":0.711,"highway":"primary"},"geometry":{"type":"LineString","coordinates":[[2.4639446,49.0989383],[2.4651311,49.0986733],[2.4656452,49.0985576],[2.4658275,49.0985322],[2.4658882,49.0985066],[2.4659507,49.0984473],[2.4661148,49.0981381],[2.4661433,49.0981044],[2.4661795,49.0980723]]}},{"type":"Feature","properties":{"sinuosity":0.7,"highway":"primary"},"geometry":{"type":"LineString","coordinates":[[1.9574791,48.8297646],[1.957423,48.8297209],[1.9572535,48.8295033],[1.9567506,48.8289056],[1.9564342,48.8285196],[1.9562869,48.8283743],[1.9560942,48.8281933],[1.9560235,48.828152]]}},{"type":"Feature","properties":{"sinuosity":0.717,"highway":"tertiary"},"geometry":{"type":"LineString","coordinates":[[3.2007878,48.9024073],[3.2007888,48.9023782],[3.2008037,48.9023387],[3.2008436,48.9023048],[3.2013624,48.90201],[3.2032739,48.9009033],[3.2034027,48.9008576],[3.2036045,48.9008256],[3.2054698,48.9009011]]}},{"type":"Feature","properties":{"sinuosity":0.745,"highway":"tertiary"},"geometry":{"type":"LineString","coordinates":[[3.4483958,48.3613546],[3.4485215,48.3614451],[3.4486872,48.3615101],[3.4489345,48.3616399],[3.4491855,48.3617466],[3.4495949,48.3618123],[3.4498503,48.3617948],[3.4500777,48.3617599],[3.450508,48.3616352],[3.4510759,48.3614805]]}},{"type":"Feature","properties":{"sinuosity":0.762,"highway":"tertiary"},"geometry":{"type":"LineString","coordinates":[[3.4173775,48.355934],[3.4202482,48.3555343],[3.4206036,48.3555706],[3.4207015,48.3556125],[3.420795,48.3556524],[3.4210957,48.3560157],[3.4212734,48.3561792],[3.4216288,48.3562973]]}},{"type":"Feature","properties":{"sinuosity":0.7,"highway":"secondary"},"geometry":{"type":"LineString","coordinates":[[3.5210017,48.6149991],[3.518834,48.6157579],[3.5183192,48.6159415],[3.5176979,48.6160127],[3.5165477,48.6161421],[3.5161734,48.6162278],[3.5159962,48.6163775],[3.5157985,48.6164331],[3.5152359,48.6165523],[3.5142359,48.6167551]]}},{"type":"Feature","properties":{"sinuosity":0.682,"highway":"tertiary"},"geometry":{"type":"LineString","coordinates":[[2.1432767,48.8811762],[2.1428498,48.8812736],[2.1417049,48.8815637],[2.1414495,48.8816328],[2.1407738,48.8818107],[2.1401274,48.8819887],[2.1398762,48.8820538],[2.1389092,48.8823175],[2.1382983,48.882454],[2.1381852,48.8824213]]}},{"type":"Feature","properties":{"sinuosity":0.7,"highway":"tertiary"},"geometry":{"type":"LineString","coordinates":[[2.1567348,48.7010712],[2.1567544,48.7011787],[2.1568418,48.7014293],[2.1568842,48.7015508],[2.1570624,48.7018643],[2.1572414,48.7021455],[2.1572557,48.7021899],[2.1572126,48.7023359],[2.1569595,48.7027677],[2.156923,48.7028157]]}},{"type":"Feature","properties":{"sinuosity":0.741,"highway":"tertiary"},"geometry":{"type":"LineString","coordinates":[[2.7983142,48.6771616],[2.7966293,48.6771734],[2.796022,48.6773857],[2.7958827,48.6775848],[2.7949773,48.6787877],[2.7948071,48.6787812],[2.7942955,48.678624],[2.7941423,48.678602],[2.7935372,48.6786541],[2.789886,48.6798441]]}},{"type":"Feature","properties":{"sinuosity":0.7,"highway":"tertiary"},"geometry":{"type":"LineString","coordinates":[[2.7682779,48.4235441],[2.7681939,48.4235574],[2.7681406,48.423584],[2.7681201,48.4236125],[2.7674025,48.4246086],[2.7673441,48.4246887],[2.7670425,48.4251022],[2.7669504,48.4252363]]}},{"type":"Feature","properties":{"sinuosity":0.859,"highway":"tertiary"},"geometry":{"type":"LineString","coordinates":[[1.4968215,49.1270304],[1.4970361,49.1266459],[1.4975423,49.126044],[1.4977485,49.1256864],[1.4983443,49.1254038],[1.4989575,49.1252659],[1.4991159,49.1248794],[1.4989671,49.1246608],[1.4981599,49.1240285],[1.4981971,49.123923]]}},{"type":"Feature","properties":{"sinuosity":0.7,"highway":"tertiary"},"geometry":{"type":"LineString","coordinates":[[2.7913964,48.8290033],[2.7912343,48.8280342],[2.7911733,48.8276577],[2.7911519,48.8275376],[2.7910768,48.8274388],[2.7907647,48.8271768],[2.7906816,48.8270832],[2.790644,48.8269666],[2.7907473,48.8265623]]}},{"type":"Feature","properties":{"sinuosity":1,"highway":"tertiary"},"geometry":{"type":"LineString","coordinates":[[2.0069465,48.9925041],[2.007828,48.9920514],[2.0080161,48.9917967],[2.0080207,48.9916192],[2.0077822,48.9913482],[2.0072365,48.9912618],[2.0066967,48.9914183],[2.0062255,48.9915654],[2.0058471,48.9915639],[2.0055435,48.9914175]]}},{"type":"Feature","properties":{"sinuosity":0.7,"highway":"secondary"},"geometry":{"type":"LineString","coordinates":[[2.5831592,48.5283736],[2.5841432,48.5277098],[2.5848359,48.5274228],[2.5852315,48.5272879],[2.5860743,48.5272096]]}},{"type":"Feature","properties":{"sinuosity":0.704,"highway":"tertiary"},"geometry":{"type":"LineString","coordinates":[[1.653203,49.0363271],[1.6531768,49.0362722],[1.6531688,49.0362151],[1.6532048,49.0360109],[1.653606,49.0354519],[1.6537803,49.0352005],[1.6540861,49.0348031],[1.6541568,49.03465],[1.6541585,49.034578],[1.653951,49.0343704]]}},{"type":"Feature","properties":{"sinuosity":0.676,"highway":"tertiary"},"geometry":{"type":"LineString","coordinates":[[2.5232012,48.6349544],[2.5238557,48.6347735],[2.5240191,48.6347258],[2.5241662,48.634678],[2.5242807,48.6346383],[2.526624,48.6336429],[2.5267658,48.6336036],[2.526968,48.6335863],[2.5272513,48.6335987],[2.527623,48.6336956]]}},{"type":"Feature","properties":{"sinuosity":0.709,"highway":"trunk_link"},"geometry":{"type":"LineString","coordinates":[[2.3907574,48.6220688],[2.3907768,48.622158],[2.3907278,48.6223921],[2.3907203,48.6225508],[2.3907866,48.622822],[2.3908526,48.6229716],[2.3910899,48.6232696],[2.3912816,48.6234201],[2.3918473,48.6237096],[2.3919189,48.6237894]]}},{"type":"Feature","properties":{"sinuosity":0.7,"highway":"secondary"},"geometry":{"type":"LineString","coordinates":[[1.9055095,48.3338557],[1.9056714,48.3338514],[1.9059863,48.3337829],[1.9064171,48.3335692],[1.9077867,48.332676],[1.9082195,48.3323884],[1.9085746,48.3320301]]}},{"type":"Feature","properties":{"sinuosity":0.7,"highway":"tertiary"},"geometry":{"type":"LineString","coordinates":[[1.6472931,49.0427732],[1.6487923,49.0432491],[1.6488404,49.0432618],[1.6489524,49.0432715],[1.6490449,49.0433005],[1.6491495,49.0433429],[1.6492058,49.0434025],[1.6493087,49.043446],[1.6496607,49.0435906],[1.6502845,49.043844]]}},{"type":"Feature","properties":{"sinuosity":0.7,"highway":"tertiary"},"geometry":{"type":"LineString","coordinates":[[2.8992833,48.9512245],[2.899315,48.9513084],[2.8993837,48.9515111],[2.8996933,48.9523716],[2.8997816,48.9526068],[2.8998518,48.9528175],[2.8998751,48.9528349],[2.9000728,48.9532881],[2.900286,48.9536686],[2.9004042,48.9538226]]}},{"type":"Feature","properties":{"sinuosity":0.753,"highway":"tertiary"},"geometry":{"type":"LineString","coordinates":[[1.676264,49.1667714],[1.6765463,49.1671101],[1.6767897,49.1673275],[1.6770062,49.1674957],[1.6774639,49.1676635],[1.6777591,49.1679185],[1.6778248,49.1681629],[1.6773047,49.1691262],[1.6772028,49.1698625],[1.6771393,49.1703819]]}},{"type":"Feature","properties":{"sinuosity":0.909,"highway":"tertiary"},"geometry":{"type":"LineString","coordinates":[[3.1255978,49.073946],[3.1258232,49.0738614],[3.1262104,49.0737983],[3.1266578,49.0738175],[3.1274698,49.0740824],[3.1290446,49.0748271],[3.1294494,49.0744746],[3.1300039,49.0742212],[3.130421,49.0738946],[3.1314812,49.0728826]]}},{"type":"Feature","properties":{"sinuosity":0.757,"highway":"tertiary"},"geometry":{"type":"LineString","coordinates":[[3.0781241,49.0872473],[3.0786227,49.0877258],[3.0788921,49.0879329],[3.0795593,49.0883128],[3.0796918,49.0883938],[3.0802978,49.0888286],[3.0803325,49.0889519],[3.080298,49.0890402],[3.0800424,49.0892793],[3.079971,49.0894097]]}},{"type":"Feature","properties":{"sinuosity":0.7,"highway":"tertiary"},"geometry":{"type":"LineString","coordinates":[[2.7843437,49.0080013],[2.7840206,49.0081555],[2.7839734,49.0081743],[2.7838867,49.0082992],[2.7837856,49.0083275],[2.7837289,49.0083477],[2.7833489,49.0085675],[2.7829631,49.0091801],[2.7828528,49.0094333],[2.78279,49.0095813]]}},{"type":"Feature","properties":{"sinuosity":0.7,"highway":"primary"},"geometry":{"type":"LineString","coordinates":[[3.5493229,48.5867442],[3.5495038,48.5867579],[3.5503934,48.5868238],[3.5514017,48.5868985],[3.5517612,48.5869211],[3.55239,48.5869378],[3.5524969,48.5869216],[3.5525817,48.5868933],[3.5530755,48.5865969],[3.553178,48.5865368]]}},{"type":"Feature","properties":{"sinuosity":0.742,"highway":"secondary"},"geometry":{"type":"LineString","coordinates":[[2.488237,49.0104812],[2.4879715,49.0101311],[2.4872893,49.0090485],[2.4870094,49.0084377],[2.4869174,49.0082186],[2.4864978,49.0073181],[2.4862688,49.0068231],[2.4857587,49.0057009],[2.4860766,49.0054526],[2.4868149,49.005177]]}},{"type":"Feature","properties":{"sinuosity":0.734,"highway":"secondary"},"geometry":{"type":"LineString","coordinates":[[2.509374,49.000315],[2.5092517,49.0006508],[2.5089316,49.0015298],[2.5088758,49.0016108],[2.5087771,49.0016792],[2.5085973,49.001719],[2.5084031,49.0017432],[2.5081239,49.0018218],[2.5079402,49.0019099]]}},{"type":"Feature","properties":{"sinuosity":1,"highway":"tertiary"},"geometry":{"type":"LineString","coordinates":[[3.2686821,48.9376281],[3.2678076,48.936805],[3.2676655,48.936676],[3.2675247,48.9365381],[3.2675468,48.9363857],[3.2676038,48.9363496],[3.2682589,48.9361808],[3.2689375,48.9360522],[3.2692547,48.9359672],[3.2698657,48.9357494]]}},{"type":"Feature","properties":{"sinuosity":0.7,"highway":"motorway_link"},"geometry":{"type":"LineString","coordinates":[[2.6684774,48.8665012],[2.668998,48.865744],[2.6690501,48.865627],[2.669089,48.8655052],[2.6691145,48.8653905],[2.6691078,48.8651268],[2.6690783,48.8650209],[2.6689683,48.8647421],[2.6688775,48.8645026],[2.6688916,48.8643854]]}},{"type":"Feature","properties":{"sinuosity":0.718,"highway":"tertiary"},"geometry":{"type":"LineString","coordinates":[[3.5734306,48.5695899],[3.5736503,48.5696245],[3.5740139,48.5697679],[3.5744142,48.5700376],[3.574611,48.5703872],[3.5746495,48.570485],[3.574815,48.5707776],[3.5748769,48.5710801],[3.5748942,48.5712678],[3.5749078,48.5714154]]}},{"type":"Feature","properties":{"sinuosity":1,"highway":"trunk_link"},"geometry":{"type":"LineString","coordinates":[[2.3310762,49.0645323],[2.3318443,49.0645855],[2.3320812,49.0645661],[2.3322245,49.0645182],[2.3323851,49.0644055],[2.3324622,49.0642245],[2.3324048,49.0640671],[2.3323193,49.0639893],[2.3320524,49.0638763],[2.3312368,49.0637126]]}},{"type":"Feature","properties":{"sinuosity":0.783,"highway":"tertiary"},"geometry":{"type":"LineString","coordinates":[[1.7410207,48.5851993],[1.7411815,48.5849542],[1.7412029,48.5848619],[1.7410956,48.5845957],[1.7408486,48.58444],[1.7398307,48.5839461],[1.7397403,48.5838518],[1.7396338,48.5834983],[1.7396577,48.5833589],[1.7398343,48.5828985]]}},{"type":"Feature","properties":{"sinuosity":0.7,"highway":"primary"},"geometry":{"type":"LineString","coordinates":[[2.0258486,48.8540354],[2.025859,48.8541699],[2.0259594,48.8543567],[2.0260636,48.8544672],[2.026192,48.8545499],[2.0265071,48.8547126],[2.0268663,48.8549261],[2.0273033,48.8552517],[2.0275838,48.8554962],[2.0276856,48.8556289]]}},{"type":"Feature","properties":{"sinuosity":0.7,"highway":"tertiary"},"geometry":{"type":"LineString","coordinates":[[2.5433461,48.2013274],[2.5435229,48.2013757],[2.5437208,48.2014059],[2.5442536,48.2015643],[2.5445969,48.2018647],[2.5449723,48.202245],[2.5452389,48.2024034],[2.5455267,48.2024958]]}},{"type":"Feature","properties":{"sinuosity":0.7,"highway":"secondary"},"geometry":{"type":"LineString","coordinates":[[1.675904,48.837048],[1.6754646,48.8367348],[1.6754329,48.8367174],[1.6753522,48.8366731],[1.6752283,48.8366079],[1.6745601,48.836318],[1.674268,48.8362676],[1.6739124,48.8362665],[1.6737695,48.8362658],[1.6734838,48.8362643]]}},{"type":"Feature","properties":{"sinuosity":0.876,"highway":"tertiary"},"geometry":{"type":"LineString","coordinates":[[1.6415615,48.8601161],[1.6416052,48.8598865],[1.6416437,48.859684],[1.641796,48.8592147],[1.6418513,48.8590891],[1.6420812,48.858847],[1.6424613,48.8587319],[1.643236,48.8588099],[1.6433668,48.8588184],[1.6436344,48.8588019]]}},{"type":"Feature","properties":{"sinuosity":0.7,"highway":"tertiary"},"geometry":{"type":"LineString","coordinates":[[2.2071715,48.9772939],[2.2089335,48.977494],[2.2108312,48.9778173],[2.2119594,48.9779967],[2.2125988,48.9777687],[2.213456,48.9779359],[2.2140454,48.9779226],[2.2150029,48.977808],[2.2159879,48.9776711],[2.2165173,48.9774608]]}},{"type":"Feature","properties":{"sinuosity":0.721,"highway":"secondary"},"geometry":{"type":"LineString","coordinates":[[2.1726686,48.7693722],[2.17282,48.7696004],[2.1738298,48.7711225],[2.1738496,48.771161],[2.1739102,48.7712794],[2.1738868,48.7714214],[2.1738158,48.7715214],[2.1737132,48.7715987],[2.1736454,48.7716301],[2.1735425,48.7716675]]}},{"type":"Feature","properties":{"sinuosity":0.782,"highway":"tertiary"},"geometry":{"type":"LineString","coordinates":[[1.9576799,48.803005],[1.9576141,48.8028578],[1.9576334,48.8023646],[1.9577126,48.8022339],[1.9579473,48.8020563],[1.9580692,48.8020083],[1.9587238,48.8018241],[1.95926,48.8017133],[1.9598311,48.8015495],[1.9602831,48.8014188]]}},{"type":"Feature","properties":{"sinuosity":1,"highway":"trunk_link"},"geometry":{"type":"LineString","coordinates":[[2.1894129,48.6859658],[2.1893421,48.684503],[2.1893263,48.6841768],[2.1892056,48.683936],[2.1890259,48.6838864],[2.1888247,48.6839112],[2.1887038,48.6839947],[2.188704,48.6842211],[2.1888784,48.6843504],[2.1893421,48.684503]]}},{"type":"Feature","properties":{"sinuosity":1,"highway":"trunk_link"},"geometry":{"type":"LineString","coordinates":[[2.1933409,48.6756543],[2.1935153,48.6742875],[2.1935712,48.673767],[2.1935967,48.6727367],[2.1933431,48.6725021],[2.1931088,48.6724083],[2.1927574,48.6723892],[2.1923041,48.6725402],[2.1921121,48.6727304],[2.19192,48.6733303]]}},{"type":"Feature","properties":{"sinuosity":0.843,"highway":"secondary"},"geometry":{"type":"LineString","coordinates":[[2.4188463,48.6206681],[2.4189502,48.6207836],[2.4190356,48.6208764],[2.4191284,48.6210331],[2.4191458,48.6211913],[2.4191228,48.6212933],[2.4189786,48.621488],[2.41871,48.62162],[2.4179521,48.6219088],[2.4176292,48.6220417]]}},{"type":"Feature","properties":{"sinuosity":0.766,"highway":"secondary"},"geometry":{"type":"LineString","coordinates":[[2.7502486,48.5165635],[2.7501479,48.5168416],[2.7501057,48.5170315],[2.7502633,48.5186932],[2.7503917,48.5201412],[2.7503875,48.5203575],[2.7503017,48.5204474],[2.7491798,48.5207078],[2.7489481,48.5207757],[2.7488686,48.5208323]]}},{"type":"Feature","properties":{"sinuosity":0.7,"highway":"secondary"},"geometry":{"type":"LineString","coordinates":[[2.2135949,49.1128271],[2.2136921,49.1127999],[2.2149307,49.1125001],[2.2157329,49.1123369],[2.2160995,49.1123456],[2.216162,49.1123359],[2.2163308,49.1122556],[2.2163911,49.1122363],[2.2171493,49.1121725],[2.2172609,49.1121641]]}},{"type":"Feature","properties":{"sinuosity":0.7,"highway":"tertiary"},"geometry":{"type":"LineString","coordinates":[[2.916489,48.7857176],[2.9163876,48.7855515],[2.9160603,48.784993],[2.9160593,48.7848145],[2.91641,48.7839438],[2.9165152,48.783737]]}},{"type":"Feature","properties":{"sinuosity":0.826,"highway":"secondary"},"geometry":{"type":"LineString","coordinates":[[2.2047846,49.1126244],[2.2049633,49.1128552],[2.2054678,49.1132599],[2.2055212,49.1132812],[2.2056578,49.1133023],[2.2059852,49.1132798],[2.206247,49.1132388],[2.206659,49.113147],[2.2072046,49.1130288],[2.207259,49.113018]]}},{"type":"Feature","properties":{"sinuosity":0.7,"highway":"trunk_link"},"geometry":{"type":"LineString","coordinates":[[2.6261355,48.8154205],[2.6260457,48.8154254],[2.6258299,48.8153157],[2.6256465,48.8152963],[2.625452,48.8153195],[2.6247075,48.8155185],[2.6243725,48.8156305],[2.6239407,48.8157584],[2.6225868,48.8162405],[2.6224412,48.8162233]]}},{"type":"Feature","properties":{"sinuosity":0.7,"highway":"primary"},"geometry":{"type":"LineString","coordinates":[[2.4099905,48.7453065],[2.4098772,48.7451219],[2.4094892,48.7445638],[2.4091632,48.7442304],[2.4088278,48.7438806],[2.4085785,48.7435036],[2.4084554,48.7432046],[2.4083564,48.7426899],[2.4083895,48.7424295],[2.4084962,48.7422492]]}},{"type":"Feature","properties":{"sinuosity":0.726,"highway":"tertiary"},"geometry":{"type":"LineString","coordinates":[[1.7957283,49.0910678],[1.796209,49.0908192],[1.796807,49.0905585],[1.7994302,49.0893943],[1.7999044,49.0892642],[1.8008121,49.0891846],[1.8018016,49.0894308],[1.8021656,49.0895287],[1.8032036,49.0896901],[1.8038176,49.08944]]}},{"type":"Feature","properties":{"sinuosity":0.818,"highway":"tertiary"},"geometry":{"type":"LineString","coordinates":[[3.4645891,48.6790084],[3.4643071,48.6791116],[3.4636763,48.6794322],[3.463448,48.6794188],[3.4628099,48.6790523],[3.4627066,48.6788772],[3.4625616,48.6787426],[3.461396,48.6782403],[3.4611231,48.6781212],[3.4609553,48.6780921]]}},{"type":"Feature","properties":{"sinuosity":0.74,"highway":"tertiary"},"geometry":{"type":"LineString","coordinates":[[3.5117425,48.6510357],[3.5112416,48.6510015],[3.5103425,48.6510292],[3.5095122,48.6502231],[3.5093458,48.6500584],[3.509257,48.6499732],[3.509099,48.6496765],[3.5088953,48.6491946],[3.5083734,48.6486399],[3.5078016,48.647994]]}},{"type":"Feature","properties":{"sinuosity":0.7,"highway":"tertiary"},"geometry":{"type":"LineString","coordinates":[[2.263893,49.0489096],[2.2637489,49.0487208],[2.2637145,49.0486027],[2.2637231,49.0484227],[2.2637574,49.0482314],[2.263972,49.0478826],[2.2640321,49.0477138],[2.2640187,49.0475325],[2.2639258,49.0472235],[2.2637632,49.0468071]]}},{"type":"Feature","properties":{"sinuosity":0.7,"highway":"secondary"},"geometry":{"type":"LineString","coordinates":[[2.2188659,48.8461815],[2.2187521,48.8465402],[2.2186712,48.8468589],[2.218699,48.8472743],[2.2187723,48.8477079],[2.218819,48.8483066],[2.2188026,48.8484926],[2.2187256,48.8486378],[2.2185948,48.8488226],[2.2182409,48.8491261]]}},{"type":"Feature","properties":{"sinuosity":0.7,"highway":"secondary"},"geometry":{"type":"LineString","coordinates":[[2.4854981,48.8525575],[2.4853232,48.8525182],[2.4851166,48.8524904],[2.4848798,48.8524933],[2.4841689,48.8525022],[2.484004,48.8525042],[2.4823843,48.852536],[2.4823327,48.8525491],[2.482238,48.8525733],[2.4820906,48.8526329]]}},{"type":"Feature","properties":{"sinuosity":0.7,"highway":"tertiary"},"geometry":{"type":"LineString","coordinates":[[3.0004923,48.9990395],[3.00081,48.9989295],[3.0009782,48.9989123],[3.0011362,48.9989088],[3.0012922,48.9989346],[3.0014451,48.9989676],[3.0018632,48.9991128],[3.0030688,48.9995133]]}},{"type":"Feature","properties":{"sinuosity":0.7,"highway":"primary"},"geometry":{"type":"LineString","coordinates":[[2.0130582,48.4986385],[2.0129114,48.4984327],[2.0127089,48.4982585],[2.0124522,48.4981173],[2.0119219,48.4978417],[2.0108274,48.4973473]]}},{"type":"Feature","properties":{"sinuosity":0.7,"highway":"trunk_link"},"geometry":{"type":"LineString","coordinates":[[2.162949,48.7298151],[2.1632231,48.7297166],[2.1633674,48.7296783],[2.1636486,48.72958],[2.1639142,48.7294545],[2.1639993,48.7294012],[2.164192,48.7292563],[2.1644027,48.7290544],[2.1644905,48.7289622],[2.1648057,48.7285721]]}},{"type":"Feature","properties":{"sinuosity":0.672,"highway":"tertiary"},"geometry":{"type":"LineString","coordinates":[[3.2481819,48.8774992],[3.2485738,48.8772873],[3.2497058,48.8764327],[3.2498528,48.8762583],[3.2499496,48.875701],[3.2502054,48.8750676],[3.2507084,48.8743673],[3.2509133,48.8741533],[3.2513471,48.8739441],[3.2515206,48.873841]]}},{"type":"Feature","properties":{"sinuosity":0.953,"highway":"tertiary"},"geometry":{"type":"LineString","coordinates":[[2.1284621,48.7595358],[2.1278501,48.7595908],[2.1271239,48.7596585],[2.1268631,48.7596781],[2.1248861,48.7598634],[2.1248131,48.7599515],[2.1248543,48.7601527],[2.1251896,48.7603975],[2.125222,48.7605868],[2.1251568,48.760663]]}},{"type":"Feature","properties":{"sinuosity":0.834,"highway":"tertiary"},"geometry":{"type":"LineString","coordinates":[[3.154363,49.0630975],[3.1529699,49.0639945],[3.1522602,49.0645175],[3.150388,49.0659199],[3.1490703,49.0665331],[3.1487626,49.0665736],[3.1482697,49.0664865],[3.1474751,49.0659234],[3.1466597,49.0655579],[3.1458329,49.0656352]]}},{"type":"Feature","properties":{"sinuosity":0.905,"highway":"trunk_link"},"geometry":{"type":"LineString","coordinates":[[2.6527772,48.9425957],[2.6531701,48.9425869],[2.6539761,48.942615],[2.6542834,48.9425668],[2.6544907,48.9424824],[2.6546459,48.9423692],[2.6547446,48.9422367],[2.6547915,48.9420651],[2.6547643,48.9418384],[2.6547418,48.9415836]]}},{"type":"Feature","properties":{"sinuosity":1,"highway":"trunk_link"},"geometry":{"type":"LineString","coordinates":[[2.658757,48.9432015],[2.6575059,48.9431629],[2.6571792,48.9431604],[2.6568568,48.9432413],[2.6567095,48.9433521],[2.6566481,48.9434952],[2.6566562,48.9435957],[2.6567565,48.9437497],[2.6569277,48.9438497],[2.6582941,48.9441437]]}},{"type":"Feature","properties":{"sinuosity":0.7,"highway":"tertiary"},"geometry":{"type":"LineString","coordinates":[[2.0097599,48.8584455],[2.0090239,48.8587054],[2.0080608,48.8588899],[2.0077059,48.8589743],[2.0075201,48.8590482],[2.0074573,48.859068],[2.0073565,48.8590814],[2.0070762,48.8590556],[2.0069963,48.8590494],[2.0068251,48.8590808]]}},{"type":"Feature","properties":{"sinuosity":0.712,"highway":"tertiary"},"geometry":{"type":"LineString","coordinates":[[2.5088101,48.6401076],[2.509016,48.6402847],[2.5086584,48.6410801],[2.5081758,48.6417906],[2.508101,48.6422743],[2.5080929,48.642498],[2.5080862,48.6429091],[2.5081743,48.6433137],[2.508451,48.6438062],[2.5089758,48.6443653]]}},{"type":"Feature","properties":{"sinuosity":0.7,"highway":"tertiary"},"geometry":{"type":"LineString","coordinates":[[1.8908469,48.7112457],[1.8911475,48.7112837],[1.8914072,48.711337],[1.8918882,48.7115296],[1.8923141,48.7118282],[1.8928473,48.7124883],[1.8932955,48.7130465],[1.8937778,48.7133646],[1.8943829,48.7135538],[1.8950262,48.7136424]]}},{"type":"Feature","properties":{"sinuosity":0.7,"highway":"primary"},"geometry":{"type":"LineString","coordinates":[[2.5240871,49.1514254],[2.5235483,49.1524998],[2.5235032,49.1525898],[2.5234458,49.1526788],[2.5234415,49.1530252],[2.5234298,49.1531866],[2.5234093,49.1533621],[2.5233181,49.1535575],[2.5232381,49.1536874]]}},{"type":"Feature","properties":{"sinuosity":0.7,"highway":"tertiary"},"geometry":{"type":"LineString","coordinates":[[2.0197281,48.8049253],[2.0196318,48.8049542],[2.0188189,48.8050976],[2.0187219,48.8051093],[2.017506,48.805256],[2.0174413,48.8052641],[2.0162539,48.8054427],[2.016189,48.805461],[2.0161087,48.8055102],[2.0160643,48.805601]]}},{"type":"Feature","properties":{"sinuosity":0.707,"highway":"secondary"},"geometry":{"type":"LineString","coordinates":[[2.6171486,48.7915526],[2.616884,48.7911479],[2.6166964,48.7909531],[2.6164835,48.7908308],[2.6157874,48.7906226],[2.615583,48.7905591],[2.6152088,48.7903167],[2.6151425,48.7902148],[2.6151086,48.7901052],[2.6151303,48.7900508]]}},{"type":"Feature","properties":{"sinuosity":0.75,"highway":"trunk_link"},"geometry":{"type":"LineString","coordinates":[[1.5810348,48.7831046],[1.5801939,48.783261],[1.5795529,48.7833052],[1.5789494,48.7833812],[1.5786087,48.7834996],[1.5783942,48.7836551],[1.5782574,48.7838407],[1.5781099,48.7841146],[1.5780937,48.7842404],[1.5780881,48.7842841]]}},{"type":"Feature","properties":{"sinuosity":0.72,"highway":"tertiary"},"geometry":{"type":"LineString","coordinates":[[2.8188224,49.1375996],[2.8190114,49.1371899],[2.8196616,49.1367729],[2.8209769,49.1364254],[2.8213975,49.136257],[2.8217065,49.1359874],[2.8219318,49.1354349],[2.8219988,49.1352138],[2.8222987,49.1343533],[2.8224244,49.1341683]]}},{"type":"Feature","properties":{"sinuosity":0.7,"highway":"primary"},"geometry":{"type":"LineString","coordinates":[[1.4640572,49.0815587],[1.46402,49.0818448],[1.4638308,49.0826487],[1.4632922,49.0840126],[1.4628152,49.0852303],[1.4627705,49.085337],[1.4627453,49.0855614],[1.4628384,49.0857046],[1.463114,49.0858858],[1.4632981,49.0859298]]}},{"type":"Feature","properties":{"sinuosity":0.7,"highway":"secondary"},"geometry":{"type":"LineString","coordinates":[[2.309723,48.715467],[2.3094651,48.7146965],[2.3092944,48.7140489],[2.3092446,48.713812],[2.309279,48.7135628],[2.3094962,48.7130047],[2.3095753,48.7127469],[2.3095617,48.7126692],[2.3095332,48.7126042],[2.309442,48.7125111]]}},{"type":"Feature","properties":{"sinuosity":0.7,"highway":"tertiary"},"geometry":{"type":"LineString","coordinates":[[2.5496102,48.8867088],[2.5490734,48.8863175],[2.5482407,48.8857039],[2.547847,48.8854076],[2.5478116,48.8853803],[2.5476359,48.8852368],[2.5475392,48.8851533],[2.5470883,48.8847944],[2.5469796,48.8847058],[2.5469573,48.8846196]]}},{"type":"Feature","properties":{"sinuosity":0.784,"highway":"tertiary"},"geometry":{"type":"LineString","coordinates":[[2.4338149,49.1705951],[2.4336718,49.1714791],[2.4336081,49.1716112],[2.4334512,49.1717216],[2.4333126,49.171777],[2.4321262,49.1718943],[2.4311177,49.1720066],[2.4306629,49.1720945],[2.4298685,49.172539]]}},{"type":"Feature","properties":{"sinuosity":0.738,"highway":"tertiary"},"geometry":{"type":"LineString","coordinates":[[2.7152965,48.2153532],[2.715334,48.2152833],[2.7156236,48.215074],[2.7156622,48.2149562],[2.7155566,48.2146167],[2.7154702,48.2144287],[2.7156849,48.2135985],[2.7159827,48.2129069],[2.7170576,48.2122093],[2.7174103,48.2121618]]}},{"type":"Feature","properties":{"sinuosity":0.7,"highway":"secondary"},"geometry":{"type":"LineString","coordinates":[[3.4015092,48.8233194],[3.4033887,48.8236],[3.4036954,48.8237349],[3.4039341,48.8238979],[3.4040557,48.8240754]]}},{"type":"Feature","properties":{"sinuosity":0.754,"highway":"secondary"},"geometry":{"type":"LineString","coordinates":[[2.5313266,48.4849345],[2.5320941,48.4850515],[2.5326276,48.4851514],[2.5328739,48.4852377],[2.5331923,48.485492],[2.5336788,48.4860038],[2.5338619,48.4861981],[2.5339285,48.4862273],[2.5341276,48.4862085],[2.5347538,48.4860938]]}},{"type":"Feature","properties":{"sinuosity":0.732,"highway":"tertiary"},"geometry":{"type":"LineString","coordinates":[[2.9983618,48.2820578],[2.9989674,48.2820524],[2.9992834,48.2820744],[2.9996237,48.282164],[2.9999103,48.2823233],[3.0000346,48.2824875],[3.0001173,48.2826543],[3.000536,48.2863417],[3.0006187,48.2866737],[3.000728,48.2869091]]}},{"type":"Feature","properties":{"sinuosity":0.768,"highway":"tertiary"},"geometry":{"type":"LineString","coordinates":[[2.947049,48.2460807],[2.9465249,48.2459393],[2.9463887,48.2458661],[2.9463217,48.245774],[2.9462247,48.2454747],[2.9462133,48.2453747],[2.9463635,48.2443915]]}},{"type":"Feature","properties":{"sinuosity":0.751,"highway":"tertiary"},"geometry":{"type":"LineString","coordinates":[[3.4403357,48.5164491],[3.4404595,48.5166884],[3.4404561,48.5172548],[3.4404511,48.5174503],[3.4405257,48.51762],[3.4406767,48.5177324],[3.4412263,48.5179436],[3.4420983,48.518247],[3.4422391,48.5183763]]}},{"type":"Feature","properties":{"sinuosity":0.716,"highway":"tertiary"},"geometry":{"type":"LineString","coordinates":[[3.4495779,48.5304565],[3.4494783,48.5311295],[3.4493961,48.5317519],[3.452043,48.5338532],[3.4533683,48.5348944],[3.4534568,48.5349373],[3.4540035,48.5351968],[3.4551502,48.5358311],[3.4560669,48.5360652],[3.4569974,48.5363949]]}},{"type":"Feature","properties":{"sinuosity":0.97,"highway":"trunk_link"},"geometry":{"type":"LineString","coordinates":[[2.5405137,49.028433],[2.5403611,49.0280542],[2.5403877,49.0277634],[2.5408211,49.0274481],[2.5412192,49.0273937],[2.541583,49.0274705],[2.5423083,49.0278483],[2.5431343,49.0281557],[2.5439526,49.0282963],[2.5454077,49.0282971]]}},{"type":"Feature","properties":{"sinuosity":0.873,"highway":"trunk_link"},"geometry":{"type":"LineString","coordinates":[[2.5432551,49.0287459],[2.5427457,49.0287679],[2.5419921,49.0289459],[2.5418063,49.0290634],[2.5416537,49.0291794],[2.5414879,49.0294665],[2.5414481,49.0296332],[2.5414945,49.0299725],[2.5418765,49.0310222],[2.5418677,49.0310762]]}},{"type":"Feature","properties":{"sinuosity":1,"highway":"motorway_link"},"geometry":{"type":"LineString","coordinates":[[2.1846149,49.0522698],[2.1851598,49.0522663],[2.1857845,49.0521932],[2.1861649,49.052097],[2.1863454,49.052003],[2.1864551,49.0518604],[2.186464,49.0517084],[2.1863737,49.0515484],[2.1861384,49.0514231],[2.1857986,49.0513825]]}},{"type":"Feature","properties":{"sinuosity":0.7,"highway":"tertiary"},"geometry":{"type":"LineString","coordinates":[[3.2594418,48.9507852],[3.2589074,48.9509],[3.2586195,48.95105],[3.2583814,48.9512783],[3.2581396,48.9515759],[3.2578742,48.9518483],[3.2569395,48.9528376]]}},{"type":"Feature","properties":{"sinuosity":0.861,"highway":"tertiary"},"geometry":{"type":"LineString","coordinates":[[3.1632538,48.9990095],[3.1630766,48.9987457],[3.163144,48.998527],[3.163413,48.998148],[3.164132,48.996555],[3.164209,48.996414],[3.164471,48.996191],[3.165325,48.995933],[3.166242,48.995888],[3.1682436,48.9959344]]}},{"type":"Feature","properties":{"sinuosity":0.7,"highway":"tertiary"},"geometry":{"type":"LineString","coordinates":[[3.1727702,48.9956485],[3.171986,48.995526],[3.1716314,48.9954724],[3.1711632,48.995436],[3.1705177,48.9954551],[3.169949,48.9955332],[3.1696448,48.9956113],[3.1692877,48.9958022],[3.169137,48.995874],[3.1688368,48.9959058]]}},{"type":"Feature","properties":{"sinuosity":0.7,"highway":"secondary"},"geometry":{"type":"LineString","coordinates":[[2.650769,48.8507458],[2.6515212,48.8507698],[2.6522674,48.8508007],[2.6526905,48.8508228],[2.6529035,48.8508092],[2.6531087,48.8507704],[2.6532877,48.8507822],[2.6535185,48.8508588],[2.6537672,48.850875],[2.6547108,48.8509086]]}},{"type":"Feature","properties":{"sinuosity":0.705,"highway":"tertiary"},"geometry":{"type":"LineString","coordinates":[[2.2358868,48.8889306],[2.2356166,48.8890252],[2.2353557,48.8891064],[2.2351887,48.8891832],[2.234992,48.8893182],[2.2347744,48.8898699],[2.2344237,48.8912717],[2.2344263,48.8915129],[2.2344209,48.8915719],[2.2343629,48.8919231]]}},{"type":"Feature","properties":{"sinuosity":0.7,"highway":"trunk_link"},"geometry":{"type":"LineString","coordinates":[[2.3701213,48.8184787],[2.370942,48.8186284],[2.3728451,48.8192473],[2.3729912,48.8192587]]}},{"type":"Feature","properties":{"sinuosity":0.7,"highway":"secondary"},"geometry":{"type":"LineString","coordinates":[[2.1591331,48.7134442],[2.159158,48.7135856],[2.1593345,48.7136497],[2.1595185,48.7136482],[2.1602651,48.7136409],[2.1615984,48.7136239],[2.1618657,48.7136196],[2.1629611,48.7136066],[2.1650228,48.7135895],[2.1664612,48.7135701]]}},{"type":"Feature","properties":{"sinuosity":0.773,"highway":"tertiary"},"geometry":{"type":"LineString","coordinates":[[1.8114076,49.0808175],[1.8112235,49.0801813],[1.8117849,49.079403],[1.8123989,49.0792256],[1.8144493,49.0790344],[1.814938,49.0787066],[1.8152243,49.0780542],[1.8161666,49.0775363],[1.8178825,49.0769977],[1.8183417,49.076513]]}},{"type":"Feature","properties":{"sinuosity":0.7,"highway":"secondary"},"geometry":{"type":"LineString","coordinates":[[2.5610395,49.0288862],[2.5612909,49.0288302],[2.5616769,49.028823],[2.5622326,49.0289699],[2.5627406,49.0290815],[2.5634788,49.0292051],[2.5641716,49.0293175]]}},{"type":"Feature","properties":{"sinuosity":0.711,"highway":"secondary"},"geometry":{"type":"LineString","coordinates":[[2.4029047,49.010437],[2.4030406,49.0106102],[2.4031519,49.0108565],[2.403231,49.0109972],[2.4033772,49.0111344],[2.4035904,49.0113244],[2.4036655,49.0114502],[2.4038573,49.0115963],[2.404214,49.0117018],[2.405122,49.0119261]]}},{"type":"Feature","properties":{"sinuosity":0.752,"highway":"tertiary"},"geometry":{"type":"LineString","coordinates":[[2.2180939,49.0385334],[2.2182096,49.0385618],[2.2185984,49.0387009],[2.2186524,49.0387663],[2.2186773,49.0392128],[2.2188287,49.0392769],[2.2202249,49.0395522],[2.2208379,49.0396553],[2.2211834,49.0397],[2.2212285,49.0397063]]}},{"type":"Feature","properties":{"sinuosity":0.7,"highway":"primary"},"geometry":{"type":"LineString","coordinates":[[2.1563739,48.889786],[2.1564985,48.889736],[2.1577385,48.8893798],[2.1580868,48.8892738],[2.1589344,48.8889962],[2.1590364,48.8889355],[2.1591338,48.888861],[2.1592312,48.8888257],[2.1594034,48.8888202]]}},{"type":"Feature","properties":{"sinuosity":0.825,"highway":"tertiary"},"geometry":{"type":"LineString","coordinates":[[2.5299936,48.0917992],[2.5303335,48.0919178],[2.5305103,48.092056],[2.5306181,48.0922555],[2.5306162,48.0924164],[2.5302817,48.0930104],[2.5301425,48.0932032],[2.5298824,48.0934212],[2.5297068,48.0935779],[2.5298542,48.0937789]]}},{"type":"Feature","properties":{"sinuosity":0.695,"highway":"secondary"},"geometry":{"type":"LineString","coordinates":[[3.1135332,48.7484789],[3.1167907,48.7498614],[3.1172132,48.7501561],[3.118072,48.7519058],[3.1182709,48.7523819],[3.1182881,48.7526306],[3.1181826,48.7529186],[3.1166429,48.7554311],[3.1166127,48.7554997],[3.1165981,48.7557495]]}},{"type":"Feature","properties":{"sinuosity":0.7,"highway":"tertiary"},"geometry":{"type":"LineString","coordinates":[[1.9487804,48.6663876],[1.9490379,48.6663787],[1.9491693,48.6664301],[1.9492981,48.6665063],[1.9494683,48.6666763],[1.9500196,48.6673459],[1.9505829,48.6683344],[1.950739,48.6684574],[1.9508011,48.6684945],[1.9508323,48.6685131]]}},{"type":"Feature","properties":{"sinuosity":0.7,"highway":"primary"},"geometry":{"type":"LineString","coordinates":[[2.6630026,48.5556659],[2.6631157,48.5556324],[2.6631895,48.5555738],[2.6641872,48.5543097],[2.6645762,48.5539032],[2.6649141,48.5536209],[2.6653326,48.5533279],[2.6661801,48.5529089]]}},{"type":"Feature","properties":{"sinuosity":0.779,"highway":"tertiary"},"geometry":{"type":"LineString","coordinates":[[2.9461712,48.7279834],[2.9461917,48.7279355],[2.9464149,48.7275352],[2.9465863,48.7273467],[2.9467441,48.7272767],[2.9469564,48.7272857],[2.9486463,48.7276501],[2.9501675,48.7278924],[2.9516234,48.7279947]]}},{"type":"Feature","properties":{"sinuosity":0.737,"highway":"tertiary"},"geometry":{"type":"LineString","coordinates":[[3.2478537,48.4215525],[3.2482806,48.4216615],[3.248558,48.421814],[3.248766,48.4220199],[3.2489303,48.4223305],[3.2489083,48.4226641],[3.2488682,48.4230152],[3.2489521,48.4232284],[3.2491273,48.4233567],[3.2492404,48.4234269]]}},{"type":"Feature","properties":{"sinuosity":0.7,"highway":"trunk_link"},"geometry":{"type":"LineString","coordinates":[[2.6176822,48.9356383],[2.6179414,48.9356356],[2.6187987,48.9357867],[2.6194413,48.9358952],[2.6197809,48.9359499],[2.6202843,48.9360742],[2.6206032,48.9361717],[2.6206782,48.9361891],[2.6207549,48.9361976],[2.6208281,48.9361966]]}},{"type":"Feature","properties":{"sinuosity":0.814,"highway":"secondary"},"geometry":{"type":"LineString","coordinates":[[2.7432294,48.7398565],[2.7429639,48.7401918],[2.7427034,48.740328],[2.7422314,48.7404111],[2.7415409,48.7403567],[2.7405288,48.7402263],[2.7397913,48.7397784],[2.739515,48.7396853],[2.7393275,48.7396937],[2.7389005,48.7398666]]}},{"type":"Feature","properties":{"sinuosity":0.721,"highway":"tertiary"},"geometry":{"type":"LineString","coordinates":[[3.029625,48.2857861],[3.0315404,48.2849469],[3.0321191,48.2846204],[3.0332954,48.2835531],[3.0349434,48.2818578],[3.0359648,48.2812954],[3.0370145,48.2810734],[3.0372013,48.2806886],[3.0369078,48.2803009],[3.0370056,48.2798865]]}},{"type":"Feature","properties":{"sinuosity":0.739,"highway":"primary"},"geometry":{"type":"LineString","coordinates":[[2.0544753,48.79528],[2.0544821,48.795402],[2.0546739,48.7958044],[2.0548051,48.7960748],[2.0550643,48.7964689],[2.0554155,48.7966526],[2.0562845,48.7968622],[2.0565618,48.7969285],[2.056848,48.7969975],[2.057008,48.7970351]]}},{"type":"Feature","properties":{"sinuosity":0.7,"highway":"primary"},"geometry":{"type":"LineString","coordinates":[[2.4409677,49.1061355],[2.4408196,49.1066523],[2.4407595,49.1070569],[2.4407595,49.1073434],[2.4406994,49.1075569],[2.4406394,49.1076862],[2.440557,49.1077963],[2.4404316,49.1078918],[2.4402531,49.1079795],[2.440146,49.1080123]]}},{"type":"Feature","properties":{"sinuosity":0.817,"highway":"secondary"},"geometry":{"type":"LineString","coordinates":[[1.7669167,48.728045],[1.7665702,48.7276432],[1.7658807,48.7269737],[1.7656152,48.7268287],[1.7649124,48.7266484],[1.7642801,48.7262209],[1.7641936,48.726036],[1.7642194,48.7258094],[1.7644879,48.7254462],[1.7647808,48.725314]]}},{"type":"Feature","properties":{"sinuosity":1,"highway":"tertiary"},"geometry":{"type":"LineString","coordinates":[[3.0273003,48.9419884],[3.0275956,48.9425315],[3.0282834,48.9434218],[3.0280718,48.9440506],[3.0279897,48.9447679],[3.0286154,48.9458016],[3.0308609,48.9455778],[3.0318945,48.9449155],[3.032102,48.944776],[3.0332167,48.94453]]}},{"type":"Feature","properties":{"sinuosity":0.791,"highway":"secondary"},"geometry":{"type":"LineString","coordinates":[[1.5336173,48.9454527],[1.533486,48.945557],[1.5328627,48.9457442],[1.5324172,48.9458222],[1.5321161,48.9457859],[1.5318461,48.9456685],[1.5315942,48.9454613],[1.5314096,48.9453459],[1.531149,48.9452587],[1.5308151,48.9452363]]}},{"type":"Feature","properties":{"sinuosity":0.7,"highway":"tertiary"},"geometry":{"type":"LineString","coordinates":[[1.9454343,49.0137382],[1.9451433,49.0133111],[1.9450392,49.0132326],[1.9446743,49.0130018],[1.9445747,49.0129521],[1.9441402,49.0128192],[1.9438225,49.0127624],[1.9420618,49.0124905],[1.9418607,49.0124554],[1.9410209,49.012324]]}},{"type":"Feature","properties":{"sinuosity":0.769,"highway":"tertiary"},"geometry":{"type":"LineString","coordinates":[[1.522774,48.9044784],[1.5225165,48.9045472],[1.52209,48.9047453],[1.5220088,48.9049315],[1.5217533,48.9058176],[1.5218868,48.9068252],[1.5217803,48.9069673],[1.5215303,48.9070803],[1.5208123,48.9072915],[1.5206849,48.9073289]]}},{"type":"Feature","properties":{"sinuosity":0.751,"highway":"secondary"},"geometry":{"type":"LineString","coordinates":[[1.6673067,48.5664927],[1.667119,48.5661489],[1.6670582,48.5660265],[1.6670063,48.5658895],[1.6669771,48.5657867],[1.6670082,48.5657275],[1.6675185,48.5653374],[1.6677639,48.5651356],[1.6679008,48.5649607],[1.6679391,48.5648988]]}},{"type":"Feature","properties":{"sinuosity":0.7,"highway":"secondary"},"geometry":{"type":"LineString","coordinates":[[2.2107705,48.9643806],[2.2107299,48.9642879],[2.2105576,48.9641042],[2.2088141,48.9625236],[2.2086261,48.9623564],[2.2085014,48.9622886],[2.2079404,48.962204],[2.2072384,48.9621123],[2.206776,48.9619102],[2.2065413,48.9616641]]}},{"type":"Feature","properties":{"sinuosity":0.7,"highway":"secondary"},"geometry":{"type":"LineString","coordinates":[[1.8329715,48.5166076],[1.8329862,48.5165337],[1.8335786,48.5154973],[1.8336428,48.5149624],[1.8336482,48.5149171],[1.833658,48.5148264]]}},{"type":"Feature","properties":{"sinuosity":0.7,"highway":"primary"},"geometry":{"type":"LineString","coordinates":[[2.3982611,48.9093795],[2.3984,48.9094592],[2.3992527,48.9102219],[2.3993996,48.9103534],[2.3994795,48.9104266],[2.399879,48.9107924],[2.4001419,48.9110369],[2.4003202,48.9111898],[2.4003531,48.9112459],[2.4004071,48.9113379]]}},{"type":"Feature","properties":{"sinuosity":0.731,"highway":"tertiary"},"geometry":{"type":"LineString","coordinates":[[2.7746246,48.7634748],[2.7751071,48.7634665],[2.7755277,48.7636864],[2.7754158,48.7638979],[2.7753007,48.7646111],[2.7753602,48.7648218],[2.7754979,48.7655782],[2.7754333,48.766359],[2.7755268,48.7677996],[2.7757388,48.768774]]}},{"type":"Feature","properties":{"sinuosity":0.7,"highway":"secondary"},"geometry":{"type":"LineString","coordinates":[[3.3081534,48.9010728],[3.3081758,48.9009277],[3.3082244,48.9006497],[3.3084428,48.8993756],[3.3084418,48.8993118],[3.3081388,48.8990312],[3.3080996,48.8989792],[3.3080844,48.8988951],[3.3081034,48.8988074],[3.3082338,48.8984558]]}},{"type":"Feature","properties":{"sinuosity":0.7,"highway":"tertiary"},"geometry":{"type":"LineString","coordinates":[[2.6692166,48.2297565],[2.6691743,48.229855],[2.6689532,48.2299732],[2.6686465,48.2301578],[2.6684707,48.2303845],[2.6682683,48.2305917],[2.6681328,48.230707],[2.6677875,48.2309786],[2.6674265,48.2310774],[2.666611,48.231235]]}},{"type":"Feature","properties":{"sinuosity":0.951,"highway":"tertiary"},"geometry":{"type":"LineString","coordinates":[[2.9494019,48.7946676],[2.9493477,48.7944876],[2.9490868,48.7936221],[2.9489446,48.7927457],[2.9487407,48.7919558],[2.9488346,48.7911241],[2.9488474,48.7907866],[2.9489103,48.7906974],[2.9490004,48.7906754],[2.9519077,48.790515]]}},{"type":"Feature","properties":{"sinuosity":0.701,"highway":"tertiary"},"geometry":{"type":"LineString","coordinates":[[2.8535958,48.404148],[2.8536572,48.4040204],[2.8537948,48.4037388],[2.8544999,48.4031451],[2.8547941,48.402973],[2.8550066,48.4027405],[2.8558681,48.4013377],[2.8563496,48.4006323],[2.8560544,48.3999358],[2.8558515,48.3991654]]}},{"type":"Feature","properties":{"sinuosity":0.741,"highway":"secondary"},"geometry":{"type":"LineString","coordinates":[[2.1886721,48.5928746],[2.1894777,48.5929539],[2.1905608,48.5929494],[2.1912492,48.5931265],[2.1914934,48.593247],[2.1921633,48.5935911],[2.192394,48.5938965],[2.1926023,48.5942102],[2.1932409,48.5943277],[2.1938676,48.59461]]}},{"type":"Feature","properties":{"sinuosity":0.7,"highway":"tertiary"},"geometry":{"type":"LineString","coordinates":[[2.1701636,48.4279061],[2.170411,48.4279235],[2.1704986,48.4279763],[2.1713199,48.4282761],[2.1715098,48.428358],[2.1718625,48.428556],[2.1721696,48.4287407],[2.1724846,48.4289409],[2.1726006,48.429],[2.1728422,48.4291325]]}},{"type":"Feature","properties":{"sinuosity":0.7,"highway":"tertiary"},"geometry":{"type":"LineString","coordinates":[[2.554071,48.696221],[2.5538487,48.6961985],[2.5538055,48.6961932],[2.5529555,48.6960527],[2.5527592,48.6960145],[2.5524097,48.6957569],[2.5519693,48.6956305],[2.5515626,48.6955141],[2.551387,48.6954663],[2.5511877,48.6954129]]}},{"type":"Feature","properties":{"sinuosity":0.725,"highway":"tertiary"},"geometry":{"type":"LineString","coordinates":[[1.6981325,49.2475448],[1.6982318,49.2478778],[1.6987297,49.2485716],[1.698828,49.2488516],[1.6988192,49.2490537],[1.698729,49.2491432],[1.6982798,49.2493718],[1.6982177,49.2494722],[1.6981455,49.2504312]]}},{"type":"Feature","properties":{"sinuosity":0.646,"highway":"tertiary"},"geometry":{"type":"LineString","coordinates":[[3.0499711,48.9915534],[3.0476383,48.9917908],[3.0463123,48.9918031],[3.0459575,48.9917418],[3.0457147,48.9916315],[3.0453225,48.990651],[3.0454159,48.9900015],[3.045528,48.9894745],[3.0464057,48.9867293],[3.0465603,48.9849149]]}},{"type":"Feature","properties":{"sinuosity":0.7,"highway":"secondary"},"geometry":{"type":"LineString","coordinates":[[3.1050984,49.1098255],[3.1046069,49.110163],[3.1041799,49.1104913],[3.1040861,49.1105673],[3.1038831,49.1108751],[3.1038067,49.1110137],[3.1031526,49.1116588],[3.1030604,49.1117126],[3.1027301,49.1117928],[3.1023683,49.1118018]]}},{"type":"Feature","properties":{"sinuosity":0.7,"highway":"tertiary"},"geometry":{"type":"LineString","coordinates":[[3.127335,49.0993106],[3.1275411,49.0992898],[3.127736,49.0992922],[3.1281424,49.0993441],[3.1285072,49.0995197],[3.129108,49.0999166],[3.1299993,49.1003124],[3.1318071,49.1009306],[3.1323535,49.100907],[3.1325219,49.1008709]]}},{"type":"Feature","properties":{"sinuosity":0.7,"highway":"tertiary"},"geometry":{"type":"LineString","coordinates":[[2.8800066,49.0659421],[2.8802756,49.0659792],[2.8804969,49.0660358],[2.8807492,49.0662184],[2.8808552,49.0663126],[2.8810895,49.0665093],[2.8811884,49.0665656],[2.8817272,49.0668187],[2.8819941,49.0669379],[2.882142,49.0670546]]}},{"type":"Feature","properties":{"sinuosity":0.7,"highway":"secondary"},"geometry":{"type":"LineString","coordinates":[[1.5336173,48.9454527],[1.5336897,48.9455516],[1.5337653,48.9456661],[1.5339797,48.9460356],[1.5340877,48.9461416],[1.5342785,48.9462767],[1.5346165,48.9466044],[1.5346689,48.9468613],[1.5346659,48.9469601],[1.5345603,48.9476012]]}},{"type":"Feature","properties":{"sinuosity":0.7,"highway":"tertiary"},"geometry":{"type":"LineString","coordinates":[[1.4001455,48.9800053],[1.3995051,48.9797618],[1.3986458,48.9796348],[1.397573,48.9798848],[1.3967522,48.9797474],[1.3950034,48.9791912],[1.3937535,48.9792616],[1.3914736,48.9793109],[1.3904812,48.9790503],[1.389757,48.9791067]]}},{"type":"Feature","properties":{"sinuosity":0.903,"highway":"tertiary"},"geometry":{"type":"LineString","coordinates":[[2.9826426,48.3994056],[2.9832586,48.3992718],[2.9838604,48.3990217],[2.984378,48.398551],[2.9846914,48.3982234],[2.9849417,48.3981042],[2.9854619,48.3981024],[2.9862698,48.398704],[2.986803,48.3989722],[2.9874044,48.3990011]]}},{"type":"Feature","properties":{"sinuosity":0.893,"highway":"tertiary"},"geometry":{"type":"LineString","coordinates":[[2.989597,48.6510035],[2.9896542,48.6512766],[2.9897053,48.6513859],[2.9901601,48.6521334],[2.9901038,48.6522052],[2.9893863,48.6524149],[2.9887946,48.6525944],[2.9870914,48.6527361],[2.9867242,48.6527696],[2.9846037,48.653211]]}},{"type":"Feature","properties":{"sinuosity":0.716,"highway":"primary"},"geometry":{"type":"LineString","coordinates":[[2.9507118,48.5843603],[2.9517234,48.5845403],[2.9519956,48.5846247],[2.9523992,48.5850098],[2.9526672,48.5858249],[2.9532987,48.587608],[2.9535328,48.5877832],[2.9556567,48.5885575],[2.9571771,48.5891118],[2.9608984,48.5905035]]}},{"type":"Feature","properties":{"sinuosity":0.727,"highway":"trunk_link"},"geometry":{"type":"LineString","coordinates":[[2.7987456,48.8536505],[2.7992262,48.8531764],[2.7994959,48.8530045],[2.7998857,48.8528955],[2.800877,48.8529277],[2.8016366,48.8529617],[2.8019179,48.8529233],[2.8021457,48.8528514],[2.8024981,48.8526389],[2.803472,48.851949]]}},{"type":"Feature","properties":{"sinuosity":0.833,"highway":"tertiary"},"geometry":{"type":"LineString","coordinates":[[2.4408031,48.8748408],[2.4409048,48.874846],[2.440982,48.8748559],[2.4410564,48.8748758],[2.4411252,48.8749032],[2.4425984,48.875629],[2.4426263,48.8756625],[2.4426428,48.8756945],[2.4426216,48.8757588],[2.4423591,48.8759823]]}},{"type":"Feature","properties":{"sinuosity":0.7,"highway":"tertiary"},"geometry":{"type":"LineString","coordinates":[[3.2291915,48.8430775],[3.2290274,48.8427113],[3.2289849,48.8425796],[3.2288991,48.8424728],[3.2288347,48.8422846],[3.2284489,48.841527],[3.2281177,48.8410495],[3.227672,48.840524],[3.2272169,48.8400899],[3.2265989,48.839607]]}},{"type":"Feature","properties":{"sinuosity":0.867,"highway":"tertiary"},"geometry":{"type":"LineString","coordinates":[[3.2182761,48.8892293],[3.2172427,48.8896333],[3.2171488,48.8896413],[3.2169233,48.889508],[3.2162519,48.8888665],[3.2161083,48.8887392],[3.2140585,48.8866267],[3.2137582,48.8862951],[3.2125064,48.8864265],[3.211181,48.8866757]]}},{"type":"Feature","properties":{"sinuosity":0.972,"highway":"tertiary"},"geometry":{"type":"LineString","coordinates":[[2.0750722,49.1906042],[2.0751815,49.1907136],[2.0755667,49.1914286],[2.0758109,49.1916787],[2.0760399,49.1918003],[2.0762205,49.1918107],[2.0765343,49.1916768],[2.0767226,49.1915808],[2.0771971,49.1914665],[2.0773102,49.1914572]]}},{"type":"Feature","properties":{"sinuosity":0.715,"highway":"secondary"},"geometry":{"type":"LineString","coordinates":[[2.2811592,48.3079707],[2.2810609,48.3076861],[2.280508,48.3068771],[2.2804919,48.3067561],[2.2805354,48.3066188],[2.2809161,48.3063189],[2.2810861,48.3061054],[2.2811111,48.3059868],[2.2811105,48.3054735],[2.2809082,48.3049154]]}},{"type":"Feature","properties":{"sinuosity":0.856,"highway":"tertiary"},"geometry":{"type":"LineString","coordinates":[[2.248843,49.0512434],[2.250087,49.0512284],[2.2509643,49.051419],[2.2510292,49.0516433],[2.2508737,49.0522918],[2.2509303,49.0526042],[2.2510979,49.0528751],[2.2511458,49.0530892],[2.2515909,49.053721],[2.2517783,49.0539302]]}},{"type":"Feature","properties":{"sinuosity":0.7,"highway":"tertiary"},"geometry":{"type":"LineString","coordinates":[[2.5368027,48.5020383],[2.5366011,48.5020923],[2.5358832,48.5021972],[2.535676,48.5022229],[2.5353414,48.5023274],[2.5349638,48.5026856],[2.5346065,48.502894],[2.5338593,48.5030434],[2.5336027,48.5032939],[2.5330807,48.5036867]]}},{"type":"Feature","properties":{"sinuosity":0.736,"highway":"tertiary"},"geometry":{"type":"LineString","coordinates":[[2.4875293,48.1836129],[2.4878038,48.183857],[2.4881567,48.1844488],[2.4883549,48.1845679],[2.4893235,48.1848972],[2.489517,48.1850752],[2.4895804,48.185417],[2.4897781,48.1856677],[2.4904363,48.185874],[2.4910645,48.1858976]]}},{"type":"Feature","properties":{"sinuosity":0.769,"highway":"tertiary"},"geometry":{"type":"LineString","coordinates":[[3.1827982,49.1235954],[3.1833029,49.1234442],[3.1839537,49.1231978],[3.1842659,49.123068],[3.1843664,49.1230262],[3.1845875,49.1229201],[3.1847791,49.1228358],[3.1848286,49.1224003],[3.1848301,49.1221529],[3.1848308,49.1220446]]}},{"type":"Feature","properties":{"sinuosity":0.83,"highway":"tertiary"},"geometry":{"type":"LineString","coordinates":[[2.4695973,48.8817232],[2.4694898,48.8817703],[2.4692936,48.8818578],[2.4681032,48.8823877],[2.4680373,48.8824215],[2.4679543,48.8825089],[2.4678988,48.8825674],[2.4680355,48.8827788],[2.4681827,48.8829221],[2.4681891,48.8829805]]}},{"type":"Feature","properties":{"sinuosity":1,"highway":"secondary"},"geometry":{"type":"LineString","coordinates":[[2.1655821,48.697834],[2.1668328,48.6976709],[2.1673505,48.6976612],[2.1686992,48.6977091],[2.168937,48.6976469],[2.169005,48.6974497],[2.1688778,48.6973242],[2.1681375,48.6970894],[2.1680173,48.6970108],[2.16798,48.6968519]]}},{"type":"Feature","properties":{"sinuosity":0.791,"highway":"tertiary"},"geometry":{"type":"LineString","coordinates":[[2.0318189,48.6980042],[2.0318753,48.6972898],[2.0318833,48.6968826],[2.032052,48.6965053],[2.0326314,48.6953049],[2.0333623,48.6948384],[2.03423,48.6945233],[2.0355228,48.6943692],[2.0359976,48.694263],[2.0367218,48.6942055]]}},{"type":"Feature","properties":{"sinuosity":0.731,"highway":"tertiary"},"geometry":{"type":"LineString","coordinates":[[3.3966914,48.6925539],[3.3964862,48.6935104],[3.396354,48.6936984],[3.3960985,48.6938141],[3.3959678,48.6939537],[3.3959564,48.6939904],[3.3962133,48.6945103],[3.3973849,48.6958499],[3.3973696,48.6960566],[3.3974494,48.6963327]]}},{"type":"Feature","properties":{"sinuosity":0.679,"highway":"tertiary"},"geometry":{"type":"LineString","coordinates":[[2.2901984,48.6397235],[2.2900938,48.6388741],[2.2900924,48.6388645],[2.2900742,48.6380792],[2.2900387,48.637787],[2.2893589,48.6368804],[2.2893528,48.636851],[2.2891278,48.6356744],[2.2889953,48.634981],[2.2889584,48.6347545]]}},{"type":"Feature","properties":{"sinuosity":0.7,"highway":"tertiary"},"geometry":{"type":"LineString","coordinates":[[3.1823106,48.813234],[3.1820193,48.8127186],[3.1816184,48.8124735],[3.1814526,48.8121997],[3.1811171,48.8116457],[3.1810342,48.8115088],[3.1809088,48.8112792]]}},{"type":"Feature","properties":{"sinuosity":0.7,"highway":"tertiary"},"geometry":{"type":"LineString","coordinates":[[1.8698676,49.0651893],[1.869905,49.065198],[1.8700485,49.0652147],[1.8701598,49.0651984],[1.8702847,49.0651735],[1.8703921,49.0651699],[1.8705895,49.0652302],[1.8708485,49.0653517],[1.8721539,49.0660025],[1.872389,49.0661162]]}},{"type":"Feature","properties":{"sinuosity":1,"highway":"tertiary"},"geometry":{"type":"LineString","coordinates":[[2.2458258,49.0235806],[2.2465221,49.0234511],[2.2466699,49.0234377],[2.2467568,49.0234565],[2.2467861,49.023508],[2.2467543,49.0235802],[2.2460517,49.0239957],[2.2456003,49.0242769],[2.2455446,49.0243805],[2.2455829,49.0244684]]}},{"type":"Feature","properties":{"sinuosity":1,"highway":"tertiary"},"geometry":{"type":"LineString","coordinates":[[2.1080476,48.6917709],[2.1066053,48.6922497],[2.1062369,48.6922779],[2.1058588,48.6920641],[2.105941,48.6917504],[2.106995,48.6914964],[2.1074947,48.6913361],[2.1083481,48.6906703],[2.108487,48.6902883],[2.1084004,48.6899974]]}},{"type":"Feature","properties":{"sinuosity":0.7,"highway":"tertiary"},"geometry":{"type":"LineString","coordinates":[[1.9194879,48.9495105],[1.9195919,48.9494696],[1.9207311,48.9490378],[1.9207597,48.9490274],[1.9209902,48.9489509],[1.9219637,48.9486678],[1.921986,48.9486641],[1.9220442,48.9486618],[1.9221273,48.9486767],[1.9221568,48.9486952]]}},{"type":"Feature","properties":{"sinuosity":0.7,"highway":"tertiary"},"geometry":{"type":"LineString","coordinates":[[3.0476358,49.0971076],[3.047726,49.0970517],[3.0478862,49.0969372],[3.0480625,49.0966297],[3.0480315,49.0960877],[3.0481608,49.0957355],[3.0482057,49.0956819],[3.0495583,49.094491],[3.0498399,49.0942643],[3.0498528,49.094251]]}},{"type":"Feature","properties":{"sinuosity":0.7,"highway":"secondary"},"geometry":{"type":"LineString","coordinates":[[2.4015398,48.7061428],[2.4018667,48.7070187],[2.4019959,48.7075134],[2.4022741,48.7083004],[2.4023322,48.7084933],[2.4024768,48.7090194],[2.4026317,48.7094319],[2.4027634,48.7098105],[2.4030677,48.7103465],[2.4037206,48.7114444]]}},{"type":"Feature","properties":{"sinuosity":0.7,"highway":"primary"},"geometry":{"type":"LineString","coordinates":[[2.2556507,48.7661625],[2.2554757,48.7661912],[2.2552751,48.7662546],[2.2550377,48.7663863],[2.2548021,48.7665209],[2.254451,48.7667156],[2.2542653,48.766789],[2.2538303,48.7670365],[2.2534947,48.7672645],[2.2533728,48.7673317]]}},{"type":"Feature","properties":{"sinuosity":0.819,"highway":"tertiary"},"geometry":{"type":"LineString","coordinates":[[1.855763,48.7083321],[1.8551712,48.707788],[1.8550548,48.7076456],[1.855052,48.7075308],[1.8550959,48.7074166],[1.8552861,48.7072043],[1.8558166,48.7067653]]}},{"type":"Feature","properties":{"sinuosity":0.7,"highway":"primary"},"geometry":{"type":"LineString","coordinates":[[2.2799605,48.7629095],[2.2796093,48.7629178],[2.2789972,48.7630002],[2.2779717,48.7631455],[2.2771368,48.763275],[2.2753389,48.7634921],[2.2749828,48.763555],[2.2748282,48.7635818],[2.2742571,48.7636345],[2.2735952,48.7637454]]}},{"type":"Feature","properties":{"sinuosity":0.7,"highway":"primary"},"geometry":{"type":"LineString","coordinates":[[2.2264767,48.5952674],[2.2265381,48.5952578],[2.2268229,48.5953323],[2.2270278,48.5953948],[2.2274778,48.5955441],[2.2283298,48.5958041],[2.228494,48.5958604],[2.2290224,48.596059],[2.2294258,48.5962008],[2.2294735,48.5962491]]}},{"type":"Feature","properties":{"sinuosity":0.731,"highway":"tertiary"},"geometry":{"type":"LineString","coordinates":[[3.0669123,48.9556765],[3.0680408,48.9553027],[3.0687479,48.9552269],[3.0687592,48.9548278],[3.0688026,48.9546913],[3.0700163,48.9544267],[3.0705574,48.9542304],[3.0708943,48.9540983],[3.0714633,48.95402],[3.0721605,48.9539861]]}},{"type":"Feature","properties":{"sinuosity":0.805,"highway":"secondary"},"geometry":{"type":"LineString","coordinates":[[2.1390457,48.4637335],[2.1399645,48.4640967],[2.1404397,48.4643334],[2.1408668,48.4645789],[2.1409377,48.4646377],[2.1412806,48.4653517],[2.141333,48.4654852],[2.1412942,48.4658343],[2.1412626,48.4658929],[2.1404995,48.4673226]]}},{"type":"Feature","properties":{"sinuosity":0.7,"highway":"secondary"},"geometry":{"type":"LineString","coordinates":[[2.4278249,48.6130294],[2.4275892,48.6131116],[2.4267791,48.6134146],[2.4265533,48.6135009],[2.426006,48.6136991],[2.4258083,48.6137241],[2.4254717,48.6137582],[2.4253608,48.6137888],[2.4251367,48.6139244],[2.4250428,48.6139842]]}},{"type":"Feature","properties":{"sinuosity":0.729,"highway":"motorway_link"},"geometry":{"type":"LineString","coordinates":[[2.2372054,48.9749948],[2.2381331,48.9747714],[2.2388287,48.974582],[2.2392574,48.9745638],[2.2396212,48.9746714],[2.2399406,48.9748612],[2.2404225,48.9751221],[2.2408304,48.9752218],[2.2414559,48.9752331],[2.2436057,48.9747237]]}},{"type":"Feature","properties":{"sinuosity":0.703,"highway":"tertiary"},"geometry":{"type":"LineString","coordinates":[[2.1562557,49.0228392],[2.1563809,49.0229165],[2.1566168,49.0231063],[2.1569042,49.0233494],[2.1583445,49.0247204],[2.1586871,49.0248807],[2.1601271,49.0250873],[2.1605426,49.0252163],[2.1611411,49.0253212],[2.1619285,49.025439]]}},{"type":"Feature","properties":{"sinuosity":0.725,"highway":"trunk_link"},"geometry":{"type":"LineString","coordinates":[[2.2787955,48.6703289],[2.2787258,48.6699711],[2.2787447,48.6698523],[2.2787796,48.6697815],[2.2790733,48.6695982],[2.2792141,48.6695193],[2.2793361,48.6694015],[2.2793697,48.6693378],[2.2792785,48.6689835],[2.2791879,48.668575]]}},{"type":"Feature","properties":{"sinuosity":0.7,"highway":"tertiary"},"geometry":{"type":"LineString","coordinates":[[2.9384323,48.6744867],[2.9381361,48.6752674],[2.9381204,48.6753251],[2.9380199,48.6757286],[2.9379189,48.676148],[2.937861,48.6762362],[2.9377742,48.6763094],[2.9372662,48.6766216],[2.9372155,48.6766628],[2.9365953,48.6777005]]}},{"type":"Feature","properties":{"sinuosity":0.865,"highway":"tertiary"},"geometry":{"type":"LineString","coordinates":[[1.503303,49.1013892],[1.5044772,49.1023908],[1.505475,49.102922],[1.5059491,49.1029756],[1.5073609,49.1032379],[1.5088508,49.1030827],[1.5095618,49.1031646],[1.5102116,49.1036112],[1.510023,49.10428],[1.5099072,49.1051585]]}},{"type":"Feature","properties":{"sinuosity":0.7,"highway":"primary"},"geometry":{"type":"LineString","coordinates":[[2.3462158,48.9232874],[2.3455828,48.9234166],[2.3450276,48.9234919],[2.3444771,48.9235894],[2.3441511,48.9236718],[2.3438317,48.9237598],[2.3435162,48.9238566],[2.3429938,48.9240555],[2.3428365,48.9240641],[2.3426792,48.9239936]]}},{"type":"Feature","properties":{"sinuosity":0.7,"highway":"secondary"},"geometry":{"type":"LineString","coordinates":[[3.1080499,48.4822881],[3.1079024,48.4824366],[3.1070892,48.4828843],[3.1069281,48.482956],[3.1060423,48.4833211],[3.1053382,48.4835656],[3.1051423,48.4835933]]}},{"type":"Feature","properties":{"sinuosity":0.794,"highway":"primary"},"geometry":{"type":"LineString","coordinates":[[3.2128629,48.4871802],[3.2173982,48.4886694],[3.2179647,48.4891643],[3.2178788,48.4896308],[3.2174926,48.4905352],[3.2174325,48.4910586],[3.2178102,48.4917696],[3.2188144,48.4922612],[3.220582,48.4926789],[3.2211404,48.4928333]]}},{"type":"Feature","properties":{"sinuosity":0.7,"highway":"tertiary"},"geometry":{"type":"LineString","coordinates":[[3.0581015,48.4076657],[3.0570625,48.4096503],[3.0569562,48.4097361],[3.0568854,48.409761]]}},{"type":"Feature","properties":{"sinuosity":0.791,"highway":"tertiary"},"geometry":{"type":"LineString","coordinates":[[3.2340119,48.9127641],[3.2340519,48.9126201],[3.2342144,48.9124267],[3.2354271,48.9120073],[3.2356367,48.9119377],[3.2358157,48.9117953],[3.2359475,48.9116204],[3.2359593,48.9113465],[3.2357544,48.910732],[3.2357416,48.910685]]}},{"type":"Feature","properties":{"sinuosity":0.76,"highway":"tertiary"},"geometry":{"type":"LineString","coordinates":[[3.360374,48.8757039],[3.3607168,48.875553],[3.3610635,48.8755693],[3.3613024,48.8756272],[3.3617512,48.8758558],[3.3624687,48.8763983],[3.3627717,48.8765906],[3.363051,48.8766694],[3.3633358,48.8766589],[3.3635352,48.8766305]]}},{"type":"Feature","properties":{"sinuosity":0.832,"highway":"tertiary"},"geometry":{"type":"LineString","coordinates":[[3.2703972,48.7906078],[3.2706871,48.7905013],[3.2711477,48.7903934],[3.2718685,48.7902711],[3.2727798,48.790249],[3.272979,48.7902317],[3.2731955,48.790127],[3.2732908,48.7899017],[3.2733558,48.7895598],[3.2733605,48.7891207]]}},{"type":"Feature","properties":{"sinuosity":0.795,"highway":"tertiary"},"geometry":{"type":"LineString","coordinates":[[2.8671276,48.8613794],[2.8669541,48.861406],[2.8660798,48.8617199],[2.8660161,48.8617208],[2.8658773,48.8616935],[2.865773,48.8616123],[2.8651618,48.8609299],[2.8647635,48.8605978],[2.8639425,48.8599522],[2.8631352,48.8593932]]}},{"type":"Feature","properties":{"sinuosity":0.727,"highway":"primary"},"geometry":{"type":"LineString","coordinates":[[2.4872902,49.0955162],[2.487541,49.0953521],[2.4876603,49.0953146],[2.48791,49.0952939],[2.4884995,49.0953184],[2.4894999,49.0954001],[2.4896867,49.0954589],[2.4898288,49.0955212],[2.4903928,49.0957878],[2.4908244,49.0959633]]}},{"type":"Feature","properties":{"sinuosity":0.7,"highway":"primary"},"geometry":{"type":"LineString","coordinates":[[1.4481164,49.0789158],[1.448236,49.0789752],[1.4483204,49.0790156],[1.4489762,49.0791931],[1.4503978,49.0795576],[1.4508337,49.079649],[1.4509143,49.0796926]]}},{"type":"Feature","properties":{"sinuosity":0.7,"highway":"primary"},"geometry":{"type":"LineString","coordinates":[[1.4509143,49.0796926],[1.4507494,49.0796941],[1.450206,49.0795708],[1.4496709,49.0794355],[1.4482827,49.0790861],[1.4481193,49.0790718],[1.4480143,49.0790742]]}},{"type":"Feature","properties":{"sinuosity":0.7,"highway":"tertiary"},"geometry":{"type":"LineString","coordinates":[[1.4402929,49.1079104],[1.4403046,49.1078685],[1.4406789,49.1074209],[1.4410814,49.1068386],[1.441265,49.106679],[1.4415572,49.1062744],[1.4416632,49.1061543],[1.4418244,49.1060512],[1.4418805,49.1060258],[1.4419869,49.1059911]]}},{"type":"Feature","properties":{"sinuosity":0.7,"highway":"tertiary"},"geometry":{"type":"LineString","coordinates":[[2.369585,48.7409881],[2.3696068,48.7410029],[2.3696137,48.7410152],[2.3696159,48.7410332],[2.3694938,48.7431971],[2.3695002,48.743247]]}},{"type":"Feature","properties":{"sinuosity":0.725,"highway":"tertiary"},"geometry":{"type":"LineString","coordinates":[[1.7556319,49.2306916],[1.7555649,49.2308787],[1.7551634,49.2314189],[1.7551366,49.231531],[1.7551849,49.2316221],[1.7554155,49.2317867],[1.7554746,49.2318988],[1.7555443,49.2321055],[1.7556355,49.2323087],[1.7556677,49.2324243]]}},{"type":"Feature","properties":{"sinuosity":0.7,"highway":"secondary"},"geometry":{"type":"LineString","coordinates":[[2.2914417,48.9258294],[2.2903574,48.9252018],[2.2902813,48.9251615],[2.2900945,48.9250993],[2.2897804,48.924939],[2.2897491,48.9249192],[2.2893756,48.9246722],[2.2878971,48.9238043],[2.2872855,48.9234344],[2.2871013,48.923322]]}},{"type":"Feature","properties":{"sinuosity":0.705,"highway":"tertiary"},"geometry":{"type":"LineString","coordinates":[[2.0658228,48.7576125],[2.0657358,48.7576909],[2.0655656,48.7578799],[2.0654075,48.7581312],[2.06538,48.7583668],[2.0653498,48.7586254],[2.0654877,48.7590269],[2.0656654,48.7592964],[2.0657746,48.759462]]}},{"type":"Feature","properties":{"sinuosity":0.831,"highway":"tertiary"},"geometry":{"type":"LineString","coordinates":[[2.0150468,49.2017802],[2.0150974,49.2017251],[2.0151492,49.2016019],[2.0151725,49.2014782],[2.0151558,49.2013639],[2.0147821,49.2005935],[2.0147746,49.200518],[2.0148151,49.2004695],[2.0161082,49.1999536]]}},{"type":"Feature","properties":{"sinuosity":0.815,"highway":"tertiary"},"geometry":{"type":"LineString","coordinates":[[1.3823645,49.0349694],[1.3823904,49.0350653],[1.3822935,49.0352822],[1.3817076,49.0362962],[1.3824726,49.036691],[1.3833566,49.0371364],[1.3837664,49.0373429],[1.3845662,49.0377713],[1.3849359,49.0379693],[1.3850229,49.0380159]]}},{"type":"Feature","properties":{"sinuosity":0.739,"highway":"tertiary"},"geometry":{"type":"LineString","coordinates":[[1.6539609,49.1657574],[1.6538204,49.1653705],[1.6536732,49.1653026],[1.6535731,49.1653114],[1.6531215,49.1657086],[1.6528924,49.1658095],[1.6487451,49.165937],[1.6474577,49.1659763],[1.6462326,49.1660513],[1.6450096,49.1658396]]}},{"type":"Feature","properties":{"sinuosity":0.716,"highway":"secondary"},"geometry":{"type":"LineString","coordinates":[[3.5464733,48.6044748],[3.546213,48.6043795],[3.5460359,48.604231],[3.5459226,48.6040441],[3.5458583,48.6038463],[3.5457247,48.602975],[3.5456431,48.6027595],[3.5454756,48.6026137],[3.5452965,48.6025211],[3.5451188,48.6024872]]}},{"type":"Feature","properties":{"sinuosity":0.7,"highway":"tertiary"},"geometry":{"type":"LineString","coordinates":[[3.4313289,48.3863998],[3.4316294,48.3865253],[3.4318396,48.3865976],[3.4323514,48.3866808],[3.4324677,48.3867106],[3.433081,48.3869799],[3.4331685,48.3869991],[3.4332906,48.3870014],[3.4337221,48.3869694],[3.4338974,48.3869573]]}},{"type":"Feature","properties":{"sinuosity":0.819,"highway":"motorway_link"},"geometry":{"type":"LineString","coordinates":[[2.0972299,49.2472346],[2.0970113,49.2471734],[2.0967864,49.247153],[2.0957056,49.2471815],[2.0954807,49.2472386],[2.0952933,49.2473243],[2.0951058,49.2474589],[2.0945221,49.2484593]]}},{"type":"Feature","properties":{"sinuosity":0.7,"highway":"tertiary"},"geometry":{"type":"LineString","coordinates":[[2.6812971,49.0621709],[2.6812414,49.0624838],[2.6812246,49.0625892],[2.6811754,49.0628972],[2.6811443,49.0630989],[2.6810732,49.0635592],[2.6810144,49.06394],[2.6810003,49.0639638],[2.6809567,49.0639976]]}},{"type":"Feature","properties":{"sinuosity":1,"highway":"primary"},"geometry":{"type":"LineString","coordinates":[[1.6668382,48.6132223],[1.666988,48.6131588],[1.6675046,48.6131613],[1.6678304,48.6133518],[1.6679902,48.613952],[1.6681986,48.6142189],[1.6688483,48.6142979],[1.6691588,48.6141264],[1.6690972,48.6135153],[1.6690645,48.6132453]]}},{"type":"Feature","properties":{"sinuosity":0.7,"highway":"tertiary"},"geometry":{"type":"LineString","coordinates":[[1.7731198,48.8609953],[1.7732258,48.8610013],[1.7738968,48.8609418],[1.7740704,48.8609218],[1.7747374,48.860715],[1.7752159,48.8605571],[1.77549,48.8604492],[1.7756694,48.8603987],[1.7759114,48.8603541],[1.7760333,48.8603587]]}},{"type":"Feature","properties":{"sinuosity":1,"highway":"motorway_link"},"geometry":{"type":"LineString","coordinates":[[3.0456154,48.9513555],[3.0457593,48.9510522],[3.0457035,48.9508929],[3.0453596,48.9506957],[3.0430538,48.9501827],[3.0427716,48.950171],[3.0424247,48.9502996],[3.0422684,48.9505422],[3.0422691,48.9507136],[3.0425792,48.9511921]]}},{"type":"Feature","properties":{"sinuosity":0.62,"highway":"tertiary"},"geometry":{"type":"LineString","coordinates":[[3.0105886,48.8184014],[3.0104237,48.8184812],[3.0103256,48.8185551],[3.0102328,48.8187151],[3.0103759,48.819793],[3.010392,48.8198827],[3.0105409,48.8207816],[3.0104531,48.8209758],[3.0103146,48.821068],[3.0079254,48.8221377]]}},{"type":"Feature","properties":{"sinuosity":0.7,"highway":"secondary"},"geometry":{"type":"LineString","coordinates":[[2.9969759,48.8007082],[2.9975626,48.8010036],[2.9981139,48.801282],[2.9982362,48.8013127],[2.9989553,48.8013531],[2.9993309,48.8014245],[2.99945,48.8014714],[2.999565,48.8015233],[2.9997666,48.8016615],[3.0000812,48.8020256]]}},{"type":"Feature","properties":{"sinuosity":0.7,"highway":"tertiary"},"geometry":{"type":"LineString","coordinates":[[3.1331091,48.9403879],[3.1331399,48.9404176],[3.1335195,48.9405013],[3.133991,48.940726],[3.1342832,48.9408376],[3.1346984,48.9409959],[3.1351095,48.941143],[3.1354519,48.9412432],[3.1356121,48.9412783],[3.1357354,48.9413053]]}},{"type":"Feature","properties":{"sinuosity":1,"highway":"tertiary"},"geometry":{"type":"LineString","coordinates":[[2.7758704,48.4649906],[2.7765128,48.4646749],[2.7769621,48.4641405],[2.7772491,48.4645282],[2.7774046,48.4650315],[2.7775589,48.465413],[2.7768534,48.4656825],[2.7770466,48.4660284],[2.7779612,48.4658772],[2.7785683,48.466409]]}},{"type":"Feature","properties":{"sinuosity":0.7,"highway":"tertiary"},"geometry":{"type":"LineString","coordinates":[[2.4392165,48.7880123],[2.4390983,48.7879874],[2.4387382,48.7879459],[2.4380771,48.7878667],[2.437857,48.7878416],[2.4372293,48.787776],[2.4370964,48.7877887],[2.4369718,48.7878005],[2.4366208,48.787693],[2.4362092,48.7876428]]}},{"type":"Feature","properties":{"sinuosity":0.7,"highway":"primary"},"geometry":{"type":"LineString","coordinates":[[2.8942974,48.957307],[2.8942659,48.9572978],[2.8942333,48.9572866],[2.8941283,48.9572706],[2.8933632,48.9570041],[2.8919365,48.9565159],[2.8914419,48.9563544],[2.8914005,48.9563411],[2.8912761,48.956302],[2.891129,48.9562759]]}},{"type":"Feature","properties":{"sinuosity":0.7,"highway":"tertiary"},"geometry":{"type":"LineString","coordinates":[[3.2381952,48.9260779],[3.2381864,48.9260467],[3.2381647,48.9257543],[3.238017,48.9249481],[3.2378393,48.9240763],[3.2375952,48.9229594],[3.237558,48.9228444],[3.2375254,48.9227819],[3.2374325,48.9226943],[3.2374266,48.922666]]}},{"type":"Feature","properties":{"sinuosity":0.855,"highway":"tertiary"},"geometry":{"type":"LineString","coordinates":[[3.1427185,48.5733024],[3.1427801,48.5735091],[3.1430133,48.5741874],[3.1428923,48.5743024],[3.1420277,48.5746154],[3.1416031,48.5747173],[3.1408441,48.5749021],[3.1406395,48.5750288],[3.1406042,48.5751307],[3.1406307,48.5753505]]}},{"type":"Feature","properties":{"sinuosity":0.7,"highway":"secondary"},"geometry":{"type":"LineString","coordinates":[[1.8264388,48.8012754],[1.8256541,48.8013092],[1.8242648,48.8013606],[1.8232326,48.8013889],[1.822924,48.8014443],[1.8226944,48.801592],[1.8224833,48.801625],[1.8223033,48.8015987],[1.8221674,48.8015472],[1.8221168,48.8015264]]}},{"type":"Feature","properties":{"sinuosity":0.756,"highway":"tertiary"},"geometry":{"type":"LineString","coordinates":[[2.8577868,48.7133862],[2.8578964,48.7135884],[2.858176,48.7137258],[2.8583993,48.7137063],[2.8593642,48.7131413],[2.8596988,48.7130033],[2.8602078,48.7129179],[2.8622683,48.712885],[2.863465,48.712925],[2.8637087,48.7130241]]}},{"type":"Feature","properties":{"sinuosity":0.7,"highway":"primary"},"geometry":{"type":"LineString","coordinates":[[2.4084962,48.7422492],[2.4084777,48.7425437],[2.4084924,48.7430008],[2.4086259,48.743415],[2.4087599,48.7436628],[2.4090634,48.7440331],[2.4093586,48.744299],[2.409659,48.7446489],[2.4099802,48.7451451],[2.4099905,48.7453065]]}},{"type":"Feature","properties":{"sinuosity":0.7,"highway":"secondary"},"geometry":{"type":"LineString","coordinates":[[2.567839,48.6642336],[2.5683584,48.6641923],[2.5687067,48.6643077],[2.5690239,48.6644145],[2.5691624,48.6644452],[2.5692901,48.6644558],[2.5695503,48.6644719],[2.5699707,48.6644866],[2.5701661,48.6644895],[2.5708625,48.6644517]]}},{"type":"Feature","properties":{"sinuosity":0.769,"highway":"tertiary"},"geometry":{"type":"LineString","coordinates":[[3.1159139,48.6401665],[3.1175617,48.640121],[3.1180251,48.6401717],[3.1183312,48.6402867],[3.1186785,48.640774],[3.1209074,48.6420117],[3.1211428,48.642204],[3.1212527,48.6424026],[3.1213056,48.6426832],[3.1214095,48.6432421]]}},{"type":"Feature","properties":{"sinuosity":0.7,"highway":"secondary"},"geometry":{"type":"LineString","coordinates":[[2.5515915,48.6527031],[2.5519509,48.653217],[2.552147,48.6534655],[2.5524957,48.6538743],[2.5527629,48.6541809],[2.55295,48.6543798],[2.5531773,48.6545548],[2.5536695,48.6549361],[2.5537097,48.6550221],[2.5537733,48.6551338]]}},{"type":"Feature","properties":{"sinuosity":0.711,"highway":"secondary"},"geometry":{"type":"LineString","coordinates":[[2.8355784,48.6652849],[2.8360364,48.6650661],[2.8367613,48.6648123],[2.8376028,48.664516],[2.8381084,48.6645975],[2.8385235,48.6646839],[2.8392443,48.6647459],[2.8399665,48.6648486],[2.8404808,48.6649438],[2.8412586,48.6650634]]}},{"type":"Feature","properties":{"sinuosity":0.708,"highway":"primary"},"geometry":{"type":"LineString","coordinates":[[3.1876606,48.4834742],[3.1904473,48.4833674],[3.1908507,48.4833276],[3.1912026,48.4831284],[3.1912627,48.483026],[3.1913743,48.4826505],[3.1915803,48.4824799],[3.1920266,48.4823831],[3.1976571,48.4822864],[3.1981148,48.4823215]]}},{"type":"Feature","properties":{"sinuosity":0.809,"highway":"tertiary"},"geometry":{"type":"LineString","coordinates":[[2.0291989,48.6764474],[2.0294231,48.6753942],[2.0287556,48.6752063],[2.0276573,48.6746194],[2.0268684,48.6734472],[2.026289,48.6722403],[2.0251302,48.6707414],[2.0240341,48.6702963],[2.0231671,48.6703508],[2.022313,48.670549]]}},{"type":"Feature","properties":{"sinuosity":0.7,"highway":"primary"},"geometry":{"type":"LineString","coordinates":[[2.9451373,48.3932127],[2.9457929,48.393111],[2.9463261,48.3930264],[2.9467204,48.3928946],[2.9471362,48.3927112],[2.9475626,48.3924064],[2.9479451,48.3920334]]}},{"type":"Feature","properties":{"sinuosity":0.7,"highway":"primary"},"geometry":{"type":"LineString","coordinates":[[2.2324699,48.9117704],[2.232584,48.9116884],[2.2327003,48.9116001],[2.2332568,48.9112079],[2.2333914,48.9110585],[2.2334337,48.9110283],[2.2334841,48.9109917],[2.2342715,48.9104549],[2.2343051,48.9104331],[2.2344458,48.9103415]]}},{"type":"Feature","properties":{"sinuosity":0.7,"highway":"secondary"},"geometry":{"type":"LineString","coordinates":[[1.8717699,48.7784079],[1.8740743,48.7781141],[1.8745575,48.7781129],[1.8752342,48.778197],[1.8753493,48.7782135],[1.8758381,48.7782834],[1.8761288,48.7782637],[1.8764357,48.7781249],[1.8766527,48.7780225],[1.8769654,48.7778905]]}},{"type":"Feature","properties":{"sinuosity":0.7,"highway":"secondary"},"geometry":{"type":"LineString","coordinates":[[1.5819006,49.0460708],[1.5821108,49.046224],[1.5829863,49.0472331],[1.5832419,49.0474101],[1.5839539,49.0478209],[1.5841944,49.0479596]]}},{"type":"Feature","properties":{"sinuosity":0.717,"highway":"motorway_link"},"geometry":{"type":"LineString","coordinates":[[2.0527106,48.907086],[2.0520509,48.9074375],[2.049945,48.9087754],[2.0492668,48.9090893],[2.0489051,48.9092177],[2.0487484,48.9092955],[2.0486964,48.9093696],[2.0487306,48.909525],[2.04881,48.9095775],[2.0489254,48.9096137]]}},{"type":"Feature","properties":{"sinuosity":0.916,"highway":"tertiary"},"geometry":{"type":"LineString","coordinates":[[2.1816453,48.7059744],[2.1817043,48.7059626],[2.1822367,48.7058923],[2.1823056,48.7058797],[2.1837745,48.7056386],[2.1838666,48.7055997],[2.1839161,48.7055453],[2.1839347,48.7054763],[2.1838995,48.70541],[2.1836418,48.7051828]]}},{"type":"Feature","properties":{"sinuosity":0.7,"highway":"tertiary"},"geometry":{"type":"LineString","coordinates":[[2.1773145,48.7046041],[2.1772982,48.7045493],[2.1773674,48.704454],[2.1774218,48.7044338],[2.1778324,48.7043559],[2.1788549,48.7039517],[2.1790289,48.7039428],[2.1795446,48.7039224],[2.1811332,48.7038046],[2.1812298,48.7037772]]}},{"type":"Feature","properties":{"sinuosity":0.797,"highway":"tertiary"},"geometry":{"type":"LineString","coordinates":[[2.6649846,49.0100031],[2.6646855,49.0101317],[2.6644117,49.010258],[2.6642812,49.010264],[2.6641056,49.0102241],[2.6634775,49.0099882],[2.6630575,49.0098029],[2.6627831,49.0096109],[2.6626274,49.0094531]]}},{"type":"Feature","properties":{"sinuosity":0.931,"highway":"tertiary"},"geometry":{"type":"LineString","coordinates":[[2.3049822,48.6294155],[2.3053045,48.6293978],[2.3056714,48.6294004],[2.3062998,48.6294838],[2.3070718,48.6295862],[2.3073633,48.6297021],[2.3074134,48.6298627],[2.3073988,48.6300254],[2.3072764,48.6305694],[2.3072662,48.6306066]]}},{"type":"Feature","properties":{"sinuosity":0.7,"highway":"tertiary"},"geometry":{"type":"LineString","coordinates":[[1.5868541,48.7945739],[1.5867773,48.7946731],[1.5867669,48.7947744],[1.5867575,48.7954786],[1.5867951,48.7959062],[1.5870526,48.7965069],[1.5873637,48.7969804],[1.5874875,48.7971722],[1.5876418,48.7975407],[1.5876376,48.7975676]]}},{"type":"Feature","properties":{"sinuosity":0.727,"highway":"tertiary"},"geometry":{"type":"LineString","coordinates":[[2.5265423,48.9605271],[2.5266314,48.9604493],[2.5269278,48.9601896],[2.5274263,48.9599742],[2.5274967,48.9599602],[2.5275919,48.9599329],[2.5278034,48.9598807],[2.5282909,48.9598602],[2.5287772,48.9598911],[2.5289142,48.9599301]]}},{"type":"Feature","properties":{"sinuosity":0.7,"highway":"tertiary"},"geometry":{"type":"LineString","coordinates":[[1.8227131,48.7225542],[1.8227784,48.7226196],[1.8227398,48.7229547],[1.8225054,48.7235347],[1.8225551,48.7238904],[1.82298,48.7271604]]}},{"type":"Feature","properties":{"sinuosity":0.7,"highway":"tertiary"},"geometry":{"type":"LineString","coordinates":[[2.0281405,48.6957895],[2.0279623,48.6957256],[2.0277782,48.6956138],[2.0276671,48.6954262],[2.0275786,48.6953325],[2.0272459,48.6950578],[2.0270417,48.6948992],[2.0268661,48.6946874],[2.025789,48.6940982],[2.025738,48.694077]]}},{"type":"Feature","properties":{"sinuosity":0.7,"highway":"secondary"},"geometry":{"type":"LineString","coordinates":[[1.6672311,48.568412],[1.6671873,48.5681891],[1.6671548,48.568006],[1.6671426,48.5678375],[1.6671181,48.5676877],[1.6671421,48.5675609],[1.6673833,48.5670948],[1.6673877,48.5668924],[1.667381,48.5668277],[1.6673234,48.5665328]]}},{"type":"Feature","properties":{"sinuosity":0.7,"highway":"tertiary"},"geometry":{"type":"LineString","coordinates":[[1.8951,48.5873006],[1.8959272,48.5879115],[1.8969953,48.5888983],[1.8975254,48.5893383],[1.8993974,48.5904309],[1.9004625,48.5910329],[1.9028825,48.5916455],[1.902932,48.5917251],[1.9028932,48.5920402],[1.904655,48.5926578]]}},{"type":"Feature","properties":{"sinuosity":0.673,"highway":"secondary"},"geometry":{"type":"LineString","coordinates":[[1.5139715,49.0971468],[1.5124253,49.0973317],[1.5110478,49.0974278],[1.51022,49.0973382],[1.507574,49.0978074],[1.5062421,49.0981648],[1.5050043,49.0991265],[1.5046281,49.099438],[1.5036213,49.0996337],[1.5026884,49.0993884]]}},{"type":"Feature","properties":{"sinuosity":0.697,"highway":"primary"},"geometry":{"type":"LineString","coordinates":[[1.4954038,49.1180777],[1.4950563,49.1185047],[1.4949766,49.1187543],[1.4949912,49.1191421],[1.4949419,49.1203177],[1.4949163,49.1208606],[1.49563,49.12187],[1.4965279,49.1227342],[1.4972652,49.1233693],[1.4981971,49.123923]]}},{"type":"Feature","properties":{"sinuosity":0.7,"highway":"secondary"},"geometry":{"type":"LineString","coordinates":[[2.1784695,48.7132615],[2.1781133,48.7132833],[2.1778611,48.7132753],[2.1777298,48.7132577],[2.1776091,48.7132134],[2.177318,48.7130533],[2.1769908,48.7128037],[2.1766381,48.7126161],[2.1760239,48.7123745],[2.1757369,48.712102]]}},{"type":"Feature","properties":{"sinuosity":0.885,"highway":"secondary"},"geometry":{"type":"LineString","coordinates":[[2.1754249,48.7162916],[2.1755527,48.716294],[2.1760031,48.7163577],[2.1762124,48.7162969],[2.176465,48.7161522],[2.1771402,48.7161055],[2.1776512,48.7160376],[2.1777041,48.7159769],[2.1776396,48.715515],[2.1776413,48.7154816]]}},{"type":"Feature","properties":{"sinuosity":1,"highway":"tertiary"},"geometry":{"type":"LineString","coordinates":[[3.0441547,48.9763561],[3.0462563,48.9760179],[3.0469473,48.9758709],[3.0471714,48.9756993],[3.0472088,48.9755155],[3.047022,48.9752949],[3.0466872,48.9751696],[3.046007,48.9750608],[3.0448139,48.9749763],[3.0439969,48.9748087]]}},{"type":"Feature","properties":{"sinuosity":0.823,"highway":"tertiary"},"geometry":{"type":"LineString","coordinates":[[1.7578954,48.5518312],[1.7573515,48.5519684],[1.7569801,48.552062],[1.7565365,48.5522371],[1.7553617,48.5529943],[1.7553485,48.5531647],[1.7556747,48.5536263],[1.755757,48.5539008],[1.7556551,48.5540427]]}},{"type":"Feature","properties":{"sinuosity":0.738,"highway":"secondary"},"geometry":{"type":"LineString","coordinates":[[3.5328125,48.8033017],[3.5328796,48.8034255],[3.5330751,48.8037513],[3.5337676,48.8041279],[3.5366727,48.8045859],[3.5379199,48.8052154],[3.5383653,48.8060215],[3.5386165,48.8066151],[3.5391008,48.8077597],[3.540272,48.8104603]]}},{"type":"Feature","properties":{"sinuosity":0.7,"highway":"secondary"},"geometry":{"type":"LineString","coordinates":[[2.1078589,49.1410185],[2.1077844,49.1409997],[2.1077275,49.1409926],[2.1076718,49.1409922],[2.1062524,49.1411898],[2.1057291,49.1412294],[2.1055073,49.1412869],[2.1040978,49.1418074],[2.1031659,49.1419487],[2.102911,49.1419796]]}},{"type":"Feature","properties":{"sinuosity":0.7,"highway":"tertiary"},"geometry":{"type":"LineString","coordinates":[[1.4751978,49.0789232],[1.4752589,49.0785999],[1.4751008,49.0783748],[1.4748264,49.0781802],[1.4746323,49.0780438],[1.4744929,49.0777901],[1.4743583,49.0775038],[1.4743292,49.0774261],[1.4743385,49.0770519],[1.4743513,49.0765375]]}},{"type":"Feature","properties":{"sinuosity":1,"highway":"tertiary"},"geometry":{"type":"LineString","coordinates":[[1.4353901,49.0940393],[1.4361984,49.0943979],[1.4364608,49.0948008],[1.4372158,49.0957096],[1.4369875,49.0960999],[1.4361286,49.0959613],[1.4353356,49.0959092],[1.4340495,49.0960712],[1.4326436,49.096251],[1.4313022,49.0958288]]}},{"type":"Feature","properties":{"sinuosity":0.7,"highway":"tertiary"},"geometry":{"type":"LineString","coordinates":[[1.9572588,48.757608],[1.9571259,48.7576151],[1.9547259,48.7570767],[1.9545867,48.7570347],[1.9544476,48.7569529]]}},{"type":"Feature","properties":{"sinuosity":0.7,"highway":"secondary"},"geometry":{"type":"LineString","coordinates":[[1.8116096,48.7740147],[1.8115861,48.7739397],[1.8116165,48.7738342],[1.8117472,48.7737067],[1.8126785,48.7727906],[1.8128628,48.7726338],[1.81307,48.7724817],[1.8131156,48.7724572]]}},{"type":"Feature","properties":{"sinuosity":0.831,"highway":"trunk_link"},"geometry":{"type":"LineString","coordinates":[[1.9864635,48.7992004],[1.9874136,48.7990381],[1.9876416,48.7989692],[1.9880305,48.7987475],[1.9882706,48.7985381],[1.9888714,48.7979286],[1.9889747,48.7977696],[1.9890256,48.7974966],[1.9889733,48.7973022],[1.9885676,48.7967463]]}},{"type":"Feature","properties":{"sinuosity":0.847,"highway":"tertiary"},"geometry":{"type":"LineString","coordinates":[[2.0694145,48.8321777],[2.0689334,48.8314881],[2.0689283,48.8311901],[2.0692071,48.8306286],[2.069291,48.8303936],[2.0691735,48.8301577],[2.0688997,48.830048],[2.067546,48.8298256],[2.066818,48.8296446],[2.0666074,48.8295026]]}},{"type":"Feature","properties":{"sinuosity":0.892,"highway":"secondary"},"geometry":{"type":"LineString","coordinates":[[2.0156785,48.8339144],[2.0155224,48.8337679],[2.015331,48.8336667],[2.0150767,48.8336925],[2.0144525,48.8339021],[2.014114,48.8340064],[2.0134983,48.8338515],[2.0133894,48.8338564],[2.0131188,48.834272],[2.0129182,48.8344603]]}},{"type":"Feature","properties":{"sinuosity":0.859,"highway":"tertiary"},"geometry":{"type":"LineString","coordinates":[[3.5117045,48.8200745],[3.5116012,48.8203933],[3.5114617,48.8209655],[3.5112901,48.821241],[3.5112962,48.8213173],[3.5118126,48.8215879],[3.5125883,48.821792],[3.51287,48.821874],[3.5128891,48.8219895],[3.5128112,48.8223785]]}},{"type":"Feature","properties":{"sinuosity":0.7,"highway":"tertiary"},"geometry":{"type":"LineString","coordinates":[[3.5072605,48.834566],[3.5071281,48.834751],[3.507101,48.8347802],[3.5063623,48.8355584],[3.506151,48.8360305],[3.505961,48.8362213],[3.5058688,48.836314],[3.5048281,48.8381995],[3.5045309,48.8385868],[3.503749,48.8391253]]}},{"type":"Feature","properties":{"sinuosity":0.7,"highway":"tertiary"},"geometry":{"type":"LineString","coordinates":[[3.5078016,48.647994],[3.5069185,48.6483156],[3.5062453,48.6484787],[3.5060965,48.648608],[3.50578,48.6489517],[3.5042933,48.6494383],[3.5036482,48.6497082],[3.5033361,48.6501785],[3.50288,48.650625],[3.5023642,48.65094]]}},{"type":"Feature","properties":{"sinuosity":0.76,"highway":"tertiary"},"geometry":{"type":"LineString","coordinates":[[3.4670388,48.7668884],[3.467416,48.7660424],[3.4675415,48.7653374],[3.4680002,48.7649045],[3.470699,48.7625951],[3.4710973,48.7622093],[3.4736801,48.7617485],[3.4739173,48.7617106],[3.4743404,48.7617586],[3.474533,48.7619002]]}},{"type":"Feature","properties":{"sinuosity":0.7,"highway":"tertiary"},"geometry":{"type":"LineString","coordinates":[[3.5163009,48.8086697],[3.5161502,48.8088493],[3.5155065,48.8092803],[3.514734,48.8095558],[3.5143585,48.809789],[3.5142298,48.810107],[3.5141935,48.8102336]]}},{"type":"Feature","properties":{"sinuosity":0.7,"highway":"primary"},"geometry":{"type":"LineString","coordinates":[[3.0363068,48.7662349],[3.0361898,48.7662195],[3.0360226,48.7662184],[3.0355693,48.7662294],[3.0348947,48.7662471],[3.0347089,48.7662431],[3.0345715,48.7662139],[3.0344461,48.7661618],[3.0330661,48.7654904]]}},{"type":"Feature","properties":{"sinuosity":0.7,"highway":"tertiary"},"geometry":{"type":"LineString","coordinates":[[3.5635075,48.5907341],[3.5635442,48.5907096],[3.5636541,48.5906185],[3.5639377,48.5903687],[3.5651007,48.5892743],[3.5653193,48.5890748],[3.5654196,48.5890168],[3.5655373,48.5889776],[3.5656953,48.5889577],[3.5659034,48.5889714]]}},{"type":"Feature","properties":{"sinuosity":0.71,"highway":"tertiary"},"geometry":{"type":"LineString","coordinates":[[2.0501082,48.5372473],[2.0501826,48.5377132],[2.0511482,48.5387255],[2.0509872,48.5390345],[2.0506385,48.5391411],[2.0500806,48.5394785],[2.0500753,48.5401143],[2.0503059,48.541265],[2.0505152,48.543364],[2.0510784,48.5456476]]}},{"type":"Feature","properties":{"sinuosity":0.7,"highway":"secondary"},"geometry":{"type":"LineString","coordinates":[[2.9208907,48.1455899],[2.9186323,48.1443979],[2.9186191,48.144384],[2.9177823,48.1440261],[2.9156854,48.1434577]]}}]}